檔案,類型,記錄Key,名稱,欄位,舊值,新值
BODYWND.INI,added,6188,,,,ID=6188
BODYWND.INI,added,6193,,,,ID=6193
BODYWND.INI,added,6197,,,,ID=6197
BODYWND.INI,added,6202,,,,ID=6202
BODYWND.INI,added,6190,,,,ID=6190
BODYWND.INI,added,6199,,,,ID=6199
BODYWND.INI,added,6186,,,,ID=6186
BODYWND.INI,added,6200,,,,ID=6200
BODYWND.INI,added,6189,,,,ID=6189
BODYWND.INI,added,6198,,,,ID=6198
BODYWND.INI,added,6194,,,,ID=6194
BODYWND.INI,added,6195,,,,ID=6195
BODYWND.INI,added,6191,,,,ID=6191
BODYWND.INI,added,6201,,,,ID=6201
BODYWND.INI,added,6187,,,,ID=6187
BODYWND.INI,added,6185,,,,ID=6185
BODYWND.INI,added,6192,,,,ID=6192
BODYWND.INI,added,6196,,,,ID=6196
CHANGEBODYITEM.INI,added,63,鐵心蘭,,,"ID=63, Name=鐵心蘭, Head=6187, Icon=21706"
CHANGEBODYITEM.INI,added,61,江小魚,,,"ID=61, Name=江小魚, Head=6185, Icon=21702"
CHANGEBODYITEM.INI,added,69,？？？,,,"ID=69, Name=？？？, Head=6076, Icon=21805"
CHANGEBODYITEM.INI,added,64,？？？,,,"ID=64, Name=？？？, Head=6076, Icon=21704"
CHANGEBODYITEM.INI,added,71,？？？,,,"ID=71, Name=？？？, Head=6076, Icon=21806"
CHANGEBODYITEM.INI,added,65,？？？,,,"ID=65, Name=？？？, Head=6076, Icon=21705"
CHANGEBODYITEM.INI,added,68,？？？,,,"ID=68, Name=？？？, Head=6076, Icon=21700"
CHANGEBODYITEM.INI,added,70,？？？,,,"ID=70, Name=？？？, Head=6076, Icon=21804"
CHANGEBODYITEM.INI,added,67,？？？,,,"ID=67, Name=？？？, Head=6076, Icon=21708"
CHANGEBODYITEM.INI,added,62,花無缺,,,"ID=62, Name=花無缺, Head=6186, Icon=21703"
CHANGEBODYITEM.INI,added,66,燕南天,,,"ID=66, Name=燕南天, Head=6190, Icon=21701"
EXCHANGE.INI,added,3447,羡燙香魚丸,,,"ID=3447, Name=羡燙香魚丸, Group=209"
EXCHANGE.INI,added,3448,海南雙饗鮑,,,"ID=3448, Name=海南雙饗鮑, Group=209"
EXCHANGE.INI,changed,3314,戰煌鎧☆☆☆,Material1,28866,28860
EXCHANGE.INI,changed,3314,戰煌鎧☆☆☆,Name,道煌袍☆☆☆,戰煌鎧☆☆☆
EXCHANGE.INI,changed,3314,戰煌鎧☆☆☆,Reward1,28867,28861
EXCHANGE.INI,changed,850,千年一擊，消光,Material1,29634,29632
EXCHANGE.INI,changed,850,千年一擊，消光,Name,無聲之狂，消光,千年一擊，消光
EXCHANGE.INI,changed,850,千年一擊，消光,Reward1,29625,29623
EXCHANGE.INI,changed,3155,拆解：星兇靴★★★,Material1,28546,28540
EXCHANGE.INI,changed,3155,拆解：星兇靴★★★,Name,拆解：煌天衣★★★,拆解：星兇靴★★★
EXCHANGE.INI,changed,1315,拆解：羅將烈槍Ⅰ,Material1,31136,31126
EXCHANGE.INI,changed,1315,拆解：羅將烈槍Ⅰ,Name,拆解：破魔獨錘Ⅰ,拆解：羅將烈槍Ⅰ
EXCHANGE.INI,changed,1074,秘笈：電掣星馳,Name,秘笈：洪荒禁窮獄,秘笈：電掣星馳
EXCHANGE.INI,changed,1074,秘笈：電掣星馳,Reward1,31538,31536
EXCHANGE.INI,changed,2560,秘笈：天地無聲勢,Name,秘笈：太白仙跡,秘笈：天地無聲勢
EXCHANGE.INI,changed,2560,秘笈：天地無聲勢,Reward1,31826,31816
EXCHANGE.INI,changed,2147,禪帝頂★★,Material1,29441,29429
EXCHANGE.INI,changed,2147,禪帝頂★★,Name,武帝胄★★,禪帝頂★★
EXCHANGE.INI,changed,2147,禪帝頂★★,Reward1,29442,29430
EXCHANGE.INI,changed,3429,拆解：柳韋足☆☆☆,Material1,28980,28974
EXCHANGE.INI,changed,3429,拆解：柳韋足☆☆☆,Name,拆解：碧行裟☆☆☆,拆解：柳韋足☆☆☆
EXCHANGE.INI,changed,3440,香酥烤燒餅,Material1Count,1,2
EXCHANGE.INI,changed,3440,香酥烤燒餅,Name,山蒼子燉鍋,香酥烤燒餅
EXCHANGE.INI,changed,3440,香酥烤燒餅,Reward1,30751,31589
EXCHANGE.INI,changed,1518,拆解：寂禪若持Ⅲ,Material1,31233,31223
EXCHANGE.INI,changed,1518,拆解：寂禪若持Ⅲ,Name,拆解：天衛宙脛Ⅲ,拆解：寂禪若持Ⅲ
EXCHANGE.INI,changed,2369,拆解：武帝盔★★☆,Material1,29425,29413
EXCHANGE.INI,changed,2369,拆解：武帝盔★★☆,Name,拆解：道帝簪★★☆,拆解：武帝盔★★☆
EXCHANGE.INI,changed,1699,勇將旭掌Ⅱ,Material1,30316,30306
EXCHANGE.INI,changed,1699,勇將旭掌Ⅱ,Name,道清旭袖Ⅱ,勇將旭掌Ⅱ
EXCHANGE.INI,changed,1699,勇將旭掌Ⅱ,Reward1,30317,30307
EXCHANGE.INI,changed,2521,高音泡菜月餅,Name,清音抹茶月餅,高音泡菜月餅
EXCHANGE.INI,changed,2521,高音泡菜月餅,Reward1,31803,31801
EXCHANGE.INI,changed,3187,進化→佛煌纏☆,Material1,28429,28423
EXCHANGE.INI,changed,3187,進化→佛煌纏☆,Name,進化→戰煌脛☆,進化→佛煌纏☆
EXCHANGE.INI,changed,3187,進化→佛煌纏☆,Reward1,28889,28883
EXCHANGE.INI,changed,2456,觀音杵,Name,斧〔魔神破〕,觀音杵
EXCHANGE.INI,changed,2456,觀音杵,Reward1,31560,31558
EXCHANGE.INI,changed,3039,鬥星盔★★★,Material1,28389,28383
EXCHANGE.INI,changed,3039,鬥星盔★★★,Name,星蹤綸★★★,鬥星盔★★★
EXCHANGE.INI,changed,3039,鬥星盔★★★,Reward1,28390,28384
EXCHANGE.INI,changed,1087,武魂：劉備,Name,武魂：張飛,武魂：劉備
EXCHANGE.INI,changed,1087,武魂：劉備,Reward1,30834,30832
EXCHANGE.INI,changed,1529,拆解：騰陽雄鎧Ⅲ,Material1,31288,31278
EXCHANGE.INI,changed,1529,拆解：騰陽雄鎧Ⅲ,Name,拆解：騰陽巍立Ⅲ,拆解：騰陽雄鎧Ⅲ
EXCHANGE.INI,changed,3121,拆解：衡星斗★★★,Material1,28366,28360
EXCHANGE.INI,changed,3121,拆解：衡星斗★★★,Name,拆解：商宿槍★★★,拆解：衡星斗★★★
EXCHANGE.INI,changed,798,拆解：陀羅仙劍印,Material1,29258,29267
EXCHANGE.INI,changed,798,拆解：陀羅仙劍印,Name,拆解：鋼體仙狼牙,拆解：陀羅仙劍印
EXCHANGE.INI,changed,3064,星兇手★★★,Material1,28542,28536
EXCHANGE.INI,changed,3064,星兇手★★★,Name,煌月巾★★★,星兇手★★★
EXCHANGE.INI,changed,3064,星兇手★★★,Reward1,28543,28537
EXCHANGE.INI,changed,1645,拆解：辰道玄冠Ⅴ,Material1,31180,31170
EXCHANGE.INI,changed,1645,拆解：辰道玄冠Ⅴ,Name,拆解：宇鋒颯衣Ⅴ,拆解：辰道玄冠Ⅴ
EXCHANGE.INI,changed,989,尼師今尊斧，消光,Material1,29664,29921
EXCHANGE.INI,changed,989,尼師今尊斧，消光,Material2,29053,29272
EXCHANGE.INI,changed,989,尼師今尊斧，消光,Material2Count,200,50
EXCHANGE.INI,changed,989,尼師今尊斧，消光,Material3,26368,29273
EXCHANGE.INI,changed,989,尼師今尊斧，消光,Material3Count,200,100
EXCHANGE.INI,changed,989,尼師今尊斧，消光,Material4,,26368
EXCHANGE.INI,changed,989,尼師今尊斧，消光,Material4Count,,200
EXCHANGE.INI,changed,989,尼師今尊斧，消光,Name,龍熙軒轅劍，開光,尼師今尊斧，消光
EXCHANGE.INI,changed,989,尼師今尊斧，消光,Reward1,29654,29931
EXCHANGE.INI,changed,3011,拆解：星蹤履★,Material1,28439,28433
EXCHANGE.INI,changed,3011,拆解：星蹤履★,Name,拆解：星龍珠★,拆解：星蹤履★
EXCHANGE.INI,changed,2001,拆解：皇麟扇☆,Material1,29373,29361
EXCHANGE.INI,changed,2001,拆解：皇麟扇☆,Name,拆解：權霸槍☆,拆解：皇麟扇☆
EXCHANGE.INI,changed,899,神州真勁跑鞋,Group,45,44
EXCHANGE.INI,changed,899,神州真勁跑鞋,Material1,21404,29201
EXCHANGE.INI,changed,899,神州真勁跑鞋,Material1Count,4,3
EXCHANGE.INI,changed,899,神州真勁跑鞋,Material2,,29272
EXCHANGE.INI,changed,899,神州真勁跑鞋,Material2Count,,30
EXCHANGE.INI,changed,899,神州真勁跑鞋,Name,怪物大王石牌,神州真勁跑鞋
EXCHANGE.INI,changed,899,神州真勁跑鞋,Reward1,21405,29784
EXCHANGE.INI,changed,2515,極．旭品特仕裝箱,Material1Count,200,600
EXCHANGE.INI,changed,2515,極．旭品特仕裝箱,Name,極．旭品武防綢袋,極．旭品特仕裝箱
EXCHANGE.INI,changed,2515,極．旭品特仕裝箱,Reward1,30459,30466
EXCHANGE.INI,changed,2844,秘笈：笑盡英雄,Material1,29644,29642
EXCHANGE.INI,changed,2844,秘笈：笑盡英雄,Name,秘笈：天關雙煉,秘笈：笑盡英雄
EXCHANGE.INI,changed,1621,拆解：騰陽雄鎧Ⅳ,Material1,31289,31279
EXCHANGE.INI,changed,1621,拆解：騰陽雄鎧Ⅳ,Name,拆解：騰陽巍立Ⅳ,拆解：騰陽雄鎧Ⅳ
EXCHANGE.INI,changed,3264,拆解：戰煌盔☆,Material1,28850,28844
EXCHANGE.INI,changed,3264,拆解：戰煌盔☆,Name,拆解：道煌面☆,拆解：戰煌盔☆
EXCHANGE.INI,changed,3402,拆解：佛煌頂☆☆☆,Material1,28861,28855
EXCHANGE.INI,changed,3402,拆解：佛煌頂☆☆☆,Name,拆解：戰煌鎧☆☆☆,拆解：佛煌頂☆☆☆
EXCHANGE.INI,changed,786,拆解：坤地仙太極,Material1,29707,29724
EXCHANGE.INI,changed,786,拆解：坤地仙太極,Name,拆解：魔土仙法陣,拆解：坤地仙太極
EXCHANGE.INI,changed,1662,拆解：諾亞航令Ⅴ,Material1,31265,31255
EXCHANGE.INI,changed,1662,拆解：諾亞航令Ⅴ,Name,拆解：獨眼慧珠Ⅴ,拆解：諾亞航令Ⅴ
EXCHANGE.INI,changed,1300,騰陽烈釬Ⅱ,Material1,31291,31281
EXCHANGE.INI,changed,1300,騰陽烈釬Ⅱ,Name,凜月冪巾Ⅱ,騰陽烈釬Ⅱ
EXCHANGE.INI,changed,1300,騰陽烈釬Ⅱ,Reward1,31292,31282
EXCHANGE.INI,changed,1307,舞星鈦甲Ⅱ,Material1,31326,31316
EXCHANGE.INI,changed,1307,舞星鈦甲Ⅱ,Name,舞星鋁行Ⅱ,舞星鈦甲Ⅱ
EXCHANGE.INI,changed,1307,舞星鈦甲Ⅱ,Reward1,31327,31317
EXCHANGE.INI,changed,2135,龍掣爪★★,Material1,29369,29357
EXCHANGE.INI,changed,2135,龍掣爪★★,Name,御天杖★★,龍掣爪★★
EXCHANGE.INI,changed,2135,龍掣爪★★,Reward1,29370,29358
EXCHANGE.INI,changed,999,商紂暴政斧，開光,Material1,29654,29672
EXCHANGE.INI,changed,999,商紂暴政斧，開光,Name,龍熙軒轅劍，消光,商紂暴政斧，開光
EXCHANGE.INI,changed,999,商紂暴政斧，開光,Reward1,29664,29662
EXCHANGE.INI,changed,2328,劍帝服★★★,Material1,29449,29437
EXCHANGE.INI,changed,2328,劍帝服★★★,Name,幻帝裘★★★,劍帝服★★★
EXCHANGE.INI,changed,2328,劍帝服★★★,Reward1,29450,29438
EXCHANGE.INI,changed,1148,真．玄宙神兵寶箱,Material1Count,300,350
EXCHANGE.INI,changed,1148,真．玄宙神兵寶箱,Name,真．玄宙勇裝錦囊,真．玄宙神兵寶箱
EXCHANGE.INI,changed,1148,真．玄宙神兵寶箱,Reward1,31345,31343
EXCHANGE.INI,changed,2140,界王錘★★,Material1,29399,29387
EXCHANGE.INI,changed,2140,界王錘★★,Name,疆嶽盾★★,界王錘★★
EXCHANGE.INI,changed,2140,界王錘★★,Reward1,29400,29388
EXCHANGE.INI,changed,1054,武魂：凜雪鴉,Name,武魂：浪巫謠,武魂：凜雪鴉
EXCHANGE.INI,changed,1054,武魂：凜雪鴉,Reward1,30827,30825
EXCHANGE.INI,changed,1591,拆解：羅將烈槍Ⅳ,Material1,31139,31129
EXCHANGE.INI,changed,1591,拆解：羅將烈槍Ⅳ,Name,拆解：破魔獨錘Ⅳ,拆解：羅將烈槍Ⅳ
EXCHANGE.INI,changed,3109,拆解：星兇手★★,Material1,28542,28536
EXCHANGE.INI,changed,3109,拆解：星兇手★★,Name,拆解：煌月巾★★,拆解：星兇手★★
EXCHANGE.INI,changed,1492,舞星鎢掌Ⅳ,Group,82,81
EXCHANGE.INI,changed,1492,舞星鎢掌Ⅳ,Material1,31103,31323
EXCHANGE.INI,changed,1492,舞星鎢掌Ⅳ,Material1Count,1,3
EXCHANGE.INI,changed,1492,舞星鎢掌Ⅳ,Material2,,30673
EXCHANGE.INI,changed,1492,舞星鎢掌Ⅳ,Material2Count,,40
EXCHANGE.INI,changed,1492,舞星鎢掌Ⅳ,Name,拆解：宮殤別劍Ⅲ,舞星鎢掌Ⅳ
EXCHANGE.INI,changed,1492,舞星鎢掌Ⅳ,Reward1,29272,31324
EXCHANGE.INI,changed,1492,舞星鎢掌Ⅳ,Reward1Count,40,1
EXCHANGE.INI,changed,1263,真宗白符轉修羅戰符,Group,67,66
EXCHANGE.INI,changed,1263,真宗白符轉修羅戰符,Material1,31106,24296
EXCHANGE.INI,changed,1263,真宗白符轉修羅戰符,Material1Count,3,1
EXCHANGE.INI,changed,1263,真宗白符轉修羅戰符,Material2,29272,
EXCHANGE.INI,changed,1263,真宗白符轉修羅戰符,Material2Count,150,
EXCHANGE.INI,changed,1263,真宗白符轉修羅戰符,Name,泰源玉刀Ⅱ,真宗白符轉修羅戰符
EXCHANGE.INI,changed,1263,真宗白符轉修羅戰符,Reward1,31107,24298
EXCHANGE.INI,changed,1263,真宗白符轉修羅戰符,Reward1Count,1,5
EXCHANGE.INI,changed,1367,天衛宙盔Ⅲ,Material1,31167,31157
EXCHANGE.INI,changed,1367,天衛宙盔Ⅲ,Name,辰道玄冠Ⅲ,天衛宙盔Ⅲ
EXCHANGE.INI,changed,1367,天衛宙盔Ⅲ,Reward1,31168,31158
EXCHANGE.INI,changed,2429,拆解：武帝踏★★★,Material1,29516,29504
EXCHANGE.INI,changed,2429,拆解：武帝踏★★★,Name,拆解：道帝行★★★,拆解：武帝踏★★★
EXCHANGE.INI,changed,1319,拆解：古主臨盾Ⅰ,Group,71,70
EXCHANGE.INI,changed,1319,拆解：古主臨盾Ⅰ,Material1,31156,31146
EXCHANGE.INI,changed,1319,拆解：古主臨盾Ⅰ,Name,拆解：天衛宙盔Ⅰ,拆解：古主臨盾Ⅰ
EXCHANGE.INI,changed,1319,拆解：古主臨盾Ⅰ,Reward1,29273,29272
EXCHANGE.INI,changed,748,拆解：光武仙宮幃,Material1,30972,29678
EXCHANGE.INI,changed,748,拆解：光武仙宮幃,Name,拆解：丹田仙引芯,拆解：光武仙宮幃
EXCHANGE.INI,changed,748,拆解：光武仙宮幃,Reward1Count,20,10
EXCHANGE.INI,changed,1080,降神：凜雪鴉之魂,Name,降神：浪巫謠之魂,降神：凜雪鴉之魂
EXCHANGE.INI,changed,1080,降神：凜雪鴉之魂,Reward1,31503,31501
EXCHANGE.INI,changed,2015,拆解：幻帝裘☆,Material1,29457,29445
EXCHANGE.INI,changed,2015,拆解：幻帝裘☆,Name,拆解：禪帝衲☆,拆解：幻帝裘☆
EXCHANGE.INI,changed,854,刁刀，消光,Material1,29778,29717
EXCHANGE.INI,changed,854,刁刀，消光,Name,如是我斬燄霞，消光,刁刀，消光
EXCHANGE.INI,changed,854,刁刀，消光,Reward1,29775,29715
EXCHANGE.INI,changed,2403,拆解：帝詔劍★★★,Material1,29360,29348
EXCHANGE.INI,changed,2403,拆解：帝詔劍★★★,Name,拆解：龍掣爪★★★,拆解：帝詔劍★★★
EXCHANGE.INI,changed,2069,武帝踏★☆,Material1,29512,29500
EXCHANGE.INI,changed,2069,武帝踏★☆,Name,道帝行★☆,武帝踏★☆
EXCHANGE.INI,changed,2069,武帝踏★☆,Reward1,29513,29501
EXCHANGE.INI,changed,2772,武魂：葉小釵,Material1Count,100,200
EXCHANGE.INI,changed,2772,武魂：葉小釵,Name,滄耳刀,武魂：葉小釵
EXCHANGE.INI,changed,2772,武魂：葉小釵,Reward1,29627,23072
EXCHANGE.INI,changed,1162,超．玄宙神兵寶箱,Material1Count,1200,1500
EXCHANGE.INI,changed,1162,超．玄宙神兵寶箱,Name,超．玄宙勇裝錦囊,超．玄宙神兵寶箱
EXCHANGE.INI,changed,1162,超．玄宙神兵寶箱,Reward1,31356,31354
EXCHANGE.INI,changed,1948,進化→黃鳴腕☆,Material1,28977,28971
EXCHANGE.INI,changed,1948,進化→黃鳴腕☆,Name,進化→皇影甲☆,進化→黃鳴腕☆
EXCHANGE.INI,changed,1948,進化→黃鳴腕☆,Reward1,29595,29583
EXCHANGE.INI,changed,3230,燦煌掌☆☆,Material1,28883,28877
EXCHANGE.INI,changed,3230,燦煌掌☆☆,Name,佛煌纏☆☆,燦煌掌☆☆
EXCHANGE.INI,changed,3230,燦煌掌☆☆,Reward1,28884,28878
EXCHANGE.INI,changed,1909,進化→君諭刀☆,Material1,28822,28816
EXCHANGE.INI,changed,1909,進化→君諭刀☆,Name,進化→皇麟扇☆,進化→君諭刀☆
EXCHANGE.INI,changed,1909,進化→君諭刀☆,Reward1,29361,29349
EXCHANGE.INI,changed,1107,拆解：新星之術潛紗,Material1,27288,27286
EXCHANGE.INI,changed,1107,拆解：新星之術潛紗,Name,拆解：新星之禪照帽,拆解：新星之術潛紗
EXCHANGE.INI,changed,2736,極．玄宙勇裝錦囊,Name,極．玄宙道裝錦囊,極．玄宙勇裝錦囊
EXCHANGE.INI,changed,2736,極．玄宙勇裝錦囊,Reward1,31369,31367
EXCHANGE.INI,changed,1092,武魂：劉備,Name,武魂：張飛,武魂：劉備
EXCHANGE.INI,changed,1092,武魂：劉備,Reward1,30834,30832
EXCHANGE.INI,changed,1395,凜月霜襟Ⅲ,Material1,31307,31297
EXCHANGE.INI,changed,1395,凜月霜襟Ⅲ,Name,凜月漪纏Ⅲ,凜月霜襟Ⅲ
EXCHANGE.INI,changed,1395,凜月霜襟Ⅲ,Reward1,31308,31298
EXCHANGE.INI,changed,2137,御天杖★★,Material1,29381,29369
EXCHANGE.INI,changed,2137,御天杖★★,Name,傾城棍★★,御天杖★★
EXCHANGE.INI,changed,2137,御天杖★★,Reward1,29382,29370
EXCHANGE.INI,changed,2197,拆解：禪帝衲★☆,Material1,29471,29459
EXCHANGE.INI,changed,2197,拆解：禪帝衲★☆,Name,拆解：武帝掌★☆,拆解：禪帝衲★☆
EXCHANGE.INI,changed,2452,火神砲,Name,沉思之杖,火神砲
EXCHANGE.INI,changed,2452,火神砲,Reward1,31556,31554
EXCHANGE.INI,changed,3016,拆解：星玄卦★,Group,181,180
EXCHANGE.INI,changed,3016,拆解：星玄卦★,Material1,28532,28448
EXCHANGE.INI,changed,3016,拆解：星玄卦★,Name,拆解：星兇鎧★,拆解：星玄卦★
EXCHANGE.INI,changed,3016,拆解：星玄卦★,Reward1Count,9,1
EXCHANGE.INI,changed,1550,宇鋒颺頂Ⅴ,Material1,31164,31154
EXCHANGE.INI,changed,1550,宇鋒颺頂Ⅴ,Name,光術覆面Ⅴ,宇鋒颺頂Ⅴ
EXCHANGE.INI,changed,1550,宇鋒颺頂Ⅴ,Reward1,31165,31155
EXCHANGE.INI,changed,1229,超天神符咒,Name,超天師符咒,超天神符咒
EXCHANGE.INI,changed,1229,超天神符咒,Reward1,27890,27888
EXCHANGE.INI,changed,1913,進化→權霸槍☆,Material1,28834,28828
EXCHANGE.INI,changed,1913,進化→權霸槍☆,Name,進化→界王錘☆,進化→權霸槍☆
EXCHANGE.INI,changed,1913,進化→權霸槍☆,Reward1,29385,29373
EXCHANGE.INI,changed,2969,星虎披★★,Material1,28448,28442
EXCHANGE.INI,changed,2969,星虎披★★,Name,星玄卦★★,星虎披★★
EXCHANGE.INI,changed,2969,星虎披★★,Reward1,28449,28443
EXCHANGE.INI,changed,1111,拆解：新星之武豪鎧,Material1,27307,27305
EXCHANGE.INI,changed,1111,拆解：新星之武豪鎧,Name,拆解：新星之道明服,拆解：新星之武豪鎧
EXCHANGE.INI,changed,2728,神．玄宙劍裝錦囊,Name,神．玄宙術裝錦囊,神．玄宙劍裝錦囊
EXCHANGE.INI,changed,2728,神．玄宙劍裝錦囊,Reward1,31379,31377
EXCHANGE.INI,changed,1455,破魔獨錘Ⅳ,Material1,31148,31138
EXCHANGE.INI,changed,1455,破魔獨錘Ⅳ,Name,古主臨盾Ⅳ,破魔獨錘Ⅳ
EXCHANGE.INI,changed,1455,破魔獨錘Ⅳ,Reward1,31149,31139
EXCHANGE.INI,changed,1869,拆解：鵑雪傾錘Ⅲ,Material1,30248,30238
EXCHANGE.INI,changed,1869,拆解：鵑雪傾錘Ⅲ,Name,拆解：鋼鵬衛盾Ⅲ,拆解：鵑雪傾錘Ⅲ
EXCHANGE.INI,changed,2968,星龍珠★★,Material1,28445,28439
EXCHANGE.INI,changed,2968,星龍珠★★,Name,星鳳徽★★,星龍珠★★
EXCHANGE.INI,changed,2968,星龍珠★★,Reward1,28446,28440
EXCHANGE.INI,changed,679,一頁書錦囊禮券,Material1,32175,32164
EXCHANGE.INI,changed,679,一頁書錦囊禮券,Name,黃帝錦囊禮券,一頁書錦囊禮券
EXCHANGE.INI,changed,679,一頁書錦囊禮券,Reward1,32171,32160
EXCHANGE.INI,changed,1397,凜月漪纏Ⅲ,Material1,31317,31307
EXCHANGE.INI,changed,1397,凜月漪纏Ⅲ,Name,舞星鈦甲Ⅲ,凜月漪纏Ⅲ
EXCHANGE.INI,changed,1397,凜月漪纏Ⅲ,Reward1,31318,31308
EXCHANGE.INI,changed,715,凜雪鴉錦囊禮券,Material1,31601,31599
EXCHANGE.INI,changed,715,凜雪鴉錦囊禮券,Name,浪巫謠錦囊禮券,凜雪鴉錦囊禮券
EXCHANGE.INI,changed,715,凜雪鴉錦囊禮券,Reward1,31493,31491
EXCHANGE.INI,changed,2224,君諭刀★★☆,Material1,29364,29352
EXCHANGE.INI,changed,2224,君諭刀★★☆,Name,皇麟扇★★☆,君諭刀★★☆
EXCHANGE.INI,changed,2224,君諭刀★★☆,Reward1,29365,29353
EXCHANGE.INI,changed,3154,拆解：星兇手★★★,Material1,28543,28537
EXCHANGE.INI,changed,3154,拆解：星兇手★★★,Name,拆解：煌月巾★★★,拆解：星兇手★★★
EXCHANGE.INI,changed,2904,進化→鬥星盔★,Material1,27658,27656
EXCHANGE.INI,changed,2904,進化→鬥星盔★,Name,進化→星蹤綸★,進化→鬥星盔★
EXCHANGE.INI,changed,2904,進化→鬥星盔★,Reward1,28388,28382
EXCHANGE.INI,changed,782,拆解：兌澤仙太極,Material1,29722,29720
EXCHANGE.INI,changed,782,拆解：兌澤仙太極,Name,拆解：震雷仙太極,拆解：兌澤仙太極
EXCHANGE.INI,changed,1824,拆解：葬月梟斧Ⅱ,Group,104,103
EXCHANGE.INI,changed,1824,拆解：葬月梟斧Ⅱ,Material1,30252,30242
EXCHANGE.INI,changed,1824,拆解：葬月梟斧Ⅱ,Name,拆解：劍豪旭冠Ⅱ,拆解：葬月梟斧Ⅱ
EXCHANGE.INI,changed,1824,拆解：葬月梟斧Ⅱ,Reward1,29273,29272
EXCHANGE.INI,changed,1068,【諸業俱毀】,Material1Count,50,100
EXCHANGE.INI,changed,1068,【諸業俱毀】,Name,秘笈：明光伏影,【諸業俱毀】
EXCHANGE.INI,changed,1068,【諸業俱毀】,Reward1,31532,31520
EXCHANGE.INI,changed,1497,拆解：塹淵幽柄Ⅲ,Material1,31128,31118
EXCHANGE.INI,changed,1497,拆解：塹淵幽柄Ⅲ,Name,拆解：羅將烈槍Ⅲ,拆解：塹淵幽柄Ⅲ
EXCHANGE.INI,changed,1208,極．旭品武防綢袋,Material1Count,200,250
EXCHANGE.INI,changed,1208,極．旭品武防綢袋,Material2Count,200,250
EXCHANGE.INI,changed,1208,極．旭品武防綢袋,Material3Count,200,250
EXCHANGE.INI,changed,1208,極．旭品武防綢袋,Material4Count,20,25
EXCHANGE.INI,changed,1208,極．旭品武防綢袋,Name,超．旭品武防綢袋,極．旭品武防綢袋
EXCHANGE.INI,changed,1208,極．旭品武防綢袋,Reward1,30448,30459
EXCHANGE.INI,changed,844,般若，消光,Material1,29628,29626
EXCHANGE.INI,changed,844,般若，消光,Name,長柄滄耳刀，消光,般若，消光
EXCHANGE.INI,changed,844,般若，消光,Reward1,29619,29617
EXCHANGE.INI,changed,2884,秘笈：蓮華聖路,Material1,29647,29645
EXCHANGE.INI,changed,2884,秘笈：蓮華聖路,Name,秘笈：心劍,秘笈：蓮華聖路
EXCHANGE.INI,changed,1672,拆解：凜月影束Ⅴ,Material1,31315,31305
EXCHANGE.INI,changed,1672,拆解：凜月影束Ⅴ,Name,拆解：舞星釩兜Ⅴ,拆解：凜月影束Ⅴ
EXCHANGE.INI,changed,2468,極．玄宙僧裝錦囊,Material1Count,500,600
EXCHANGE.INI,changed,2468,極．玄宙僧裝錦囊,Name,超．玄宙神兵寶箱,極．玄宙僧裝錦囊
EXCHANGE.INI,changed,2468,極．玄宙僧裝錦囊,Reward1,31354,31370
EXCHANGE.INI,changed,1961,河山斧★,Group,113,112
EXCHANGE.INI,changed,1961,河山斧★,Material1,29403,29391
EXCHANGE.INI,changed,1961,河山斧★,Material2Count,1,3
EXCHANGE.INI,changed,1961,河山斧★,Name,劍帝冕★,河山斧★
EXCHANGE.INI,changed,1961,河山斧★,Reward1,29404,29392
EXCHANGE.INI,changed,1804,狂陽輝冕Ⅲ,Material1,30382,30372
EXCHANGE.INI,changed,1804,狂陽輝冕Ⅲ,Name,狂陽赤手Ⅲ,狂陽輝冕Ⅲ
EXCHANGE.INI,changed,1804,狂陽輝冕Ⅲ,Reward1,30383,30373
EXCHANGE.INI,changed,1903,拆解：靜月織足Ⅲ,Material1,30418,30408
EXCHANGE.INI,changed,1903,拆解：靜月織足Ⅲ,Name,拆解：宿星燦甲Ⅲ,拆解：靜月織足Ⅲ
EXCHANGE.INI,changed,1347,拆解：騰陽巍立Ⅰ,Material1,31296,31286
EXCHANGE.INI,changed,1347,拆解：騰陽巍立Ⅰ,Name,拆解：凜月霜襟Ⅰ,拆解：騰陽巍立Ⅰ
EXCHANGE.INI,changed,3405,拆解：燦煌衣☆☆☆,Material1,28870,28864
EXCHANGE.INI,changed,3405,拆解：燦煌衣☆☆☆,Name,拆解：佛煌裟☆☆☆,拆解：燦煌衣☆☆☆
EXCHANGE.INI,changed,1805,狂陽耀鎧Ⅲ,Material1,30387,30377
EXCHANGE.INI,changed,1805,狂陽耀鎧Ⅲ,Name,狂陽烈蹴Ⅲ,狂陽耀鎧Ⅲ
EXCHANGE.INI,changed,1805,狂陽耀鎧Ⅲ,Reward1,30388,30378
EXCHANGE.INI,changed,694,蘇童顏錦囊禮券,Material1,31707,31703
EXCHANGE.INI,changed,694,蘇童顏錦囊禮券,Name,紅夜錦囊禮券,蘇童顏錦囊禮券
EXCHANGE.INI,changed,694,蘇童顏錦囊禮券,Reward1,31701,31697
EXCHANGE.INI,changed,1540,宮殤別劍Ⅴ,Material1,31114,31104
EXCHANGE.INI,changed,1540,宮殤別劍Ⅴ,Name,獵仙飛索Ⅴ,宮殤別劍Ⅴ
EXCHANGE.INI,changed,1540,宮殤別劍Ⅴ,Reward1,31115,31105
EXCHANGE.INI,changed,1149,真．玄宙劍裝錦囊,Name,真．玄宙術裝錦囊,真．玄宙劍裝錦囊
EXCHANGE.INI,changed,1149,真．玄宙劍裝錦囊,Reward1,31346,31344
EXCHANGE.INI,changed,1556,天衛宙甲Ⅴ,Material1,31194,31184
EXCHANGE.INI,changed,1556,天衛宙甲Ⅴ,Name,辰道玄袍Ⅴ,天衛宙甲Ⅴ
EXCHANGE.INI,changed,1556,天衛宙甲Ⅴ,Reward1,31195,31185
EXCHANGE.INI,changed,1719,靜月織足Ⅱ,Material1,30416,30406
EXCHANGE.INI,changed,1719,靜月織足Ⅱ,Name,宿星燦甲Ⅱ,靜月織足Ⅱ
EXCHANGE.INI,changed,1719,靜月織足Ⅱ,Reward1,30417,30407
EXCHANGE.INI,changed,1830,拆解：禪臺旭笠Ⅱ,Material1,30282,30272
EXCHANGE.INI,changed,1830,拆解：禪臺旭笠Ⅱ,Name,拆解：勇將旭甲Ⅱ,拆解：禪臺旭笠Ⅱ
EXCHANGE.INI,changed,1702,禪臺旭執Ⅱ,Material1,30331,30321
EXCHANGE.INI,changed,1702,禪臺旭執Ⅱ,Name,勇將旭立Ⅱ,禪臺旭執Ⅱ
EXCHANGE.INI,changed,1702,禪臺旭執Ⅱ,Reward1,30332,30322
EXCHANGE.INI,changed,1929,進化→武帝掌☆,Material1,28882,28876
EXCHANGE.INI,changed,1929,進化→武帝掌☆,Name,進化→道帝袖☆,進化→武帝掌☆
EXCHANGE.INI,changed,1929,進化→武帝掌☆,Reward1,29481,29469
EXCHANGE.INI,changed,741,遁天符兌換券,Group,35,34
EXCHANGE.INI,changed,741,遁天符兌換券,Material1,31611,21978
EXCHANGE.INI,changed,741,遁天符兌換券,Material2,28502,
EXCHANGE.INI,changed,741,遁天符兌換券,Material2Count,8,
EXCHANGE.INI,changed,741,遁天符兌換券,Name,解封紀元裂片,遁天符兌換券
EXCHANGE.INI,changed,741,遁天符兌換券,Reward1,27189,20997
EXCHANGE.INI,changed,741,遁天符兌換券,Reward1Count,1,15
EXCHANGE.INI,changed,741,遁天符兌換券,Reward2,,21348
EXCHANGE.INI,changed,741,遁天符兌換券,Reward2Count,,15
EXCHANGE.INI,changed,741,遁天符兌換券,Reward3,,21196
EXCHANGE.INI,changed,741,遁天符兌換券,Reward3Count,,15
EXCHANGE.INI,changed,2104,拆解：武帝胄★,Material1,29452,29440
EXCHANGE.INI,changed,2104,拆解：武帝胄★,Name,拆解：道帝袍★,拆解：武帝胄★
EXCHANGE.INI,changed,1626,拆解：凜月影束Ⅳ,Material1,31314,31304
EXCHANGE.INI,changed,1626,拆解：凜月影束Ⅳ,Name,拆解：舞星釩兜Ⅳ,拆解：凜月影束Ⅳ
EXCHANGE.INI,changed,1249,真武神符咒,Material1,24946,27387
EXCHANGE.INI,changed,1249,真武神符咒,Name,大龍女戰符,真武神符咒
EXCHANGE.INI,changed,1249,真武神符咒,Reward1,24394,26975
EXCHANGE.INI,changed,2445,拆解：皇影甲★★★,Material1,29612,29600
EXCHANGE.INI,changed,2445,拆解：皇影甲★★★,Name,拆解：君星靴★★★,拆解：皇影甲★★★
EXCHANGE.INI,changed,885,七殺天凌，消光,Group,42,41
EXCHANGE.INI,changed,885,七殺天凌，消光,Material1,21411,31519
EXCHANGE.INI,changed,885,七殺天凌，消光,Material2,,29776
EXCHANGE.INI,changed,885,七殺天凌，消光,Material2Count,,2
EXCHANGE.INI,changed,885,七殺天凌，消光,Name,大將軍印信換錦囊,七殺天凌，消光
EXCHANGE.INI,changed,885,七殺天凌，消光,Reward1,21453,31529
EXCHANGE.INI,changed,720,神旭劍裝錦囊禮券,Material1,31595,31593
EXCHANGE.INI,changed,720,神旭劍裝錦囊禮券,Name,神旭術裝錦囊禮券,神旭劍裝錦囊禮券
EXCHANGE.INI,changed,720,神旭劍裝錦囊禮券,Reward1,30474,30472
EXCHANGE.INI,changed,1290,天衛宙脛Ⅱ,Material1,31241,31231
EXCHANGE.INI,changed,1290,天衛宙脛Ⅱ,Name,辰道玄鞋Ⅱ,天衛宙脛Ⅱ
EXCHANGE.INI,changed,1290,天衛宙脛Ⅱ,Reward1,31242,31232
EXCHANGE.INI,changed,3024,拆解：煌韋足★,Material1,28556,28550
EXCHANGE.INI,changed,3024,拆解：煌韋足★,Name,拆解：奇行裟★,拆解：煌韋足★
EXCHANGE.INI,changed,1900,拆解：靜月幕巾Ⅲ,Material1,30403,30393
EXCHANGE.INI,changed,1900,拆解：靜月幕巾Ⅲ,Name,拆解：靜月帷腕Ⅲ,拆解：靜月幕巾Ⅲ
EXCHANGE.INI,changed,826,振宇屬性配方錦囊,Material1,29272,30673
EXCHANGE.INI,changed,826,振宇屬性配方錦囊,Material1Count,250,10
EXCHANGE.INI,changed,826,振宇屬性配方錦囊,Material2,,27978
EXCHANGE.INI,changed,826,振宇屬性配方錦囊,Material2Count,,30
EXCHANGE.INI,changed,826,振宇屬性配方錦囊,Material3,,29052
EXCHANGE.INI,changed,826,振宇屬性配方錦囊,Material3Count,,30
EXCHANGE.INI,changed,826,振宇屬性配方錦囊,Material4,,29274
EXCHANGE.INI,changed,826,振宇屬性配方錦囊,Material4Count,,30
EXCHANGE.INI,changed,826,振宇屬性配方錦囊,Name,皇龍虹鉻,振宇屬性配方錦囊
EXCHANGE.INI,changed,826,振宇屬性配方錦囊,Reward1,30673,31604
EXCHANGE.INI,changed,845,滄耳刀，消光,Material1,29629,29627
EXCHANGE.INI,changed,845,滄耳刀，消光,Name,三恆曌世，消光,滄耳刀，消光
EXCHANGE.INI,changed,845,滄耳刀，消光,Reward1,29620,29618
EXCHANGE.INI,changed,1058,武魂：禍世螟蝗,Material1Count,100,300
EXCHANGE.INI,changed,1058,武魂：禍世螟蝗,Name,【煙月】,武魂：禍世螟蝗
EXCHANGE.INI,changed,1058,武魂：禍世螟蝗,Reward1,31512,30829
EXCHANGE.INI,changed,1244,附靈法紙轉幻煞符咒,Material1,27387,22451
EXCHANGE.INI,changed,1244,附靈法紙轉幻煞符咒,Name,真龍女戰符,附靈法紙轉幻煞符咒
EXCHANGE.INI,changed,1244,附靈法紙轉幻煞符咒,Reward1,26972,23470
EXCHANGE.INI,changed,1244,附靈法紙轉幻煞符咒,Reward1Count,20,10
EXCHANGE.INI,changed,1642,拆解：宇鋒颺頂Ⅴ,Material1,31165,31155
EXCHANGE.INI,changed,1642,拆解：宇鋒颺頂Ⅴ,Name,拆解：光術覆面Ⅴ,拆解：宇鋒颺頂Ⅴ
EXCHANGE.INI,changed,2034,拆解：鬼帝臂☆,Material1,29571,29559
EXCHANGE.INI,changed,2034,拆解：鬼帝臂☆,Name,拆解：黃月巾☆,拆解：鬼帝臂☆
EXCHANGE.INI,changed,855,般若（紫耀），消光,Group,40,39
EXCHANGE.INI,changed,855,般若（紫耀），消光,Material1,30130,29777
EXCHANGE.INI,changed,855,般若（紫耀），消光,Name,名刀．河豚毒，開光,般若（紫耀），消光
EXCHANGE.INI,changed,855,般若（紫耀），消光,Reward1,30157,29737
EXCHANGE.INI,changed,2241,道帝袍★★☆,Material1,29466,29454
EXCHANGE.INI,changed,2241,道帝袍★★☆,Name,劍帝握★★☆,道帝袍★★☆
EXCHANGE.INI,changed,2241,道帝袍★★☆,Reward1,29467,29455
EXCHANGE.INI,changed,2507,皓羽飛尊禮券,Material1Count,150,1500
EXCHANGE.INI,changed,2507,皓羽飛尊禮券,Name,真．旭品武防綢袋,皓羽飛尊禮券
EXCHANGE.INI,changed,2507,皓羽飛尊禮券,Reward1,30437,30640
EXCHANGE.INI,changed,1684,綻虹鳳棒Ⅱ,Material1,30241,30231
EXCHANGE.INI,changed,1684,綻虹鳳棒Ⅱ,Name,葬月梟斧Ⅱ,綻虹鳳棒Ⅱ
EXCHANGE.INI,changed,1684,綻虹鳳棒Ⅱ,Reward1,30242,30232
EXCHANGE.INI,changed,1275,天衛宙盔Ⅱ,Material1,31166,31156
EXCHANGE.INI,changed,1275,天衛宙盔Ⅱ,Name,辰道玄冠Ⅱ,天衛宙盔Ⅱ
EXCHANGE.INI,changed,1275,天衛宙盔Ⅱ,Reward1,31167,31157
EXCHANGE.INI,changed,725,超旭品武防綢袋券,Material1,30990,30987
EXCHANGE.INI,changed,725,超旭品武防綢袋券,Name,超玉勇裝錦囊禮券,超旭品武防綢袋券
EXCHANGE.INI,changed,725,超旭品武防綢袋券,Reward1,30451,30448
EXCHANGE.INI,changed,1145,超．玄宙道裝錦囊,Material1Count,500,600
EXCHANGE.INI,changed,1145,超．玄宙道裝錦囊,Name,真．玄宙特仕裝箱,超．玄宙道裝錦囊
EXCHANGE.INI,changed,1145,超．玄宙道裝錦囊,Reward1,31349,31358
EXCHANGE.INI,changed,1097,拆解：新星之蝶穿花,Material1,27248,27240
EXCHANGE.INI,changed,1097,拆解：新星之蝶穿花,Name,拆解：新星之菩釋杖,拆解：新星之蝶穿花
EXCHANGE.INI,changed,1627,拆解：凜月漪纏Ⅳ,Material1,31319,31309
EXCHANGE.INI,changed,1627,拆解：凜月漪纏Ⅳ,Name,拆解：舞星鈦甲Ⅳ,拆解：凜月漪纏Ⅳ
EXCHANGE.INI,changed,1866,拆解：明露鴻杖Ⅲ,Material1,30233,30223
EXCHANGE.INI,changed,1866,拆解：明露鴻杖Ⅲ,Name,拆解：綻虹鳳棒Ⅲ,拆解：明露鴻杖Ⅲ
EXCHANGE.INI,changed,739,新南武魂碎片禮券,Material1,21978,30669
EXCHANGE.INI,changed,739,新南武魂碎片禮券,Name,遁天符兌換券,新南武魂碎片禮券
EXCHANGE.INI,changed,739,新南武魂碎片禮券,Reward1,20997,27537
EXCHANGE.INI,changed,739,新南武魂碎片禮券,Reward1Count,15,1
EXCHANGE.INI,changed,739,新南武魂碎片禮券,Reward2,21348,
EXCHANGE.INI,changed,739,新南武魂碎片禮券,Reward2Count,15,
EXCHANGE.INI,changed,739,新南武魂碎片禮券,Reward3,21196,
EXCHANGE.INI,changed,739,新南武魂碎片禮券,Reward3Count,15,
EXCHANGE.INI,changed,3228,烈煌腕☆☆,Material1,28877,28871
EXCHANGE.INI,changed,3228,烈煌腕☆☆,Name,燦煌掌☆☆,烈煌腕☆☆
EXCHANGE.INI,changed,3228,烈煌腕☆☆,Reward1,28878,28872
EXCHANGE.INI,changed,1330,拆解：宇鋒飄腕Ⅰ,Material1,31211,31201
EXCHANGE.INI,changed,1330,拆解：宇鋒飄腕Ⅰ,Name,拆解：光術快手Ⅰ,拆解：宇鋒飄腕Ⅰ
EXCHANGE.INI,changed,1478,諾亞航令Ⅳ,Material1,31263,31253
EXCHANGE.INI,changed,1478,諾亞航令Ⅳ,Name,獨眼慧珠Ⅳ,諾亞航令Ⅳ
EXCHANGE.INI,changed,1478,諾亞航令Ⅳ,Reward1,31264,31254
EXCHANGE.INI,changed,2562,秘笈：太白仙跡,Material1Count,50,75
EXCHANGE.INI,changed,2562,秘笈：太白仙跡,Name,秘笈：忘形篇,秘笈：太白仙跡
EXCHANGE.INI,changed,2562,秘笈：太白仙跡,Reward1,31814,31826
EXCHANGE.INI,changed,1554,寂禪靜觀Ⅴ,Material1,31184,31174
EXCHANGE.INI,changed,1554,寂禪靜觀Ⅴ,Name,天衛宙甲Ⅴ,寂禪靜觀Ⅴ
EXCHANGE.INI,changed,1554,寂禪靜觀Ⅴ,Reward1,31185,31175
EXCHANGE.INI,changed,3252,碧星靴☆☆,Group,197,196
EXCHANGE.INI,changed,3252,碧星靴☆☆,Material1,28814,28981
EXCHANGE.INI,changed,3252,碧星靴☆☆,Material1Count,1,3
EXCHANGE.INI,changed,3252,碧星靴☆☆,Material2,,29053
EXCHANGE.INI,changed,3252,碧星靴☆☆,Material2Count,,18
EXCHANGE.INI,changed,3252,碧星靴☆☆,Name,拆解：武座刃☆,碧星靴☆☆
EXCHANGE.INI,changed,3252,碧星靴☆☆,Reward1,29053,28982
EXCHANGE.INI,changed,3252,碧星靴☆☆,Reward1Count,3,1
EXCHANGE.INI,changed,1427,拆解：宇鋒飆靴Ⅱ,Material1,31237,31227
EXCHANGE.INI,changed,1427,拆解：宇鋒飆靴Ⅱ,Name,拆解：光術疾履Ⅱ,拆解：宇鋒飆靴Ⅱ
EXCHANGE.INI,changed,1501,拆解：破魔獨錘Ⅲ,Material1,31148,31138
EXCHANGE.INI,changed,1501,拆解：破魔獨錘Ⅲ,Name,拆解：古主臨盾Ⅲ,拆解：破魔獨錘Ⅲ
EXCHANGE.INI,changed,1789,禪臺旭袈Ⅲ,Material1,30307,30297
EXCHANGE.INI,changed,1789,禪臺旭袈Ⅲ,Name,勇將旭掌Ⅲ,禪臺旭袈Ⅲ
EXCHANGE.INI,changed,1789,禪臺旭袈Ⅲ,Reward1,30308,30298
EXCHANGE.INI,changed,3416,拆解：道煌履☆☆☆,Material1,28903,28897
EXCHANGE.INI,changed,3416,拆解：道煌履☆☆☆,Name,拆解：火煌珠☆☆☆,拆解：道煌履☆☆☆
EXCHANGE.INI,changed,2090,拆解：龍掣爪★,Material1,29368,29356
EXCHANGE.INI,changed,2090,拆解：龍掣爪★,Name,拆解：御天杖★,拆解：龍掣爪★
EXCHANGE.INI,changed,3361,拆解：道煌袍☆☆,Material1,28872,28866
EXCHANGE.INI,changed,3361,拆解：道煌袍☆☆,Name,拆解：烈煌腕☆☆,拆解：道煌袍☆☆
EXCHANGE.INI,changed,3200,進化→鬼兇靴☆,Material1,28546,28540
EXCHANGE.INI,changed,3200,進化→鬼兇靴☆,Name,進化→柳天衣☆,進化→鬼兇靴☆
EXCHANGE.INI,changed,3200,進化→鬼兇靴☆,Reward1,28966,28960
EXCHANGE.INI,changed,1205,神．旭品特仕裝箱,Material1Count,12,20
EXCHANGE.INI,changed,1205,神．旭品特仕裝箱,Material2Count,12,20
EXCHANGE.INI,changed,1205,神．旭品特仕裝箱,Material3Count,120,150
EXCHANGE.INI,changed,1205,神．旭品特仕裝箱,Name,極．旭品特仕裝箱,神．旭品特仕裝箱
EXCHANGE.INI,changed,1205,神．旭品特仕裝箱,Reward1,30466,30477
EXCHANGE.INI,changed,3423,拆解：鬼兇鎧☆☆☆,Material1,28962,28956
EXCHANGE.INI,changed,3423,拆解：鬼兇鎧☆☆☆,Name,拆解：鬼兇靴☆☆☆,拆解：鬼兇鎧☆☆☆
EXCHANGE.INI,changed,733,帝星承先裝箱禮券,Material1,30664,30988
EXCHANGE.INI,changed,733,帝星承先裝箱禮券,Name,神帝勇裝錦囊禮券,帝星承先裝箱禮券
EXCHANGE.INI,changed,733,帝星承先裝箱禮券,Reward1,29335,29962
EXCHANGE.INI,changed,1344,拆解：騰陽威冕Ⅰ,Material1,31281,31271
EXCHANGE.INI,changed,1344,拆解：騰陽威冕Ⅰ,Name,拆解：騰陽烈釬Ⅰ,拆解：騰陽威冕Ⅰ
EXCHANGE.INI,changed,1973,劍帝握★,Material1,29475,29463
EXCHANGE.INI,changed,1973,劍帝握★,Name,幻帝手★,劍帝握★
EXCHANGE.INI,changed,1973,劍帝握★,Reward1,29476,29464
EXCHANGE.INI,changed,3312,佛煌頂☆☆☆,Material1,28860,28854
EXCHANGE.INI,changed,3312,佛煌頂☆☆☆,Name,戰煌鎧☆☆☆,佛煌頂☆☆☆
EXCHANGE.INI,changed,3312,佛煌頂☆☆☆,Reward1,28861,28855
EXCHANGE.INI,changed,2695,極．玄宙道裝錦囊,Material1Count,750,500
EXCHANGE.INI,changed,2695,極．玄宙道裝錦囊,Name,謙卑集,極．玄宙道裝錦囊
EXCHANGE.INI,changed,2695,極．玄宙道裝錦囊,Reward1,31572,31369
EXCHANGE.INI,changed,1856,拆解：靜月帷腕Ⅱ,Material1,30412,30402
EXCHANGE.INI,changed,1856,拆解：靜月帷腕Ⅱ,Name,拆解：宿星銀兜Ⅱ,拆解：靜月帷腕Ⅱ
EXCHANGE.INI,changed,1960,界王錘★,Material1,29397,29385
EXCHANGE.INI,changed,1960,界王錘★,Name,疆嶽盾★,界王錘★
EXCHANGE.INI,changed,1960,界王錘★,Reward1,29398,29386
EXCHANGE.INI,changed,3084,拆解：鬥星盔★★,Material1,28389,28383
EXCHANGE.INI,changed,3084,拆解：鬥星盔★★,Name,拆解：星蹤綸★★,拆解：鬥星盔★★
EXCHANGE.INI,changed,2501,六道真元錦囊,Material1Count,2,3
EXCHANGE.INI,changed,2501,六道真元錦囊,Name,悟心降魂玉,六道真元錦囊
EXCHANGE.INI,changed,2501,六道真元錦囊,Reward1,28179,26664
EXCHANGE.INI,changed,3337,柳天衣☆☆☆,Material1,28973,28967
EXCHANGE.INI,changed,3337,柳天衣☆☆☆,Name,柳韋足☆☆☆,柳天衣☆☆☆
EXCHANGE.INI,changed,3337,柳天衣☆☆☆,Reward1,28974,28968
EXCHANGE.INI,changed,1658,拆解：天衛宙脛Ⅴ,Material1,31245,31235
EXCHANGE.INI,changed,1658,拆解：天衛宙脛Ⅴ,Name,拆解：辰道玄鞋Ⅴ,拆解：天衛宙脛Ⅴ
EXCHANGE.INI,changed,2214,拆解：鬼帝臂★☆,Material1,29573,29561
EXCHANGE.INI,changed,2214,拆解：鬼帝臂★☆,Name,拆解：黃月巾★☆,拆解：鬼帝臂★☆
EXCHANGE.INI,changed,1095,拆解：新星之驚雷劍,Material1,27240,27232
EXCHANGE.INI,changed,1095,拆解：新星之驚雷劍,Name,拆解：新星之蝶穿花,拆解：新星之驚雷劍
EXCHANGE.INI,changed,2198,拆解：劍帝握★☆,Material1,29477,29465
EXCHANGE.INI,changed,2198,拆解：劍帝握★☆,Name,拆解：幻帝手★☆,拆解：劍帝握★☆
EXCHANGE.INI,changed,2730,神．玄宙術裝錦囊,Name,神．玄宙僧裝錦囊,神．玄宙術裝錦囊
EXCHANGE.INI,changed,2730,神．玄宙術裝錦囊,Reward1,31381,31379
EXCHANGE.INI,changed,3049,鬥星臂★★★,Material1,28419,28413
EXCHANGE.INI,changed,3049,鬥星臂★★★,Name,星蹤手★★★,鬥星臂★★★
EXCHANGE.INI,changed,3049,鬥星臂★★★,Reward1,28420,28414
EXCHANGE.INI,changed,1093,武魂：關羽,Group,55,54
EXCHANGE.INI,changed,1093,武魂：關羽,Material1,27232,31654
EXCHANGE.INI,changed,1093,武魂：關羽,Material1Count,1,30
EXCHANGE.INI,changed,1093,武魂：關羽,Name,拆解：新星之驚雷劍,武魂：關羽
EXCHANGE.INI,changed,1093,武魂：關羽,Reward1,27198,30833
EXCHANGE.INI,changed,1093,武魂：關羽,Reward1Count,8,1
EXCHANGE.INI,changed,3333,鬼兇鎧☆☆☆,Material1,28961,28955
EXCHANGE.INI,changed,3333,鬼兇鎧☆☆☆,Name,鬼兇靴☆☆☆,鬼兇鎧☆☆☆
EXCHANGE.INI,changed,3333,鬼兇鎧☆☆☆,Reward1,28962,28956
EXCHANGE.INI,changed,3095,拆解：遊星掌★★,Material1,28422,28416
EXCHANGE.INI,changed,3095,拆解：遊星掌★★,Name,拆解：釋星拱★★,拆解：遊星掌★★
EXCHANGE.INI,changed,1533,拆解：凜月霜襟Ⅲ,Material1,31308,31298
EXCHANGE.INI,changed,1533,拆解：凜月霜襟Ⅲ,Name,拆解：凜月漪纏Ⅲ,拆解：凜月霜襟Ⅲ
EXCHANGE.INI,changed,2847,秘笈：蓮華聖路,Material1,29647,29645
EXCHANGE.INI,changed,2847,秘笈：蓮華聖路,Name,秘笈：心劍,秘笈：蓮華聖路
EXCHANGE.INI,changed,2993,拆解：星鋒冠★,Material1,28385,28379
EXCHANGE.INI,changed,2993,拆解：星鋒冠★,Name,拆解：遊星箍★,拆解：星鋒冠★
EXCHANGE.INI,changed,1341,拆解：誅仙御鐸Ⅰ,Material1,31266,31256
EXCHANGE.INI,changed,1341,拆解：誅仙御鐸Ⅰ,Name,拆解：龍之印信Ⅰ,拆解：誅仙御鐸Ⅰ
EXCHANGE.INI,changed,2149,武帝胄★★,Material1,29453,29441
EXCHANGE.INI,changed,2149,武帝胄★★,Name,道帝袍★★,武帝胄★★
EXCHANGE.INI,changed,2149,武帝胄★★,Reward1,29454,29442
EXCHANGE.INI,changed,812,拆解：顛夢虛幻抄,Material1,27538,30931
EXCHANGE.INI,changed,812,拆解：顛夢虛幻抄,Name,拆解：虛幽邪龍陣,拆解：顛夢虛幻抄
EXCHANGE.INI,changed,1499,拆解：羅將烈槍Ⅲ,Material1,31138,31128
EXCHANGE.INI,changed,1499,拆解：羅將烈槍Ⅲ,Name,拆解：破魔獨錘Ⅲ,拆解：羅將烈槍Ⅲ
EXCHANGE.INI,changed,1967,禪帝頂★,Material1,29439,29427
EXCHANGE.INI,changed,1967,禪帝頂★,Name,武帝胄★,禪帝頂★
EXCHANGE.INI,changed,1967,禪帝頂★,Reward1,29440,29428
EXCHANGE.INI,changed,2869,如是我斬（消光）,Material1,29623,29621
EXCHANGE.INI,changed,2869,如是我斬（消光）,Name,千年一擊（消光）,如是我斬（消光）
EXCHANGE.INI,changed,689,真玄道裝錦囊禮券,Material1,30657,31876
EXCHANGE.INI,changed,689,真玄道裝錦囊禮券,Name,紀元裂片禮券,真玄道裝錦囊禮券
EXCHANGE.INI,changed,689,真玄道裝錦囊禮券,Reward1,27189,31347
EXCHANGE.INI,changed,689,真玄道裝錦囊禮券,Reward1Count,10,1
EXCHANGE.INI,changed,2733,極．玄宙特仕裝箱,Material1Count,800,1650
EXCHANGE.INI,changed,2733,極．玄宙特仕裝箱,Name,極．玄宙劍裝錦囊,極．玄宙特仕裝箱
EXCHANGE.INI,changed,2733,極．玄宙特仕裝箱,Reward1,31366,31371
EXCHANGE.INI,changed,2856,般若,Material1,29628,29626
EXCHANGE.INI,changed,2856,般若,Name,長柄滄耳刀,般若
EXCHANGE.INI,changed,1301,騰陽巍立Ⅱ,Material1,31296,31286
EXCHANGE.INI,changed,1301,騰陽巍立Ⅱ,Name,凜月霜襟Ⅱ,騰陽巍立Ⅱ
EXCHANGE.INI,changed,1301,騰陽巍立Ⅱ,Reward1,31297,31287
EXCHANGE.INI,changed,2435,拆解：慧帝戒★★★,Group,144,143
EXCHANGE.INI,changed,2435,拆解：慧帝戒★★★,Material1,29552,29540
EXCHANGE.INI,changed,2435,拆解：慧帝戒★★★,Name,拆解：鬼帝冠★★★,拆解：慧帝戒★★★
EXCHANGE.INI,changed,2435,拆解：慧帝戒★★★,Reward1,29272,29273
EXCHANGE.INI,changed,2435,拆解：慧帝戒★★★,Reward1Count,30,6
EXCHANGE.INI,changed,1759,拆解：狂陽耀鎧Ⅰ,Material1,30386,30376
EXCHANGE.INI,changed,1759,拆解：狂陽耀鎧Ⅰ,Name,拆解：狂陽烈蹴Ⅰ,拆解：狂陽耀鎧Ⅰ
EXCHANGE.INI,changed,2646,虞小梅錦囊禮券,Material1,29273,30673
EXCHANGE.INI,changed,2646,虞小梅錦囊禮券,Material1Count,10,1
EXCHANGE.INI,changed,2646,虞小梅錦囊禮券,Name,活俠虞小梅錦囊,虞小梅錦囊禮券
EXCHANGE.INI,changed,2646,虞小梅錦囊禮券,Reward1,31728,31734
EXCHANGE.INI,changed,2646,虞小梅錦囊禮券,Reward1Count,1,2
EXCHANGE.INI,changed,1488,凜月影束Ⅳ,Material1,31313,31303
EXCHANGE.INI,changed,1488,凜月影束Ⅳ,Name,舞星釩兜Ⅳ,凜月影束Ⅳ
EXCHANGE.INI,changed,1488,凜月影束Ⅳ,Reward1,31314,31304
EXCHANGE.INI,changed,2128,拆解：黃鳴腕★,Material1,29596,29584
EXCHANGE.INI,changed,2128,拆解：黃鳴腕★,Name,拆解：皇影甲★,拆解：黃鳴腕★
EXCHANGE.INI,changed,2976,煌月巾★★,Material1,28547,28541
EXCHANGE.INI,changed,2976,煌月巾★★,Name,煌嗚腕★★,煌月巾★★
EXCHANGE.INI,changed,2976,煌月巾★★,Reward1,28548,28542
EXCHANGE.INI,changed,1103,拆解：新星之鳴雷錘,Material1,27284,27264
EXCHANGE.INI,changed,1103,拆解：新星之鳴雷錘,Name,拆解：新星之劍英盔,拆解：新星之鳴雷錘
EXCHANGE.INI,changed,2538,武魂：蘇童顏,Name,紅夜封魂晶,武魂：蘇童顏
EXCHANGE.INI,changed,2538,武魂：蘇童顏,Reward1,31655,30835
EXCHANGE.INI,changed,2572,秘笈：奪魄幽靈爪,Material1Count,1,50
EXCHANGE.INI,changed,2572,秘笈：奪魄幽靈爪,Name,降神：趙活之魂,秘笈：奪魄幽靈爪
EXCHANGE.INI,changed,2572,秘笈：奪魄幽靈爪,Reward1,31827,31824
EXCHANGE.INI,changed,2572,秘笈：奪魄幽靈爪,Reward1Count,10,1
EXCHANGE.INI,changed,3082,拆解：傾天盾★★,Group,186,185
EXCHANGE.INI,changed,3082,拆解：傾天盾★★,Material1,28383,28377
EXCHANGE.INI,changed,3082,拆解：傾天盾★★,Name,拆解：鬥星盔★★,拆解：傾天盾★★
EXCHANGE.INI,changed,3082,拆解：傾天盾★★,Reward1Count,2,6
EXCHANGE.INI,changed,3235,燦煌足☆☆,Material1,28898,28892
EXCHANGE.INI,changed,3235,燦煌足☆☆,Name,佛煌行☆☆,燦煌足☆☆
EXCHANGE.INI,changed,3235,燦煌足☆☆,Reward1,28899,28893
EXCHANGE.INI,changed,1534,拆解：凜月影束Ⅲ,Material1,31313,31303
EXCHANGE.INI,changed,1534,拆解：凜月影束Ⅲ,Name,拆解：舞星釩兜Ⅲ,拆解：凜月影束Ⅲ
EXCHANGE.INI,changed,1654,拆解：光術快手Ⅴ,Material1,31225,31215
EXCHANGE.INI,changed,1654,拆解：光術快手Ⅴ,Name,拆解：寂禪若持Ⅴ,拆解：光術快手Ⅴ
EXCHANGE.INI,changed,1273,古主臨盾Ⅱ,Group,68,67
EXCHANGE.INI,changed,1273,古主臨盾Ⅱ,Material1,31156,31146
EXCHANGE.INI,changed,1273,古主臨盾Ⅱ,Material2Count,45,150
EXCHANGE.INI,changed,1273,古主臨盾Ⅱ,Name,天衛宙盔Ⅱ,古主臨盾Ⅱ
EXCHANGE.INI,changed,1273,古主臨盾Ⅱ,Reward1,31157,31147
EXCHANGE.INI,changed,1803,億載機軸Ⅲ,Group,102,101
EXCHANGE.INI,changed,1803,億載機軸Ⅲ,Material1,30377,30367
EXCHANGE.INI,changed,1803,億載機軸Ⅲ,Material2,30673,29272
EXCHANGE.INI,changed,1803,億載機軸Ⅲ,Material2Count,6,15
EXCHANGE.INI,changed,1803,億載機軸Ⅲ,Name,狂陽耀鎧Ⅲ,億載機軸Ⅲ
EXCHANGE.INI,changed,1803,億載機軸Ⅲ,Reward1,30378,30368
EXCHANGE.INI,changed,994,周武克殷幟，開光,Material1,29669,29667
EXCHANGE.INI,changed,994,周武克殷幟，開光,Name,天汗蒼狼槍，開光,周武克殷幟，開光
EXCHANGE.INI,changed,994,周武克殷幟，開光,Reward1,29659,29657
EXCHANGE.INI,changed,2142,疆嶽盾★★,Group,125,124
EXCHANGE.INI,changed,2142,疆嶽盾★★,Material1,29411,29399
EXCHANGE.INI,changed,2142,疆嶽盾★★,Material2Count,4,10
EXCHANGE.INI,changed,2142,疆嶽盾★★,Name,武帝盔★★,疆嶽盾★★
EXCHANGE.INI,changed,2142,疆嶽盾★★,Reward1,29412,29400
EXCHANGE.INI,changed,1032,滅裂曉光刀，開光,Material1,30624,30622
EXCHANGE.INI,changed,1032,滅裂曉光刀，開光,Name,冰輪夢蜃扇，開光,滅裂曉光刀，開光
EXCHANGE.INI,changed,1032,滅裂曉光刀，開光,Reward1,30614,30612
EXCHANGE.INI,changed,1085,武魂：紅夜,Name,武魂：劉備,武魂：紅夜
EXCHANGE.INI,changed,1085,武魂：紅夜,Reward1,30832,30830
EXCHANGE.INI,changed,1558,辰道玄袍Ⅴ,Material1,31204,31194
EXCHANGE.INI,changed,1558,辰道玄袍Ⅴ,Name,宇鋒飄腕Ⅴ,辰道玄袍Ⅴ
EXCHANGE.INI,changed,1558,辰道玄袍Ⅴ,Reward1,31205,31195
EXCHANGE.INI,changed,710,唐布衣錦囊禮券,Material1,31736,31732
EXCHANGE.INI,changed,710,唐布衣錦囊禮券,Name,龍湘錦囊禮券,唐布衣錦囊禮券
EXCHANGE.INI,changed,710,唐布衣錦囊禮券,Reward1,31730,31726
EXCHANGE.INI,changed,2720,六道真元錦囊,Name,悟心降魂玉,六道真元錦囊
EXCHANGE.INI,changed,2720,六道真元錦囊,Reward1,28179,26664
EXCHANGE.INI,changed,2554,趙活封魂晶,Name,武魂：唐默鈴,趙活封魂晶
EXCHANGE.INI,changed,2554,趙活封魂晶,Reward1,30843,31811
EXCHANGE.INI,changed,2632,活俠趙活錦囊,Material1,30673,29273
EXCHANGE.INI,changed,2632,活俠趙活錦囊,Material1Count,1,10
EXCHANGE.INI,changed,2632,活俠趙活錦囊,Name,唐布衣錦囊禮券,活俠趙活錦囊
EXCHANGE.INI,changed,2632,活俠趙活錦囊,Reward1,31732,31725
EXCHANGE.INI,changed,2632,活俠趙活錦囊,Reward1Count,2,1
EXCHANGE.INI,changed,1251,大龍女戰符,Name,大拉薩戰符,大龍女戰符
EXCHANGE.INI,changed,1251,大龍女戰符,Reward1,24396,24394
EXCHANGE.INI,changed,1861,拆解：宿星閃靴Ⅱ,Group,106,105
EXCHANGE.INI,changed,1861,拆解：宿星閃靴Ⅱ,Material1,30208,30602
EXCHANGE.INI,changed,1861,拆解：宿星閃靴Ⅱ,Name,拆解：璇蟬鳴刀Ⅲ,拆解：宿星閃靴Ⅱ
EXCHANGE.INI,changed,1861,拆解：宿星閃靴Ⅱ,Reward1,29272,30673
EXCHANGE.INI,changed,1861,拆解：宿星閃靴Ⅱ,Reward1Count,13,2
EXCHANGE.INI,changed,3434,美酥夾心包,Material1Count,2,1
EXCHANGE.INI,changed,3434,美酥夾心包,Name,龍茯鳳苓煲,美酥夾心包
EXCHANGE.INI,changed,3434,美酥夾心包,Reward1,31891,31723
EXCHANGE.INI,changed,2444,拆解：黃韋足★★★,Material1,29606,29594
EXCHANGE.INI,changed,2444,拆解：黃韋足★★★,Name,拆解：神無袈★★★,拆解：黃韋足★★★
EXCHANGE.INI,changed,702,糜香錦囊禮券,Material1,31011,31009
EXCHANGE.INI,changed,702,糜香錦囊禮券,Name,趙雲錦囊禮券,糜香錦囊禮券
EXCHANGE.INI,changed,702,糜香錦囊禮券,Reward1,30913,30910
EXCHANGE.INI,changed,1693,劍豪旭裝Ⅱ,Material1,30286,30276
EXCHANGE.INI,changed,1693,劍豪旭裝Ⅱ,Name,術凌旭服Ⅱ,劍豪旭裝Ⅱ
EXCHANGE.INI,changed,1693,劍豪旭裝Ⅱ,Reward1,30287,30277
EXCHANGE.INI,changed,2963,星鋒靴★★,Material1,28430,28424
EXCHANGE.INI,changed,2963,星鋒靴★★,Name,遊星足★★,星鋒靴★★
EXCHANGE.INI,changed,2963,星鋒靴★★,Reward1,28431,28425
EXCHANGE.INI,changed,1517,拆解：辰道玄袖Ⅲ,Material1,31228,31218
EXCHANGE.INI,changed,1517,拆解：辰道玄袖Ⅲ,Name,拆解：宇鋒飆靴Ⅲ,拆解：辰道玄袖Ⅲ
EXCHANGE.INI,changed,3197,進化→鬼兇冠☆,Material1,28537,28531
EXCHANGE.INI,changed,3197,進化→鬼兇冠☆,Name,進化→鬼兇手☆,進化→鬼兇冠☆
EXCHANGE.INI,changed,3197,進化→鬼兇冠☆,Reward1,28957,28951
EXCHANGE.INI,changed,1773,絃霧靈拂Ⅲ,Material1,30227,30217
EXCHANGE.INI,changed,1773,絃霧靈拂Ⅲ,Name,赤鴉裂槍Ⅲ,絃霧靈拂Ⅲ
EXCHANGE.INI,changed,1773,絃霧靈拂Ⅲ,Reward1,30228,30218
EXCHANGE.INI,changed,2257,鬼帝冠★★☆,Material1,29562,29550
EXCHANGE.INI,changed,2257,鬼帝冠★★☆,Name,鬼帝臂★★☆,鬼帝冠★★☆
EXCHANGE.INI,changed,2257,鬼帝冠★★☆,Reward1,29563,29551
EXCHANGE.INI,changed,1163,超．玄宙劍裝錦囊,Name,超．玄宙術裝錦囊,超．玄宙劍裝錦囊
EXCHANGE.INI,changed,1163,超．玄宙劍裝錦囊,Reward1,31357,31355
EXCHANGE.INI,changed,2176,神無袈★★,Group,127,126
EXCHANGE.INI,changed,2176,神無袈★★,Material1,29345,29603
EXCHANGE.INI,changed,2176,神無袈★★,Material1Count,1,3
EXCHANGE.INI,changed,2176,神無袈★★,Material2,,29272
EXCHANGE.INI,changed,2176,神無袈★★,Material2Count,,35
EXCHANGE.INI,changed,2176,神無袈★★,Name,拆解：帝詔劍★☆,神無袈★★
EXCHANGE.INI,changed,2176,神無袈★★,Reward1,29273,29604
EXCHANGE.INI,changed,2176,神無袈★★,Reward1Count,8,1
EXCHANGE.INI,changed,997,泰始宇弘棍，開光,Material1,29672,29670
EXCHANGE.INI,changed,997,泰始宇弘棍，開光,Name,商紂暴政斧，開光,泰始宇弘棍，開光
EXCHANGE.INI,changed,997,泰始宇弘棍，開光,Reward1,29662,29660
EXCHANGE.INI,changed,1962,疆嶽盾★,Group,113,112
EXCHANGE.INI,changed,1962,疆嶽盾★,Material1,29409,29397
EXCHANGE.INI,changed,1962,疆嶽盾★,Material2Count,1,3
EXCHANGE.INI,changed,1962,疆嶽盾★,Name,武帝盔★,疆嶽盾★
EXCHANGE.INI,changed,1962,疆嶽盾★,Reward1,29410,29398
EXCHANGE.INI,changed,2557,武魂：龍湘,Name,武魂：夏侯蘭,武魂：龍湘
EXCHANGE.INI,changed,2557,武魂：龍湘,Reward1,30845,30844
EXCHANGE.INI,changed,2564,秘笈：忘形篇,Name,秘笈：很是用力踢,秘笈：忘形篇
EXCHANGE.INI,changed,2564,秘笈：忘形篇,Reward1,31818,31814
EXCHANGE.INI,changed,1791,勇將旭掌Ⅲ,Material1,30317,30307
EXCHANGE.INI,changed,1791,勇將旭掌Ⅲ,Name,道清旭袖Ⅲ,勇將旭掌Ⅲ
EXCHANGE.INI,changed,1791,勇將旭掌Ⅲ,Reward1,30318,30308
EXCHANGE.INI,changed,1010,蘭陵破陣盾，消光,Material1,29015,29663
EXCHANGE.INI,changed,1010,蘭陵破陣盾，消光,Material2Count,150,200
EXCHANGE.INI,changed,1010,蘭陵破陣盾，消光,Material3Count,600,200
EXCHANGE.INI,changed,1010,蘭陵破陣盾，消光,Name,煌刀瑟‧凱布，開光,蘭陵破陣盾，消光
EXCHANGE.INI,changed,1010,蘭陵破陣盾，消光,Reward1,29002,29673
EXCHANGE.INI,changed,1939,進化→羲帝綴☆,Material1,28912,28909
EXCHANGE.INI,changed,1939,進化→羲帝綴☆,Name,進化→大帝鎮☆,進化→羲帝綴☆
EXCHANGE.INI,changed,1939,進化→羲帝綴☆,Reward1,29541,29529
EXCHANGE.INI,changed,2475,超．玄宙僧裝錦囊,Material1Count,35,400
EXCHANGE.INI,changed,2475,超．玄宙僧裝錦囊,Name,以太星核錦囊,超．玄宙僧裝錦囊
EXCHANGE.INI,changed,2475,超．玄宙僧裝錦囊,Reward1,31468,31359
EXCHANGE.INI,changed,1884,拆解：術凌旭指Ⅲ,Material1,30323,30313
EXCHANGE.INI,changed,1884,拆解：術凌旭指Ⅲ,Name,拆解：禪臺旭執Ⅲ,拆解：術凌旭指Ⅲ
EXCHANGE.INI,changed,1918,進化→劍帝冕☆,Material1,28849,28843
EXCHANGE.INI,changed,1918,進化→劍帝冕☆,Name,進化→幻帝面☆,進化→劍帝冕☆
EXCHANGE.INI,changed,1918,進化→劍帝冕☆,Reward1,29415,29403
EXCHANGE.INI,changed,1295,誅仙御鐸Ⅱ,Material1,31266,31256
EXCHANGE.INI,changed,1295,誅仙御鐸Ⅱ,Name,龍之印信Ⅱ,誅仙御鐸Ⅱ
EXCHANGE.INI,changed,1295,誅仙御鐸Ⅱ,Reward1,31267,31257
EXCHANGE.INI,changed,1764,拆解：靜月帷腕Ⅰ,Material1,30411,30401
EXCHANGE.INI,changed,1764,拆解：靜月帷腕Ⅰ,Name,拆解：宿星銀兜Ⅰ,拆解：靜月帷腕Ⅰ
EXCHANGE.INI,changed,2038,拆解：黃鳴腕☆,Material1,29595,29583
EXCHANGE.INI,changed,2038,拆解：黃鳴腕☆,Name,拆解：皇影甲☆,拆解：黃鳴腕☆
EXCHANGE.INI,changed,2280,拆解：幻帝面★★,Material1,29430,29418
EXCHANGE.INI,changed,2280,拆解：幻帝面★★,Name,拆解：禪帝頂★★,拆解：幻帝面★★
EXCHANGE.INI,changed,3142,拆解：釋星拱★★★,Material1,28429,28423
EXCHANGE.INI,changed,3142,拆解：釋星拱★★★,Name,拆解：鬥星脛★★★,拆解：釋星拱★★★
EXCHANGE.INI,changed,1135,速兌驃騎將軍印信,Material1,21404,21405
EXCHANGE.INI,changed,1135,速兌驃騎將軍印信,Material1Count,65,1615
EXCHANGE.INI,changed,1135,速兌驃騎將軍印信,Name,速兌中郎將印信,速兌驃騎將軍印信
EXCHANGE.INI,changed,1135,速兌驃騎將軍印信,Reward1,21408,21410
EXCHANGE.INI,changed,2043,帝詔劍★☆,Material1,29356,29344
EXCHANGE.INI,changed,2043,帝詔劍★☆,Name,龍掣爪★☆,帝詔劍★☆
EXCHANGE.INI,changed,2043,帝詔劍★☆,Reward1,29357,29345
EXCHANGE.INI,changed,2888,秘笈：劍以創生,Group,172,171
EXCHANGE.INI,changed,2888,秘笈：劍以創生,Material1,32168,29649
EXCHANGE.INI,changed,2888,秘笈：劍以創生,Material1Count,200,1
EXCHANGE.INI,changed,2888,秘笈：劍以創生,Name,武魂：金獅,秘笈：劍以創生
EXCHANGE.INI,changed,2888,秘笈：劍以創生,Reward1,30850,32168
EXCHANGE.INI,changed,2888,秘笈：劍以創生,Reward1Count,1,3
EXCHANGE.INI,changed,2558,武魂：虞小梅,Material1Count,75,145
EXCHANGE.INI,changed,2558,武魂：虞小梅,Name,秘笈：天地無聲勢,武魂：虞小梅
EXCHANGE.INI,changed,2558,武魂：虞小梅,Reward1,31816,30846
EXCHANGE.INI,changed,3261,拆解：帛度斧☆,Group,198,197
EXCHANGE.INI,changed,3261,拆解：帛度斧☆,Material1,28841,28835
EXCHANGE.INI,changed,3261,拆解：帛度斧☆,Name,拆解：烈煌兜☆,拆解：帛度斧☆
EXCHANGE.INI,changed,3261,拆解：帛度斧☆,Reward1Count,1,3
EXCHANGE.INI,changed,2327,禪帝頂★★★,Material1,29443,29431
EXCHANGE.INI,changed,2327,禪帝頂★★★,Name,武帝胄★★★,禪帝頂★★★
EXCHANGE.INI,changed,2327,禪帝頂★★★,Reward1,29444,29432
EXCHANGE.INI,changed,3378,拆解：鬼兇鎧☆☆,Material1,28961,28955
EXCHANGE.INI,changed,3378,拆解：鬼兇鎧☆☆,Name,拆解：鬼兇靴☆☆,拆解：鬼兇鎧☆☆
EXCHANGE.INI,changed,3129,拆解：鬥星盔★★★,Material1,28390,28384
EXCHANGE.INI,changed,3129,拆解：鬥星盔★★★,Name,拆解：星蹤綸★★★,拆解：鬥星盔★★★
EXCHANGE.INI,changed,978,首露伽耶錘，開光,Material1,29932,29930
EXCHANGE.INI,changed,978,首露伽耶錘，開光,Name,東極通鑑盾，開光,首露伽耶錘，開光
EXCHANGE.INI,changed,978,首露伽耶錘，開光,Reward1,29922,29920
EXCHANGE.INI,changed,2121,拆解：大帝鎮★,Group,123,122
EXCHANGE.INI,changed,2121,拆解：大帝鎮★,Material1,29554,29542
EXCHANGE.INI,changed,2121,拆解：大帝鎮★,Name,拆解：鬼帝鎧★,拆解：大帝鎮★
EXCHANGE.INI,changed,2121,拆解：大帝鎮★,Reward1,29272,29273
EXCHANGE.INI,changed,2121,拆解：大帝鎮★,Reward1Count,10,2
EXCHANGE.INI,changed,2631,活俠趙活錦囊,Material1,29274,29272
EXCHANGE.INI,changed,2631,活俠趙活錦囊,Material1Count,3,2
EXCHANGE.INI,changed,3193,進化→火煌珠☆,Material1,28447,28441
EXCHANGE.INI,changed,3193,進化→火煌珠☆,Name,進化→風煌珠☆,進化→火煌珠☆
EXCHANGE.INI,changed,3193,進化→火煌珠☆,Reward1,28907,28901
EXCHANGE.INI,changed,1050,冥淵血鷲盾，消光,Group,51,48
EXCHANGE.INI,changed,1050,冥淵血鷲盾，消光,Material1,31642,30620
EXCHANGE.INI,changed,1050,冥淵血鷲盾，消光,Material1Count,200,1
EXCHANGE.INI,changed,1050,冥淵血鷲盾，消光,Material2,31643,29272
EXCHANGE.INI,changed,1050,冥淵血鷲盾，消光,Material2Count,10,75
EXCHANGE.INI,changed,1050,冥淵血鷲盾，消光,Material3,,29273
EXCHANGE.INI,changed,1050,冥淵血鷲盾，消光,Material3Count,,150
EXCHANGE.INI,changed,1050,冥淵血鷲盾，消光,Material4,,26368
EXCHANGE.INI,changed,1050,冥淵血鷲盾，消光,Material4Count,,250
EXCHANGE.INI,changed,1050,冥淵血鷲盾，消光,Name,金蛇小福袋,冥淵血鷲盾，消光
EXCHANGE.INI,changed,1050,冥淵血鷲盾，消光,Reward1,31639,30630
EXCHANGE.INI,changed,1346,拆解：騰陽烈釬Ⅰ,Material1,31291,31281
EXCHANGE.INI,changed,1346,拆解：騰陽烈釬Ⅰ,Name,拆解：凜月冪巾Ⅰ,拆解：騰陽烈釬Ⅰ
EXCHANGE.INI,changed,3280,拆解：燦煌足☆,Material1,28898,28892
EXCHANGE.INI,changed,3280,拆解：燦煌足☆,Name,拆解：佛煌行☆,拆解：燦煌足☆
EXCHANGE.INI,changed,1620,拆解：騰陽威冕Ⅳ,Material1,31284,31274
EXCHANGE.INI,changed,1620,拆解：騰陽威冕Ⅳ,Name,拆解：騰陽烈釬Ⅳ,拆解：騰陽威冕Ⅳ
EXCHANGE.INI,changed,3113,拆解：煌嗚腕★★,Material1,28554,28548
EXCHANGE.INI,changed,3113,拆解：煌嗚腕★★,Name,拆解：奇隱甲★★,拆解：煌嗚腕★★
EXCHANGE.INI,changed,2827,無聲之狂,Material1,29618,29634
EXCHANGE.INI,changed,2827,無聲之狂,Name,滄耳刀（消光）,無聲之狂
EXCHANGE.INI,changed,2502,武冠兵甲摸彩券,Group,148,147
EXCHANGE.INI,changed,2502,武冠兵甲摸彩券,Material1,30544,31709
EXCHANGE.INI,changed,2502,武冠兵甲摸彩券,Material1Count,500,2
EXCHANGE.INI,changed,2502,武冠兵甲摸彩券,Name,旭品特仕裝箱,武冠兵甲摸彩券
EXCHANGE.INI,changed,2502,武冠兵甲摸彩券,Reward1,30433,29971
EXCHANGE.INI,changed,1023,戰鋒柏‧賽特，消光,Material1,29005,29003
EXCHANGE.INI,changed,1023,戰鋒柏‧賽特，消光,Name,輝杖瑪‧亞特，消光,戰鋒柏‧賽特，消光
EXCHANGE.INI,changed,1023,戰鋒柏‧賽特，消光,Reward1,29018,29016
EXCHANGE.INI,changed,1389,龍之印信Ⅲ,Group,75,74
EXCHANGE.INI,changed,1389,龍之印信Ⅲ,Material1,31277,31267
EXCHANGE.INI,changed,1389,龍之印信Ⅲ,Material2,30673,29272
EXCHANGE.INI,changed,1389,龍之印信Ⅲ,Material2Count,30,60
EXCHANGE.INI,changed,1389,龍之印信Ⅲ,Name,騰陽雄鎧Ⅲ,龍之印信Ⅲ
EXCHANGE.INI,changed,1389,龍之印信Ⅲ,Reward1,31278,31268
EXCHANGE.INI,changed,1595,拆解：古主臨盾Ⅳ,Group,89,88
EXCHANGE.INI,changed,1595,拆解：古主臨盾Ⅳ,Material1,31159,31149
EXCHANGE.INI,changed,1595,拆解：古主臨盾Ⅳ,Name,拆解：天衛宙盔Ⅳ,拆解：古主臨盾Ⅳ
EXCHANGE.INI,changed,1595,拆解：古主臨盾Ⅳ,Reward1,29273,29272
EXCHANGE.INI,changed,1444,拆解：舞星釩兜Ⅱ,Material1,31322,31312
EXCHANGE.INI,changed,1444,拆解：舞星釩兜Ⅱ,Name,拆解：舞星鎢掌Ⅱ,拆解：舞星釩兜Ⅱ
EXCHANGE.INI,changed,2076,大帝鎮★☆,Group,120,119
EXCHANGE.INI,changed,2076,大帝鎮★☆,Material1,29554,29542
EXCHANGE.INI,changed,2076,大帝鎮★☆,Material2Count,20,2
EXCHANGE.INI,changed,2076,大帝鎮★☆,Name,鬼帝鎧★☆,大帝鎮★☆
EXCHANGE.INI,changed,2076,大帝鎮★☆,Reward1,29555,29543
EXCHANGE.INI,changed,2870,斬魔錄拂塵（消光）,Material1,29624,29622
EXCHANGE.INI,changed,2870,斬魔錄拂塵（消光）,Name,無心之痴（消光）,斬魔錄拂塵（消光）
EXCHANGE.INI,changed,884,喪月之夜，消光,Material1,31520,31518
EXCHANGE.INI,changed,884,喪月之夜，消光,Name,諸業俱毀，消光,喪月之夜，消光
EXCHANGE.INI,changed,884,喪月之夜，消光,Reward1,31530,31528
EXCHANGE.INI,changed,2796,秘笈：劍以創生,Material1Count,1,50
EXCHANGE.INI,changed,2796,秘笈：劍以創生,Name,降神：素還真之魂,秘笈：劍以創生
EXCHANGE.INI,changed,2796,秘笈：劍以創生,Reward1,29651,29649
EXCHANGE.INI,changed,2796,秘笈：劍以創生,Reward1Count,30,1
EXCHANGE.INI,changed,2542,劉備封魂晶,Name,張飛封魂晶,劉備封魂晶
EXCHANGE.INI,changed,2542,劉備封魂晶,Reward1,31659,31657
EXCHANGE.INI,changed,1716,靜月幕巾Ⅱ,Material1,30401,30391
EXCHANGE.INI,changed,1716,靜月幕巾Ⅱ,Name,靜月帷腕Ⅱ,靜月幕巾Ⅱ
EXCHANGE.INI,changed,1716,靜月幕巾Ⅱ,Reward1,30402,30392
EXCHANGE.INI,changed,1527,拆解：龍之印信Ⅲ,Group,84,83
EXCHANGE.INI,changed,1527,拆解：龍之印信Ⅲ,Material1,31278,31268
EXCHANGE.INI,changed,1527,拆解：龍之印信Ⅲ,Name,拆解：騰陽雄鎧Ⅲ,拆解：龍之印信Ⅲ
EXCHANGE.INI,changed,1527,拆解：龍之印信Ⅲ,Reward1,30673,29273
EXCHANGE.INI,changed,1527,拆解：龍之印信Ⅲ,Reward1Count,12,40
EXCHANGE.INI,changed,681,黃帝錦囊禮券,Material1,32177,32175
EXCHANGE.INI,changed,681,黃帝錦囊禮券,Name,太陰錦囊禮券,黃帝錦囊禮券
EXCHANGE.INI,changed,681,黃帝錦囊禮券,Reward1,32173,32171
EXCHANGE.INI,changed,2987,拆解：瀚辰杖★,Material1,28367,28361
EXCHANGE.INI,changed,2987,拆解：瀚辰杖★,Name,拆解：太微棍★,拆解：瀚辰杖★
EXCHANGE.INI,changed,2593,太武屬性配方錦囊,Material1,29272,30673
EXCHANGE.INI,changed,2593,太武屬性配方錦囊,Material1Count,250,10
EXCHANGE.INI,changed,2593,太武屬性配方錦囊,Material2,,27978
EXCHANGE.INI,changed,2593,太武屬性配方錦囊,Material2Count,,30
EXCHANGE.INI,changed,2593,太武屬性配方錦囊,Material3,,29052
EXCHANGE.INI,changed,2593,太武屬性配方錦囊,Material3Count,,30
EXCHANGE.INI,changed,2593,太武屬性配方錦囊,Material4,,29274
EXCHANGE.INI,changed,2593,太武屬性配方錦囊,Material4Count,,30
EXCHANGE.INI,changed,2593,太武屬性配方錦囊,Name,皇龍虹鉻,太武屬性配方錦囊
EXCHANGE.INI,changed,2593,太武屬性配方錦囊,Reward1,30673,28018
EXCHANGE.INI,changed,2133,帝詔劍★★,Material1,29357,29345
EXCHANGE.INI,changed,2133,帝詔劍★★,Name,龍掣爪★★,帝詔劍★★
EXCHANGE.INI,changed,2133,帝詔劍★★,Reward1,29358,29346
EXCHANGE.INI,changed,2792,秘笈：蓮華聖路,Name,秘笈：心劍,秘笈：蓮華聖路
EXCHANGE.INI,changed,2792,秘笈：蓮華聖路,Reward1,29647,29645
EXCHANGE.INI,changed,2873,無聲之狂（消光）,Material1,29636,29625
EXCHANGE.INI,changed,2873,無聲之狂（消光）,Name,秘笈：怒火九重天,無聲之狂（消光）
EXCHANGE.INI,changed,2873,無聲之狂（消光）,Reward1Count,3,6
EXCHANGE.INI,changed,1726,拆解：霜羽連珠Ⅰ,Material1,30221,30211
EXCHANGE.INI,changed,1726,拆解：霜羽連珠Ⅰ,Name,拆解：明露鴻杖Ⅰ,拆解：霜羽連珠Ⅰ
EXCHANGE.INI,changed,927,歿棍‧納吉法，消光,Material1,28497,28495
EXCHANGE.INI,changed,927,歿棍‧納吉法，消光,Name,冥斧‧提爾鋒，消光,歿棍‧納吉法，消光
EXCHANGE.INI,changed,927,歿棍‧納吉法，消光,Reward1,28784,28782
EXCHANGE.INI,changed,886,諸業俱毀，消光,Group,42,41
EXCHANGE.INI,changed,886,諸業俱毀，消光,Material1,21410,31520
EXCHANGE.INI,changed,886,諸業俱毀，消光,Material2,,29776
EXCHANGE.INI,changed,886,諸業俱毀，消光,Material2Count,,2
EXCHANGE.INI,changed,886,諸業俱毀，消光,Name,驃騎將軍印信換錦囊,諸業俱毀，消光
EXCHANGE.INI,changed,886,諸業俱毀，消光,Reward1,21452,31530
EXCHANGE.INI,changed,2633,活俠趙活錦囊,Material1,29272,29274
EXCHANGE.INI,changed,2633,活俠趙活錦囊,Material1Count,2,3
EXCHANGE.INI,changed,2633,活俠趙活錦囊,Name,活俠唐布衣錦囊,活俠趙活錦囊
EXCHANGE.INI,changed,2633,活俠趙活錦囊,Reward1,31726,31725
EXCHANGE.INI,changed,1584,舞星鎢掌Ⅴ,Group,88,87
EXCHANGE.INI,changed,1584,舞星鎢掌Ⅴ,Material1,31104,31324
EXCHANGE.INI,changed,1584,舞星鎢掌Ⅴ,Material1Count,1,3
EXCHANGE.INI,changed,1584,舞星鎢掌Ⅴ,Material2,,30673
EXCHANGE.INI,changed,1584,舞星鎢掌Ⅴ,Material2Count,,50
EXCHANGE.INI,changed,1584,舞星鎢掌Ⅴ,Name,拆解：宮殤別劍Ⅳ,舞星鎢掌Ⅴ
EXCHANGE.INI,changed,1584,舞星鎢掌Ⅴ,Reward1,29272,31325
EXCHANGE.INI,changed,1584,舞星鎢掌Ⅴ,Reward1Count,45,1
EXCHANGE.INI,changed,3329,水煌珠☆☆☆,Material1,28911,28905
EXCHANGE.INI,changed,3329,水煌珠☆☆☆,Name,地煌珠☆☆☆,水煌珠☆☆☆
EXCHANGE.INI,changed,3329,水煌珠☆☆☆,Reward1,28912,28906
EXCHANGE.INI,changed,2423,拆解：劍帝握★★★,Material1,29480,29468
EXCHANGE.INI,changed,2423,拆解：劍帝握★★★,Name,拆解：幻帝手★★★,拆解：劍帝握★★★
EXCHANGE.INI,changed,1503,拆解：古主臨盾Ⅲ,Group,83,82
EXCHANGE.INI,changed,1503,拆解：古主臨盾Ⅲ,Material1,31158,31148
EXCHANGE.INI,changed,1503,拆解：古主臨盾Ⅲ,Name,拆解：天衛宙盔Ⅲ,拆解：古主臨盾Ⅲ
EXCHANGE.INI,changed,1503,拆解：古主臨盾Ⅲ,Reward1,29273,29272
EXCHANGE.INI,changed,1507,拆解：辰道玄冠Ⅲ,Material1,31178,31168
EXCHANGE.INI,changed,1507,拆解：辰道玄冠Ⅲ,Name,拆解：宇鋒颯衣Ⅲ,拆解：辰道玄冠Ⅲ
EXCHANGE.INI,changed,1943,進化→鬼帝鎧☆,Material1,28962,28956
EXCHANGE.INI,changed,1943,進化→鬼帝鎧☆,Name,進化→鬼帝道☆,進化→鬼帝鎧☆
EXCHANGE.INI,changed,1943,進化→鬼帝鎧☆,Reward1,29565,29553
EXCHANGE.INI,changed,2024,拆解：武帝踏☆,Material1,29511,29499
EXCHANGE.INI,changed,2024,拆解：武帝踏☆,Name,拆解：道帝行☆,拆解：武帝踏☆
EXCHANGE.INI,changed,700,百玥錦囊禮券,Material1,31009,31007
EXCHANGE.INI,changed,700,百玥錦囊禮券,Name,糜香錦囊禮券,百玥錦囊禮券
EXCHANGE.INI,changed,700,百玥錦囊禮券,Reward1,30910,30908
EXCHANGE.INI,changed,2973,星兇鎧★★,Material1,28538,28532
EXCHANGE.INI,changed,2973,星兇鎧★★,Name,星兇靴★★,星兇鎧★★
EXCHANGE.INI,changed,2973,星兇鎧★★,Reward1,28539,28533
EXCHANGE.INI,changed,2354,黃韋足★★★,Material1,29605,29593
EXCHANGE.INI,changed,2354,黃韋足★★★,Name,神無袈★★★,黃韋足★★★
EXCHANGE.INI,changed,2354,黃韋足★★★,Reward1,29606,29594
EXCHANGE.INI,changed,1383,光術疾履Ⅲ,Material1,31247,31237
EXCHANGE.INI,changed,1383,光術疾履Ⅲ,Name,寂禪矜足Ⅲ,光術疾履Ⅲ
EXCHANGE.INI,changed,1383,光術疾履Ⅲ,Reward1,31248,31238
EXCHANGE.INI,changed,3334,鬼兇手☆☆☆,Material1,28964,28958
EXCHANGE.INI,changed,3334,鬼兇手☆☆☆,Name,柳月巾☆☆☆,鬼兇手☆☆☆
EXCHANGE.INI,changed,3334,鬼兇手☆☆☆,Reward1,28965,28959
EXCHANGE.INI,changed,1574,騰陽威冕Ⅴ,Material1,31284,31274
EXCHANGE.INI,changed,1574,騰陽威冕Ⅴ,Name,騰陽烈釬Ⅴ,騰陽威冕Ⅴ
EXCHANGE.INI,changed,1574,騰陽威冕Ⅴ,Reward1,31285,31275
EXCHANGE.INI,changed,898,神州真勁護肘,Material1,29202,29200
EXCHANGE.INI,changed,898,神州真勁護肘,Name,神州真勁手環,神州真勁護肘
EXCHANGE.INI,changed,898,神州真勁護肘,Reward1,29785,29783
EXCHANGE.INI,changed,1133,都督印信,Group,57,56
EXCHANGE.INI,changed,1133,都督印信,Material1,21405,21401
EXCHANGE.INI,changed,1133,都督印信,Material1Count,1615,100
EXCHANGE.INI,changed,1133,都督印信,Material2,,21406
EXCHANGE.INI,changed,1133,都督印信,Material2Count,,10
EXCHANGE.INI,changed,1133,都督印信,Name,速兌驃騎將軍印信,都督印信
EXCHANGE.INI,changed,1133,都督印信,Reward1,21410,21407
EXCHANGE.INI,changed,2959,鬥星臂★★,Material1,28418,28412
EXCHANGE.INI,changed,2959,鬥星臂★★,Name,星蹤手★★,鬥星臂★★
EXCHANGE.INI,changed,2959,鬥星臂★★,Reward1,28419,28413
EXCHANGE.INI,changed,1018,甦錘納‧努特，開光,Material1,29023,29021
EXCHANGE.INI,changed,1018,甦錘納‧努特，開光,Name,壑盾伊‧西斯，開光,甦錘納‧努特，開光
EXCHANGE.INI,changed,1018,甦錘納‧努特，開光,Reward1,29010,29008
EXCHANGE.INI,changed,1191,武魂：魔化黃帝,Material1Count,200,300
EXCHANGE.INI,changed,1191,武魂：魔化黃帝,Name,武魂：蘇童顏,武魂：魔化黃帝
EXCHANGE.INI,changed,1191,武魂：魔化黃帝,Reward1,30835,30839
EXCHANGE.INI,changed,1875,拆解：道清旭綸Ⅲ,Material1,30278,30268
EXCHANGE.INI,changed,1875,拆解：道清旭綸Ⅲ,Name,拆解：劍豪旭裝Ⅲ,拆解：道清旭綸Ⅲ
EXCHANGE.INI,changed,976,南解雲帝槍，開光,Material1,29930,29928
EXCHANGE.INI,changed,976,南解雲帝槍，開光,Name,首露伽耶錘，開光,南解雲帝槍，開光
EXCHANGE.INI,changed,976,南解雲帝槍，開光,Reward1,29920,29918
EXCHANGE.INI,changed,2014,拆解：武帝胄☆,Material1,29451,29439
EXCHANGE.INI,changed,2014,拆解：武帝胄☆,Name,拆解：道帝袍☆,拆解：武帝胄☆
EXCHANGE.INI,changed,2473,超．玄宙術裝錦囊,Name,超．玄宙僧裝錦囊,超．玄宙術裝錦囊
EXCHANGE.INI,changed,2473,超．玄宙術裝錦囊,Reward1,31359,31357
EXCHANGE.INI,changed,1519,拆解：宇鋒飆靴Ⅲ,Material1,31238,31228
EXCHANGE.INI,changed,1519,拆解：宇鋒飆靴Ⅲ,Name,拆解：光術疾履Ⅲ,拆解：宇鋒飆靴Ⅲ
EXCHANGE.INI,changed,3381,拆解：柳月巾☆☆,Material1,28970,28964
EXCHANGE.INI,changed,3381,拆解：柳月巾☆☆,Name,拆解：柳嗚腕☆☆,拆解：柳月巾☆☆
EXCHANGE.INI,changed,2247,禪帝捻★★☆,Material1,29502,29490
EXCHANGE.INI,changed,2247,禪帝捻★★☆,Name,武帝踏★★☆,禪帝捻★★☆
EXCHANGE.INI,changed,2247,禪帝捻★★☆,Reward1,29503,29491
EXCHANGE.INI,changed,3022,拆解：煌天衣★,Material1,28550,28544
EXCHANGE.INI,changed,3022,拆解：煌天衣★,Name,拆解：煌韋足★,拆解：煌天衣★
EXCHANGE.INI,changed,1323,拆解：辰道玄冠Ⅰ,Material1,31176,31166
EXCHANGE.INI,changed,1323,拆解：辰道玄冠Ⅰ,Name,拆解：宇鋒颯衣Ⅰ,拆解：辰道玄冠Ⅰ
EXCHANGE.INI,changed,818,古劍〔干將〕,Name,火神砲,古劍〔干將〕
EXCHANGE.INI,changed,818,古劍〔干將〕,Reward1,31554,31552
EXCHANGE.INI,changed,1698,劍豪旭腕Ⅱ,Material1,30311,30301
EXCHANGE.INI,changed,1698,劍豪旭腕Ⅱ,Name,術凌旭指Ⅱ,劍豪旭腕Ⅱ
EXCHANGE.INI,changed,1698,劍豪旭腕Ⅱ,Reward1,30312,30302
EXCHANGE.INI,changed,2346,大帝鎮★★★,Group,138,137
EXCHANGE.INI,changed,2346,大帝鎮★★★,Material1,29557,29545
EXCHANGE.INI,changed,2346,大帝鎮★★★,Material2Count,70,6
EXCHANGE.INI,changed,2346,大帝鎮★★★,Name,鬼帝鎧★★★,大帝鎮★★★
EXCHANGE.INI,changed,2346,大帝鎮★★★,Reward1,29558,29546
EXCHANGE.INI,changed,2375,拆解：幻帝裘★★☆,Material1,29461,29449
EXCHANGE.INI,changed,2375,拆解：幻帝裘★★☆,Name,拆解：禪帝衲★★☆,拆解：幻帝裘★★☆
EXCHANGE.INI,changed,2235,幻帝面★★☆,Material1,29430,29418
EXCHANGE.INI,changed,2235,幻帝面★★☆,Name,禪帝頂★★☆,幻帝面★★☆
EXCHANGE.INI,changed,2235,幻帝面★★☆,Reward1,29431,29419
EXCHANGE.INI,changed,2454,沉思之杖,Name,觀音杵,沉思之杖
EXCHANGE.INI,changed,2454,沉思之杖,Reward1,31558,31556
EXCHANGE.INI,changed,2824,斬魔錄拂塵,Material1,29633,29631
EXCHANGE.INI,changed,2824,斬魔錄拂塵,Name,無心之痴,斬魔錄拂塵
EXCHANGE.INI,changed,687,真玄勇裝錦囊禮券,Material1,31876,31874
EXCHANGE.INI,changed,687,真玄勇裝錦囊禮券,Name,真玄道裝錦囊禮券,真玄勇裝錦囊禮券
EXCHANGE.INI,changed,687,真玄勇裝錦囊禮券,Reward1,31347,31345
EXCHANGE.INI,changed,732,帝星啟後裝箱禮券,Material1,30663,30662
EXCHANGE.INI,changed,732,帝星啟後裝箱禮券,Name,神帝劍裝錦囊禮券,帝星啟後裝箱禮券
EXCHANGE.INI,changed,732,帝星啟後裝箱禮券,Reward1,29334,30643
EXCHANGE.INI,changed,1398,舞星釩兜Ⅲ,Material1,31322,31312
EXCHANGE.INI,changed,1398,舞星釩兜Ⅲ,Name,舞星鎢掌Ⅲ,舞星釩兜Ⅲ
EXCHANGE.INI,changed,1398,舞星釩兜Ⅲ,Reward1,31323,31313
EXCHANGE.INI,changed,1425,拆解：辰道玄袖Ⅱ,Material1,31227,31217
EXCHANGE.INI,changed,1425,拆解：辰道玄袖Ⅱ,Name,拆解：宇鋒飆靴Ⅱ,拆解：辰道玄袖Ⅱ
EXCHANGE.INI,changed,864,自作．無銘，消光,Material1,30161,30159
EXCHANGE.INI,changed,864,自作．無銘，消光,Name,世話女房，消光,自作．無銘，消光
EXCHANGE.INI,changed,864,自作．無銘，消光,Reward1,30600,30582
EXCHANGE.INI,changed,3126,拆解：瑤月斧★★★,Group,189,188
EXCHANGE.INI,changed,3126,拆解：瑤月斧★★★,Material1,28381,28375
EXCHANGE.INI,changed,3126,拆解：瑤月斧★★★,Name,拆解：星鋒冠★★★,拆解：瑤月斧★★★
EXCHANGE.INI,changed,3126,拆解：瑤月斧★★★,Reward1Count,3,9
EXCHANGE.INI,changed,1598,拆解：光術覆面Ⅳ,Material1,31174,31164
EXCHANGE.INI,changed,1598,拆解：光術覆面Ⅳ,Name,拆解：寂禪靜觀Ⅳ,拆解：光術覆面Ⅳ
EXCHANGE.INI,changed,872,虎嘯山河，開光,Material1,31528,31526
EXCHANGE.INI,changed,872,虎嘯山河，開光,Name,喪月之夜，開光,虎嘯山河，開光
EXCHANGE.INI,changed,872,虎嘯山河，開光,Reward1,31518,31516
EXCHANGE.INI,changed,1164,超．玄宙勇裝錦囊,Name,超．玄宙道裝錦囊,超．玄宙勇裝錦囊
EXCHANGE.INI,changed,1164,超．玄宙勇裝錦囊,Reward1,31358,31356
EXCHANGE.INI,changed,2220,拆解：皇影甲★☆,Material1,29609,29597
EXCHANGE.INI,changed,2220,拆解：皇影甲★☆,Name,拆解：君星靴★☆,拆解：皇影甲★☆
EXCHANGE.INI,changed,865,正義之劍，消光,Group,41,40
EXCHANGE.INI,changed,865,正義之劍，消光,Material1,31521,30160
EXCHANGE.INI,changed,865,正義之劍，消光,Material2,29776,23472
EXCHANGE.INI,changed,865,正義之劍，消光,Name,煙月（劍），開光,正義之劍，消光
EXCHANGE.INI,changed,865,正義之劍，消光,Reward1,31511,30597
EXCHANGE.INI,changed,1339,拆解：寂禪矜足Ⅰ,Material1,31256,31246
EXCHANGE.INI,changed,1339,拆解：寂禪矜足Ⅰ,Name,拆解：誅仙御鐸Ⅰ,拆解：寂禪矜足Ⅰ
EXCHANGE.INI,changed,1504,拆解：宇鋒颺頂Ⅲ,Material1,31163,31153
EXCHANGE.INI,changed,1504,拆解：宇鋒颺頂Ⅲ,Name,拆解：光術覆面Ⅲ,拆解：宇鋒颺頂Ⅲ
EXCHANGE.INI,changed,3308,烈煌兜☆☆☆,Material1,28848,28842
EXCHANGE.INI,changed,3308,烈煌兜☆☆☆,Name,燦煌帽☆☆☆,烈煌兜☆☆☆
EXCHANGE.INI,changed,3308,烈煌兜☆☆☆,Reward1,28849,28843
EXCHANGE.INI,changed,3214,市樓棍☆☆,Material1,28835,28829
EXCHANGE.INI,changed,3214,市樓棍☆☆,Name,帛度斧☆☆,市樓棍☆☆
EXCHANGE.INI,changed,3214,市樓棍☆☆,Reward1,28836,28830
EXCHANGE.INI,changed,2390,拆解：慧帝戒★★☆,Group,141,140
EXCHANGE.INI,changed,2390,拆解：慧帝戒★★☆,Material1,29551,29539
EXCHANGE.INI,changed,2390,拆解：慧帝戒★★☆,Name,拆解：鬼帝冠★★☆,拆解：慧帝戒★★☆
EXCHANGE.INI,changed,2390,拆解：慧帝戒★★☆,Reward1,29272,29273
EXCHANGE.INI,changed,2390,拆解：慧帝戒★★☆,Reward1Count,25,5
EXCHANGE.INI,changed,2419,拆解：武帝胄★★★,Material1,29456,29444
EXCHANGE.INI,changed,2419,拆解：武帝胄★★★,Name,拆解：道帝袍★★★,拆解：武帝胄★★★
EXCHANGE.INI,changed,2109,拆解：武帝掌★,Material1,29482,29470
EXCHANGE.INI,changed,2109,拆解：武帝掌★,Name,拆解：道帝袖★,拆解：武帝掌★
EXCHANGE.INI,changed,1238,大狂戰符咒,Name,大幻煞符咒,大狂戰符咒
EXCHANGE.INI,changed,1238,大狂戰符咒,Reward1,23838,23836
EXCHANGE.INI,changed,1707,禪臺旭足Ⅱ,Material1,30356,30346
EXCHANGE.INI,changed,1707,禪臺旭足Ⅱ,Name,紫雨璃戒Ⅱ,禪臺旭足Ⅱ
EXCHANGE.INI,changed,1707,禪臺旭足Ⅱ,Reward1,30357,30347
EXCHANGE.INI,changed,2091,拆解：皇麟扇★,Material1,29374,29362
EXCHANGE.INI,changed,2091,拆解：皇麟扇★,Name,拆解：權霸槍★,拆解：皇麟扇★
EXCHANGE.INI,changed,2304,拆解：鬼帝臂★★,Material1,29574,29562
EXCHANGE.INI,changed,2304,拆解：鬼帝臂★★,Name,拆解：黃月巾★★,拆解：鬼帝臂★★
EXCHANGE.INI,changed,3045,遊星衣★★★,Material1,28407,28401
EXCHANGE.INI,changed,3045,遊星衣★★★,Name,釋星袈★★★,遊星衣★★★
EXCHANGE.INI,changed,3045,遊星衣★★★,Reward1,28408,28402
EXCHANGE.INI,changed,1108,拆解：新星之道明冠,Material1,27304,27287
EXCHANGE.INI,changed,1108,拆解：新星之道明冠,Name,拆解：新星之劍英冑,拆解：新星之道明冠
EXCHANGE.INI,changed,2442,拆解：黃天衣★★★,Material1,29594,29582
EXCHANGE.INI,changed,2442,拆解：黃天衣★★★,Name,拆解：黃韋足★★★,拆解：黃天衣★★★
EXCHANGE.INI,changed,1172,真．玄宙術裝錦囊,Name,真．玄宙僧裝錦囊,真．玄宙術裝錦囊
EXCHANGE.INI,changed,1172,真．玄宙術裝錦囊,Reward1,31348,31346
EXCHANGE.INI,changed,1936,進化→道帝行☆,Material1,28906,28897
EXCHANGE.INI,changed,1936,進化→道帝行☆,Name,進化→宇帝珮☆,進化→道帝行☆
EXCHANGE.INI,changed,1936,進化→道帝行☆,Reward1,29523,29511
EXCHANGE.INI,changed,1807,狂陽烈蹴Ⅲ,Material1,30397,30387
EXCHANGE.INI,changed,1807,狂陽烈蹴Ⅲ,Name,靜月簾衣Ⅲ,狂陽烈蹴Ⅲ
EXCHANGE.INI,changed,1807,狂陽烈蹴Ⅲ,Reward1,30398,30388
EXCHANGE.INI,changed,1826,拆解：劍豪旭冠Ⅱ,Material1,30262,30252
EXCHANGE.INI,changed,1826,拆解：劍豪旭冠Ⅱ,Name,拆解：術凌旭巾Ⅱ,拆解：劍豪旭冠Ⅱ
EXCHANGE.INI,changed,2561,秘笈：飛燕流星翎,Material1Count,50,75
EXCHANGE.INI,changed,2561,秘笈：飛燕流星翎,Name,秘笈：金錢鏢,秘笈：飛燕流星翎
EXCHANGE.INI,changed,2561,秘笈：飛燕流星翎,Reward1,31813,31815
EXCHANGE.INI,changed,2563,秘笈：金錢鏢,Name,秘笈：點破雲關,秘笈：金錢鏢
EXCHANGE.INI,changed,2563,秘笈：金錢鏢,Reward1,31817,31813
EXCHANGE.INI,changed,2820,滄耳刀,Material1,29629,29627
EXCHANGE.INI,changed,2820,滄耳刀,Name,三恆曌世,滄耳刀
EXCHANGE.INI,changed,1382,天衛宙脛Ⅲ,Material1,31242,31232
EXCHANGE.INI,changed,1382,天衛宙脛Ⅲ,Name,辰道玄鞋Ⅲ,天衛宙脛Ⅲ
EXCHANGE.INI,changed,1382,天衛宙脛Ⅲ,Reward1,31243,31233
EXCHANGE.INI,changed,2023,拆解：劍帝履☆,Material1,29505,29493
EXCHANGE.INI,changed,2023,拆解：劍帝履☆,Name,拆解：幻帝步☆,拆解：劍帝履☆
EXCHANGE.INI,changed,3345,拆解：宗正裁☆☆,Material1,28824,28818
EXCHANGE.INI,changed,3345,拆解：宗正裁☆☆,Name,拆解：列肆杖☆☆,拆解：宗正裁☆☆
EXCHANGE.INI,changed,1479,誅仙御鐸Ⅳ,Material1,31268,31258
EXCHANGE.INI,changed,1479,誅仙御鐸Ⅳ,Name,龍之印信Ⅳ,誅仙御鐸Ⅳ
EXCHANGE.INI,changed,1479,誅仙御鐸Ⅳ,Reward1,31269,31259
EXCHANGE.INI,changed,2509,真．旭品武防綢袋,Group,150,149
EXCHANGE.INI,changed,2509,真．旭品武防綢袋,Material1,30871,30545
EXCHANGE.INI,changed,2509,真．旭品武防綢袋,Material1Count,350,150
EXCHANGE.INI,changed,2509,真．旭品武防綢袋,Name,泰原仙器錦囊,真．旭品武防綢袋
EXCHANGE.INI,changed,2509,真．旭品武防綢袋,Reward1,30930,30437
EXCHANGE.INI,changed,787,拆解：魔火仙法陣,Material1,29708,29706
EXCHANGE.INI,changed,787,拆解：魔火仙法陣,Name,拆解：魔水仙法陣,拆解：魔火仙法陣
EXCHANGE.INI,changed,1236,真幻煞符咒,Material1,24230,27388
EXCHANGE.INI,changed,1236,真幻煞符咒,Name,大狂戰符咒,真幻煞符咒
EXCHANGE.INI,changed,1236,真幻煞符咒,Reward1,23836,26924
EXCHANGE.INI,changed,2466,極．玄宙術裝錦囊,Name,極．玄宙僧裝錦囊,極．玄宙術裝錦囊
EXCHANGE.INI,changed,2466,極．玄宙術裝錦囊,Reward1,31370,31368
EXCHANGE.INI,changed,918,神槌‧妙尼爾，開光,Material1,28785,28783
EXCHANGE.INI,changed,918,神槌‧妙尼爾，開光,Name,恆盾‧梅吉奧，開光,神槌‧妙尼爾，開光
EXCHANGE.INI,changed,918,神槌‧妙尼爾，開光,Reward1,28498,28496
EXCHANGE.INI,changed,1120,拆解：新星之劍英靴,Material1,27341,27339
EXCHANGE.INI,changed,1120,拆解：新星之劍英靴,Name,拆解：新星之術潛履,拆解：新星之劍英靴
EXCHANGE.INI,changed,3091,拆解：星蹤袍★★,Material1,28410,28404
EXCHANGE.INI,changed,3091,拆解：星蹤袍★★,Name,拆解：星鋒腕★★,拆解：星蹤袍★★
EXCHANGE.INI,changed,2072,禪帝渡★☆,Material1,29530,29518
EXCHANGE.INI,changed,2072,禪帝渡★☆,Name,羲帝綴★☆,禪帝渡★☆
EXCHANGE.INI,changed,2072,禪帝渡★☆,Reward1,29531,29519
EXCHANGE.INI,changed,2881,秘笈：笑盡英雄,Material1,29644,29642
EXCHANGE.INI,changed,2881,秘笈：笑盡英雄,Name,秘笈：天關雙煉,秘笈：笑盡英雄
EXCHANGE.INI,changed,1978,劍帝履★,Material1,29505,29493
EXCHANGE.INI,changed,1978,劍帝履★,Name,幻帝步★,劍帝履★
EXCHANGE.INI,changed,1978,劍帝履★,Reward1,29506,29494
EXCHANGE.INI,changed,2707,太陽神翼‧拉,Material1Count,475,550
EXCHANGE.INI,changed,2707,太陽神翼‧拉,Name,麗環布里希嘉,太陽神翼‧拉
EXCHANGE.INI,changed,2707,太陽神翼‧拉,Reward1,28499,29011
EXCHANGE.INI,changed,1317,拆解：破魔獨錘Ⅰ,Material1,31146,31136
EXCHANGE.INI,changed,1317,拆解：破魔獨錘Ⅰ,Name,拆解：古主臨盾Ⅰ,拆解：破魔獨錘Ⅰ
EXCHANGE.INI,changed,1230,超狂戰符咒,Name,超幻煞符咒,超狂戰符咒
EXCHANGE.INI,changed,1230,超狂戰符咒,Reward1,27891,27889
EXCHANGE.INI,changed,2924,進化→星虎披★,Material1,27735,27733
EXCHANGE.INI,changed,2924,進化→星虎披★,Name,進化→星玄卦★,進化→星虎披★
EXCHANGE.INI,changed,2924,進化→星虎披★,Reward1,28448,28442
EXCHANGE.INI,changed,946,荒神蚩尤槍，消光,Material1,26791,26789
EXCHANGE.INI,changed,946,荒神蚩尤槍，消光,Name,六爻初陽錘，消光,荒神蚩尤槍，消光
EXCHANGE.INI,changed,946,荒神蚩尤槍，消光,Reward1,26965,26963
EXCHANGE.INI,changed,1785,劍豪旭裝Ⅲ,Material1,30287,30277
EXCHANGE.INI,changed,1785,劍豪旭裝Ⅲ,Name,術凌旭服Ⅲ,劍豪旭裝Ⅲ
EXCHANGE.INI,changed,1785,劍豪旭裝Ⅲ,Reward1,30288,30278
EXCHANGE.INI,changed,848,如是我斬，消光,Material1,29632,29630
EXCHANGE.INI,changed,848,如是我斬，消光,Name,千年一擊，消光,如是我斬，消光
EXCHANGE.INI,changed,848,如是我斬，消光,Reward1,29623,29621
EXCHANGE.INI,changed,1876,拆解：禪臺旭笠Ⅲ,Material1,30283,30273
EXCHANGE.INI,changed,1876,拆解：禪臺旭笠Ⅲ,Name,拆解：勇將旭甲Ⅲ,拆解：禪臺旭笠Ⅲ
EXCHANGE.INI,changed,1725,拆解：璇蟬鳴刀Ⅰ,Material1,30216,30206
EXCHANGE.INI,changed,1725,拆解：璇蟬鳴刀Ⅰ,Name,拆解：絃霧靈拂Ⅰ,拆解：璇蟬鳴刀Ⅰ
EXCHANGE.INI,changed,1193,武魂：蘇童顏,Name,武魂：姬風,武魂：蘇童顏
EXCHANGE.INI,changed,1193,武魂：蘇童顏,Reward1,30837,30835
EXCHANGE.INI,changed,1215,玄宙特仕裝箱,Group,66,65
EXCHANGE.INI,changed,1215,玄宙特仕裝箱,Material1,29221,30673
EXCHANGE.INI,changed,1215,玄宙特仕裝箱,Material1Count,1,40
EXCHANGE.INI,changed,1215,玄宙特仕裝箱,Material2,,29271
EXCHANGE.INI,changed,1215,玄宙特仕裝箱,Material2Count,,40
EXCHANGE.INI,changed,1215,玄宙特仕裝箱,Material3,,29052
EXCHANGE.INI,changed,1215,玄宙特仕裝箱,Material3Count,,200
EXCHANGE.INI,changed,1215,玄宙特仕裝箱,Name,無．天神符咒,玄宙特仕裝箱
EXCHANGE.INI,changed,1215,玄宙特仕裝箱,Reward1,29031,31338
EXCHANGE.INI,changed,1215,玄宙特仕裝箱,Reward1Count,10,1
EXCHANGE.INI,changed,833,長柄滄耳刀，開光,Material1,29621,29619
EXCHANGE.INI,changed,833,長柄滄耳刀，開光,Name,如是我斬，開光,長柄滄耳刀，開光
EXCHANGE.INI,changed,833,長柄滄耳刀，開光,Reward1,29630,29628
EXCHANGE.INI,changed,1494,拆解：宮殤別劍Ⅲ,Material1,31113,31103
EXCHANGE.INI,changed,1494,拆解：宮殤別劍Ⅲ,Name,拆解：獵仙飛索Ⅲ,拆解：宮殤別劍Ⅲ
EXCHANGE.INI,changed,1132,中郎將印信,Material1,21400,21402
EXCHANGE.INI,changed,1132,中郎將印信,Material2,,21407
EXCHANGE.INI,changed,1132,中郎將印信,Material2Count,,10
EXCHANGE.INI,changed,1132,中郎將印信,Name,校尉印信,中郎將印信
EXCHANGE.INI,changed,1132,中郎將印信,Reward1,21406,21408
EXCHANGE.INI,changed,1440,拆解：凜月冪巾Ⅱ,Material1,31302,31292
EXCHANGE.INI,changed,1440,拆解：凜月冪巾Ⅱ,Name,拆解：凜月影束Ⅱ,拆解：凜月冪巾Ⅱ
EXCHANGE.INI,changed,2330,幻帝裘★★★,Material1,29461,29449
EXCHANGE.INI,changed,2330,幻帝裘★★★,Name,禪帝衲★★★,幻帝裘★★★
EXCHANGE.INI,changed,2330,幻帝裘★★★,Reward1,29462,29450
EXCHANGE.INI,changed,944,太上天尊蘆，消光,Material1,26789,26787
EXCHANGE.INI,changed,944,太上天尊蘆，消光,Name,荒神蚩尤槍，消光,太上天尊蘆，消光
EXCHANGE.INI,changed,944,太上天尊蘆，消光,Reward1,26963,26961
EXCHANGE.INI,changed,1862,拆解：光翼翔劍Ⅲ,Material1,30213,30203
EXCHANGE.INI,changed,1862,拆解：光翼翔劍Ⅲ,Name,拆解：霜羽連珠Ⅲ,拆解：光翼翔劍Ⅲ
EXCHANGE.INI,changed,1587,拆解：泰源玉刀Ⅳ,Material1,31119,31109
EXCHANGE.INI,changed,1587,拆解：泰源玉刀Ⅳ,Name,拆解：塹淵幽柄Ⅳ,拆解：泰源玉刀Ⅳ
EXCHANGE.INI,changed,1002,千古一帝刀，消光,Material1,29657,29655
EXCHANGE.INI,changed,1002,千古一帝刀，消光,Name,周武克殷幟，消光,千古一帝刀，消光
EXCHANGE.INI,changed,1002,千古一帝刀，消光,Reward1,29667,29665
EXCHANGE.INI,changed,1738,拆解：禪臺旭笠Ⅰ,Material1,30281,30271
EXCHANGE.INI,changed,1738,拆解：禪臺旭笠Ⅰ,Name,拆解：勇將旭甲Ⅰ,拆解：禪臺旭笠Ⅰ
EXCHANGE.INI,changed,2008,拆解：劍帝冕☆,Material1,29415,29403
EXCHANGE.INI,changed,2008,拆解：劍帝冕☆,Name,拆解：幻帝面☆,拆解：劍帝冕☆
EXCHANGE.INI,changed,2833,斬魔錄拂塵（消光）,Material1,29624,29622
EXCHANGE.INI,changed,2833,斬魔錄拂塵（消光）,Name,無心之痴（消光）,斬魔錄拂塵（消光）
EXCHANGE.INI,changed,2604,秘笈：天地無聲勢,Name,秘笈：太白仙跡,秘笈：天地無聲勢
EXCHANGE.INI,changed,2604,秘笈：天地無聲勢,Reward1,31826,31816
EXCHANGE.INI,changed,2734,極．玄宙神兵寶箱,Material1Count,800,1050
EXCHANGE.INI,changed,2734,極．玄宙神兵寶箱,Name,極．玄宙勇裝錦囊,極．玄宙神兵寶箱
EXCHANGE.INI,changed,2734,極．玄宙神兵寶箱,Reward1,31367,31365
EXCHANGE.INI,changed,3289,拆解：鬼兇手☆,Material1,28963,28957
EXCHANGE.INI,changed,3289,拆解：鬼兇手☆,Name,拆解：柳月巾☆,拆解：鬼兇手☆
EXCHANGE.INI,changed,806,拆解：白蛇仙戒,Material1,29256,29254
EXCHANGE.INI,changed,806,拆解：白蛇仙戒,Name,拆解：朱蛇仙戒,拆解：白蛇仙戒
EXCHANGE.INI,changed,2386,拆解：道帝行★★☆,Material1,29527,29515
EXCHANGE.INI,changed,2386,拆解：道帝行★★☆,Name,拆解：宇帝珮★★☆,拆解：道帝行★★☆
EXCHANGE.INI,changed,3231,道煌擎☆☆,Material1,28886,28880
EXCHANGE.INI,changed,3231,道煌擎☆☆,Name,烈煌靴☆☆,道煌擎☆☆
EXCHANGE.INI,changed,3231,道煌擎☆☆,Reward1,28887,28881
EXCHANGE.INI,changed,2484,極．玄宙特仕裝箱,Material1Count,900,1750
EXCHANGE.INI,changed,2484,極．玄宙特仕裝箱,Name,極．玄宙劍裝錦囊,極．玄宙特仕裝箱
EXCHANGE.INI,changed,2484,極．玄宙特仕裝箱,Reward1,31366,31371
EXCHANGE.INI,changed,3143,拆解：星鋒靴★★★,Material1,28432,28426
EXCHANGE.INI,changed,3143,拆解：星鋒靴★★★,Name,拆解：遊星足★★★,拆解：星鋒靴★★★
EXCHANGE.INI,changed,795,拆解：火星仙劍印,Material1,29266,29264
EXCHANGE.INI,changed,795,拆解：火星仙劍印,Name,拆解：鈴星仙劍印,拆解：火星仙劍印
EXCHANGE.INI,changed,2130,拆解：皇影甲★,Material1,29608,29596
EXCHANGE.INI,changed,2130,拆解：皇影甲★,Name,拆解：君星靴★,拆解：皇影甲★
EXCHANGE.INI,changed,3322,佛煌纏☆☆☆,Material1,28890,28884
EXCHANGE.INI,changed,3322,佛煌纏☆☆☆,Name,戰煌脛☆☆☆,佛煌纏☆☆☆
EXCHANGE.INI,changed,3322,佛煌纏☆☆☆,Reward1,28891,28885
EXCHANGE.INI,changed,3364,拆解：戰煌臂☆☆,Material1,28881,28875
EXCHANGE.INI,changed,3364,拆解：戰煌臂☆☆,Name,拆解：道煌擎☆☆,拆解：戰煌臂☆☆
EXCHANGE.INI,changed,2437,拆解：鬼帝冠★★★,Material1,29564,29552
EXCHANGE.INI,changed,2437,拆解：鬼帝冠★★★,Name,拆解：鬼帝臂★★★,拆解：鬼帝冠★★★
EXCHANGE.INI,changed,2495,超．玄宙術裝錦囊,Name,超．玄宙僧裝錦囊,超．玄宙術裝錦囊
EXCHANGE.INI,changed,2495,超．玄宙術裝錦囊,Reward1,31359,31357
EXCHANGE.INI,changed,1370,寂禪靜觀Ⅲ,Material1,31182,31172
EXCHANGE.INI,changed,1370,寂禪靜觀Ⅲ,Name,天衛宙甲Ⅲ,寂禪靜觀Ⅲ
EXCHANGE.INI,changed,1370,寂禪靜觀Ⅲ,Reward1,31183,31173
EXCHANGE.INI,changed,1066,【喪月之夜】,Name,【諸業俱毀】,【喪月之夜】
EXCHANGE.INI,changed,1066,【喪月之夜】,Reward1,31520,31518
EXCHANGE.INI,changed,2253,宇帝珮★★☆,Material1,29538,29526
EXCHANGE.INI,changed,2253,宇帝珮★★☆,Name,慧帝戒★★☆,宇帝珮★★☆
EXCHANGE.INI,changed,2253,宇帝珮★★☆,Reward1,29539,29527
EXCHANGE.INI,changed,1250,大劍仙戰符,Name,大虎霸戰符,大劍仙戰符
EXCHANGE.INI,changed,1250,大劍仙戰符,Reward1,24395,24393
EXCHANGE.INI,changed,2244,武帝掌★★☆,Material1,29484,29472
EXCHANGE.INI,changed,2244,武帝掌★★☆,Name,道帝袖★★☆,武帝掌★★☆
EXCHANGE.INI,changed,2244,武帝掌★★☆,Reward1,29485,29473
EXCHANGE.INI,changed,683,太陰錦囊禮券,Material1,31871,32177
EXCHANGE.INI,changed,683,太陰錦囊禮券,Name,超．玄宙盛袋禮券,太陰錦囊禮券
EXCHANGE.INI,changed,683,太陰錦囊禮券,Reward1,31353,32173
EXCHANGE.INI,changed,683,太陰錦囊禮券,Reward1Count,1,5
EXCHANGE.INI,changed,1429,拆解：光術疾履Ⅱ,Material1,31247,31237
EXCHANGE.INI,changed,1429,拆解：光術疾履Ⅱ,Name,拆解：寂禪矜足Ⅱ,拆解：光術疾履Ⅱ
EXCHANGE.INI,changed,1221,絕天神符咒,Name,絕天師符咒,絕天神符咒
EXCHANGE.INI,changed,1221,絕天神符咒,Reward1,28587,28585
EXCHANGE.INI,changed,1219,無．天師符咒,Material1,28767,29221
EXCHANGE.INI,changed,1219,無．天師符咒,Name,絕天神符咒,無．天師符咒
EXCHANGE.INI,changed,1219,無．天師符咒,Reward1,28585,29033
EXCHANGE.INI,changed,2283,拆解：劍帝服★★,Material1,29448,29436
EXCHANGE.INI,changed,2283,拆解：劍帝服★★,Name,拆解：幻帝裘★★,拆解：劍帝服★★
EXCHANGE.INI,changed,1279,宇鋒颯衣Ⅱ,Material1,31186,31176
EXCHANGE.INI,changed,1279,宇鋒颯衣Ⅱ,Name,光術旋披Ⅱ,宇鋒颯衣Ⅱ
EXCHANGE.INI,changed,1279,宇鋒颯衣Ⅱ,Reward1,31187,31177
EXCHANGE.INI,changed,1928,進化→劍帝握☆,Material1,28879,28873
EXCHANGE.INI,changed,1928,進化→劍帝握☆,Name,進化→幻帝手☆,進化→劍帝握☆
EXCHANGE.INI,changed,1928,進化→劍帝握☆,Reward1,29475,29463
EXCHANGE.INI,changed,2818,武魂：葉小釵,Material1,29627,23072
EXCHANGE.INI,changed,2818,武魂：葉小釵,Name,滄耳刀,武魂：葉小釵
EXCHANGE.INI,changed,2818,武魂：葉小釵,Reward1Count,16,32
EXCHANGE.INI,changed,2041,拆解：神無袈☆,Group,118,117
EXCHANGE.INI,changed,2041,拆解：神無袈☆,Material1,29344,29601
EXCHANGE.INI,changed,2041,拆解：神無袈☆,Material1Count,3,1
EXCHANGE.INI,changed,2041,拆解：神無袈☆,Material2,29272,
EXCHANGE.INI,changed,2041,拆解：神無袈☆,Material2Count,6,
EXCHANGE.INI,changed,2041,拆解：神無袈☆,Name,帝詔劍★☆,拆解：神無袈☆
EXCHANGE.INI,changed,2041,拆解：神無袈☆,Reward1,29345,29272
EXCHANGE.INI,changed,2041,拆解：神無袈☆,Reward1Count,1,6
EXCHANGE.INI,changed,2212,拆解：鬼帝冠★☆,Material1,29561,29549
EXCHANGE.INI,changed,2212,拆解：鬼帝冠★☆,Name,拆解：鬼帝臂★☆,拆解：鬼帝冠★☆
EXCHANGE.INI,changed,3192,進化→佛煌行☆,Material1,28444,28438
EXCHANGE.INI,changed,3192,進化→佛煌行☆,Name,進化→水煌珠☆,進化→佛煌行☆
EXCHANGE.INI,changed,3192,進化→佛煌行☆,Reward1,28904,28898
EXCHANGE.INI,changed,2201,拆解：道帝袖★☆,Material1,29495,29483
EXCHANGE.INI,changed,2201,拆解：道帝袖★☆,Name,拆解：劍帝履★☆,拆解：道帝袖★☆
EXCHANGE.INI,changed,1324,拆解：寂禪靜觀Ⅰ,Material1,31181,31171
EXCHANGE.INI,changed,1324,拆解：寂禪靜觀Ⅰ,Name,拆解：天衛宙甲Ⅰ,拆解：寂禪靜觀Ⅰ
EXCHANGE.INI,changed,747,拆解：普信仙鐘譜,Material1,31575,29937
EXCHANGE.INI,changed,747,拆解：普信仙鐘譜,Name,拆解：低溫防護罩,拆解：普信仙鐘譜
EXCHANGE.INI,changed,747,拆解：普信仙鐘譜,Reward1Count,25,15
EXCHANGE.INI,changed,797,拆解：鈴星仙劍印,Material1,29268,29266
EXCHANGE.INI,changed,797,拆解：鈴星仙劍印,Name,拆解：擎羊仙劍印,拆解：鈴星仙劍印
EXCHANGE.INI,changed,939,七政太歲斧，開光,Material1,26784,26966
EXCHANGE.INI,changed,939,七政太歲斧，開光,Name,五帝太昊劍，消光,七政太歲斧，開光
EXCHANGE.INI,changed,939,七政太歲斧，開光,Reward1,27436,26792
EXCHANGE.INI,changed,867,煙月（劍），開光,Material1,31523,31521
EXCHANGE.INI,changed,867,煙月（劍），開光,Name,拙劍，開光,煙月（劍），開光
EXCHANGE.INI,changed,867,煙月（劍），開光,Reward1,31513,31511
EXCHANGE.INI,changed,2185,拆解：界王錘★☆,Material1,29399,29387
EXCHANGE.INI,changed,2185,拆解：界王錘★☆,Name,拆解：疆嶽盾★☆,拆解：界王錘★☆
EXCHANGE.INI,changed,1688,劍豪旭冠Ⅱ,Material1,30261,30251
EXCHANGE.INI,changed,1688,劍豪旭冠Ⅱ,Name,術凌旭巾Ⅱ,劍豪旭冠Ⅱ
EXCHANGE.INI,changed,1688,劍豪旭冠Ⅱ,Reward1,30262,30252
EXCHANGE.INI,changed,2912,進化→釋星袈★,Material1,27696,27679
EXCHANGE.INI,changed,2912,進化→釋星袈★,Name,進化→鬥星臂★,進化→釋星袈★
EXCHANGE.INI,changed,2912,進化→釋星袈★,Reward1,28412,28406
EXCHANGE.INI,changed,961,宙斯神雷劍，消光,Material1,26289,26287
EXCHANGE.INI,changed,961,宙斯神雷劍，消光,Name,哈帝斯魔銃，消光,宙斯神雷劍，消光
EXCHANGE.INI,changed,961,宙斯神雷劍，消光,Reward1,26494,26492
EXCHANGE.INI,changed,3030,瞬光劃★★★,Material1,28362,28356
EXCHANGE.INI,changed,3030,瞬光劃★★★,Name,瀚辰杖★★★,瞬光劃★★★
EXCHANGE.INI,changed,3030,瞬光劃★★★,Reward1,28363,28357
EXCHANGE.INI,changed,2864,無聲之狂,Material1,29618,29634
EXCHANGE.INI,changed,2864,無聲之狂,Name,滄耳刀（消光）,無聲之狂
EXCHANGE.INI,changed,1084,降神：禍世螟蝗之魂,Group,53,52
EXCHANGE.INI,changed,1084,降神：禍世螟蝗之魂,Material1,31654,29776
EXCHANGE.INI,changed,1084,降神：禍世螟蝗之魂,Material1Count,15,1
EXCHANGE.INI,changed,1084,降神：禍世螟蝗之魂,Name,武魂：白樺,降神：禍世螟蝗之魂
EXCHANGE.INI,changed,1084,降神：禍世螟蝗之魂,Reward1,30831,31505
EXCHANGE.INI,changed,1084,降神：禍世螟蝗之魂,Reward1Count,1,15
EXCHANGE.INI,changed,1691,道清旭綸Ⅱ,Material1,30276,30266
EXCHANGE.INI,changed,1691,道清旭綸Ⅱ,Name,劍豪旭裝Ⅱ,道清旭綸Ⅱ
EXCHANGE.INI,changed,1691,道清旭綸Ⅱ,Reward1,30277,30267
EXCHANGE.INI,changed,2357,君星靴★★★,Group,139,138
EXCHANGE.INI,changed,2357,君星靴★★★,Material1,29353,29611
EXCHANGE.INI,changed,2357,君星靴★★★,Material1Count,1,3
EXCHANGE.INI,changed,2357,君星靴★★★,Material2,,29272
EXCHANGE.INI,changed,2357,君星靴★★★,Material2Count,,70
EXCHANGE.INI,changed,2357,君星靴★★★,Name,拆解：君諭刀★★☆,君星靴★★★
EXCHANGE.INI,changed,2357,君星靴★★★,Reward1,29273,29612
EXCHANGE.INI,changed,2357,君星靴★★★,Reward1Count,12,1
EXCHANGE.INI,changed,2471,超．玄宙劍裝錦囊,Name,超．玄宙術裝錦囊,超．玄宙劍裝錦囊
EXCHANGE.INI,changed,2471,超．玄宙劍裝錦囊,Reward1,31357,31355
EXCHANGE.INI,changed,2590,振宇屬性配方錦囊,Material1Count,10,20
EXCHANGE.INI,changed,2590,振宇屬性配方錦囊,Material2Count,30,40
EXCHANGE.INI,changed,2590,振宇屬性配方錦囊,Material3Count,30,55
EXCHANGE.INI,changed,2590,振宇屬性配方錦囊,Material4,29274,29272
EXCHANGE.INI,changed,2590,振宇屬性配方錦囊,Material4Count,30,55
EXCHANGE.INI,changed,2590,振宇屬性配方錦囊,Material5,,29274
EXCHANGE.INI,changed,2590,振宇屬性配方錦囊,Material5Count,,55
EXCHANGE.INI,changed,2590,振宇屬性配方錦囊,Name,七宗配方錦囊,振宇屬性配方錦囊
EXCHANGE.INI,changed,2590,振宇屬性配方錦囊,Reward1,29702,31604
EXCHANGE.INI,changed,3074,拆解：流螢斬★★,Material1,28359,28353
EXCHANGE.INI,changed,3074,拆解：流螢斬★★,Name,拆解：衡星斗★★,拆解：流螢斬★★
EXCHANGE.INI,changed,3149,拆解：星虎披★★★,Material1,28450,28444
EXCHANGE.INI,changed,3149,拆解：星虎披★★★,Name,拆解：星玄卦★★★,拆解：星虎披★★★
EXCHANGE.INI,changed,2059,武帝胄★☆,Material1,29452,29440
EXCHANGE.INI,changed,2059,武帝胄★☆,Name,道帝袍★☆,武帝胄★☆
EXCHANGE.INI,changed,2059,武帝胄★☆,Reward1,29453,29441
EXCHANGE.INI,changed,897,神州真勁Ｔ恤,Material1,29201,29199
EXCHANGE.INI,changed,897,神州真勁Ｔ恤,Name,神州真勁跑鞋,神州真勁Ｔ恤
EXCHANGE.INI,changed,897,神州真勁Ｔ恤,Reward1,29784,29782
EXCHANGE.INI,changed,2817,武魂：一頁書,Material1,29626,23071
EXCHANGE.INI,changed,2817,武魂：一頁書,Name,般若,武魂：一頁書
EXCHANGE.INI,changed,2817,武魂：一頁書,Reward1Count,16,32
EXCHANGE.INI,changed,2174,黃韋足★★,Material1,29603,29591
EXCHANGE.INI,changed,2174,黃韋足★★,Name,神無袈★★,黃韋足★★
EXCHANGE.INI,changed,2174,黃韋足★★,Reward1,29604,29592
EXCHANGE.INI,changed,849,斬魔錄拂塵，消光,Material1,29633,29631
EXCHANGE.INI,changed,849,斬魔錄拂塵，消光,Name,無心之痴，消光,斬魔錄拂塵，消光
EXCHANGE.INI,changed,849,斬魔錄拂塵，消光,Reward1,29624,29622
EXCHANGE.INI,changed,3234,戰煌脛☆☆,Material1,28895,28889
EXCHANGE.INI,changed,3234,戰煌脛☆☆,Name,道煌履☆☆,戰煌脛☆☆
EXCHANGE.INI,changed,3234,戰煌脛☆☆,Reward1,28896,28890
EXCHANGE.INI,changed,1213,旭品特仕裝箱,Group,65,64
EXCHANGE.INI,changed,1213,旭品特仕裝箱,Material1Count,40,3
EXCHANGE.INI,changed,1213,旭品特仕裝箱,Material2Count,40,3
EXCHANGE.INI,changed,1213,旭品特仕裝箱,Material3Count,200,25
EXCHANGE.INI,changed,1213,旭品特仕裝箱,Name,玄宙特仕裝箱,旭品特仕裝箱
EXCHANGE.INI,changed,1213,旭品特仕裝箱,Reward1,31338,30433
EXCHANGE.INI,changed,3159,拆解：煌韋足★★★,Material1,28558,28552
EXCHANGE.INI,changed,3159,拆解：煌韋足★★★,Name,拆解：奇行裟★★★,拆解：煌韋足★★★
EXCHANGE.INI,changed,1539,拆解：舞星鋁行Ⅲ,Group,85,84
EXCHANGE.INI,changed,1539,拆解：舞星鋁行Ⅲ,Material1,31109,31328
EXCHANGE.INI,changed,1539,拆解：舞星鋁行Ⅲ,Material1Count,3,1
EXCHANGE.INI,changed,1539,拆解：舞星鋁行Ⅲ,Material2,29272,
EXCHANGE.INI,changed,1539,拆解：舞星鋁行Ⅲ,Material2Count,250,
EXCHANGE.INI,changed,1539,拆解：舞星鋁行Ⅲ,Name,泰源玉刀Ⅴ,拆解：舞星鋁行Ⅲ
EXCHANGE.INI,changed,1539,拆解：舞星鋁行Ⅲ,Reward1,31110,30673
EXCHANGE.INI,changed,1539,拆解：舞星鋁行Ⅲ,Reward1Count,1,12
EXCHANGE.INI,changed,942,三皇聖羲刀，消光,Material1,26787,26785
EXCHANGE.INI,changed,942,三皇聖羲刀，消光,Name,太上天尊蘆，消光,三皇聖羲刀，消光
EXCHANGE.INI,changed,942,三皇聖羲刀，消光,Reward1,26961,26959
EXCHANGE.INI,changed,2020,拆解：幻帝手☆,Material1,29487,29475
EXCHANGE.INI,changed,2020,拆解：幻帝手☆,Name,拆解：禪帝捻☆,拆解：幻帝手☆
EXCHANGE.INI,changed,3441,精釀小米酒,Name,霸火烤山豬,精釀小米酒
EXCHANGE.INI,changed,3441,精釀小米酒,Reward1,30752,30750
EXCHANGE.INI,changed,1454,血腥屠夫Ⅳ,Material1,31143,31133
EXCHANGE.INI,changed,1454,血腥屠夫Ⅳ,Name,方舟舵斧Ⅳ,血腥屠夫Ⅳ
EXCHANGE.INI,changed,1454,血腥屠夫Ⅳ,Reward1,31144,31134
EXCHANGE.INI,changed,1089,武魂：張飛,Group,54,53
EXCHANGE.INI,changed,1089,武魂：張飛,Material1Count,30,15
EXCHANGE.INI,changed,1089,武魂：張飛,Name,武魂：白樺,武魂：張飛
EXCHANGE.INI,changed,1089,武魂：張飛,Reward1,30831,30834
EXCHANGE.INI,changed,1206,神．旭品武防綢袋,Material1Count,250,400
EXCHANGE.INI,changed,1206,神．旭品武防綢袋,Material2Count,250,400
EXCHANGE.INI,changed,1206,神．旭品武防綢袋,Material3Count,250,400
EXCHANGE.INI,changed,1206,神．旭品武防綢袋,Material4Count,25,40
EXCHANGE.INI,changed,1206,神．旭品武防綢袋,Name,極．旭品武防綢袋,神．旭品武防綢袋
EXCHANGE.INI,changed,1206,神．旭品武防綢袋,Reward1,30459,30470
EXCHANGE.INI,changed,1880,拆解：道清旭袍Ⅲ,Material1,30303,30293
EXCHANGE.INI,changed,1880,拆解：道清旭袍Ⅲ,Name,拆解：劍豪旭腕Ⅲ,拆解：道清旭袍Ⅲ
EXCHANGE.INI,changed,2310,拆解：皇影甲★★,Material1,29610,29598
EXCHANGE.INI,changed,2310,拆解：皇影甲★★,Name,拆解：君星靴★★,拆解：皇影甲★★
EXCHANGE.INI,changed,785,拆解：乾天仙太極,Material1,29706,29723
EXCHANGE.INI,changed,785,拆解：乾天仙太極,Name,拆解：魔火仙法陣,拆解：乾天仙太極
EXCHANGE.INI,changed,3048,星鋒腕★★★,Material1,28416,28410
EXCHANGE.INI,changed,3048,星鋒腕★★★,Name,遊星掌★★★,星鋒腕★★★
EXCHANGE.INI,changed,3048,星鋒腕★★★,Reward1,28417,28411
EXCHANGE.INI,changed,1356,宮殤別劍Ⅲ,Material1,31112,31102
EXCHANGE.INI,changed,1356,宮殤別劍Ⅲ,Name,獵仙飛索Ⅲ,宮殤別劍Ⅲ
EXCHANGE.INI,changed,1356,宮殤別劍Ⅲ,Reward1,31113,31103
EXCHANGE.INI,changed,1995,皇影甲★,Material1,29607,29595
EXCHANGE.INI,changed,1995,皇影甲★,Name,君星靴★,皇影甲★
EXCHANGE.INI,changed,1995,皇影甲★,Reward1,29608,29596
EXCHANGE.INI,changed,1636,拆解：渡鴉瞳杖Ⅴ,Material1,31135,31125
EXCHANGE.INI,changed,1636,拆解：渡鴉瞳杖Ⅴ,Name,拆解：血腥屠夫Ⅴ,拆解：渡鴉瞳杖Ⅴ
EXCHANGE.INI,changed,1269,羅將烈槍Ⅱ,Material1,31136,31126
EXCHANGE.INI,changed,1269,羅將烈槍Ⅱ,Name,破魔獨錘Ⅱ,羅將烈槍Ⅱ
EXCHANGE.INI,changed,1269,羅將烈槍Ⅱ,Reward1,31137,31127
EXCHANGE.INI,changed,3442,山蒼子燉鍋,Material1Count,2,1
EXCHANGE.INI,changed,3442,山蒼子燉鍋,Name,當歸燉土虱,山蒼子燉鍋
EXCHANGE.INI,changed,3442,山蒼子燉鍋,Reward1,30996,30751
EXCHANGE.INI,changed,2446,拆解：神無袈★★★,EndTime,2025-08-21 11:00,
EXCHANGE.INI,changed,2446,拆解：神無袈★★★,Group,145,144
EXCHANGE.INI,changed,2446,拆解：神無袈★★★,Limit,3,
EXCHANGE.INI,changed,2446,拆解：神無袈★★★,LimitVer,2,
EXCHANGE.INI,changed,2446,拆解：神無袈★★★,Material1,30673,29606
EXCHANGE.INI,changed,2446,拆解：神無袈★★★,Material1Count,255,1
EXCHANGE.INI,changed,2446,拆解：神無袈★★★,Material2,29272,
EXCHANGE.INI,changed,2446,拆解：神無袈★★★,Material2Count,1500,
EXCHANGE.INI,changed,2446,拆解：神無袈★★★,Material3,29273,
EXCHANGE.INI,changed,2446,拆解：神無袈★★★,Material3Count,2500,
EXCHANGE.INI,changed,2446,拆解：神無袈★★★,Material4,29271,
EXCHANGE.INI,changed,2446,拆解：神無袈★★★,Material4Count,150,
EXCHANGE.INI,changed,2446,拆解：神無袈★★★,Material5,29052,
EXCHANGE.INI,changed,2446,拆解：神無袈★★★,Material5Count,500,
EXCHANGE.INI,changed,2446,拆解：神無袈★★★,Name,恆山仙重鎮,拆解：神無袈★★★
EXCHANGE.INI,changed,2446,拆解：神無袈★★★,Reward1,31617,29272
EXCHANGE.INI,changed,2446,拆解：神無袈★★★,Reward1Count,1,30
EXCHANGE.INI,changed,2619,降神：唐布衣之魂,Name,降神：龍湘之魂,降神：唐布衣之魂
EXCHANGE.INI,changed,2619,降神：唐布衣之魂,Reward1,31830,31828
EXCHANGE.INI,changed,3240,風煌珠☆☆,Group,196,195
EXCHANGE.INI,changed,3240,風煌珠☆☆,Material1,28951,28907
EXCHANGE.INI,changed,3240,風煌珠☆☆,Material2Count,18,1
EXCHANGE.INI,changed,3240,風煌珠☆☆,Name,鬼兇冠☆☆,風煌珠☆☆
EXCHANGE.INI,changed,3240,風煌珠☆☆,Reward1,28952,28908
EXCHANGE.INI,changed,1740,拆解：勇將旭甲Ⅰ,Material1,30291,30281
EXCHANGE.INI,changed,1740,拆解：勇將旭甲Ⅰ,Name,拆解：道清旭袍Ⅰ,拆解：勇將旭甲Ⅰ
EXCHANGE.INI,changed,1748,拆解：禪臺旭執Ⅰ,Material1,30331,30321
EXCHANGE.INI,changed,1748,拆解：禪臺旭執Ⅰ,Name,拆解：勇將旭立Ⅰ,拆解：禪臺旭執Ⅰ
EXCHANGE.INI,changed,2506,彼界往信,Group,149,148
EXCHANGE.INI,changed,2506,彼界往信,Material1,30545,30540
EXCHANGE.INI,changed,2506,彼界往信,Material1Count,500,2000
EXCHANGE.INI,changed,2506,彼界往信,Name,真．旭品特仕裝箱,彼界往信
EXCHANGE.INI,changed,2506,彼界往信,Reward1,30444,30544
EXCHANGE.INI,changed,963,哈帝斯魔銃，消光,Material1,26291,26289
EXCHANGE.INI,changed,963,哈帝斯魔銃，消光,Name,維納斯羽杖，消光,哈帝斯魔銃，消光
EXCHANGE.INI,changed,963,哈帝斯魔銃，消光,Reward1,26496,26494
EXCHANGE.INI,changed,1747,拆解：道清旭袖Ⅰ,Material1,30326,30316
EXCHANGE.INI,changed,1747,拆解：道清旭袖Ⅰ,Name,拆解：劍豪旭靴Ⅰ,拆解：道清旭袖Ⅰ
EXCHANGE.INI,changed,2199,拆解：武帝掌★☆,Material1,29483,29471
EXCHANGE.INI,changed,2199,拆解：武帝掌★☆,Name,拆解：道帝袖★☆,拆解：武帝掌★☆
EXCHANGE.INI,changed,1834,拆解：道清旭袍Ⅱ,Material1,30302,30292
EXCHANGE.INI,changed,1834,拆解：道清旭袍Ⅱ,Name,拆解：劍豪旭腕Ⅱ,拆解：道清旭袍Ⅱ
EXCHANGE.INI,changed,1004,周武克殷幟，消光,Material1,29659,29657
EXCHANGE.INI,changed,1004,周武克殷幟，消光,Name,天汗蒼狼槍，消光,周武克殷幟，消光
EXCHANGE.INI,changed,1004,周武克殷幟，消光,Reward1,29669,29667
EXCHANGE.INI,changed,2548,交換龍湘降神,Name,交換夏侯蘭降神,交換龍湘降神
EXCHANGE.INI,changed,2548,交換龍湘降神,Reward1,31832,31830
EXCHANGE.INI,changed,902,怪物頭目石牌,Material1,21404,21405
EXCHANGE.INI,changed,902,怪物頭目石牌,Name,怪物仟長石牌,怪物頭目石牌
EXCHANGE.INI,changed,902,怪物頭目石牌,Reward1,21403,21404
EXCHANGE.INI,changed,3127,拆解：傾天盾★★★,Group,189,188
EXCHANGE.INI,changed,3127,拆解：傾天盾★★★,Material1,28384,28378
EXCHANGE.INI,changed,3127,拆解：傾天盾★★★,Name,拆解：鬥星盔★★★,拆解：傾天盾★★★
EXCHANGE.INI,changed,3127,拆解：傾天盾★★★,Reward1Count,3,9
EXCHANGE.INI,changed,2935,進化→奇隱甲★,Material1,27779,27771
EXCHANGE.INI,changed,2935,進化→奇隱甲★,Name,進化→奇星靴★,進化→奇隱甲★
EXCHANGE.INI,changed,2935,進化→奇隱甲★,Reward1,28559,28553
EXCHANGE.INI,changed,1618,拆解：獨眼慧珠Ⅳ,Group,90,89
EXCHANGE.INI,changed,1618,拆解：獨眼慧珠Ⅳ,Material1,31274,31264
EXCHANGE.INI,changed,1618,拆解：獨眼慧珠Ⅳ,Name,拆解：騰陽威冕Ⅳ,拆解：獨眼慧珠Ⅳ
EXCHANGE.INI,changed,1618,拆解：獨眼慧珠Ⅳ,Reward1,30673,29273
EXCHANGE.INI,changed,1618,拆解：獨眼慧珠Ⅳ,Reward1Count,14,45
EXCHANGE.INI,changed,1780,劍豪旭冠Ⅲ,Material1,30262,30252
EXCHANGE.INI,changed,1780,劍豪旭冠Ⅲ,Name,術凌旭巾Ⅲ,劍豪旭冠Ⅲ
EXCHANGE.INI,changed,1780,劍豪旭冠Ⅲ,Reward1,30263,30253
EXCHANGE.INI,changed,1157,六道真元錦囊,Material1Count,1,2
EXCHANGE.INI,changed,1157,六道真元錦囊,Name,悟心降魂玉,六道真元錦囊
EXCHANGE.INI,changed,1157,六道真元錦囊,Reward1,28179,26664
EXCHANGE.INI,changed,703,虞冰錦囊禮券,Material1,31598,31010
EXCHANGE.INI,changed,703,虞冰錦囊禮券,Name,燕起錦囊禮券,虞冰錦囊禮券
EXCHANGE.INI,changed,703,虞冰錦囊禮券,Reward1,30912,30911
EXCHANGE.INI,changed,2207,拆解：禪帝渡★☆,Material1,29531,29519
EXCHANGE.INI,changed,2207,拆解：禪帝渡★☆,Name,拆解：羲帝綴★☆,拆解：禪帝渡★☆
EXCHANGE.INI,changed,1559,寂禪鎏裟Ⅴ,Material1,31209,31199
EXCHANGE.INI,changed,1559,寂禪鎏裟Ⅴ,Name,天守宙臂Ⅴ,寂禪鎏裟Ⅴ
EXCHANGE.INI,changed,1559,寂禪鎏裟Ⅴ,Reward1,31210,31200
EXCHANGE.INI,changed,1265,泰源玉刀Ⅱ,Material1,31116,31106
EXCHANGE.INI,changed,1265,泰源玉刀Ⅱ,Name,塹淵幽柄Ⅱ,泰源玉刀Ⅱ
EXCHANGE.INI,changed,1265,泰源玉刀Ⅱ,Reward1,31117,31107
EXCHANGE.INI,changed,1264,宮殤別劍Ⅱ,Material1,31111,31101
EXCHANGE.INI,changed,1264,宮殤別劍Ⅱ,Name,獵仙飛索Ⅱ,宮殤別劍Ⅱ
EXCHANGE.INI,changed,1264,宮殤別劍Ⅱ,Reward1,31112,31102
EXCHANGE.INI,changed,1037,神翔萬雷棍，開光,Material1,30629,30627
EXCHANGE.INI,changed,1037,神翔萬雷棍，開光,Name,八裂叛伐斧，開光,神翔萬雷棍，開光
EXCHANGE.INI,changed,1037,神翔萬雷棍，開光,Reward1,30619,30617
EXCHANGE.INI,changed,2222,拆解：君星靴★☆,Group,130,129
EXCHANGE.INI,changed,2222,拆解：君星靴★☆,Material1,29352,29609
EXCHANGE.INI,changed,2222,拆解：君星靴★☆,Material1Count,3,1
EXCHANGE.INI,changed,2222,拆解：君星靴★☆,Material2,29272,
EXCHANGE.INI,changed,2222,拆解：君星靴★☆,Material2Count,15,
EXCHANGE.INI,changed,2222,拆解：君星靴★☆,Name,君諭刀★★☆,拆解：君星靴★☆
EXCHANGE.INI,changed,2222,拆解：君星靴★☆,Reward1,29353,29272
EXCHANGE.INI,changed,2222,拆解：君星靴★☆,Reward1Count,1,15
EXCHANGE.INI,changed,1904,拆解：宿星銀兜Ⅲ,Material1,30423,30413
EXCHANGE.INI,changed,1904,拆解：宿星銀兜Ⅲ,Name,拆解：宿星爍臂Ⅲ,拆解：宿星銀兜Ⅲ
EXCHANGE.INI,changed,3355,拆解：燦煌帽☆☆,Material1,28854,28848
EXCHANGE.INI,changed,3355,拆解：燦煌帽☆☆,Name,拆解：佛煌頂☆☆,拆解：燦煌帽☆☆
EXCHANGE.INI,changed,3320,燦煌掌☆☆☆,Material1,28884,28878
EXCHANGE.INI,changed,3320,燦煌掌☆☆☆,Name,佛煌纏☆☆☆,燦煌掌☆☆☆
EXCHANGE.INI,changed,3320,燦煌掌☆☆☆,Reward1,28885,28879
EXCHANGE.INI,changed,2496,超．玄宙道裝錦囊,Material1Count,450,650
EXCHANGE.INI,changed,2496,超．玄宙道裝錦囊,Name,虛空秘境仙器錦囊,超．玄宙道裝錦囊
EXCHANGE.INI,changed,2496,超．玄宙道裝錦囊,Reward1,30712,31358
EXCHANGE.INI,changed,2986,拆解：衡星斗★,Material1,28364,28358
EXCHANGE.INI,changed,2986,拆解：衡星斗★,Name,拆解：商宿槍★,拆解：衡星斗★
EXCHANGE.INI,changed,856,如是我斬燄霞，消光,Group,40,39
EXCHANGE.INI,changed,856,如是我斬燄霞，消光,Material1,30579,29778
EXCHANGE.INI,changed,856,如是我斬燄霞，消光,Name,寶刀齊齊烏西，開光,如是我斬燄霞，消光
EXCHANGE.INI,changed,856,如是我斬燄霞，消光,Reward1,30158,29775
EXCHANGE.INI,changed,1140,超．玄宙特仕裝箱,Material1Count,600,900
EXCHANGE.INI,changed,1140,超．玄宙特仕裝箱,Name,超．玄宙劍裝錦囊,超．玄宙特仕裝箱
EXCHANGE.INI,changed,1140,超．玄宙特仕裝箱,Reward1,31355,31360
EXCHANGE.INI,changed,1053,白蛇小錢袋,Group,52,51
EXCHANGE.INI,changed,1053,白蛇小錢袋,Material1,29776,31644
EXCHANGE.INI,changed,1053,白蛇小錢袋,Material1Count,200,1
EXCHANGE.INI,changed,1053,白蛇小錢袋,Name,殤不患封魂晶,白蛇小錢袋
EXCHANGE.INI,changed,1053,白蛇小錢袋,Reward1,31497,31642
EXCHANGE.INI,changed,1053,白蛇小錢袋,Reward1Count,1,100
EXCHANGE.INI,changed,1053,白蛇小錢袋,Reward2,,31643
EXCHANGE.INI,changed,1053,白蛇小錢袋,Reward2Count,,30
EXCHANGE.INI,changed,1411,拆解：古主臨盾Ⅱ,Group,77,76
EXCHANGE.INI,changed,1411,拆解：古主臨盾Ⅱ,Material1,31157,31147
EXCHANGE.INI,changed,1411,拆解：古主臨盾Ⅱ,Name,拆解：天衛宙盔Ⅱ,拆解：古主臨盾Ⅱ
EXCHANGE.INI,changed,1411,拆解：古主臨盾Ⅱ,Reward1,29273,29272
EXCHANGE.INI,changed,1046,袚燈笠雲槍，消光,Material1,30618,30616
EXCHANGE.INI,changed,1046,袚燈笠雲槍，消光,Name,六仙流轉錘，消光,袚燈笠雲槍，消光
EXCHANGE.INI,changed,1046,袚燈笠雲槍，消光,Reward1,30628,30626
EXCHANGE.INI,changed,2799,降神：一頁書之魂,Name,素還真錦囊禮券,降神：一頁書之魂
EXCHANGE.INI,changed,2799,降神：一頁書之魂,Reward1,32163,29652
EXCHANGE.INI,changed,2799,降神：一頁書之魂,Reward1Count,2,30
EXCHANGE.INI,changed,2985,拆解：瞬光劃★,Material1,28361,28355
EXCHANGE.INI,changed,2985,拆解：瞬光劃★,Name,拆解：瀚辰杖★,拆解：瞬光劃★
EXCHANGE.INI,changed,800,拆解：鋼體仙狼牙,Material1,29260,29258
EXCHANGE.INI,changed,800,拆解：鋼體仙狼牙,Name,拆解：玉智仙狼牙,拆解：鋼體仙狼牙
EXCHANGE.INI,changed,2035,拆解：鬼帝道☆,Material1,29577,29565
EXCHANGE.INI,changed,2035,拆解：鬼帝道☆,Name,拆解：黃天衣☆,拆解：鬼帝道☆
EXCHANGE.INI,changed,1843,拆解：術凌旭步Ⅱ,Material1,30347,30337
EXCHANGE.INI,changed,1843,拆解：術凌旭步Ⅱ,Name,拆解：禪臺旭足Ⅱ,拆解：術凌旭步Ⅱ
EXCHANGE.INI,changed,1908,進化→帝詔劍☆,Material1,28819,28813
EXCHANGE.INI,changed,1908,進化→帝詔劍☆,Name,進化→龍掣爪☆,進化→帝詔劍☆
EXCHANGE.INI,changed,1908,進化→帝詔劍☆,Reward1,29355,29343
EXCHANGE.INI,changed,777,拆解：震虛仙渦石,Material1,29732,29730
EXCHANGE.INI,changed,777,拆解：震虛仙渦石,Name,拆解：坤虛仙渦石,拆解：震虛仙渦石
EXCHANGE.INI,changed,1482,騰陽威冕Ⅳ,Material1,31283,31273
EXCHANGE.INI,changed,1482,騰陽威冕Ⅳ,Name,騰陽烈釬Ⅳ,騰陽威冕Ⅳ
EXCHANGE.INI,changed,1482,騰陽威冕Ⅳ,Reward1,31284,31274
EXCHANGE.INI,changed,2102,拆解：禪帝頂★,Material1,29440,29428
EXCHANGE.INI,changed,2102,拆解：禪帝頂★,Name,拆解：武帝胄★,拆解：禪帝頂★
EXCHANGE.INI,changed,2677,銀蹄鐵,Material1,32135,32133
EXCHANGE.INI,changed,2677,銀蹄鐵,Material1Count,12,20
EXCHANGE.INI,changed,2677,銀蹄鐵,Name,火馬報春包,銀蹄鐵
EXCHANGE.INI,changed,2677,銀蹄鐵,Reward1,32147,32134
EXCHANGE.INI,changed,1985,慧帝戒★,Group,114,113
EXCHANGE.INI,changed,1985,慧帝戒★,Material1,29547,29535
EXCHANGE.INI,changed,1985,慧帝戒★,Material2Count,10,1
EXCHANGE.INI,changed,1985,慧帝戒★,Name,鬼帝冠★,慧帝戒★
EXCHANGE.INI,changed,1985,慧帝戒★,Reward1,29548,29536
EXCHANGE.INI,changed,3040,遊星箍★★★,Material1,28392,28386
EXCHANGE.INI,changed,3040,遊星箍★★★,Name,釋星頂★★★,遊星箍★★★
EXCHANGE.INI,changed,3040,遊星箍★★★,Reward1,28393,28387
EXCHANGE.INI,changed,2795,秘笈：般若懺,Name,秘笈：刀以毀滅,秘笈：般若懺
EXCHANGE.INI,changed,2795,秘笈：般若懺,Reward1,29650,29648
EXCHANGE.INI,changed,2491,超．玄宙特仕裝箱,Material1Count,650,1000
EXCHANGE.INI,changed,2491,超．玄宙特仕裝箱,Name,超．玄宙劍裝錦囊,超．玄宙特仕裝箱
EXCHANGE.INI,changed,2491,超．玄宙特仕裝箱,Reward1,31355,31360
EXCHANGE.INI,changed,1666,拆解：騰陽威冕Ⅴ,Material1,31285,31275
EXCHANGE.INI,changed,1666,拆解：騰陽威冕Ⅴ,Name,拆解：騰陽烈釬Ⅴ,拆解：騰陽威冕Ⅴ
EXCHANGE.INI,changed,2807,霹靂素還真錦囊,Material1,29272,29274
EXCHANGE.INI,changed,2807,霹靂素還真錦囊,Material1Count,2,3
EXCHANGE.INI,changed,2807,霹靂素還真錦囊,Name,霹靂一頁書錦囊,霹靂素還真錦囊
EXCHANGE.INI,changed,2807,霹靂素還真錦囊,Reward1,32160,32159
EXCHANGE.INI,changed,3372,拆解：佛煌行☆☆,Material1,28905,28899
EXCHANGE.INI,changed,3372,拆解：佛煌行☆☆,Name,拆解：水煌珠☆☆,拆解：佛煌行☆☆
EXCHANGE.INI,changed,1750,拆解：勇將旭立Ⅰ,Material1,30341,30331
EXCHANGE.INI,changed,1750,拆解：勇將旭立Ⅰ,Name,拆解：道清旭鞋Ⅰ,拆解：勇將旭立Ⅰ
EXCHANGE.INI,changed,1739,拆解：劍豪旭裝Ⅰ,Material1,30286,30276
EXCHANGE.INI,changed,1739,拆解：劍豪旭裝Ⅰ,Name,拆解：術凌旭服Ⅰ,拆解：劍豪旭裝Ⅰ
EXCHANGE.INI,changed,1256,戰符繪紙轉龍女戰符,Name,戰符繪紙轉拉薩戰符,戰符繪紙轉龍女戰符
EXCHANGE.INI,changed,1256,戰符繪紙轉龍女戰符,Reward1,22861,22707
EXCHANGE.INI,changed,1288,寂禪若持Ⅱ,Material1,31231,31221
EXCHANGE.INI,changed,1288,寂禪若持Ⅱ,Name,天衛宙脛Ⅱ,寂禪若持Ⅱ
EXCHANGE.INI,changed,1288,寂禪若持Ⅱ,Reward1,31232,31222
EXCHANGE.INI,changed,1755,拆解：紫雨璃戒Ⅰ,Material1,30366,30356
EXCHANGE.INI,changed,1755,拆解：紫雨璃戒Ⅰ,Name,拆解：億載機軸Ⅰ,拆解：紫雨璃戒Ⅰ
EXCHANGE.INI,changed,1679,璇蟬鳴刀Ⅱ,Material1,30216,30206
EXCHANGE.INI,changed,1679,璇蟬鳴刀Ⅱ,Name,絃霧靈拂Ⅱ,璇蟬鳴刀Ⅱ
EXCHANGE.INI,changed,1679,璇蟬鳴刀Ⅱ,Reward1,30217,30207
EXCHANGE.INI,changed,1770,光翼翔劍Ⅲ,Material1,30212,30202
EXCHANGE.INI,changed,1770,光翼翔劍Ⅲ,Name,霜羽連珠Ⅲ,光翼翔劍Ⅲ
EXCHANGE.INI,changed,1770,光翼翔劍Ⅲ,Reward1,30213,30203
EXCHANGE.INI,changed,2402,拆解：君星靴★★☆,Group,142,141
EXCHANGE.INI,changed,2402,拆解：君星靴★★☆,Material1,29354,29611
EXCHANGE.INI,changed,2402,拆解：君星靴★★☆,Name,拆解：君諭刀★★★,拆解：君星靴★★☆
EXCHANGE.INI,changed,2402,拆解：君星靴★★☆,Reward1,29273,29272
EXCHANGE.INI,changed,2402,拆解：君星靴★★☆,Reward1Count,15,25
EXCHANGE.INI,changed,1091,武魂：白樺,Name,武魂：關羽,武魂：白樺
EXCHANGE.INI,changed,1091,武魂：白樺,Reward1,30833,30831
EXCHANGE.INI,changed,3093,拆解：星鋒腕★★,Material1,28416,28410
EXCHANGE.INI,changed,3093,拆解：星鋒腕★★,Name,拆解：遊星掌★★,拆解：星鋒腕★★
EXCHANGE.INI,changed,2025,拆解：幻帝步☆,Material1,29517,29505
EXCHANGE.INI,changed,2025,拆解：幻帝步☆,Name,拆解：禪帝渡☆,拆解：幻帝步☆
EXCHANGE.INI,changed,2307,拆解：黃天衣★★,Material1,29592,29580
EXCHANGE.INI,changed,2307,拆解：黃天衣★★,Name,拆解：黃韋足★★,拆解：黃天衣★★
EXCHANGE.INI,changed,2479,六道真元錦囊,Name,悟心降魂玉,六道真元錦囊
EXCHANGE.INI,changed,2479,六道真元錦囊,Reward1,28179,26664
EXCHANGE.INI,changed,1530,拆解：騰陽烈釬Ⅲ,Material1,31293,31283
EXCHANGE.INI,changed,1530,拆解：騰陽烈釬Ⅲ,Name,拆解：凜月冪巾Ⅲ,拆解：騰陽烈釬Ⅲ
EXCHANGE.INI,changed,2219,拆解：黃韋足★☆,Material1,29603,29591
EXCHANGE.INI,changed,2219,拆解：黃韋足★☆,Name,拆解：神無袈★☆,拆解：黃韋足★☆
EXCHANGE.INI,changed,2540,紅夜封魂晶,Name,劉備封魂晶,紅夜封魂晶
EXCHANGE.INI,changed,2540,紅夜封魂晶,Reward1,31657,31655
EXCHANGE.INI,changed,751,拆解：凝氣仙方錄,Material1,29696,30636
EXCHANGE.INI,changed,751,拆解：凝氣仙方錄,Name,拆解：八卦仙天鏡,拆解：凝氣仙方錄
EXCHANGE.INI,changed,751,拆解：凝氣仙方錄,Reward1Count,6,15
EXCHANGE.INI,changed,2153,劍帝握★★,Material1,29477,29465
EXCHANGE.INI,changed,2153,劍帝握★★,Name,幻帝手★★,劍帝握★★
EXCHANGE.INI,changed,2153,劍帝握★★,Reward1,29478,29466
EXCHANGE.INI,changed,3243,鬼兇鎧☆☆,Material1,28960,28954
EXCHANGE.INI,changed,3243,鬼兇鎧☆☆,Name,鬼兇靴☆☆,鬼兇鎧☆☆
EXCHANGE.INI,changed,3243,鬼兇鎧☆☆,Reward1,28961,28955
EXCHANGE.INI,changed,2492,超．玄宙神兵寶箱,Material1Count,650,800
EXCHANGE.INI,changed,2492,超．玄宙神兵寶箱,Name,超．玄宙勇裝錦囊,超．玄宙神兵寶箱
EXCHANGE.INI,changed,2492,超．玄宙神兵寶箱,Reward1,31356,31354
EXCHANGE.INI,changed,3267,拆解：佛煌頂☆,Material1,28859,28853
EXCHANGE.INI,changed,3267,拆解：佛煌頂☆,Name,拆解：戰煌鎧☆,拆解：佛煌頂☆
EXCHANGE.INI,changed,1572,獨眼慧珠Ⅴ,Group,87,86
EXCHANGE.INI,changed,1572,獨眼慧珠Ⅴ,Material1,31274,31264
EXCHANGE.INI,changed,1572,獨眼慧珠Ⅴ,Material2,30673,29272
EXCHANGE.INI,changed,1572,獨眼慧珠Ⅴ,Material2Count,50,100
EXCHANGE.INI,changed,1572,獨眼慧珠Ⅴ,Name,騰陽威冕Ⅴ,獨眼慧珠Ⅴ
EXCHANGE.INI,changed,1572,獨眼慧珠Ⅴ,Reward1,31275,31265
EXCHANGE.INI,changed,2680,北饕萬餮硯,Name,西狩仙麟角,北饕萬餮硯
EXCHANGE.INI,changed,2680,北饕萬餮硯,Reward1,31857,31855
EXCHANGE.INI,changed,2371,拆解：道帝簪★★☆,Material1,29437,29425
EXCHANGE.INI,changed,2371,拆解：道帝簪★★☆,Name,拆解：劍帝服★★☆,拆解：道帝簪★★☆
EXCHANGE.INI,changed,2539,武魂：莫千千,Name,白樺封魂晶,武魂：莫千千
EXCHANGE.INI,changed,2539,武魂：莫千千,Reward1,31656,30836
EXCHANGE.INI,changed,2967,釋星行★★,Material1,28442,28436
EXCHANGE.INI,changed,2967,釋星行★★,Name,星虎披★★,釋星行★★
EXCHANGE.INI,changed,2967,釋星行★★,Reward1,28443,28437
EXCHANGE.INI,changed,1956,皇麟扇★,Material1,29373,29361
EXCHANGE.INI,changed,1956,皇麟扇★,Name,權霸槍★,皇麟扇★
EXCHANGE.INI,changed,1956,皇麟扇★,Reward1,29374,29362
EXCHANGE.INI,changed,722,神旭術裝錦囊禮券,Material1,31597,31595
EXCHANGE.INI,changed,722,神旭術裝錦囊禮券,Name,神旭僧裝錦囊禮券,神旭術裝錦囊禮券
EXCHANGE.INI,changed,722,神旭術裝錦囊禮券,Reward1,30476,30474
EXCHANGE.INI,changed,3313,烈煌冑☆☆☆,Material1,28863,28857
EXCHANGE.INI,changed,3313,烈煌冑☆☆☆,Name,燦煌衣☆☆☆,烈煌冑☆☆☆
EXCHANGE.INI,changed,3313,烈煌冑☆☆☆,Reward1,28864,28858
EXCHANGE.INI,changed,3328,火煌珠☆☆☆,Material1,28908,28902
EXCHANGE.INI,changed,3328,火煌珠☆☆☆,Name,風煌珠☆☆☆,火煌珠☆☆☆
EXCHANGE.INI,changed,3328,火煌珠☆☆☆,Reward1,28909,28903
EXCHANGE.INI,changed,2455,修羅夜叉戟,Name,地獄守門者,修羅夜叉戟
EXCHANGE.INI,changed,2455,修羅夜叉戟,Reward1,31559,31557
EXCHANGE.INI,changed,1150,真．玄宙勇裝錦囊,Name,真．玄宙道裝錦囊,真．玄宙勇裝錦囊
EXCHANGE.INI,changed,1150,真．玄宙勇裝錦囊,Reward1,31347,31345
EXCHANGE.INI,changed,2789,秘笈：笑盡英雄,Name,秘笈：天關雙煉,秘笈：笑盡英雄
EXCHANGE.INI,changed,2789,秘笈：笑盡英雄,Reward1,29644,29642
EXCHANGE.INI,changed,2087,君星靴★☆,Group,121,120
EXCHANGE.INI,changed,2087,君星靴★☆,Material1,29350,29608
EXCHANGE.INI,changed,2087,君星靴★☆,Material1Count,1,3
EXCHANGE.INI,changed,2087,君星靴★☆,Material2,,29272
EXCHANGE.INI,changed,2087,君星靴★☆,Material2Count,,20
EXCHANGE.INI,changed,2087,君星靴★☆,Name,拆解：君諭刀★,君星靴★☆
EXCHANGE.INI,changed,2087,君星靴★☆,Reward1,29273,29609
EXCHANGE.INI,changed,2087,君星靴★☆,Reward1Count,5,1
EXCHANGE.INI,changed,2297,拆解：禪帝渡★★,Material1,29532,29520
EXCHANGE.INI,changed,2297,拆解：禪帝渡★★,Name,拆解：羲帝綴★★,拆解：禪帝渡★★
EXCHANGE.INI,changed,2275,拆解：界王錘★★,Material1,29400,29388
EXCHANGE.INI,changed,2275,拆解：界王錘★★,Name,拆解：疆嶽盾★★,拆解：界王錘★★
EXCHANGE.INI,changed,764,拆解：絕凜仙雪陣,Material1,30171,30169
EXCHANGE.INI,changed,764,拆解：絕凜仙雪陣,Name,拆解：千兩仙花陣,拆解：絕凜仙雪陣
EXCHANGE.INI,changed,1648,拆解：天衛宙甲Ⅴ,Material1,31195,31185
EXCHANGE.INI,changed,1648,拆解：天衛宙甲Ⅴ,Name,拆解：辰道玄袍Ⅴ,拆解：天衛宙甲Ⅴ
EXCHANGE.INI,changed,2236,道帝簪★★☆,Material1,29436,29424
EXCHANGE.INI,changed,2236,道帝簪★★☆,Name,劍帝服★★☆,道帝簪★★☆
EXCHANGE.INI,changed,2236,道帝簪★★☆,Reward1,29437,29425
EXCHANGE.INI,changed,2615,秘笈：雪山心法,Name,秘笈：蒼龍吟,秘笈：雪山心法
EXCHANGE.INI,changed,2615,秘笈：雪山心法,Reward1,31825,31823
EXCHANGE.INI,changed,3182,進化→佛煌裟☆,Material1,28414,28408
EXCHANGE.INI,changed,3182,進化→佛煌裟☆,Name,進化→戰煌臂☆,進化→佛煌裟☆
EXCHANGE.INI,changed,3182,進化→佛煌裟☆,Reward1,28874,28868
EXCHANGE.INI,changed,1271,破魔獨錘Ⅱ,Material1,31146,31136
EXCHANGE.INI,changed,1271,破魔獨錘Ⅱ,Name,古主臨盾Ⅱ,破魔獨錘Ⅱ
EXCHANGE.INI,changed,1271,破魔獨錘Ⅱ,Reward1,31147,31137
EXCHANGE.INI,changed,3199,進化→鬼兇手☆,Material1,28543,28537
EXCHANGE.INI,changed,3199,進化→鬼兇手☆,Name,進化→柳月巾☆,進化→鬼兇手☆
EXCHANGE.INI,changed,3199,進化→鬼兇手☆,Reward1,28963,28957
EXCHANGE.INI,changed,768,拆解：奇解仙命域,Material1,23064,29832
EXCHANGE.INI,changed,768,拆解：奇解仙命域,Name,拆解：雲龍仙煌陣,拆解：奇解仙命域
EXCHANGE.INI,changed,768,拆解：奇解仙命域,Reward1Count,5,6
EXCHANGE.INI,changed,2359,拆解：君諭刀★★☆,Material1,29365,29353
EXCHANGE.INI,changed,2359,拆解：君諭刀★★☆,Name,拆解：皇麟扇★★☆,拆解：君諭刀★★☆
EXCHANGE.INI,changed,1070,秘笈：明光伏影,Name,秘笈：八方氣至,秘笈：明光伏影
EXCHANGE.INI,changed,1070,秘笈：明光伏影,Reward1,31534,31532
EXCHANGE.INI,changed,1146,超．玄宙僧裝錦囊,Material1Count,350,600
EXCHANGE.INI,changed,1146,超．玄宙僧裝錦囊,Name,真．玄宙神兵寶箱,超．玄宙僧裝錦囊
EXCHANGE.INI,changed,1146,超．玄宙僧裝錦囊,Reward1,31343,31359
EXCHANGE.INI,changed,1592,拆解：血腥屠夫Ⅳ,Material1,31144,31134
EXCHANGE.INI,changed,1592,拆解：血腥屠夫Ⅳ,Name,拆解：方舟舵斧Ⅳ,拆解：血腥屠夫Ⅳ
EXCHANGE.INI,changed,1644,拆解：光術覆面Ⅴ,Material1,31175,31165
EXCHANGE.INI,changed,1644,拆解：光術覆面Ⅴ,Name,拆解：寂禪靜觀Ⅴ,拆解：光術覆面Ⅴ
EXCHANGE.INI,changed,3166,進化→七公扇☆,Material1,28366,28360
EXCHANGE.INI,changed,3166,進化→七公扇☆,Name,進化→貫索槍☆,進化→七公扇☆
EXCHANGE.INI,changed,3166,進化→七公扇☆,Reward1,28826,28820
EXCHANGE.INI,changed,1650,拆解：辰道玄袍Ⅴ,Material1,31205,31195
EXCHANGE.INI,changed,1650,拆解：辰道玄袍Ⅴ,Name,拆解：宇鋒飄腕Ⅴ,拆解：辰道玄袍Ⅴ
EXCHANGE.INI,changed,3282,拆解：佛煌行☆,Material1,28904,28898
EXCHANGE.INI,changed,3282,拆解：佛煌行☆,Name,拆解：水煌珠☆,拆解：佛煌行☆
EXCHANGE.INI,changed,1384,辰道玄鞋Ⅲ,Material1,31252,31242
EXCHANGE.INI,changed,1384,辰道玄鞋Ⅲ,Name,諾亞航令Ⅲ,辰道玄鞋Ⅲ
EXCHANGE.INI,changed,1384,辰道玄鞋Ⅲ,Reward1,31253,31243
EXCHANGE.INI,changed,1643,拆解：天衛宙盔Ⅴ,Material1,31170,31160
EXCHANGE.INI,changed,1643,拆解：天衛宙盔Ⅴ,Name,拆解：辰道玄冠Ⅴ,拆解：天衛宙盔Ⅴ
EXCHANGE.INI,changed,3277,拆解：佛煌纏☆,Material1,28889,28883
EXCHANGE.INI,changed,3277,拆解：佛煌纏☆,Name,拆解：戰煌脛☆,拆解：佛煌纏☆
EXCHANGE.INI,changed,1553,辰道玄冠Ⅴ,Material1,31179,31169
EXCHANGE.INI,changed,1553,辰道玄冠Ⅴ,Name,宇鋒颯衣Ⅴ,辰道玄冠Ⅴ
EXCHANGE.INI,changed,1553,辰道玄冠Ⅴ,Reward1,31180,31170
EXCHANGE.INI,changed,1542,獵仙飛索Ⅴ,Material1,31124,31114
EXCHANGE.INI,changed,1542,獵仙飛索Ⅴ,Name,渡鴉瞳杖Ⅴ,獵仙飛索Ⅴ
EXCHANGE.INI,changed,1542,獵仙飛索Ⅴ,Reward1,31125,31115
EXCHANGE.INI,changed,1564,寂禪若持Ⅴ,Material1,31234,31224
EXCHANGE.INI,changed,1564,寂禪若持Ⅴ,Name,天衛宙脛Ⅴ,寂禪若持Ⅴ
EXCHANGE.INI,changed,1564,寂禪若持Ⅴ,Reward1,31235,31225
EXCHANGE.INI,changed,825,重力平衡器,Group,38,37
EXCHANGE.INI,changed,825,重力平衡器,Material1Count,10,75
EXCHANGE.INI,changed,825,重力平衡器,Material2Count,30,150
EXCHANGE.INI,changed,825,重力平衡器,Material3Count,30,350
EXCHANGE.INI,changed,825,重力平衡器,Material4Count,30,350
EXCHANGE.INI,changed,825,重力平衡器,Name,梭羅強化配方錦囊,重力平衡器
EXCHANGE.INI,changed,825,重力平衡器,Reward1,31605,31574
EXCHANGE.INI,changed,1790,劍豪旭腕Ⅲ,Material1,30312,30302
EXCHANGE.INI,changed,1790,劍豪旭腕Ⅲ,Name,術凌旭指Ⅲ,劍豪旭腕Ⅲ
EXCHANGE.INI,changed,1790,劍豪旭腕Ⅲ,Reward1,30313,30303
EXCHANGE.INI,changed,1868,拆解：綻虹鳳棒Ⅲ,Material1,30243,30233
EXCHANGE.INI,changed,1868,拆解：綻虹鳳棒Ⅲ,Name,拆解：葬月梟斧Ⅲ,拆解：綻虹鳳棒Ⅲ
EXCHANGE.INI,changed,1321,拆解：天衛宙盔Ⅰ,Material1,31166,31156
EXCHANGE.INI,changed,1321,拆解：天衛宙盔Ⅰ,Name,拆解：辰道玄冠Ⅰ,拆解：天衛宙盔Ⅰ
EXCHANGE.INI,changed,1886,拆解：禪臺旭執Ⅲ,Material1,30333,30323
EXCHANGE.INI,changed,1886,拆解：禪臺旭執Ⅲ,Name,拆解：勇將旭立Ⅲ,拆解：禪臺旭執Ⅲ
EXCHANGE.INI,changed,1848,拆解：七色蓮寶Ⅱ,Group,105,104
EXCHANGE.INI,changed,1848,拆解：七色蓮寶Ⅱ,Material1,30372,30362
EXCHANGE.INI,changed,1848,拆解：七色蓮寶Ⅱ,Name,拆解：狂陽輝冕Ⅱ,拆解：七色蓮寶Ⅱ
EXCHANGE.INI,changed,1848,拆解：七色蓮寶Ⅱ,Reward1,30673,29273
EXCHANGE.INI,changed,1848,拆解：七色蓮寶Ⅱ,Reward1Count,2,11
EXCHANGE.INI,changed,2436,拆解：大帝鎮★★★,Group,144,143
EXCHANGE.INI,changed,2436,拆解：大帝鎮★★★,Material1,29558,29546
EXCHANGE.INI,changed,2436,拆解：大帝鎮★★★,Name,拆解：鬼帝鎧★★★,拆解：大帝鎮★★★
EXCHANGE.INI,changed,2436,拆解：大帝鎮★★★,Reward1,29272,29273
EXCHANGE.INI,changed,2436,拆解：大帝鎮★★★,Reward1Count,30,6
EXCHANGE.INI,changed,678,素還真錦囊禮券,Material1,32165,32163
EXCHANGE.INI,changed,678,素還真錦囊禮券,Name,葉小釵錦囊禮券,素還真錦囊禮券
EXCHANGE.INI,changed,678,素還真錦囊禮券,Reward1,32161,32159
EXCHANGE.INI,changed,2708,聰慧神碑‧舒,Material1Count,475,550
EXCHANGE.INI,changed,2708,聰慧神碑‧舒,Name,豐戒德羅普尼,聰慧神碑‧舒
EXCHANGE.INI,changed,2708,聰慧神碑‧舒,Reward1,28500,29012
EXCHANGE.INI,changed,3218,烈煌兜☆☆,Material1,28847,28841
EXCHANGE.INI,changed,3218,烈煌兜☆☆,Name,燦煌帽☆☆,烈煌兜☆☆
EXCHANGE.INI,changed,3218,烈煌兜☆☆,Reward1,28848,28842
EXCHANGE.INI,changed,2051,河山斧★☆,Group,119,118
EXCHANGE.INI,changed,2051,河山斧★☆,Material1,29404,29392
EXCHANGE.INI,changed,2051,河山斧★☆,Material2Count,2,6
EXCHANGE.INI,changed,2051,河山斧★☆,Name,劍帝冕★☆,河山斧★☆
EXCHANGE.INI,changed,2051,河山斧★☆,Reward1,29405,29393
EXCHANGE.INI,changed,1401,舞星鋁行Ⅲ,Group,76,75
EXCHANGE.INI,changed,1401,舞星鋁行Ⅲ,Material1,31107,31327
EXCHANGE.INI,changed,1401,舞星鋁行Ⅲ,Material1Count,1,3
EXCHANGE.INI,changed,1401,舞星鋁行Ⅲ,Material2,,30673
EXCHANGE.INI,changed,1401,舞星鋁行Ⅲ,Material2Count,,30
EXCHANGE.INI,changed,1401,舞星鋁行Ⅲ,Name,拆解：泰源玉刀Ⅱ,舞星鋁行Ⅲ
EXCHANGE.INI,changed,1401,舞星鋁行Ⅲ,Reward1,29272,31328
EXCHANGE.INI,changed,1401,舞星鋁行Ⅲ,Reward1Count,35,1
EXCHANGE.INI,changed,968,赫菲煉炎錘，消光,Material1,26296,26294
EXCHANGE.INI,changed,968,赫菲煉炎錘，消光,Name,海克力斯盾，消光,赫菲煉炎錘，消光
EXCHANGE.INI,changed,968,赫菲煉炎錘，消光,Reward1,26501,26499
EXCHANGE.INI,changed,1451,塹淵幽柄Ⅳ,Material1,31128,31118
EXCHANGE.INI,changed,1451,塹淵幽柄Ⅳ,Name,羅將烈槍Ⅳ,塹淵幽柄Ⅳ
EXCHANGE.INI,changed,1451,塹淵幽柄Ⅳ,Reward1,31129,31119
EXCHANGE.INI,changed,2813,霹靂葉小釵錦囊,Material1,29274,29272
EXCHANGE.INI,changed,2813,霹靂葉小釵錦囊,Material1Count,3,2
EXCHANGE.INI,changed,3087,拆解：釋星頂★★,Material1,28398,28392
EXCHANGE.INI,changed,3087,拆解：釋星頂★★,Name,拆解：鬥星鎧★★,拆解：釋星頂★★
EXCHANGE.INI,changed,2663,一頁書換韓凱蒂降神,Material1,29653,29652
EXCHANGE.INI,changed,2663,一頁書換韓凱蒂降神,Name,葉小釵換楊鐵降神,一頁書換韓凱蒂降神
EXCHANGE.INI,changed,2663,一頁書換韓凱蒂降神,Reward1,31879,31882
EXCHANGE.INI,changed,1954,君諭刀★,Material1,29361,29349
EXCHANGE.INI,changed,1954,君諭刀★,Name,皇麟扇★,君諭刀★
EXCHANGE.INI,changed,1954,君諭刀★,Reward1,29362,29350
EXCHANGE.INI,changed,2124,拆解：鬼帝臂★,Material1,29572,29560
EXCHANGE.INI,changed,2124,拆解：鬼帝臂★,Name,拆解：黃月巾★,拆解：鬼帝臂★
EXCHANGE.INI,changed,1696,道清旭袍Ⅱ,Material1,30301,30291
EXCHANGE.INI,changed,1696,道清旭袍Ⅱ,Name,劍豪旭腕Ⅱ,道清旭袍Ⅱ
EXCHANGE.INI,changed,1696,道清旭袍Ⅱ,Reward1,30302,30292
EXCHANGE.INI,changed,3273,拆解：烈煌腕☆,Material1,28877,28871
EXCHANGE.INI,changed,3273,拆解：烈煌腕☆,Name,拆解：燦煌掌☆,拆解：烈煌腕☆
EXCHANGE.INI,changed,2740,謙卑集,Name,九鼎太清經,謙卑集
EXCHANGE.INI,changed,2740,謙卑集,Reward1,30969,31572
EXCHANGE.INI,changed,3102,拆解：釋星行★★,Material1,28443,28437
EXCHANGE.INI,changed,3102,拆解：釋星行★★,Name,拆解：星虎披★★,拆解：釋星行★★
EXCHANGE.INI,changed,3156,拆解：煌月巾★★★,Material1,28549,28543
EXCHANGE.INI,changed,3156,拆解：煌月巾★★★,Name,拆解：煌嗚腕★★★,拆解：煌月巾★★★
EXCHANGE.INI,changed,2550,交換夏侯蘭降神,Group,157,156
EXCHANGE.INI,changed,2550,交換夏侯蘭降神,Material1,31893,31827
EXCHANGE.INI,changed,2550,交換夏侯蘭降神,Material1Count,1,2
EXCHANGE.INI,changed,2550,交換夏侯蘭降神,Name,同花大聖鑽交易,交換夏侯蘭降神
EXCHANGE.INI,changed,2550,交換夏侯蘭降神,Reward1,29052,31832
EXCHANGE.INI,changed,2550,交換夏侯蘭降神,Reward1Count,2,1
EXCHANGE.INI,changed,1277,辰道玄冠Ⅱ,Material1,31176,31166
EXCHANGE.INI,changed,1277,辰道玄冠Ⅱ,Name,宇鋒颯衣Ⅱ,辰道玄冠Ⅱ
EXCHANGE.INI,changed,1277,辰道玄冠Ⅱ,Reward1,31177,31167
EXCHANGE.INI,changed,3294,拆解：柳韋足☆,Material1,28978,28972
EXCHANGE.INI,changed,3294,拆解：柳韋足☆,Name,拆解：碧行裟☆,拆解：柳韋足☆
EXCHANGE.INI,changed,1776,綻虹鳳棒Ⅲ,Material1,30242,30232
EXCHANGE.INI,changed,1776,綻虹鳳棒Ⅲ,Name,葬月梟斧Ⅲ,綻虹鳳棒Ⅲ
EXCHANGE.INI,changed,1776,綻虹鳳棒Ⅲ,Reward1,30243,30233
EXCHANGE.INI,changed,2246,道帝袖★★☆,Material1,29496,29484
EXCHANGE.INI,changed,2246,道帝袖★★☆,Name,劍帝履★★☆,道帝袖★★☆
EXCHANGE.INI,changed,2246,道帝袖★★☆,Reward1,29497,29485
EXCHANGE.INI,changed,1463,宇鋒颯衣Ⅳ,Material1,31188,31178
EXCHANGE.INI,changed,1463,宇鋒颯衣Ⅳ,Name,光術旋披Ⅳ,宇鋒颯衣Ⅳ
EXCHANGE.INI,changed,1463,宇鋒颯衣Ⅳ,Reward1,31189,31179
EXCHANGE.INI,changed,680,葉小釵錦囊禮券,Material1,32176,32165
EXCHANGE.INI,changed,680,葉小釵錦囊禮券,Name,蚩呂錦囊禮券,葉小釵錦囊禮券
EXCHANGE.INI,changed,680,葉小釵錦囊禮券,Reward1,32172,32161
EXCHANGE.INI,changed,1808,靜月幕巾Ⅲ,Material1,30402,30392
EXCHANGE.INI,changed,1808,靜月幕巾Ⅲ,Name,靜月帷腕Ⅲ,靜月幕巾Ⅲ
EXCHANGE.INI,changed,1808,靜月幕巾Ⅲ,Reward1,30403,30393
EXCHANGE.INI,changed,2989,拆解：太微棍★,Material1,28373,28367
EXCHANGE.INI,changed,2989,拆解：太微棍★,Name,拆解：瑤月斧★,拆解：太微棍★
EXCHANGE.INI,changed,2190,拆解：幻帝面★☆,Material1,29429,29417
EXCHANGE.INI,changed,2190,拆解：幻帝面★☆,Name,拆解：禪帝頂★☆,拆解：幻帝面★☆
EXCHANGE.INI,changed,3027,拆解：奇星靴★,Group,182,181
EXCHANGE.INI,changed,3027,拆解：奇星靴★,Material1,28353,28559
EXCHANGE.INI,changed,3027,拆解：奇星靴★,Material1Count,3,1
EXCHANGE.INI,changed,3027,拆解：奇星靴★,Material2,27978,
EXCHANGE.INI,changed,3027,拆解：奇星靴★,Material2Count,6,
EXCHANGE.INI,changed,3027,拆解：奇星靴★,Name,流螢斬★★★,拆解：奇星靴★
EXCHANGE.INI,changed,3027,拆解：奇星靴★,Reward1,28354,28634
EXCHANGE.INI,changed,3027,拆解：奇星靴★,Reward1Count,1,9
EXCHANGE.INI,changed,2159,武帝踏★★,Material1,29513,29501
EXCHANGE.INI,changed,2159,武帝踏★★,Name,道帝行★★,武帝踏★★
EXCHANGE.INI,changed,2159,武帝踏★★,Reward1,29514,29502
EXCHANGE.INI,changed,860,正義之劍，開光,Material1,30157,30597
EXCHANGE.INI,changed,860,正義之劍，開光,Name,名刀．河豚毒，消光,正義之劍，開光
EXCHANGE.INI,changed,860,正義之劍，開光,Reward1,30130,30160
EXCHANGE.INI,changed,2464,極．玄宙劍裝錦囊,Name,極．玄宙術裝錦囊,極．玄宙劍裝錦囊
EXCHANGE.INI,changed,2464,極．玄宙劍裝錦囊,Reward1,31368,31366
EXCHANGE.INI,changed,1632,拆解：宮殤別劍Ⅴ,Material1,31115,31105
EXCHANGE.INI,changed,1632,拆解：宮殤別劍Ⅴ,Name,拆解：獵仙飛索Ⅴ,拆解：宮殤別劍Ⅴ
EXCHANGE.INI,changed,2905,進化→遊星箍★,Material1,27659,27657
EXCHANGE.INI,changed,2905,進化→遊星箍★,Name,進化→釋星頂★,進化→遊星箍★
EXCHANGE.INI,changed,2905,進化→遊星箍★,Reward1,28391,28385
EXCHANGE.INI,changed,1194,武魂：莫千千,Name,武魂：姜秀,武魂：莫千千
EXCHANGE.INI,changed,1194,武魂：莫千千,Reward1,30838,30836
EXCHANGE.INI,changed,1594,拆解：方舟舵斧Ⅳ,Group,89,88
EXCHANGE.INI,changed,1594,拆解：方舟舵斧Ⅳ,Material1,31154,31144
EXCHANGE.INI,changed,1594,拆解：方舟舵斧Ⅳ,Name,拆解：宇鋒颺頂Ⅳ,拆解：方舟舵斧Ⅳ
EXCHANGE.INI,changed,1594,拆解：方舟舵斧Ⅳ,Reward1,29273,29272
EXCHANGE.INI,changed,1823,拆解：鵑雪傾錘Ⅱ,Material1,30247,30237
EXCHANGE.INI,changed,1823,拆解：鵑雪傾錘Ⅱ,Name,拆解：鋼鵬衛盾Ⅱ,拆解：鵑雪傾錘Ⅱ
EXCHANGE.INI,changed,909,怪物什長石牌,Group,46,45
EXCHANGE.INI,changed,909,怪物什長石牌,Material1,28776,21400
EXCHANGE.INI,changed,909,怪物什長石牌,Material1Count,1,4
EXCHANGE.INI,changed,909,怪物什長石牌,Material2,28634,
EXCHANGE.INI,changed,909,怪物什長石牌,Material2Count,50,
EXCHANGE.INI,changed,909,怪物什長石牌,Material3,26368,
EXCHANGE.INI,changed,909,怪物什長石牌,Material3Count,200,
EXCHANGE.INI,changed,909,怪物什長石牌,Name,焱劍‧雷瓦汀，開光,怪物什長石牌
EXCHANGE.INI,changed,909,怪物什長石牌,Reward1,28489,21401
EXCHANGE.INI,changed,2936,進化→奇行裟★,Group,176,175
EXCHANGE.INI,changed,2936,進化→奇行裟★,Material1,28349,27775
EXCHANGE.INI,changed,2936,進化→奇行裟★,Material1Count,3,6
EXCHANGE.INI,changed,2936,進化→奇行裟★,Material3,,28634
EXCHANGE.INI,changed,2936,進化→奇行裟★,Material3Count,,9
EXCHANGE.INI,changed,2936,進化→奇行裟★,Name,星守劍★★,進化→奇行裟★
EXCHANGE.INI,changed,2936,進化→奇行裟★,Reward1,28350,28556
EXCHANGE.INI,changed,2399,拆解：黃韋足★★☆,Material1,29605,29593
EXCHANGE.INI,changed,2399,拆解：黃韋足★★☆,Name,拆解：神無袈★★☆,拆解：黃韋足★★☆
EXCHANGE.INI,changed,2387,拆解：禪帝渡★★☆,Material1,29533,29521
EXCHANGE.INI,changed,2387,拆解：禪帝渡★★☆,Name,拆解：羲帝綴★★☆,拆解：禪帝渡★★☆
EXCHANGE.INI,changed,1837,拆解：勇將旭掌Ⅱ,Material1,30317,30307
EXCHANGE.INI,changed,1837,拆解：勇將旭掌Ⅱ,Name,拆解：道清旭袖Ⅱ,拆解：勇將旭掌Ⅱ
EXCHANGE.INI,changed,686,真玄劍裝錦囊禮券,Material1,31875,31873
EXCHANGE.INI,changed,686,真玄劍裝錦囊禮券,Name,真玄術裝錦囊禮券,真玄劍裝錦囊禮券
EXCHANGE.INI,changed,686,真玄劍裝錦囊禮券,Reward1,31346,31344
EXCHANGE.INI,changed,1840,拆解：禪臺旭執Ⅱ,Material1,30332,30322
EXCHANGE.INI,changed,1840,拆解：禪臺旭執Ⅱ,Name,拆解：勇將旭立Ⅱ,拆解：禪臺旭執Ⅱ
EXCHANGE.INI,changed,3275,拆解：燦煌掌☆,Material1,28883,28877
EXCHANGE.INI,changed,3275,拆解：燦煌掌☆,Name,拆解：佛煌纏☆,拆解：燦煌掌☆
EXCHANGE.INI,changed,1009,商紂暴政斧，消光,Material1,29014,29662
EXCHANGE.INI,changed,1009,商紂暴政斧，消光,Material2Count,150,200
EXCHANGE.INI,changed,1009,商紂暴政斧，消光,Material3Count,600,200
EXCHANGE.INI,changed,1009,商紂暴政斧，消光,Name,歿劍迪‧亞特，開光,商紂暴政斧，消光
EXCHANGE.INI,changed,1009,商紂暴政斧，消光,Reward1,29001,29672
EXCHANGE.INI,changed,960,海克力斯盾，開光,Material1,26288,26501
EXCHANGE.INI,changed,960,海克力斯盾，開光,Name,波塞頓聖刀，消光,海克力斯盾，開光
EXCHANGE.INI,changed,960,海克力斯盾，開光,Reward1,26493,26296
EXCHANGE.INI,changed,1183,神．旭品武防綢袋,Group,61,60
EXCHANGE.INI,changed,1183,神．旭品武防綢袋,Material1,31482,31481
EXCHANGE.INI,changed,1183,神．旭品武防綢袋,Material1Count,1500,150
EXCHANGE.INI,changed,1183,神．旭品武防綢袋,Name,方舟翼虎禮券,神．旭品武防綢袋
EXCHANGE.INI,changed,1183,神．旭品武防綢袋,Reward1,31585,30470
EXCHANGE.INI,changed,1369,辰道玄冠Ⅲ,Material1,31177,31167
EXCHANGE.INI,changed,1369,辰道玄冠Ⅲ,Name,宇鋒颯衣Ⅲ,辰道玄冠Ⅲ
EXCHANGE.INI,changed,1369,辰道玄冠Ⅲ,Reward1,31178,31168
EXCHANGE.INI,changed,2779,千年一擊,Name,無聲之狂,千年一擊
EXCHANGE.INI,changed,2779,千年一擊,Reward1,29634,29632
EXCHANGE.INI,changed,1096,拆解：新星之火魄刀,Material1,27244,27236
EXCHANGE.INI,changed,1096,拆解：新星之火魄刀,Name,拆解：新星之露霜絲,拆解：新星之火魄刀
EXCHANGE.INI,changed,2080,鬼帝道★☆,Material1,29578,29566
EXCHANGE.INI,changed,2080,鬼帝道★☆,Name,黃天衣★☆,鬼帝道★☆
EXCHANGE.INI,changed,2080,鬼帝道★☆,Reward1,29579,29567
EXCHANGE.INI,changed,2178,拆解：帝詔劍★☆,Material1,29357,29345
EXCHANGE.INI,changed,2178,拆解：帝詔劍★☆,Name,拆解：龍掣爪★☆,拆解：帝詔劍★☆
EXCHANGE.INI,changed,2173,黃鳴腕★★,Material1,29597,29585
EXCHANGE.INI,changed,2173,黃鳴腕★★,Name,皇影甲★★,黃鳴腕★★
EXCHANGE.INI,changed,2173,黃鳴腕★★,Reward1,29598,29586
EXCHANGE.INI,changed,3051,星蹤手★★★,Material1,28425,28419
EXCHANGE.INI,changed,3051,星蹤手★★★,Name,星鋒靴★★★,星蹤手★★★
EXCHANGE.INI,changed,3051,星蹤手★★★,Reward1,28426,28420
EXCHANGE.INI,changed,2163,宇帝珮★★,Material1,29537,29525
EXCHANGE.INI,changed,2163,宇帝珮★★,Name,慧帝戒★★,宇帝珮★★
EXCHANGE.INI,changed,2163,宇帝珮★★,Reward1,29538,29526
EXCHANGE.INI,changed,736,神帝術裝錦囊禮券,Material1,30667,30665
EXCHANGE.INI,changed,736,神帝術裝錦囊禮券,Name,神帝僧裝錦囊禮券,神帝術裝錦囊禮券
EXCHANGE.INI,changed,736,神帝術裝錦囊禮券,Reward1,29338,29336
EXCHANGE.INI,changed,1682,明露鴻杖Ⅱ,Material1,30231,30221
EXCHANGE.INI,changed,1682,明露鴻杖Ⅱ,Name,綻虹鳳棒Ⅱ,明露鴻杖Ⅱ
EXCHANGE.INI,changed,1682,明露鴻杖Ⅱ,Reward1,30232,30222
EXCHANGE.INI,changed,1894,拆解：七色蓮寶Ⅲ,Group,108,107
EXCHANGE.INI,changed,1894,拆解：七色蓮寶Ⅲ,Material1,30373,30363
EXCHANGE.INI,changed,1894,拆解：七色蓮寶Ⅲ,Name,拆解：狂陽輝冕Ⅲ,拆解：七色蓮寶Ⅲ
EXCHANGE.INI,changed,1894,拆解：七色蓮寶Ⅲ,Reward1,30673,29273
EXCHANGE.INI,changed,1894,拆解：七色蓮寶Ⅲ,Reward1Count,3,13
EXCHANGE.INI,changed,2029,拆解：羲帝綴☆,Material1,29541,29529
EXCHANGE.INI,changed,2029,拆解：羲帝綴☆,Name,拆解：大帝鎮☆,拆解：羲帝綴☆
EXCHANGE.INI,changed,2266,神無袈★★☆,Group,133,132
EXCHANGE.INI,changed,2266,神無袈★★☆,Material1,29346,29604
EXCHANGE.INI,changed,2266,神無袈★★☆,Material1Count,1,3
EXCHANGE.INI,changed,2266,神無袈★★☆,Material2,,29272
EXCHANGE.INI,changed,2266,神無袈★★☆,Material2Count,,50
EXCHANGE.INI,changed,2266,神無袈★★☆,Name,拆解：帝詔劍★★,神無袈★★☆
EXCHANGE.INI,changed,2266,神無袈★★☆,Reward1,29273,29605
EXCHANGE.INI,changed,2266,神無袈★★☆,Reward1Count,10,1
EXCHANGE.INI,changed,1314,拆解：渡鴉瞳杖Ⅰ,Material1,31131,31121
EXCHANGE.INI,changed,1314,拆解：渡鴉瞳杖Ⅰ,Name,拆解：血腥屠夫Ⅰ,拆解：渡鴉瞳杖Ⅰ
EXCHANGE.INI,changed,3251,碧行裟☆☆,Group,197,196
EXCHANGE.INI,changed,3251,碧行裟☆☆,Material1,28811,28978
EXCHANGE.INI,changed,3251,碧行裟☆☆,Material1Count,1,3
EXCHANGE.INI,changed,3251,碧行裟☆☆,Material2,,29053
EXCHANGE.INI,changed,3251,碧行裟☆☆,Material2Count,,18
EXCHANGE.INI,changed,3251,碧行裟☆☆,Name,拆解：北冕劍☆,碧行裟☆☆
EXCHANGE.INI,changed,3251,碧行裟☆☆,Reward1,29053,28979
EXCHANGE.INI,changed,3251,碧行裟☆☆,Reward1Count,3,1
EXCHANGE.INI,changed,893,修羅鬼輪,Name,如來法螺,修羅鬼輪
EXCHANGE.INI,changed,893,修羅鬼輪,Reward1,21597,20979
EXCHANGE.INI,changed,1165,超．玄宙術裝錦囊,Name,超．玄宙僧裝錦囊,超．玄宙術裝錦囊
EXCHANGE.INI,changed,1165,超．玄宙術裝錦囊,Reward1,31359,31357
EXCHANGE.INI,changed,1393,騰陽巍立Ⅲ,Material1,31297,31287
EXCHANGE.INI,changed,1393,騰陽巍立Ⅲ,Name,凜月霜襟Ⅲ,騰陽巍立Ⅲ
EXCHANGE.INI,changed,1393,騰陽巍立Ⅲ,Reward1,31298,31288
EXCHANGE.INI,changed,3242,鬼兇冠☆☆,Material1,28957,28951
EXCHANGE.INI,changed,3242,鬼兇冠☆☆,Name,鬼兇手☆☆,鬼兇冠☆☆
EXCHANGE.INI,changed,3242,鬼兇冠☆☆,Reward1,28958,28952
EXCHANGE.INI,changed,676,江小魚錦囊禮券,Material1,32163,32844
EXCHANGE.INI,changed,676,江小魚錦囊禮券,Name,素還真錦囊禮券,江小魚錦囊禮券
EXCHANGE.INI,changed,676,江小魚錦囊禮券,Reward1,32159,32837
EXCHANGE.INI,changed,1762,拆解：靜月幕巾Ⅰ,Material1,30401,30391
EXCHANGE.INI,changed,1762,拆解：靜月幕巾Ⅰ,Name,拆解：靜月帷腕Ⅰ,拆解：靜月幕巾Ⅰ
EXCHANGE.INI,changed,2463,極．玄宙神兵寶箱,Material1Count,600,750
EXCHANGE.INI,changed,2463,極．玄宙神兵寶箱,Name,極．玄宙勇裝錦囊,極．玄宙神兵寶箱
EXCHANGE.INI,changed,2463,極．玄宙神兵寶箱,Reward1,31367,31365
EXCHANGE.INI,changed,2767,彩虹莫西多,Material2,32826,32822
EXCHANGE.INI,changed,2767,彩虹莫西多,Material2Count,20,10
EXCHANGE.INI,changed,2767,彩虹莫西多,Material3,32823,32824
EXCHANGE.INI,changed,2767,彩虹莫西多,Material3Count,10,7
EXCHANGE.INI,changed,2767,彩虹莫西多,Material4,32822,32825
EXCHANGE.INI,changed,2767,彩虹莫西多,Material4Count,10,7
EXCHANGE.INI,changed,2767,彩虹莫西多,Name,爵士波霸冰,彩虹莫西多
EXCHANGE.INI,changed,2767,彩虹莫西多,Reward1,32831,32829
EXCHANGE.INI,changed,945,瀛洲仙華杖，消光,Material1,26790,26788
EXCHANGE.INI,changed,945,瀛洲仙華杖，消光,Name,四海蓬萊棍，消光,瀛洲仙華杖，消光
EXCHANGE.INI,changed,945,瀛洲仙華杖，消光,Reward1,26964,26962
EXCHANGE.INI,changed,810,拆解：觀宇虛天鏡,Material1,30931,31474
EXCHANGE.INI,changed,810,拆解：觀宇虛天鏡,Name,拆解：顛夢虛幻抄,拆解：觀宇虛天鏡
EXCHANGE.INI,changed,998,莽王新朝錘，開光,Material1,29673,29671
EXCHANGE.INI,changed,998,莽王新朝錘，開光,Name,蘭陵破陣盾，開光,莽王新朝錘，開光
EXCHANGE.INI,changed,998,莽王新朝錘，開光,Reward1,29663,29661
EXCHANGE.INI,changed,2822,三恆曌世,Material1,29631,29629
EXCHANGE.INI,changed,2822,三恆曌世,Name,斬魔錄拂塵,三恆曌世
EXCHANGE.INI,changed,1686,葬月梟斧Ⅱ,Group,95,94
EXCHANGE.INI,changed,1686,葬月梟斧Ⅱ,Material1,30251,30241
EXCHANGE.INI,changed,1686,葬月梟斧Ⅱ,Material2Count,10,35
EXCHANGE.INI,changed,1686,葬月梟斧Ⅱ,Name,劍豪旭冠Ⅱ,葬月梟斧Ⅱ
EXCHANGE.INI,changed,1686,葬月梟斧Ⅱ,Reward1,30252,30242
EXCHANGE.INI,changed,1697,禪臺旭袈Ⅱ,Material1,30306,30296
EXCHANGE.INI,changed,1697,禪臺旭袈Ⅱ,Name,勇將旭掌Ⅱ,禪臺旭袈Ⅱ
EXCHANGE.INI,changed,1697,禪臺旭袈Ⅱ,Reward1,30307,30297
EXCHANGE.INI,changed,2755,尋奇鍊‧洪荒,Material1Count,600,700
EXCHANGE.INI,changed,2755,尋奇鍊‧洪荒,Name,御月常羲鍊,尋奇鍊‧洪荒
EXCHANGE.INI,changed,2755,尋奇鍊‧洪荒,Reward1,28005,28163
EXCHANGE.INI,changed,1959,傾城棍★,Material1,29391,29379
EXCHANGE.INI,changed,1959,傾城棍★,Name,河山斧★,傾城棍★
EXCHANGE.INI,changed,1959,傾城棍★,Reward1,29392,29380
EXCHANGE.INI,changed,2625,唐布衣錦囊禮券,Name,龍湘錦囊禮券,唐布衣錦囊禮券
EXCHANGE.INI,changed,2625,唐布衣錦囊禮券,Reward1,31736,31732
EXCHANGE.INI,changed,3349,拆解：市樓棍☆☆,Material1,28836,28830
EXCHANGE.INI,changed,3349,拆解：市樓棍☆☆,Name,拆解：帛度斧☆☆,拆解：市樓棍☆☆
EXCHANGE.INI,changed,3438,活魚三獻餚,Material1Count,2,1
EXCHANGE.INI,changed,3438,活魚三獻餚,Name,香酥烤燒餅,活魚三獻餚
EXCHANGE.INI,changed,3438,活魚三獻餚,Reward1,31589,31415
EXCHANGE.INI,changed,3400,拆解：燦煌帽☆☆☆,Material1,28855,28849
EXCHANGE.INI,changed,3400,拆解：燦煌帽☆☆☆,Name,拆解：佛煌頂☆☆☆,拆解：燦煌帽☆☆☆
EXCHANGE.INI,changed,2259,鬼帝臂★★☆,Material1,29574,29562
EXCHANGE.INI,changed,2259,鬼帝臂★★☆,Name,黃月巾★★☆,鬼帝臂★★☆
EXCHANGE.INI,changed,2259,鬼帝臂★★☆,Reward1,29575,29563
EXCHANGE.INI,changed,2254,羲帝綴★★☆,Material1,29544,29532
EXCHANGE.INI,changed,2254,羲帝綴★★☆,Name,大帝鎮★★☆,羲帝綴★★☆
EXCHANGE.INI,changed,2254,羲帝綴★★☆,Reward1,29545,29533
EXCHANGE.INI,changed,1214,旭品武防綢袋,Group,65,64
EXCHANGE.INI,changed,1214,旭品武防綢袋,Material1Count,500,60
EXCHANGE.INI,changed,1214,旭品武防綢袋,Material2Count,500,60
EXCHANGE.INI,changed,1214,旭品武防綢袋,Material3Count,500,60
EXCHANGE.INI,changed,1214,旭品武防綢袋,Material4Count,50,6
EXCHANGE.INI,changed,1214,旭品武防綢袋,Name,玄宙武防盛袋,旭品武防綢袋
EXCHANGE.INI,changed,1214,旭品武防綢袋,Reward1,31331,30426
EXCHANGE.INI,changed,1408,拆解：血腥屠夫Ⅱ,Material1,31142,31132
EXCHANGE.INI,changed,1408,拆解：血腥屠夫Ⅱ,Name,拆解：方舟舵斧Ⅱ,拆解：血腥屠夫Ⅱ
EXCHANGE.INI,changed,2566,秘笈：很是用力踢,Name,秘笈：玄玄如意指,秘笈：很是用力踢
EXCHANGE.INI,changed,2566,秘笈：很是用力踢,Reward1,31820,31818
EXCHANGE.INI,changed,2645,活俠龍湘錦囊,Material1,29272,29274
EXCHANGE.INI,changed,2645,活俠龍湘錦囊,Material1Count,2,3
EXCHANGE.INI,changed,2645,活俠龍湘錦囊,Name,活俠虞小梅錦囊,活俠龍湘錦囊
EXCHANGE.INI,changed,2645,活俠龍湘錦囊,Reward1,31728,31730
EXCHANGE.INI,changed,832,滄耳刀，開光,Material1,29620,29618
EXCHANGE.INI,changed,832,滄耳刀，開光,Name,三恆曌世，開光,滄耳刀，開光
EXCHANGE.INI,changed,832,滄耳刀，開光,Reward1,29629,29627
EXCHANGE.INI,changed,1741,拆解：術凌旭服Ⅰ,Material1,30296,30286
EXCHANGE.INI,changed,1741,拆解：術凌旭服Ⅰ,Name,拆解：禪臺旭袈Ⅰ,拆解：術凌旭服Ⅰ
EXCHANGE.INI,changed,2747,赫居新羅結,Material1Count,900,1000
EXCHANGE.INI,changed,2747,赫居新羅結,Name,沛邦風雲旨,赫居新羅結
EXCHANGE.INI,changed,2747,赫居新羅結,Reward1,29677,29936
EXCHANGE.INI,changed,3302,列肆杖☆☆☆,Material1,28830,28824
EXCHANGE.INI,changed,3302,列肆杖☆☆☆,Name,市樓棍☆☆☆,列肆杖☆☆☆
EXCHANGE.INI,changed,3302,列肆杖☆☆☆,Reward1,28831,28825
EXCHANGE.INI,changed,2114,拆解：武帝踏★,Material1,29512,29500
EXCHANGE.INI,changed,2114,拆解：武帝踏★,Name,拆解：道帝行★,拆解：武帝踏★
EXCHANGE.INI,changed,3338,柳嗚腕☆☆☆,Material1,28976,28970
EXCHANGE.INI,changed,3338,柳嗚腕☆☆☆,Name,碧隱甲☆☆☆,柳嗚腕☆☆☆
EXCHANGE.INI,changed,3338,柳嗚腕☆☆☆,Reward1,28977,28971
EXCHANGE.INI,changed,2628,虞小梅錦囊禮券,Material1,30673,29776
EXCHANGE.INI,changed,2628,虞小梅錦囊禮券,Name,趙活錦囊禮券,虞小梅錦囊禮券
EXCHANGE.INI,changed,2628,虞小梅錦囊禮券,Reward1,31731,31734
EXCHANGE.INI,changed,1966,道帝簪★,Material1,29433,29421
EXCHANGE.INI,changed,1966,道帝簪★,Name,劍帝服★,道帝簪★
EXCHANGE.INI,changed,1966,道帝簪★,Reward1,29434,29422
EXCHANGE.INI,changed,2180,拆解：龍掣爪★☆,Material1,29369,29357
EXCHANGE.INI,changed,2180,拆解：龍掣爪★☆,Name,拆解：御天杖★☆,拆解：龍掣爪★☆
EXCHANGE.INI,changed,2742,九鼎太清經,Material1Count,1000,1200
EXCHANGE.INI,changed,2742,九鼎太清經,Name,神淵風息瓠,九鼎太清經
EXCHANGE.INI,changed,2742,九鼎太清經,Reward1,30608,30969
EXCHANGE.INI,changed,2893,進化→星守劍★,Material1,27611,27603
EXCHANGE.INI,changed,2893,進化→星守劍★,Name,進化→瞬光劃★,進化→星守劍★
EXCHANGE.INI,changed,2893,進化→星守劍★,Reward1,28355,28349
EXCHANGE.INI,changed,3375,拆解：風煌珠☆☆,Group,205,204
EXCHANGE.INI,changed,3375,拆解：風煌珠☆☆,Material1,28952,28908
EXCHANGE.INI,changed,3375,拆解：風煌珠☆☆,Name,拆解：鬼兇冠☆☆,拆解：風煌珠☆☆
EXCHANGE.INI,changed,3375,拆解：風煌珠☆☆,Reward1Count,18,2
EXCHANGE.INI,changed,1585,舞星鋁行Ⅴ,Group,88,87
EXCHANGE.INI,changed,1585,舞星鋁行Ⅴ,Material1,31109,31329
EXCHANGE.INI,changed,1585,舞星鋁行Ⅴ,Material1Count,1,3
EXCHANGE.INI,changed,1585,舞星鋁行Ⅴ,Material2,,30673
EXCHANGE.INI,changed,1585,舞星鋁行Ⅴ,Material2Count,,50
EXCHANGE.INI,changed,1585,舞星鋁行Ⅴ,Name,拆解：泰源玉刀Ⅳ,舞星鋁行Ⅴ
EXCHANGE.INI,changed,1585,舞星鋁行Ⅴ,Reward1,29272,31330
EXCHANGE.INI,changed,1585,舞星鋁行Ⅴ,Reward1Count,45,1
EXCHANGE.INI,changed,1115,拆解：新星之劍英腕,Material1,27321,27319
EXCHANGE.INI,changed,1115,拆解：新星之劍英腕,Name,拆解：新星之術潛指,拆解：新星之劍英腕
EXCHANGE.INI,changed,1248,真拉薩戰符,Material1,24946,27387
EXCHANGE.INI,changed,1248,真拉薩戰符,Name,大劍仙戰符,真拉薩戰符
EXCHANGE.INI,changed,1248,真拉薩戰符,Reward1,24393,26974
EXCHANGE.INI,changed,2229,傾城棍★★☆,Material1,29394,29382
EXCHANGE.INI,changed,2229,傾城棍★★☆,Name,河山斧★★☆,傾城棍★★☆
EXCHANGE.INI,changed,2229,傾城棍★★☆,Reward1,29395,29383
EXCHANGE.INI,changed,1753,拆解：禪臺旭足Ⅰ,Material1,30356,30346
EXCHANGE.INI,changed,1753,拆解：禪臺旭足Ⅰ,Name,拆解：紫雨璃戒Ⅰ,拆解：禪臺旭足Ⅰ
EXCHANGE.INI,changed,3081,拆解：瑤月斧★★,Group,186,185
EXCHANGE.INI,changed,3081,拆解：瑤月斧★★,Material1,28380,28374
EXCHANGE.INI,changed,3081,拆解：瑤月斧★★,Name,拆解：星鋒冠★★,拆解：瑤月斧★★
EXCHANGE.INI,changed,3081,拆解：瑤月斧★★,Reward1Count,2,6
EXCHANGE.INI,changed,2405,拆解：龍掣爪★★★,Material1,29372,29360
EXCHANGE.INI,changed,2405,拆解：龍掣爪★★★,Name,拆解：御天杖★★★,拆解：龍掣爪★★★
EXCHANGE.INI,changed,1011,歿劍迪‧亞特，開光,Material1,29016,29014
EXCHANGE.INI,changed,1011,歿劍迪‧亞特，開光,Name,戰鋒柏‧賽特，開光,歿劍迪‧亞特，開光
EXCHANGE.INI,changed,1011,歿劍迪‧亞特，開光,Reward1,29003,29001
EXCHANGE.INI,changed,2448,恆山仙重鎮,Limit,1,3
EXCHANGE.INI,changed,2448,恆山仙重鎮,Material1Count,75,255
EXCHANGE.INI,changed,2448,恆山仙重鎮,Material2,27978,29272
EXCHANGE.INI,changed,2448,恆山仙重鎮,Material2Count,150,1500
EXCHANGE.INI,changed,2448,恆山仙重鎮,Material3,29052,29273
EXCHANGE.INI,changed,2448,恆山仙重鎮,Material3Count,350,2500
EXCHANGE.INI,changed,2448,恆山仙重鎮,Material4,29274,29271
EXCHANGE.INI,changed,2448,恆山仙重鎮,Material4Count,350,150
EXCHANGE.INI,changed,2448,恆山仙重鎮,Material5,,29052
EXCHANGE.INI,changed,2448,恆山仙重鎮,Material5Count,,500
EXCHANGE.INI,changed,2448,恆山仙重鎮,Name,古劍〔干將〕,恆山仙重鎮
EXCHANGE.INI,changed,2448,恆山仙重鎮,Reward1,31552,31617
EXCHANGE.INI,changed,742,晶封紀元裂片,Group,36,35
EXCHANGE.INI,changed,742,晶封紀元裂片,Material1,31574,27189
EXCHANGE.INI,changed,742,晶封紀元裂片,Material2,,31588
EXCHANGE.INI,changed,742,晶封紀元裂片,Material2Count,,1
EXCHANGE.INI,changed,742,晶封紀元裂片,Name,拆解：重力平衡器,晶封紀元裂片
EXCHANGE.INI,changed,742,晶封紀元裂片,Reward1,29274,31611
EXCHANGE.INI,changed,742,晶封紀元裂片,Reward1Count,30,1
EXCHANGE.INI,changed,1185,方舟翼虎禮券,Material1Count,150,1500
EXCHANGE.INI,changed,1185,方舟翼虎禮券,Name,六宇仙器配方錦囊,方舟翼虎禮券
EXCHANGE.INI,changed,1185,方舟翼虎禮券,Reward1,31444,31585
EXCHANGE.INI,changed,2272,拆解：御天杖★★,Material1,29382,29370
EXCHANGE.INI,changed,2272,拆解：御天杖★★,Name,拆解：傾城棍★★,拆解：御天杖★★
EXCHANGE.INI,changed,2490,極．玄宙僧裝錦囊,Material1Count,800,900
EXCHANGE.INI,changed,2490,極．玄宙僧裝錦囊,Name,超．玄宙神兵寶箱,極．玄宙僧裝錦囊
EXCHANGE.INI,changed,2490,極．玄宙僧裝錦囊,Reward1,31354,31370
EXCHANGE.INI,changed,1771,璇蟬鳴刀Ⅲ,Material1,30217,30207
EXCHANGE.INI,changed,1771,璇蟬鳴刀Ⅲ,Name,絃霧靈拂Ⅲ,璇蟬鳴刀Ⅲ
EXCHANGE.INI,changed,1771,璇蟬鳴刀Ⅲ,Reward1,30218,30208
EXCHANGE.INI,changed,2553,工坊速成軸交易,Group,158,157
EXCHANGE.INI,changed,2553,工坊速成軸交易,Material1,31739,31893
EXCHANGE.INI,changed,2553,工坊速成軸交易,Material1Count,145,1
EXCHANGE.INI,changed,2553,工坊速成軸交易,Name,唐布衣封魂晶,工坊速成軸交易
EXCHANGE.INI,changed,2553,工坊速成軸交易,Reward1,31812,30658
EXCHANGE.INI,changed,2553,工坊速成軸交易,Reward1Count,1,3
EXCHANGE.INI,changed,2321,河山斧★★★,Group,137,136
EXCHANGE.INI,changed,2321,河山斧★★★,Material1,29407,29395
EXCHANGE.INI,changed,2321,河山斧★★★,Material2Count,6,20
EXCHANGE.INI,changed,2321,河山斧★★★,Name,劍帝冕★★★,河山斧★★★
EXCHANGE.INI,changed,2321,河山斧★★★,Reward1,29408,29396
EXCHANGE.INI,changed,2408,拆解：權霸槍★★★,Material1,29390,29378
EXCHANGE.INI,changed,2408,拆解：權霸槍★★★,Name,拆解：界王錘★★★,拆解：權霸槍★★★
EXCHANGE.INI,changed,1723,宿星閃靴Ⅱ,Group,97,96
EXCHANGE.INI,changed,1723,宿星閃靴Ⅱ,Material1,30206,30601
EXCHANGE.INI,changed,1723,宿星閃靴Ⅱ,Material1Count,1,3
EXCHANGE.INI,changed,1723,宿星閃靴Ⅱ,Material2,,30673
EXCHANGE.INI,changed,1723,宿星閃靴Ⅱ,Material2Count,,3
EXCHANGE.INI,changed,1723,宿星閃靴Ⅱ,Name,拆解：璇蟬鳴刀Ⅰ,宿星閃靴Ⅱ
EXCHANGE.INI,changed,1723,宿星閃靴Ⅱ,Reward1,29272,30602
EXCHANGE.INI,changed,1723,宿星閃靴Ⅱ,Reward1Count,9,1
EXCHANGE.INI,changed,1419,拆解：光術旋披Ⅱ,Material1,31197,31187
EXCHANGE.INI,changed,1419,拆解：光術旋披Ⅱ,Name,拆解：寂禪鎏裟Ⅱ,拆解：光術旋披Ⅱ
EXCHANGE.INI,changed,3183,進化→烈煌腕☆,Material1,28417,28411
EXCHANGE.INI,changed,3183,進化→烈煌腕☆,Name,進化→燦煌掌☆,進化→烈煌腕☆
EXCHANGE.INI,changed,3183,進化→烈煌腕☆,Reward1,28877,28871
EXCHANGE.INI,changed,3431,拆解：碧行裟☆☆☆,Group,209,208
EXCHANGE.INI,changed,3431,拆解：碧行裟☆☆☆,Material1,32879,28980
EXCHANGE.INI,changed,3431,拆解：碧行裟☆☆☆,Name,醬汁燒臘飯,拆解：碧行裟☆☆☆
EXCHANGE.INI,changed,3431,拆解：碧行裟☆☆☆,Reward1,31722,29053
EXCHANGE.INI,changed,3431,拆解：碧行裟☆☆☆,Reward1Count,30,27
EXCHANGE.INI,changed,3325,燦煌足☆☆☆,Material1,28899,28893
EXCHANGE.INI,changed,3325,燦煌足☆☆☆,Name,佛煌行☆☆☆,燦煌足☆☆☆
EXCHANGE.INI,changed,3325,燦煌足☆☆☆,Reward1,28900,28894
EXCHANGE.INI,changed,2855,武魂：葉小釵,Material1,29627,23072
EXCHANGE.INI,changed,2855,武魂：葉小釵,Name,滄耳刀,武魂：葉小釵
EXCHANGE.INI,changed,2855,武魂：葉小釵,Reward1Count,6,12
EXCHANGE.INI,changed,3304,市樓棍☆☆☆,Material1,28836,28830
EXCHANGE.INI,changed,3304,市樓棍☆☆☆,Name,帛度斧☆☆☆,市樓棍☆☆☆
EXCHANGE.INI,changed,3304,市樓棍☆☆☆,Reward1,28837,28831
EXCHANGE.INI,changed,2524,銀濤御膳,Group,155,153
EXCHANGE.INI,changed,2524,銀濤御膳,Material1,31746,31808
EXCHANGE.INI,changed,2524,銀濤御膳,Material1Count,1,20
EXCHANGE.INI,changed,2524,銀濤御膳,Name,趙活封魂晶,銀濤御膳
EXCHANGE.INI,changed,2524,銀濤御膳,Reward1,31811,31807
EXCHANGE.INI,changed,1439,拆解：騰陽巍立Ⅱ,Material1,31297,31287
EXCHANGE.INI,changed,1439,拆解：騰陽巍立Ⅱ,Name,拆解：凜月霜襟Ⅱ,拆解：騰陽巍立Ⅱ
EXCHANGE.INI,changed,2381,拆解：道帝袖★★☆,Material1,29497,29485
EXCHANGE.INI,changed,2381,拆解：道帝袖★★☆,Name,拆解：劍帝履★★☆,拆解：道帝袖★★☆
EXCHANGE.INI,changed,2534,武魂：魔化黃帝,Name,武魂：姬風,武魂：魔化黃帝
EXCHANGE.INI,changed,2534,武魂：魔化黃帝,Reward1,30837,30839
EXCHANGE.INI,changed,1404,拆解：獵仙飛索Ⅱ,Material1,31122,31112
EXCHANGE.INI,changed,1404,拆解：獵仙飛索Ⅱ,Name,拆解：渡鴉瞳杖Ⅱ,拆解：獵仙飛索Ⅱ
EXCHANGE.INI,changed,3221,道煌面☆☆,Material1,28856,28850
EXCHANGE.INI,changed,3221,道煌面☆☆,Name,烈煌冑☆☆,道煌面☆☆
EXCHANGE.INI,changed,3221,道煌面☆☆,Reward1,28857,28851
EXCHANGE.INI,changed,821,星光引導者,Name,修羅夜叉戟,星光引導者
EXCHANGE.INI,changed,821,星光引導者,Reward1,31557,31555
EXCHANGE.INI,changed,2009,拆解：武帝盔☆,Material1,29421,29409
EXCHANGE.INI,changed,2009,拆解：武帝盔☆,Name,拆解：道帝簪☆,拆解：武帝盔☆
EXCHANGE.INI,changed,2010,拆解：幻帝面☆,Material1,29427,29415
EXCHANGE.INI,changed,2010,拆解：幻帝面☆,Name,拆解：禪帝頂☆,拆解：幻帝面☆
EXCHANGE.INI,changed,1302,凜月冪巾Ⅱ,Material1,31301,31291
EXCHANGE.INI,changed,1302,凜月冪巾Ⅱ,Name,凜月影束Ⅱ,凜月冪巾Ⅱ
EXCHANGE.INI,changed,1302,凜月冪巾Ⅱ,Reward1,31302,31292
EXCHANGE.INI,changed,2867,長柄滄耳刀（消光）,Material1,29621,29619
EXCHANGE.INI,changed,2867,長柄滄耳刀（消光）,Name,如是我斬（消光）,長柄滄耳刀（消光）
EXCHANGE.INI,changed,750,拆解：丹田仙引芯,Material1,29955,30972
EXCHANGE.INI,changed,750,拆解：丹田仙引芯,Name,拆解：秋夕仙嘉鏡,拆解：丹田仙引芯
EXCHANGE.INI,changed,750,拆解：丹田仙引芯,Reward1Count,10,20
EXCHANGE.INI,changed,2777,如是我斬,Name,千年一擊,如是我斬
EXCHANGE.INI,changed,2777,如是我斬,Reward1,29632,29630
EXCHANGE.INI,changed,1332,拆解：光術快手Ⅰ,Material1,31221,31211
EXCHANGE.INI,changed,1332,拆解：光術快手Ⅰ,Name,拆解：寂禪若持Ⅰ,拆解：光術快手Ⅰ
EXCHANGE.INI,changed,2951,星蹤綸★★,Material1,28394,28388
EXCHANGE.INI,changed,2951,星蹤綸★★,Name,星鋒冑★★,星蹤綸★★
EXCHANGE.INI,changed,2951,星蹤綸★★,Reward1,28395,28389
EXCHANGE.INI,changed,2301,拆解：大帝鎮★★,Group,135,134
EXCHANGE.INI,changed,2301,拆解：大帝鎮★★,Material1,29556,29544
EXCHANGE.INI,changed,2301,拆解：大帝鎮★★,Name,拆解：鬼帝鎧★★,拆解：大帝鎮★★
EXCHANGE.INI,changed,2301,拆解：大帝鎮★★,Reward1,29272,29273
EXCHANGE.INI,changed,2301,拆解：大帝鎮★★,Reward1Count,20,4
EXCHANGE.INI,changed,3292,拆解：柳天衣☆,Material1,28972,28966
EXCHANGE.INI,changed,3292,拆解：柳天衣☆,Name,拆解：柳韋足☆,拆解：柳天衣☆
EXCHANGE.INI,changed,3217,天紀盾☆☆,Group,195,194
EXCHANGE.INI,changed,3217,天紀盾☆☆,Material1,28844,28838
EXCHANGE.INI,changed,3217,天紀盾☆☆,Material2Count,1,3
EXCHANGE.INI,changed,3217,天紀盾☆☆,Name,戰煌盔☆☆,天紀盾☆☆
EXCHANGE.INI,changed,3217,天紀盾☆☆,Reward1,28845,28839
EXCHANGE.INI,changed,729,超玉道裝錦囊禮券,Material1,30661,30992
EXCHANGE.INI,changed,729,超玉道裝錦囊禮券,Name,旭品武防綢袋禮券,超玉道裝錦囊禮券
EXCHANGE.INI,changed,729,超玉道裝錦囊禮券,Reward1,30426,30453
EXCHANGE.INI,changed,2834,千年一擊（消光）,Material1,29625,29623
EXCHANGE.INI,changed,2834,千年一擊（消光）,Name,無聲之狂（消光）,千年一擊（消光）
EXCHANGE.INI,changed,2588,奇異霸龍禮券,Group,160,159
EXCHANGE.INI,changed,2588,奇異霸龍禮券,Material1Count,20,125
EXCHANGE.INI,changed,2588,奇異霸龍禮券,Material2Count,40,200
EXCHANGE.INI,changed,2588,奇異霸龍禮券,Material3Count,55,375
EXCHANGE.INI,changed,2588,奇異霸龍禮券,Material4,29272,29273
EXCHANGE.INI,changed,2588,奇異霸龍禮券,Material4Count,55,375
EXCHANGE.INI,changed,2588,奇異霸龍禮券,Material5Count,55,375
EXCHANGE.INI,changed,2588,奇異霸龍禮券,Name,振宇屬性配方錦囊,奇異霸龍禮券
EXCHANGE.INI,changed,2588,奇異霸龍禮券,Reward1,31604,31868
EXCHANGE.INI,changed,1270,血腥屠夫Ⅱ,Material1,31141,31131
EXCHANGE.INI,changed,1270,血腥屠夫Ⅱ,Name,方舟舵斧Ⅱ,血腥屠夫Ⅱ
EXCHANGE.INI,changed,1270,血腥屠夫Ⅱ,Reward1,31142,31132
EXCHANGE.INI,changed,3257,拆解：列肆杖☆,Material1,28829,28823
EXCHANGE.INI,changed,3257,拆解：列肆杖☆,Name,拆解：市樓棍☆,拆解：列肆杖☆
EXCHANGE.INI,changed,877,煙月（劍），消光,Material1,31513,31511
EXCHANGE.INI,changed,877,煙月（劍），消光,Name,拙劍，消光,煙月（劍），消光
EXCHANGE.INI,changed,877,煙月（劍），消光,Reward1,31523,31521
EXCHANGE.INI,changed,3196,進化→地煌珠☆,Group,193,192
EXCHANGE.INI,changed,3196,進化→地煌珠☆,Material1,28534,28450
EXCHANGE.INI,changed,3196,進化→地煌珠☆,Material2Count,27,3
EXCHANGE.INI,changed,3196,進化→地煌珠☆,Material3Count,9,1
EXCHANGE.INI,changed,3196,進化→地煌珠☆,Name,進化→鬼兇鎧☆,進化→地煌珠☆
EXCHANGE.INI,changed,3196,進化→地煌珠☆,Reward1,28954,28910
EXCHANGE.INI,changed,2335,幻帝手★★★,Material1,29491,29479
EXCHANGE.INI,changed,2335,幻帝手★★★,Name,禪帝捻★★★,幻帝手★★★
EXCHANGE.INI,changed,2335,幻帝手★★★,Reward1,29492,29480
EXCHANGE.INI,changed,1428,拆解：天衛宙脛Ⅱ,Material1,31242,31232
EXCHANGE.INI,changed,1428,拆解：天衛宙脛Ⅱ,Name,拆解：辰道玄鞋Ⅱ,拆解：天衛宙脛Ⅱ
EXCHANGE.INI,changed,1920,進化→幻帝面☆,Material1,28855,28849
EXCHANGE.INI,changed,1920,進化→幻帝面☆,Name,進化→禪帝頂☆,進化→幻帝面☆
EXCHANGE.INI,changed,1920,進化→幻帝面☆,Reward1,29427,29415
EXCHANGE.INI,changed,3358,拆解：烈煌冑☆☆,Material1,28863,28857
EXCHANGE.INI,changed,3358,拆解：烈煌冑☆☆,Name,拆解：燦煌衣☆☆,拆解：烈煌冑☆☆
EXCHANGE.INI,changed,3201,進化→柳月巾☆,Material1,28549,28543
EXCHANGE.INI,changed,3201,進化→柳月巾☆,Name,進化→柳嗚腕☆,進化→柳月巾☆
EXCHANGE.INI,changed,3201,進化→柳月巾☆,Reward1,28969,28963
EXCHANGE.INI,changed,1915,進化→界王錘☆,Material1,28840,28834
EXCHANGE.INI,changed,1915,進化→界王錘☆,Name,進化→疆嶽盾☆,進化→界王錘☆
EXCHANGE.INI,changed,1915,進化→界王錘☆,Reward1,29397,29385
EXCHANGE.INI,changed,2592,七宗配方錦囊,Material1Count,5,10
EXCHANGE.INI,changed,2592,七宗配方錦囊,Material2Count,20,30
EXCHANGE.INI,changed,2592,七宗配方錦囊,Material3Count,20,30
EXCHANGE.INI,changed,2592,七宗配方錦囊,Material4Count,20,30
EXCHANGE.INI,changed,2592,七宗配方錦囊,Name,星界配方錦囊,七宗配方錦囊
EXCHANGE.INI,changed,2592,七宗配方錦囊,Reward1,28593,29702
EXCHANGE.INI,changed,1982,禪帝渡★,Material1,29529,29517
EXCHANGE.INI,changed,1982,禪帝渡★,Name,羲帝綴★,禪帝渡★
EXCHANGE.INI,changed,1982,禪帝渡★,Reward1,29530,29518
EXCHANGE.INI,changed,2830,長柄滄耳刀（消光）,Material1,29621,29619
EXCHANGE.INI,changed,2830,長柄滄耳刀（消光）,Name,如是我斬（消光）,長柄滄耳刀（消光）
EXCHANGE.INI,changed,1039,八裂叛伐斧，開光,Material1,30611,30629
EXCHANGE.INI,changed,1039,八裂叛伐斧，開光,Name,赫絕緋暮劍，消光,八裂叛伐斧，開光
EXCHANGE.INI,changed,1039,八裂叛伐斧，開光,Reward1,30621,30619
EXCHANGE.INI,changed,1490,舞星釩兜Ⅳ,Material1,31323,31313
EXCHANGE.INI,changed,1490,舞星釩兜Ⅳ,Name,舞星鎢掌Ⅳ,舞星釩兜Ⅳ
EXCHANGE.INI,changed,1490,舞星釩兜Ⅳ,Reward1,31324,31314
EXCHANGE.INI,changed,2303,拆解：鬼帝鎧★★,Material1,29568,29556
EXCHANGE.INI,changed,2303,拆解：鬼帝鎧★★,Name,拆解：鬼帝道★★,拆解：鬼帝鎧★★
EXCHANGE.INI,changed,805,拆解：玄蛇仙戒,Material1,29255,29253
EXCHANGE.INI,changed,805,拆解：玄蛇仙戒,Name,拆解：青蛇仙戒,拆解：玄蛇仙戒
EXCHANGE.INI,changed,2477,以太星核錦囊,Material1Count,1,35
EXCHANGE.INI,changed,2477,以太星核錦囊,Name,六道真元錦囊,以太星核錦囊
EXCHANGE.INI,changed,2477,以太星核錦囊,Reward1,26664,31468
EXCHANGE.INI,changed,2526,趙活封魂晶,Name,武魂：唐默鈴,趙活封魂晶
EXCHANGE.INI,changed,2526,趙活封魂晶,Reward1,30843,31811
EXCHANGE.INI,changed,3070,奇隱甲★★★,Material1,28560,28554
EXCHANGE.INI,changed,3070,奇隱甲★★★,Name,奇星靴★★★,奇隱甲★★★
EXCHANGE.INI,changed,3070,奇隱甲★★★,Reward1,28561,28555
EXCHANGE.INI,changed,2835,無心之痴（消光）,Material1,29635,29624
EXCHANGE.INI,changed,2835,無心之痴（消光）,Name,秘笈：天問三誓,無心之痴（消光）
EXCHANGE.INI,changed,2835,無心之痴（消光）,Reward1Count,8,16
EXCHANGE.INI,changed,2688,神．玄宙道裝錦囊,Material1Count,1250,1000
EXCHANGE.INI,changed,2688,神．玄宙道裝錦囊,Name,極．玄宙特仕裝箱,神．玄宙道裝錦囊
EXCHANGE.INI,changed,2688,神．玄宙道裝錦囊,Reward1,31371,31380
EXCHANGE.INI,changed,2168,鬼帝鎧★★,Material1,29567,29555
EXCHANGE.INI,changed,2168,鬼帝鎧★★,Name,鬼帝道★★,鬼帝鎧★★
EXCHANGE.INI,changed,2168,鬼帝鎧★★,Reward1,29568,29556
EXCHANGE.INI,changed,2279,拆解：武帝盔★★,Material1,29424,29412
EXCHANGE.INI,changed,2279,拆解：武帝盔★★,Name,拆解：道帝簪★★,拆解：武帝盔★★
EXCHANGE.INI,changed,2161,道帝行★★,Material1,29525,29513
EXCHANGE.INI,changed,2161,道帝行★★,Name,宇帝珮★★,道帝行★★
EXCHANGE.INI,changed,2161,道帝行★★,Reward1,29526,29514
EXCHANGE.INI,changed,2771,武魂：一頁書,Material1Count,100,200
EXCHANGE.INI,changed,2771,武魂：一頁書,Name,般若,武魂：一頁書
EXCHANGE.INI,changed,2771,武魂：一頁書,Reward1,29626,23071
EXCHANGE.INI,changed,2898,進化→商宿槍★,Material1,27635,27623
EXCHANGE.INI,changed,2898,進化→商宿槍★,Name,進化→九河錘★,進化→商宿槍★
EXCHANGE.INI,changed,2898,進化→商宿槍★,Reward1,28370,28364
EXCHANGE.INI,changed,2686,神．玄宙勇裝錦囊,Name,神．玄宙道裝錦囊,神．玄宙勇裝錦囊
EXCHANGE.INI,changed,2686,神．玄宙勇裝錦囊,Reward1,31380,31378
EXCHANGE.INI,changed,3037,傾天盾★★★,Group,183,182
EXCHANGE.INI,changed,3037,傾天盾★★★,Material1,28383,28377
EXCHANGE.INI,changed,3037,傾天盾★★★,Material2Count,2,6
EXCHANGE.INI,changed,3037,傾天盾★★★,Name,鬥星盔★★★,傾天盾★★★
EXCHANGE.INI,changed,3037,傾天盾★★★,Reward1,28384,28378
EXCHANGE.INI,changed,1817,拆解：璇蟬鳴刀Ⅱ,Material1,30217,30207
EXCHANGE.INI,changed,1817,拆解：璇蟬鳴刀Ⅱ,Name,拆解：絃霧靈拂Ⅱ,拆解：璇蟬鳴刀Ⅱ
EXCHANGE.INI,changed,2682,西狩仙麟角,Material1Count,1500,3500
EXCHANGE.INI,changed,2682,西狩仙麟角,Name,神．玄宙神兵寶箱,西狩仙麟角
EXCHANGE.INI,changed,2682,西狩仙麟角,Reward1,31376,31857
EXCHANGE.INI,changed,3259,拆解：市樓棍☆,Material1,28835,28829
EXCHANGE.INI,changed,3259,拆解：市樓棍☆,Name,拆解：帛度斧☆,拆解：市樓棍☆
EXCHANGE.INI,changed,1201,張飛封魂晶,Material1Count,1,200
EXCHANGE.INI,changed,1201,張飛封魂晶,Name,降神：紅夜之魂,張飛封魂晶
EXCHANGE.INI,changed,1201,張飛封魂晶,Reward1,31670,31659
EXCHANGE.INI,changed,1201,張飛封魂晶,Reward1Count,35,1
EXCHANGE.INI,changed,2498,虛空秘境仙器錦囊,Material1Count,8,450
EXCHANGE.INI,changed,2498,虛空秘境仙器錦囊,Name,創神聖鑽錦囊,虛空秘境仙器錦囊
EXCHANGE.INI,changed,2498,虛空秘境仙器錦囊,Reward1,29054,30712
EXCHANGE.INI,changed,2433,拆解：宇帝珮★★★,Material1,29540,29528
EXCHANGE.INI,changed,2433,拆解：宇帝珮★★★,Name,拆解：慧帝戒★★★,拆解：宇帝珮★★★
EXCHANGE.INI,changed,2202,拆解：禪帝捻★☆,Material1,29501,29489
EXCHANGE.INI,changed,2202,拆解：禪帝捻★☆,Name,拆解：武帝踏★☆,拆解：禪帝捻★☆
EXCHANGE.INI,changed,2462,極．玄宙特仕裝箱,Material1Count,600,1350
EXCHANGE.INI,changed,2462,極．玄宙特仕裝箱,Name,極．玄宙劍裝錦囊,極．玄宙特仕裝箱
EXCHANGE.INI,changed,2462,極．玄宙特仕裝箱,Reward1,31366,31371
EXCHANGE.INI,changed,1993,黃鳴腕★,Material1,29595,29583
EXCHANGE.INI,changed,1993,黃鳴腕★,Name,皇影甲★,黃鳴腕★
EXCHANGE.INI,changed,1993,黃鳴腕★,Reward1,29596,29584
EXCHANGE.INI,changed,2717,虛空秘境仙器錦囊,Material1Count,4,200
EXCHANGE.INI,changed,2717,虛空秘境仙器錦囊,Name,創神聖鑽錦囊,虛空秘境仙器錦囊
EXCHANGE.INI,changed,2717,虛空秘境仙器錦囊,Reward1,29054,30712
EXCHANGE.INI,changed,3374,拆解：水煌珠☆☆,Material1,28911,28905
EXCHANGE.INI,changed,3374,拆解：水煌珠☆☆,Name,拆解：地煌珠☆☆,拆解：水煌珠☆☆
EXCHANGE.INI,changed,1402,拆解：宮殤別劍Ⅱ,Material1,31112,31102
EXCHANGE.INI,changed,1402,拆解：宮殤別劍Ⅱ,Name,拆解：獵仙飛索Ⅱ,拆解：宮殤別劍Ⅱ
EXCHANGE.INI,changed,962,波塞頓聖刀，消光,Material1,26290,26288
EXCHANGE.INI,changed,962,波塞頓聖刀，消光,Name,雅典娜戰印，消光,波塞頓聖刀，消光
EXCHANGE.INI,changed,962,波塞頓聖刀，消光,Reward1,26495,26493
EXCHANGE.INI,changed,2552,同花大聖鑽交易,Group,158,157
EXCHANGE.INI,changed,2552,同花大聖鑽交易,Material1,31739,31893
EXCHANGE.INI,changed,2552,同花大聖鑽交易,Material1Count,145,1
EXCHANGE.INI,changed,2552,同花大聖鑽交易,Name,趙活封魂晶,同花大聖鑽交易
EXCHANGE.INI,changed,2552,同花大聖鑽交易,Reward1,31811,29052
EXCHANGE.INI,changed,2552,同花大聖鑽交易,Reward1Count,1,2
EXCHANGE.INI,changed,847,三恆曌世，消光,Material1,29631,29629
EXCHANGE.INI,changed,847,三恆曌世，消光,Name,斬魔錄拂塵，消光,三恆曌世，消光
EXCHANGE.INI,changed,847,三恆曌世，消光,Reward1,29622,29620
EXCHANGE.INI,changed,3233,烈煌靴☆☆,Material1,28892,28886
EXCHANGE.INI,changed,3233,烈煌靴☆☆,Name,燦煌足☆☆,烈煌靴☆☆
EXCHANGE.INI,changed,3233,烈煌靴☆☆,Reward1,28893,28887
EXCHANGE.INI,changed,1335,拆解：宇鋒飆靴Ⅰ,Material1,31236,31226
EXCHANGE.INI,changed,1335,拆解：宇鋒飆靴Ⅰ,Name,拆解：光術疾履Ⅰ,拆解：宇鋒飆靴Ⅰ
EXCHANGE.INI,changed,1476,辰道玄鞋Ⅳ,Material1,31253,31243
EXCHANGE.INI,changed,1476,辰道玄鞋Ⅳ,Name,諾亞航令Ⅳ,辰道玄鞋Ⅳ
EXCHANGE.INI,changed,1476,辰道玄鞋Ⅳ,Reward1,31254,31244
EXCHANGE.INI,changed,1509,拆解：宇鋒颯衣Ⅲ,Material1,31188,31178
EXCHANGE.INI,changed,1509,拆解：宇鋒颯衣Ⅲ,Name,拆解：光術旋披Ⅲ,拆解：宇鋒颯衣Ⅲ
EXCHANGE.INI,changed,2061,道帝袍★☆,Material1,29464,29452
EXCHANGE.INI,changed,2061,道帝袍★☆,Name,劍帝握★☆,道帝袍★☆
EXCHANGE.INI,changed,2061,道帝袍★☆,Reward1,29465,29453
EXCHANGE.INI,changed,2039,拆解：黃韋足☆,Material1,29601,29589
EXCHANGE.INI,changed,2039,拆解：黃韋足☆,Name,拆解：神無袈☆,拆解：黃韋足☆
EXCHANGE.INI,changed,1921,進化→道帝簪☆,Material1,28858,28852
EXCHANGE.INI,changed,1921,進化→道帝簪☆,Name,進化→劍帝服☆,進化→道帝簪☆
EXCHANGE.INI,changed,1921,進化→道帝簪☆,Reward1,29433,29421
EXCHANGE.INI,changed,2210,拆解：慧帝戒★☆,Group,129,128
EXCHANGE.INI,changed,2210,拆解：慧帝戒★☆,Material1,29549,29537
EXCHANGE.INI,changed,2210,拆解：慧帝戒★☆,Name,拆解：鬼帝冠★☆,拆解：慧帝戒★☆
EXCHANGE.INI,changed,2210,拆解：慧帝戒★☆,Reward1,29272,29273
EXCHANGE.INI,changed,2210,拆解：慧帝戒★☆,Reward1Count,15,3
EXCHANGE.INI,changed,1957,御天杖★,Material1,29379,29367
EXCHANGE.INI,changed,1957,御天杖★,Name,傾城棍★,御天杖★
EXCHANGE.INI,changed,1957,御天杖★,Reward1,29380,29368
EXCHANGE.INI,changed,2309,拆解：黃韋足★★,Material1,29604,29592
EXCHANGE.INI,changed,2309,拆解：黃韋足★★,Name,拆解：神無袈★★,拆解：黃韋足★★
EXCHANGE.INI,changed,1794,禪臺旭執Ⅲ,Material1,30332,30322
EXCHANGE.INI,changed,1794,禪臺旭執Ⅲ,Name,勇將旭立Ⅲ,禪臺旭執Ⅲ
EXCHANGE.INI,changed,1794,禪臺旭執Ⅲ,Reward1,30333,30323
EXCHANGE.INI,changed,2517,極．旭品武防綢袋,EndTime,2025-10-02 11:00,
EXCHANGE.INI,changed,2517,極．旭品武防綢袋,Group,152,151
EXCHANGE.INI,changed,2517,極．旭品武防綢袋,Limit,2,
EXCHANGE.INI,changed,2517,極．旭品武防綢袋,LimitVer,5,
EXCHANGE.INI,changed,2517,極．旭品武防綢袋,Material1,30673,30872
EXCHANGE.INI,changed,2517,極．旭品武防綢袋,Material1Count,120,200
EXCHANGE.INI,changed,2517,極．旭品武防綢袋,Material2,29272,
EXCHANGE.INI,changed,2517,極．旭品武防綢袋,Material2Count,600,
EXCHANGE.INI,changed,2517,極．旭品武防綢袋,Material3,29273,
EXCHANGE.INI,changed,2517,極．旭品武防綢袋,Material3Count,1500,
EXCHANGE.INI,changed,2517,極．旭品武防綢袋,Material4,29271,
EXCHANGE.INI,changed,2517,極．旭品武防綢袋,Material4Count,40,
EXCHANGE.INI,changed,2517,極．旭品武防綢袋,Material5,29052,
EXCHANGE.INI,changed,2517,極．旭品武防綢袋,Material5Count,250,
EXCHANGE.INI,changed,2517,極．旭品武防綢袋,Name,方舟翼虎禮券,極．旭品武防綢袋
EXCHANGE.INI,changed,2517,極．旭品武防綢袋,Reward1,31585,30459
EXCHANGE.INI,changed,2088,拆解：帝詔劍★,Material1,29356,29344
EXCHANGE.INI,changed,2088,拆解：帝詔劍★,Name,拆解：龍掣爪★,拆解：帝詔劍★
EXCHANGE.INI,changed,3330,風煌珠☆☆☆,Group,202,201
EXCHANGE.INI,changed,3330,風煌珠☆☆☆,Material1,28952,28908
EXCHANGE.INI,changed,3330,風煌珠☆☆☆,Material2Count,36,2
EXCHANGE.INI,changed,3330,風煌珠☆☆☆,Name,鬼兇冠☆☆☆,風煌珠☆☆☆
EXCHANGE.INI,changed,3330,風煌珠☆☆☆,Reward1,28953,28909
EXCHANGE.INI,changed,1821,拆解：赤鴉裂槍Ⅱ,Material1,30237,30227
EXCHANGE.INI,changed,1821,拆解：赤鴉裂槍Ⅱ,Name,拆解：鵑雪傾錘Ⅱ,拆解：赤鴉裂槍Ⅱ
EXCHANGE.INI,changed,738,神帝僧裝錦囊禮券,Material1,30994,30667
EXCHANGE.INI,changed,738,神帝僧裝錦囊禮券,Name,玉旭武魂碎片禮券,神帝僧裝錦囊禮券
EXCHANGE.INI,changed,738,神帝僧裝錦囊禮券,Reward1,30873,29338
EXCHANGE.INI,changed,1375,寂禪鎏裟Ⅲ,Material1,31207,31197
EXCHANGE.INI,changed,1375,寂禪鎏裟Ⅲ,Name,天守宙臂Ⅲ,寂禪鎏裟Ⅲ
EXCHANGE.INI,changed,1375,寂禪鎏裟Ⅲ,Reward1,31208,31198
EXCHANGE.INI,changed,2240,幻帝裘★★☆,Material1,29460,29448
EXCHANGE.INI,changed,2240,幻帝裘★★☆,Name,禪帝衲★★☆,幻帝裘★★☆
EXCHANGE.INI,changed,2240,幻帝裘★★☆,Reward1,29461,29449
EXCHANGE.INI,changed,1522,拆解：辰道玄鞋Ⅲ,Material1,31253,31243
EXCHANGE.INI,changed,1522,拆解：辰道玄鞋Ⅲ,Name,拆解：諾亞航令Ⅲ,拆解：辰道玄鞋Ⅲ
EXCHANGE.INI,changed,2706,沛邦風雲旨,Name,聰慧神碑‧舒,沛邦風雲旨
EXCHANGE.INI,changed,2706,沛邦風雲旨,Reward1,29012,29677
EXCHANGE.INI,changed,1308,舞星鎢掌Ⅱ,Group,70,69
EXCHANGE.INI,changed,1308,舞星鎢掌Ⅱ,Material1,31101,31321
EXCHANGE.INI,changed,1308,舞星鎢掌Ⅱ,Material1Count,1,3
EXCHANGE.INI,changed,1308,舞星鎢掌Ⅱ,Material2,,30673
EXCHANGE.INI,changed,1308,舞星鎢掌Ⅱ,Material2Count,,20
EXCHANGE.INI,changed,1308,舞星鎢掌Ⅱ,Name,拆解：宮殤別劍Ⅰ,舞星鎢掌Ⅱ
EXCHANGE.INI,changed,1308,舞星鎢掌Ⅱ,Reward1,29272,31322
EXCHANGE.INI,changed,1308,舞星鎢掌Ⅱ,Reward1Count,30,1
EXCHANGE.INI,changed,2425,拆解：幻帝手★★★,Material1,29492,29480
EXCHANGE.INI,changed,2425,拆解：幻帝手★★★,Name,拆解：禪帝捻★★★,拆解：幻帝手★★★
EXCHANGE.INI,changed,2081,黃月巾★☆,Material1,29584,29572
EXCHANGE.INI,changed,2081,黃月巾★☆,Name,黃鳴腕★☆,黃月巾★☆
EXCHANGE.INI,changed,2081,黃月巾★☆,Reward1,29585,29573
EXCHANGE.INI,changed,767,拆解：高麗太王碑,Material1,29833,27985
EXCHANGE.INI,changed,767,拆解：高麗太王碑,Name,拆解：奇解仙氣域,拆解：高麗太王碑
EXCHANGE.INI,changed,2785,秘笈：天地根,Name,秘笈：大梵聖掌,秘笈：天地根
EXCHANGE.INI,changed,2785,秘笈：天地根,Reward1,29640,29638
EXCHANGE.INI,changed,2960,遊星掌★★,Material1,28421,28415
EXCHANGE.INI,changed,2960,遊星掌★★,Name,釋星拱★★,遊星掌★★
EXCHANGE.INI,changed,2960,遊星掌★★,Reward1,28422,28416
EXCHANGE.INI,changed,1331,拆解：天守宙臂Ⅰ,Material1,31216,31206
EXCHANGE.INI,changed,1331,拆解：天守宙臂Ⅰ,Name,拆解：辰道玄袖Ⅰ,拆解：天守宙臂Ⅰ
EXCHANGE.INI,changed,1578,凜月冪巾Ⅴ,Material1,31304,31294
EXCHANGE.INI,changed,1578,凜月冪巾Ⅴ,Name,凜月影束Ⅴ,凜月冪巾Ⅴ
EXCHANGE.INI,changed,1578,凜月冪巾Ⅴ,Reward1,31305,31295
EXCHANGE.INI,changed,1841,拆解：劍豪旭靴Ⅱ,Material1,30337,30327
EXCHANGE.INI,changed,1841,拆解：劍豪旭靴Ⅱ,Name,拆解：術凌旭步Ⅱ,拆解：劍豪旭靴Ⅱ
EXCHANGE.INI,changed,1859,拆解：宿星燦甲Ⅱ,Material1,30602,30417
EXCHANGE.INI,changed,1859,拆解：宿星燦甲Ⅱ,Name,拆解：宿星閃靴Ⅱ,拆解：宿星燦甲Ⅱ
EXCHANGE.INI,changed,2370,拆解：幻帝面★★☆,Material1,29431,29419
EXCHANGE.INI,changed,2370,拆解：幻帝面★★☆,Name,拆解：禪帝頂★★☆,拆解：幻帝面★★☆
EXCHANGE.INI,changed,3269,拆解：戰煌鎧☆,Material1,28865,28859
EXCHANGE.INI,changed,3269,拆解：戰煌鎧☆,Name,拆解：道煌袍☆,拆解：戰煌鎧☆
EXCHANGE.INI,changed,1664,拆解：獨眼慧珠Ⅴ,Group,93,92
EXCHANGE.INI,changed,1664,拆解：獨眼慧珠Ⅴ,Material1,31275,31265
EXCHANGE.INI,changed,1664,拆解：獨眼慧珠Ⅴ,Name,拆解：騰陽威冕Ⅴ,拆解：獨眼慧珠Ⅴ
EXCHANGE.INI,changed,1664,拆解：獨眼慧珠Ⅴ,Reward1,30673,29273
EXCHANGE.INI,changed,1664,拆解：獨眼慧珠Ⅴ,Reward1Count,16,50
EXCHANGE.INI,changed,1568,辰道玄鞋Ⅴ,Material1,31254,31244
EXCHANGE.INI,changed,1568,辰道玄鞋Ⅴ,Name,諾亞航令Ⅴ,辰道玄鞋Ⅴ
EXCHANGE.INI,changed,1568,辰道玄鞋Ⅴ,Reward1,31255,31245
EXCHANGE.INI,changed,2108,拆解：劍帝握★,Material1,29476,29464
EXCHANGE.INI,changed,2108,拆解：劍帝握★,Name,拆解：幻帝手★,拆解：劍帝握★
EXCHANGE.INI,changed,1045,正見天機杖，消光,Material1,30617,30615
EXCHANGE.INI,changed,1045,正見天機杖，消光,Name,神翔萬雷棍，消光,正見天機杖，消光
EXCHANGE.INI,changed,1045,正見天機杖，消光,Reward1,30627,30625
EXCHANGE.INI,changed,734,神帝劍裝錦囊禮券,Material1,30665,30663
EXCHANGE.INI,changed,734,神帝劍裝錦囊禮券,Name,神帝術裝錦囊禮券,神帝劍裝錦囊禮券
EXCHANGE.INI,changed,734,神帝劍裝錦囊禮券,Reward1,29336,29334
EXCHANGE.INI,changed,2662,一頁書換無雙降神,Material1,29653,29652
EXCHANGE.INI,changed,2662,一頁書換無雙降神,Name,葉小釵換孟祈降神,一頁書換無雙降神
EXCHANGE.INI,changed,2662,一頁書換無雙降神,Reward1,31883,31881
EXCHANGE.INI,changed,2890,武魂：金獅,Material1Count,85,200
EXCHANGE.INI,changed,2890,武魂：金獅,Name,獅頭寶刀,武魂：金獅
EXCHANGE.INI,changed,2890,武魂：金獅,Reward1,31543,30850
EXCHANGE.INI,changed,2992,拆解：傾天盾★,Group,180,179
EXCHANGE.INI,changed,2992,拆解：傾天盾★,Material1,28382,28376
EXCHANGE.INI,changed,2992,拆解：傾天盾★,Name,拆解：鬥星盔★,拆解：傾天盾★
EXCHANGE.INI,changed,2992,拆解：傾天盾★,Reward1Count,1,3
EXCHANGE.INI,changed,2793,秘笈：天劍三絕,Name,秘笈：般若懺,秘笈：天劍三絕
EXCHANGE.INI,changed,2793,秘笈：天劍三絕,Reward1,29648,29646
EXCHANGE.INI,changed,2361,拆解：皇麟扇★★☆,Material1,29377,29365
EXCHANGE.INI,changed,2361,拆解：皇麟扇★★☆,Name,拆解：權霸槍★★☆,拆解：皇麟扇★★☆
EXCHANGE.INI,changed,2811,霹靂一頁書錦囊,Material1,29272,29274
EXCHANGE.INI,changed,2811,霹靂一頁書錦囊,Material1Count,2,3
EXCHANGE.INI,changed,2811,霹靂一頁書錦囊,Name,霹靂葉小釵錦囊,霹靂一頁書錦囊
EXCHANGE.INI,changed,2811,霹靂一頁書錦囊,Reward1,32161,32160
EXCHANGE.INI,changed,1573,龍之印信Ⅴ,Group,87,86
EXCHANGE.INI,changed,1573,龍之印信Ⅴ,Material1,31279,31269
EXCHANGE.INI,changed,1573,龍之印信Ⅴ,Material2,30673,29272
EXCHANGE.INI,changed,1573,龍之印信Ⅴ,Material2Count,50,100
EXCHANGE.INI,changed,1573,龍之印信Ⅴ,Name,騰陽雄鎧Ⅴ,龍之印信Ⅴ
EXCHANGE.INI,changed,1573,龍之印信Ⅴ,Reward1,31280,31270
EXCHANGE.INI,changed,1713,狂陽耀鎧Ⅱ,Material1,30386,30376
EXCHANGE.INI,changed,1713,狂陽耀鎧Ⅱ,Name,狂陽烈蹴Ⅱ,狂陽耀鎧Ⅱ
EXCHANGE.INI,changed,1713,狂陽耀鎧Ⅱ,Reward1,30387,30377
EXCHANGE.INI,changed,1831,拆解：劍豪旭裝Ⅱ,Material1,30287,30277
EXCHANGE.INI,changed,1831,拆解：劍豪旭裝Ⅱ,Name,拆解：術凌旭服Ⅱ,拆解：劍豪旭裝Ⅱ
EXCHANGE.INI,changed,1376,宇鋒飄腕Ⅲ,Material1,31212,31202
EXCHANGE.INI,changed,1376,宇鋒飄腕Ⅲ,Name,光術快手Ⅲ,宇鋒飄腕Ⅲ
EXCHANGE.INI,changed,1376,宇鋒飄腕Ⅲ,Reward1,31213,31203
EXCHANGE.INI,changed,760,拆解：王狼雪川檄,Material1,30167,30903
EXCHANGE.INI,changed,760,拆解：王狼雪川檄,Name,拆解：絢華仙櫻陣,拆解：王狼雪川檄
EXCHANGE.INI,changed,760,拆解：王狼雪川檄,Reward1Count,10,12
EXCHANGE.INI,changed,1005,夏禹九鼎杖，消光,Material1,29660,29658
EXCHANGE.INI,changed,1005,夏禹九鼎杖，消光,Name,泰始宇弘棍，消光,夏禹九鼎杖，消光
EXCHANGE.INI,changed,1005,夏禹九鼎杖，消光,Reward1,29670,29668
EXCHANGE.INI,changed,1306,舞星釩兜Ⅱ,Material1,31321,31311
EXCHANGE.INI,changed,1306,舞星釩兜Ⅱ,Name,舞星鎢掌Ⅱ,舞星釩兜Ⅱ
EXCHANGE.INI,changed,1306,舞星釩兜Ⅱ,Reward1,31322,31312
EXCHANGE.INI,changed,2150,幻帝裘★★,Material1,29459,29447
EXCHANGE.INI,changed,2150,幻帝裘★★,Name,禪帝衲★★,幻帝裘★★
EXCHANGE.INI,changed,2150,幻帝裘★★,Reward1,29460,29448
EXCHANGE.INI,changed,2584,鐘吼蹬天杖,Name,蒲牢震嶽棍,鐘吼蹬天杖
EXCHANGE.INI,changed,2584,鐘吼蹬天杖,Reward1,31841,31839
EXCHANGE.INI,changed,3220,燦煌帽☆☆,Material1,28853,28847
EXCHANGE.INI,changed,3220,燦煌帽☆☆,Name,佛煌頂☆☆,燦煌帽☆☆
EXCHANGE.INI,changed,3220,燦煌帽☆☆,Reward1,28854,28848
EXCHANGE.INI,changed,3017,拆解：星兇冠★,Material1,28535,28529
EXCHANGE.INI,changed,3017,拆解：星兇冠★,Name,拆解：星兇手★,拆解：星兇冠★
EXCHANGE.INI,changed,709,趙活錦囊禮券,Material1,31733,31731
EXCHANGE.INI,changed,709,趙活錦囊禮券,Name,唐默鈴錦囊禮券,趙活錦囊禮券
EXCHANGE.INI,changed,709,趙活錦囊禮券,Reward1,31727,31725
EXCHANGE.INI,changed,2298,拆解：宇帝珮★★,Material1,29538,29526
EXCHANGE.INI,changed,2298,拆解：宇帝珮★★,Name,拆解：慧帝戒★★,拆解：宇帝珮★★
EXCHANGE.INI,changed,1619,拆解：龍之印信Ⅳ,Group,90,89
EXCHANGE.INI,changed,1619,拆解：龍之印信Ⅳ,Material1,31279,31269
EXCHANGE.INI,changed,1619,拆解：龍之印信Ⅳ,Name,拆解：騰陽雄鎧Ⅳ,拆解：龍之印信Ⅳ
EXCHANGE.INI,changed,1619,拆解：龍之印信Ⅳ,Reward1,30673,29273
EXCHANGE.INI,changed,1619,拆解：龍之印信Ⅳ,Reward1Count,14,45
EXCHANGE.INI,changed,977,龍飛御天棍，開光,Material1,29931,29929
EXCHANGE.INI,changed,977,龍飛御天棍，開光,Name,尼師今尊斧，開光,龍飛御天棍，開光
EXCHANGE.INI,changed,977,龍飛御天棍，開光,Reward1,29921,29919
EXCHANGE.INI,changed,3174,進化→戰煌盔☆,Material1,28390,28384
EXCHANGE.INI,changed,3174,進化→戰煌盔☆,Name,進化→道煌面☆,進化→戰煌盔☆
EXCHANGE.INI,changed,3174,進化→戰煌盔☆,Reward1,28850,28844
EXCHANGE.INI,changed,696,紅夜錦囊禮券,Material1,31005,31707
EXCHANGE.INI,changed,696,紅夜錦囊禮券,Name,姬軒錦囊禮券,紅夜錦囊禮券
EXCHANGE.INI,changed,696,紅夜錦囊禮券,Reward1,30906,31701
EXCHANGE.INI,changed,2095,拆解：界王錘★,Material1,29398,29386
EXCHANGE.INI,changed,2095,拆解：界王錘★,Name,拆解：疆嶽盾★,拆解：界王錘★
EXCHANGE.INI,changed,1711,億載機軸Ⅱ,Group,96,95
EXCHANGE.INI,changed,1711,億載機軸Ⅱ,Material1,30376,30366
EXCHANGE.INI,changed,1711,億載機軸Ⅱ,Material2,30673,29272
EXCHANGE.INI,changed,1711,億載機軸Ⅱ,Material2Count,3,10
EXCHANGE.INI,changed,1711,億載機軸Ⅱ,Name,狂陽耀鎧Ⅱ,億載機軸Ⅱ
EXCHANGE.INI,changed,1711,億載機軸Ⅱ,Reward1,30377,30367
EXCHANGE.INI,changed,2098,拆解：劍帝冕★,Material1,29416,29404
EXCHANGE.INI,changed,2098,拆解：劍帝冕★,Name,拆解：幻帝面★,拆解：劍帝冕★
EXCHANGE.INI,changed,2125,拆解：鬼帝道★,Material1,29578,29566
EXCHANGE.INI,changed,2125,拆解：鬼帝道★,Name,拆解：黃天衣★,拆解：鬼帝道★
EXCHANGE.INI,changed,2018,拆解：劍帝握☆,Material1,29475,29463
EXCHANGE.INI,changed,2018,拆解：劍帝握☆,Name,拆解：幻帝手☆,拆解：劍帝握☆
EXCHANGE.INI,changed,2428,拆解：劍帝履★★★,Material1,29510,29498
EXCHANGE.INI,changed,2428,拆解：劍帝履★★★,Name,拆解：幻帝步★★★,拆解：劍帝履★★★
EXCHANGE.INI,changed,2974,星兇手★★,Material1,28541,28535
EXCHANGE.INI,changed,2974,星兇手★★,Name,煌月巾★★,星兇手★★
EXCHANGE.INI,changed,2974,星兇手★★,Reward1,28542,28536
EXCHANGE.INI,changed,1216,玄宙武防盛袋,Group,66,65
EXCHANGE.INI,changed,1216,玄宙武防盛袋,Material1,29221,29274
EXCHANGE.INI,changed,1216,玄宙武防盛袋,Material1Count,1,500
EXCHANGE.INI,changed,1216,玄宙武防盛袋,Material2,,29273
EXCHANGE.INI,changed,1216,玄宙武防盛袋,Material2Count,,500
EXCHANGE.INI,changed,1216,玄宙武防盛袋,Material3,,29272
EXCHANGE.INI,changed,1216,玄宙武防盛袋,Material3Count,,500
EXCHANGE.INI,changed,1216,玄宙武防盛袋,Material4,,29052
EXCHANGE.INI,changed,1216,玄宙武防盛袋,Material4Count,,50
EXCHANGE.INI,changed,1216,玄宙武防盛袋,Name,無．狂戰符咒,玄宙武防盛袋
EXCHANGE.INI,changed,1216,玄宙武防盛袋,Reward1,29032,31331
EXCHANGE.INI,changed,1216,玄宙武防盛袋,Reward1Count,10,1
EXCHANGE.INI,changed,3002,拆解：釋星袈★,Material1,28412,28406
EXCHANGE.INI,changed,3002,拆解：釋星袈★,Name,拆解：鬥星臂★,拆解：釋星袈★
EXCHANGE.INI,changed,2642,龍湘錦囊禮券,Material1,29273,30673
EXCHANGE.INI,changed,2642,龍湘錦囊禮券,Material1Count,10,1
EXCHANGE.INI,changed,2642,龍湘錦囊禮券,Name,活俠龍湘錦囊,龍湘錦囊禮券
EXCHANGE.INI,changed,2642,龍湘錦囊禮券,Reward1,31730,31736
EXCHANGE.INI,changed,2642,龍湘錦囊禮券,Reward1Count,1,2
EXCHANGE.INI,changed,1893,拆解：紫雨璃戒Ⅲ,Material1,30368,30358
EXCHANGE.INI,changed,1893,拆解：紫雨璃戒Ⅲ,Name,拆解：億載機軸Ⅲ,拆解：紫雨璃戒Ⅲ
EXCHANGE.INI,changed,2810,霹靂一頁書錦囊,Material1,30673,29273
EXCHANGE.INI,changed,2810,霹靂一頁書錦囊,Material1Count,1,10
EXCHANGE.INI,changed,2810,霹靂一頁書錦囊,Name,葉小釵錦囊禮券,霹靂一頁書錦囊
EXCHANGE.INI,changed,2810,霹靂一頁書錦囊,Reward1,32165,32160
EXCHANGE.INI,changed,2810,霹靂一頁書錦囊,Reward1Count,2,1
EXCHANGE.INI,changed,3134,拆解：鬥星鎧★★★,Material1,28405,28399
EXCHANGE.INI,changed,3134,拆解：鬥星鎧★★★,Name,拆解：星蹤袍★★★,拆解：鬥星鎧★★★
EXCHANGE.INI,changed,1546,血腥屠夫Ⅴ,Material1,31144,31134
EXCHANGE.INI,changed,1546,血腥屠夫Ⅴ,Name,方舟舵斧Ⅴ,血腥屠夫Ⅴ
EXCHANGE.INI,changed,1546,血腥屠夫Ⅴ,Reward1,31145,31135
EXCHANGE.INI,changed,2079,鬼帝臂★☆,Material1,29572,29560
EXCHANGE.INI,changed,2079,鬼帝臂★☆,Name,黃月巾★☆,鬼帝臂★☆
EXCHANGE.INI,changed,2079,鬼帝臂★☆,Reward1,29573,29561
EXCHANGE.INI,changed,2461,2025武魂禮券,Material1Count,750,1750
EXCHANGE.INI,changed,2461,2025武魂禮券,Name,極．玄宙神兵寶箱,2025武魂禮券
EXCHANGE.INI,changed,2461,2025武魂禮券,Reward1,31365,31746
EXCHANGE.INI,changed,3190,進化→燦煌足☆,Material1,28438,28432
EXCHANGE.INI,changed,3190,進化→燦煌足☆,Name,進化→佛煌行☆,進化→燦煌足☆
EXCHANGE.INI,changed,3190,進化→燦煌足☆,Reward1,28898,28892
EXCHANGE.INI,changed,2062,禪帝衲★☆,Material1,29470,29458
EXCHANGE.INI,changed,2062,禪帝衲★☆,Name,武帝掌★☆,禪帝衲★☆
EXCHANGE.INI,changed,2062,禪帝衲★☆,Reward1,29471,29459
EXCHANGE.INI,changed,778,拆解：乾虛仙渦石,Material1,29718,29731
EXCHANGE.INI,changed,778,拆解：乾虛仙渦石,Name,拆解：離火仙太極,拆解：乾虛仙渦石
EXCHANGE.INI,changed,2258,鬼帝鎧★★☆,Material1,29568,29556
EXCHANGE.INI,changed,2258,鬼帝鎧★★☆,Name,鬼帝道★★☆,鬼帝鎧★★☆
EXCHANGE.INI,changed,2258,鬼帝鎧★★☆,Reward1,29569,29557
EXCHANGE.INI,changed,857,名刀．河豚毒，開光,Material1,30582,30130
EXCHANGE.INI,changed,857,名刀．河豚毒，開光,Name,自作．無銘，開光,名刀．河豚毒，開光
EXCHANGE.INI,changed,857,名刀．河豚毒，開光,Reward1,30159,30157
EXCHANGE.INI,changed,2929,進化→星兇手★,Material1,27755,27747
EXCHANGE.INI,changed,2929,進化→星兇手★,Name,進化→煌月巾★,進化→星兇手★
EXCHANGE.INI,changed,2929,進化→星兇手★,Reward1,28541,28535
EXCHANGE.INI,changed,2312,拆解：君星靴★★,Group,136,135
EXCHANGE.INI,changed,2312,拆解：君星靴★★,Material1,29353,29610
EXCHANGE.INI,changed,2312,拆解：君星靴★★,Material1Count,3,1
EXCHANGE.INI,changed,2312,拆解：君星靴★★,Material2,29272,
EXCHANGE.INI,changed,2312,拆解：君星靴★★,Material2Count,20,
EXCHANGE.INI,changed,2312,拆解：君星靴★★,Name,君諭刀★★★,拆解：君星靴★★
EXCHANGE.INI,changed,2312,拆解：君星靴★★,Reward1,29354,29272
EXCHANGE.INI,changed,2312,拆解：君星靴★★,Reward1Count,1,20
EXCHANGE.INI,changed,2587,2025武魂禮券,Group,160,159
EXCHANGE.INI,changed,2587,2025武魂禮券,Material1Count,20,125
EXCHANGE.INI,changed,2587,2025武魂禮券,Material2Count,40,200
EXCHANGE.INI,changed,2587,2025武魂禮券,Material3Count,55,375
EXCHANGE.INI,changed,2587,2025武魂禮券,Material4,29272,29273
EXCHANGE.INI,changed,2587,2025武魂禮券,Material4Count,55,375
EXCHANGE.INI,changed,2587,2025武魂禮券,Material5Count,55,375
EXCHANGE.INI,changed,2587,2025武魂禮券,Name,六宇仙器配方錦囊,2025武魂禮券
EXCHANGE.INI,changed,2587,2025武魂禮券,Reward1,31444,31746
EXCHANGE.INI,changed,2049,傾城棍★☆,Material1,29392,29380
EXCHANGE.INI,changed,2049,傾城棍★☆,Name,河山斧★☆,傾城棍★☆
EXCHANGE.INI,changed,2049,傾城棍★☆,Reward1,29393,29381
EXCHANGE.INI,changed,1001,龍熙軒轅劍，消光,Material1,29656,29654
EXCHANGE.INI,changed,1001,龍熙軒轅劍，消光,Name,陳橋燭影殲，消光,龍熙軒轅劍，消光
EXCHANGE.INI,changed,1001,龍熙軒轅劍，消光,Reward1,29666,29664
EXCHANGE.INI,changed,940,八卦形意盾，開光,Material1,26785,26967
EXCHANGE.INI,changed,940,八卦形意盾，開光,Name,三皇聖羲刀，消光,八卦形意盾，開光
EXCHANGE.INI,changed,940,八卦形意盾，開光,Reward1,26959,26793
EXCHANGE.INI,changed,3122,拆解：瀚辰杖★★★,Material1,28369,28363
EXCHANGE.INI,changed,3122,拆解：瀚辰杖★★★,Name,拆解：太微棍★★★,拆解：瀚辰杖★★★
EXCHANGE.INI,changed,809,拆解：螣蛇仙戒,Material1,31055,29257
EXCHANGE.INI,changed,809,拆解：螣蛇仙戒,Name,拆解：無方虛衡尺,拆解：螣蛇仙戒
EXCHANGE.INI,changed,809,拆解：螣蛇仙戒,Reward1Count,6,1
EXCHANGE.INI,changed,1195,武魂：姬風,Name,紅夜封魂晶,武魂：姬風
EXCHANGE.INI,changed,1195,武魂：姬風,Reward1,31655,30837
EXCHANGE.INI,changed,3163,進化→北冕劍☆,Material1,28357,28351
EXCHANGE.INI,changed,3163,進化→北冕劍☆,Name,進化→宗正裁☆,進化→北冕劍☆
EXCHANGE.INI,changed,3163,進化→北冕劍☆,Reward1,28817,28811
EXCHANGE.INI,changed,3227,佛煌裟☆☆,Material1,28874,28868
EXCHANGE.INI,changed,3227,佛煌裟☆☆,Name,戰煌臂☆☆,佛煌裟☆☆
EXCHANGE.INI,changed,3227,佛煌裟☆☆,Reward1,28875,28869
EXCHANGE.INI,changed,3248,柳嗚腕☆☆,Material1,28975,28969
EXCHANGE.INI,changed,3248,柳嗚腕☆☆,Name,碧隱甲☆☆,柳嗚腕☆☆
EXCHANGE.INI,changed,3248,柳嗚腕☆☆,Reward1,28976,28970
EXCHANGE.INI,changed,2713,擎陽不周戒,Material1Count,300,350
EXCHANGE.INI,changed,2713,擎陽不周戒,Name,白虎宮嘯塵玉,擎陽不周戒
EXCHANGE.INI,changed,2713,擎陽不周戒,Reward1,27577,28004
EXCHANGE.INI,changed,3250,碧隱甲☆☆,Material1,28981,28975
EXCHANGE.INI,changed,3250,碧隱甲☆☆,Name,碧星靴☆☆,碧隱甲☆☆
EXCHANGE.INI,changed,3250,碧隱甲☆☆,Reward1,28982,28976
EXCHANGE.INI,changed,1871,拆解：鋼鵬衛盾Ⅲ,Group,107,106
EXCHANGE.INI,changed,1871,拆解：鋼鵬衛盾Ⅲ,Material1,30258,30248
EXCHANGE.INI,changed,1871,拆解：鋼鵬衛盾Ⅲ,Name,拆解：勇將旭盔Ⅲ,拆解：鋼鵬衛盾Ⅲ
EXCHANGE.INI,changed,1871,拆解：鋼鵬衛盾Ⅲ,Reward1,29273,29272
EXCHANGE.INI,changed,3165,進化→宗正裁☆,Material1,28363,28357
EXCHANGE.INI,changed,3165,進化→宗正裁☆,Name,進化→列肆杖☆,進化→宗正裁☆
EXCHANGE.INI,changed,3165,進化→宗正裁☆,Reward1,28823,28817
EXCHANGE.INI,changed,2836,無聲之狂（消光）,Material1,29636,29625
EXCHANGE.INI,changed,2836,無聲之狂（消光）,Name,秘笈：怒火九重天,無聲之狂（消光）
EXCHANGE.INI,changed,2836,無聲之狂（消光）,Reward1Count,8,16
EXCHANGE.INI,changed,1563,辰道玄袖Ⅴ,Material1,31229,31219
EXCHANGE.INI,changed,1563,辰道玄袖Ⅴ,Name,宇鋒飆靴Ⅴ,辰道玄袖Ⅴ
EXCHANGE.INI,changed,1563,辰道玄袖Ⅴ,Reward1,31230,31220
EXCHANGE.INI,changed,1465,光術旋披Ⅳ,Material1,31198,31188
EXCHANGE.INI,changed,1465,光術旋披Ⅳ,Name,寂禪鎏裟Ⅳ,光術旋披Ⅳ
EXCHANGE.INI,changed,1465,光術旋披Ⅳ,Reward1,31199,31189
EXCHANGE.INI,changed,2714,御月常羲鍊,Material1Count,300,350
EXCHANGE.INI,changed,2714,御月常羲鍊,Name,荒狼宮皓月戒,御月常羲鍊
EXCHANGE.INI,changed,2714,御月常羲鍊,Reward1,27578,28005
EXCHANGE.INI,changed,2196,拆解：道帝袍★☆,Material1,29465,29453
EXCHANGE.INI,changed,2196,拆解：道帝袍★☆,Name,拆解：劍帝握★☆,拆解：道帝袍★☆
EXCHANGE.INI,changed,2964,鬥星脛★★,Material1,28433,28427
EXCHANGE.INI,changed,2964,鬥星脛★★,Name,星蹤履★★,鬥星脛★★
EXCHANGE.INI,changed,2964,鬥星脛★★,Reward1,28434,28428
EXCHANGE.INI,changed,2082,黃天衣★☆,Material1,29590,29578
EXCHANGE.INI,changed,2082,黃天衣★☆,Name,黃韋足★☆,黃天衣★☆
EXCHANGE.INI,changed,2082,黃天衣★☆,Reward1,29591,29579
EXCHANGE.INI,changed,901,怪物大王石牌,Material1,21403,21404
EXCHANGE.INI,changed,901,怪物大王石牌,Name,怪物頭目石牌,怪物大王石牌
EXCHANGE.INI,changed,901,怪物大王石牌,Reward1,21404,21405
EXCHANGE.INI,changed,2533,武魂：拓跋一人,Name,武魂：太陰之女,武魂：拓跋一人
EXCHANGE.INI,changed,2533,武魂：拓跋一人,Reward1,30840,30848
EXCHANGE.INI,changed,1544,渡鴉瞳杖Ⅴ,Material1,31134,31124
EXCHANGE.INI,changed,1544,渡鴉瞳杖Ⅴ,Name,血腥屠夫Ⅴ,渡鴉瞳杖Ⅴ
EXCHANGE.INI,changed,1544,渡鴉瞳杖Ⅴ,Reward1,31135,31125
EXCHANGE.INI,changed,2907,進化→釋星頂★,Material1,27676,27659
EXCHANGE.INI,changed,2907,進化→釋星頂★,Name,進化→鬥星鎧★,進化→釋星頂★
EXCHANGE.INI,changed,2907,進化→釋星頂★,Reward1,28397,28391
EXCHANGE.INI,changed,1170,真．玄宙劍裝錦囊,Name,真．玄宙術裝錦囊,真．玄宙劍裝錦囊
EXCHANGE.INI,changed,1170,真．玄宙劍裝錦囊,Reward1,31346,31344
EXCHANGE.INI,changed,1938,進化→宇帝珮☆,Material1,28903,28906
EXCHANGE.INI,changed,1938,進化→宇帝珮☆,Name,進化→慧帝戒☆,進化→宇帝珮☆
EXCHANGE.INI,changed,1938,進化→宇帝珮☆,Reward1,29535,29523
EXCHANGE.INI,changed,3359,拆解：戰煌鎧☆☆,Material1,28866,28860
EXCHANGE.INI,changed,3359,拆解：戰煌鎧☆☆,Name,拆解：道煌袍☆☆,拆解：戰煌鎧☆☆
EXCHANGE.INI,changed,1901,拆解：靜月簾衣Ⅲ,Material1,30408,30398
EXCHANGE.INI,changed,1901,拆解：靜月簾衣Ⅲ,Name,拆解：靜月織足Ⅲ,拆解：靜月簾衣Ⅲ
EXCHANGE.INI,changed,973,樓寒末仇藜，開光,Material1,29927,29925
EXCHANGE.INI,changed,973,樓寒末仇藜，開光,Name,日月五峰杖，開光,樓寒末仇藜，開光
EXCHANGE.INI,changed,973,樓寒末仇藜，開光,Reward1,29917,29915
EXCHANGE.INI,changed,3424,拆解：鬼兇手☆☆☆,Material1,28965,28959
EXCHANGE.INI,changed,3424,拆解：鬼兇手☆☆☆,Name,拆解：柳月巾☆☆☆,拆解：鬼兇手☆☆☆
EXCHANGE.INI,changed,3271,拆解：道煌袍☆,Material1,28871,28865
EXCHANGE.INI,changed,3271,拆解：道煌袍☆,Name,拆解：烈煌腕☆,拆解：道煌袍☆
EXCHANGE.INI,changed,3319,戰煌臂☆☆☆,Material1,28881,28875
EXCHANGE.INI,changed,3319,戰煌臂☆☆☆,Name,道煌擎☆☆☆,戰煌臂☆☆☆
EXCHANGE.INI,changed,3319,戰煌臂☆☆☆,Reward1,28882,28876
EXCHANGE.INI,changed,3101,拆解：星蹤履★★,Material1,28440,28434
EXCHANGE.INI,changed,3101,拆解：星蹤履★★,Name,拆解：星龍珠★★,拆解：星蹤履★★
EXCHANGE.INI,changed,2431,拆解：道帝行★★★,Material1,29528,29516
EXCHANGE.INI,changed,2431,拆解：道帝行★★★,Name,拆解：宇帝珮★★★,拆解：道帝行★★★
EXCHANGE.INI,changed,2143,劍帝冕★★,Material1,29417,29405
EXCHANGE.INI,changed,2143,劍帝冕★★,Name,幻帝面★★,劍帝冕★★
EXCHANGE.INI,changed,2143,劍帝冕★★,Reward1,29418,29406
EXCHANGE.INI,changed,3209,武座刃☆☆,Material1,28820,28814
EXCHANGE.INI,changed,3209,武座刃☆☆,Name,七公扇☆☆,武座刃☆☆
EXCHANGE.INI,changed,3209,武座刃☆☆,Reward1,28821,28815
EXCHANGE.INI,changed,3393,拆解：貫索槍☆☆☆,Material1,28834,28828
EXCHANGE.INI,changed,3393,拆解：貫索槍☆☆☆,Name,拆解：侯欽錘☆☆☆,拆解：貫索槍☆☆☆
EXCHANGE.INI,changed,2415,拆解：幻帝面★★★,Material1,29432,29420
EXCHANGE.INI,changed,2415,拆解：幻帝面★★★,Name,拆解：禪帝頂★★★,拆解：幻帝面★★★
EXCHANGE.INI,changed,1237,大天神符咒,Name,大天師符咒,大天神符咒
EXCHANGE.INI,changed,1237,大天神符咒,Reward1,23837,23835
EXCHANGE.INI,changed,2913,進化→星鋒腕★,Material1,27697,27695
EXCHANGE.INI,changed,2913,進化→星鋒腕★,Name,進化→遊星掌★,進化→星鋒腕★
EXCHANGE.INI,changed,2913,進化→星鋒腕★,Reward1,28415,28409
EXCHANGE.INI,changed,3385,拆解：碧隱甲☆☆,Material1,28982,28976
EXCHANGE.INI,changed,3385,拆解：碧隱甲☆☆,Name,拆解：碧星靴☆☆,拆解：碧隱甲☆☆
EXCHANGE.INI,changed,2383,拆解：劍帝履★★☆,Material1,29509,29497
EXCHANGE.INI,changed,2383,拆解：劍帝履★★☆,Name,拆解：幻帝步★★☆,拆解：劍帝履★★☆
EXCHANGE.INI,changed,3239,水煌珠☆☆,Material1,28910,28904
EXCHANGE.INI,changed,3239,水煌珠☆☆,Name,地煌珠☆☆,水煌珠☆☆
EXCHANGE.INI,changed,3239,水煌珠☆☆,Reward1,28911,28905
EXCHANGE.INI,changed,993,陳橋燭影殲，開光,Material1,29668,29666
EXCHANGE.INI,changed,993,陳橋燭影殲，開光,Name,夏禹九鼎杖，開光,陳橋燭影殲，開光
EXCHANGE.INI,changed,993,陳橋燭影殲，開光,Reward1,29658,29656
EXCHANGE.INI,changed,1128,拆解：新星之玄璧,Group,56,55
EXCHANGE.INI,changed,1128,拆解：新星之玄璧,Material1,21404,27347
EXCHANGE.INI,changed,1128,拆解：新星之玄璧,Material1Count,100,1
EXCHANGE.INI,changed,1128,拆解：新星之玄璧,Material2,21409,
EXCHANGE.INI,changed,1128,拆解：新星之玄璧,Material2Count,10,
EXCHANGE.INI,changed,1128,拆解：新星之玄璧,Name,驃騎將軍印信,拆解：新星之玄璧
EXCHANGE.INI,changed,1128,拆解：新星之玄璧,Reward1,21410,27198
EXCHANGE.INI,changed,1128,拆解：新星之玄璧,Reward1Count,1,8
EXCHANGE.INI,changed,2879,秘笈：大梵聖掌,Material1,29642,29640
EXCHANGE.INI,changed,2879,秘笈：大梵聖掌,Name,秘笈：笑盡英雄,秘笈：大梵聖掌
EXCHANGE.INI,changed,1469,天守宙臂Ⅳ,Material1,31218,31208
EXCHANGE.INI,changed,1469,天守宙臂Ⅳ,Name,辰道玄袖Ⅳ,天守宙臂Ⅳ
EXCHANGE.INI,changed,1469,天守宙臂Ⅳ,Reward1,31219,31209
EXCHANGE.INI,changed,1879,拆解：術凌旭服Ⅲ,Material1,30298,30288
EXCHANGE.INI,changed,1879,拆解：術凌旭服Ⅲ,Name,拆解：禪臺旭袈Ⅲ,拆解：術凌旭服Ⅲ
EXCHANGE.INI,changed,2467,極．玄宙道裝錦囊,Material1Count,650,600
EXCHANGE.INI,changed,2467,極．玄宙道裝錦囊,Name,超．玄宙特仕裝箱,極．玄宙道裝錦囊
EXCHANGE.INI,changed,2467,極．玄宙道裝錦囊,Reward1,31360,31369
EXCHANGE.INI,changed,3014,拆解：星虎披★,Material1,28448,28442
EXCHANGE.INI,changed,3014,拆解：星虎披★,Name,拆解：星玄卦★,拆解：星虎披★
EXCHANGE.INI,changed,3191,進化→道煌履☆,Material1,28441,28435
EXCHANGE.INI,changed,3191,進化→道煌履☆,Name,進化→火煌珠☆,進化→道煌履☆
EXCHANGE.INI,changed,3191,進化→道煌履☆,Reward1,28901,28895
EXCHANGE.INI,changed,3354,拆解：戰煌盔☆☆,Material1,28851,28845
EXCHANGE.INI,changed,3354,拆解：戰煌盔☆☆,Name,拆解：道煌面☆☆,拆解：戰煌盔☆☆
EXCHANGE.INI,changed,3021,拆解：煌月巾★,Material1,28547,28541
EXCHANGE.INI,changed,3021,拆解：煌月巾★,Name,拆解：煌嗚腕★,拆解：煌月巾★
EXCHANGE.INI,changed,2350,鬼帝道★★★,Material1,29581,29569
EXCHANGE.INI,changed,2350,鬼帝道★★★,Name,黃天衣★★★,鬼帝道★★★
EXCHANGE.INI,changed,2350,鬼帝道★★★,Reward1,29582,29570
EXCHANGE.INI,changed,1260,戰符繪紙轉活佛戰符,Material1,24296,22888
EXCHANGE.INI,changed,1260,戰符繪紙轉活佛戰符,Name,真宗白符轉活佛戰符,戰符繪紙轉活佛戰符
EXCHANGE.INI,changed,1260,戰符繪紙轉活佛戰符,Reward1Count,5,20
EXCHANGE.INI,changed,2360,拆解：龍掣爪★★☆,Material1,29371,29359
EXCHANGE.INI,changed,2360,拆解：龍掣爪★★☆,Name,拆解：御天杖★★☆,拆解：龍掣爪★★☆
EXCHANGE.INI,changed,2488,極．玄宙術裝錦囊,Name,極．玄宙僧裝錦囊,極．玄宙術裝錦囊
EXCHANGE.INI,changed,2488,極．玄宙術裝錦囊,Reward1,31370,31368
EXCHANGE.INI,changed,2764,武冠兵甲摸彩券,Group,168,167
EXCHANGE.INI,changed,2764,武冠兵甲摸彩券,Material1,32828,31710
EXCHANGE.INI,changed,2764,武冠兵甲摸彩券,Material1Count,12,2
EXCHANGE.INI,changed,2764,武冠兵甲摸彩券,Material2,32829,
EXCHANGE.INI,changed,2764,武冠兵甲摸彩券,Material2Count,1,
EXCHANGE.INI,changed,2764,武冠兵甲摸彩券,Material3,32830,
EXCHANGE.INI,changed,2764,武冠兵甲摸彩券,Material3Count,1,
EXCHANGE.INI,changed,2764,武冠兵甲摸彩券,Material4,32831,
EXCHANGE.INI,changed,2764,武冠兵甲摸彩券,Material4Count,1,
EXCHANGE.INI,changed,2764,武冠兵甲摸彩券,Name,彩泉端午香包,武冠兵甲摸彩券
EXCHANGE.INI,changed,2764,武冠兵甲摸彩券,Reward1,32827,29971
EXCHANGE.INI,changed,1765,拆解：靜月織足Ⅰ,Material1,30416,30406
EXCHANGE.INI,changed,1765,拆解：靜月織足Ⅰ,Name,拆解：宿星燦甲Ⅰ,拆解：靜月織足Ⅰ
EXCHANGE.INI,changed,915,銀杖‧米斯汀，開光,Material1,28782,28780
EXCHANGE.INI,changed,915,銀杖‧米斯汀，開光,Name,歿棍‧納吉法，開光,銀杖‧米斯汀，開光
EXCHANGE.INI,changed,915,銀杖‧米斯汀，開光,Reward1,28495,28493
EXCHANGE.INI,changed,3124,拆解：太微棍★★★,Material1,28375,28369
EXCHANGE.INI,changed,3124,拆解：太微棍★★★,Name,拆解：瑤月斧★★★,拆解：太微棍★★★
EXCHANGE.INI,changed,2106,拆解：道帝袍★,Material1,29464,29452
EXCHANGE.INI,changed,2106,拆解：道帝袍★,Name,拆解：劍帝握★,拆解：道帝袍★
EXCHANGE.INI,changed,1065,【天刑劍】,Name,【七殺天凌】,【天刑劍】
EXCHANGE.INI,changed,1065,【天刑劍】,Reward1,31519,31517
EXCHANGE.INI,changed,3125,拆解：九河錘★★★,Material1,28378,28372
EXCHANGE.INI,changed,3125,拆解：九河錘★★★,Name,拆解：傾天盾★★★,拆解：九河錘★★★
EXCHANGE.INI,changed,2075,慧帝戒★☆,Group,120,119
EXCHANGE.INI,changed,2075,慧帝戒★☆,Material1,29548,29536
EXCHANGE.INI,changed,2075,慧帝戒★☆,Material2Count,20,2
EXCHANGE.INI,changed,2075,慧帝戒★☆,Name,鬼帝冠★☆,慧帝戒★☆
EXCHANGE.INI,changed,2075,慧帝戒★☆,Reward1,29549,29537
EXCHANGE.INI,changed,1952,進化→君星靴☆,Group,112,111
EXCHANGE.INI,changed,1952,進化→君星靴☆,Material1,29349,28983
EXCHANGE.INI,changed,1952,進化→君星靴☆,Material2Count,3,10
EXCHANGE.INI,changed,1952,進化→君星靴☆,Name,君諭刀★,進化→君星靴☆
EXCHANGE.INI,changed,1952,進化→君星靴☆,Reward1,29350,29607
EXCHANGE.INI,changed,3311,道煌面☆☆☆,Material1,28857,28851
EXCHANGE.INI,changed,3311,道煌面☆☆☆,Name,烈煌冑☆☆☆,道煌面☆☆☆
EXCHANGE.INI,changed,3311,道煌面☆☆☆,Reward1,28858,28852
EXCHANGE.INI,changed,2559,武魂：夏侯蘭,Material1Count,75,145
EXCHANGE.INI,changed,2559,武魂：夏侯蘭,Name,秘笈：飛燕流星翎,武魂：夏侯蘭
EXCHANGE.INI,changed,2559,武魂：夏侯蘭,Reward1,31815,30845
EXCHANGE.INI,changed,1373,光術旋披Ⅲ,Material1,31197,31187
EXCHANGE.INI,changed,1373,光術旋披Ⅲ,Name,寂禪鎏裟Ⅲ,光術旋披Ⅲ
EXCHANGE.INI,changed,1373,光術旋披Ⅲ,Reward1,31198,31188
EXCHANGE.INI,changed,711,唐默鈴錦囊禮券,Material1,31734,31733
EXCHANGE.INI,changed,711,唐默鈴錦囊禮券,Name,虞小梅錦囊禮券,唐默鈴錦囊禮券
EXCHANGE.INI,changed,711,唐默鈴錦囊禮券,Reward1,31728,31727
EXCHANGE.INI,changed,3409,拆解：戰煌臂☆☆☆,Material1,28882,28876
EXCHANGE.INI,changed,3409,拆解：戰煌臂☆☆☆,Name,拆解：道煌擎☆☆☆,拆解：戰煌臂☆☆☆
EXCHANGE.INI,changed,2783,秘笈：怒火九重天,Name,秘笈：天地根,秘笈：怒火九重天
EXCHANGE.INI,changed,2783,秘笈：怒火九重天,Reward1,29638,29636
EXCHANGE.INI,changed,1442,拆解：凜月影束Ⅱ,Material1,31312,31302
EXCHANGE.INI,changed,1442,拆解：凜月影束Ⅱ,Name,拆解：舞星釩兜Ⅱ,拆解：凜月影束Ⅱ
EXCHANGE.INI,changed,759,拆解：王狼連山檄,Material1,30904,30902
EXCHANGE.INI,changed,759,拆解：王狼連山檄,Name,拆解：王狼千風檄,拆解：王狼連山檄
EXCHANGE.INI,changed,2769,爵士波霸冰,Group,169,168
EXCHANGE.INI,changed,2769,爵士波霸冰,Material1,29776,32821
EXCHANGE.INI,changed,2769,爵士波霸冰,Material1Count,200,35
EXCHANGE.INI,changed,2769,爵士波霸冰,Material2,,32826
EXCHANGE.INI,changed,2769,爵士波霸冰,Material2Count,,20
EXCHANGE.INI,changed,2769,爵士波霸冰,Material3,,32823
EXCHANGE.INI,changed,2769,爵士波霸冰,Material3Count,,10
EXCHANGE.INI,changed,2769,爵士波霸冰,Material4,,32822
EXCHANGE.INI,changed,2769,爵士波霸冰,Material4Count,,10
EXCHANGE.INI,changed,2769,爵士波霸冰,Name,武魂：一頁書,爵士波霸冰
EXCHANGE.INI,changed,2769,爵士波霸冰,Reward1,23071,32831
EXCHANGE.INI,changed,1612,拆解：天衛宙脛Ⅳ,Material1,31244,31234
EXCHANGE.INI,changed,1612,拆解：天衛宙脛Ⅳ,Name,拆解：辰道玄鞋Ⅳ,拆解：天衛宙脛Ⅳ
EXCHANGE.INI,changed,1888,拆解：勇將旭立Ⅲ,Material1,30343,30333
EXCHANGE.INI,changed,1888,拆解：勇將旭立Ⅲ,Name,拆解：道清旭鞋Ⅲ,拆解：勇將旭立Ⅲ
EXCHANGE.INI,changed,3023,拆解：煌嗚腕★,Material1,28553,28547
EXCHANGE.INI,changed,3023,拆解：煌嗚腕★,Name,拆解：奇隱甲★,拆解：煌嗚腕★
EXCHANGE.INI,changed,1569,寂禪矜足Ⅴ,Material1,31259,31249
EXCHANGE.INI,changed,1569,寂禪矜足Ⅴ,Name,誅仙御鐸Ⅴ,寂禪矜足Ⅴ
EXCHANGE.INI,changed,1569,寂禪矜足Ⅴ,Reward1,31260,31250
EXCHANGE.INI,changed,1266,獵仙飛索Ⅱ,Material1,31121,31111
EXCHANGE.INI,changed,1266,獵仙飛索Ⅱ,Name,渡鴉瞳杖Ⅱ,獵仙飛索Ⅱ
EXCHANGE.INI,changed,1266,獵仙飛索Ⅱ,Reward1,31122,31112
EXCHANGE.INI,changed,1528,拆解：騰陽威冕Ⅲ,Material1,31283,31273
EXCHANGE.INI,changed,1528,拆解：騰陽威冕Ⅲ,Name,拆解：騰陽烈釬Ⅲ,拆解：騰陽威冕Ⅲ
EXCHANGE.INI,changed,932,三皇聖羲刀，開光,Material1,26961,26959
EXCHANGE.INI,changed,932,三皇聖羲刀，開光,Name,太上天尊蘆，開光,三皇聖羲刀，開光
EXCHANGE.INI,changed,932,三皇聖羲刀，開光,Reward1,26787,26785
EXCHANGE.INI,changed,2983,拆解：星守劍★,Material1,28355,28349
EXCHANGE.INI,changed,2983,拆解：星守劍★,Name,拆解：瞬光劃★,拆解：星守劍★
EXCHANGE.INI,changed,1737,拆解：道清旭綸Ⅰ,Material1,30276,30266
EXCHANGE.INI,changed,1737,拆解：道清旭綸Ⅰ,Name,拆解：劍豪旭裝Ⅰ,拆解：道清旭綸Ⅰ
EXCHANGE.INI,changed,1681,絃霧靈拂Ⅱ,Material1,30226,30216
EXCHANGE.INI,changed,1681,絃霧靈拂Ⅱ,Name,赤鴉裂槍Ⅱ,絃霧靈拂Ⅱ
EXCHANGE.INI,changed,1681,絃霧靈拂Ⅱ,Reward1,30227,30217
EXCHANGE.INI,changed,2577,降神：龍湘之魂,Name,降神：夏侯蘭之魂,降神：龍湘之魂
EXCHANGE.INI,changed,2577,降神：龍湘之魂,Reward1,31832,31830
EXCHANGE.INI,changed,1025,輝杖瑪‧亞特，消光,Material1,29007,29005
EXCHANGE.INI,changed,1025,輝杖瑪‧亞特，消光,Name,獅棍泰‧芙努，消光,輝杖瑪‧亞特，消光
EXCHANGE.INI,changed,1025,輝杖瑪‧亞特，消光,Reward1,29020,29018
EXCHANGE.INI,changed,1538,拆解：舞星鎢掌Ⅲ,Group,85,84
EXCHANGE.INI,changed,1538,拆解：舞星鎢掌Ⅲ,Material1,31104,31323
EXCHANGE.INI,changed,1538,拆解：舞星鎢掌Ⅲ,Material1Count,3,1
EXCHANGE.INI,changed,1538,拆解：舞星鎢掌Ⅲ,Material2,29272,
EXCHANGE.INI,changed,1538,拆解：舞星鎢掌Ⅲ,Material2Count,250,
EXCHANGE.INI,changed,1538,拆解：舞星鎢掌Ⅲ,Name,宮殤別劍Ⅴ,拆解：舞星鎢掌Ⅲ
EXCHANGE.INI,changed,1538,拆解：舞星鎢掌Ⅲ,Reward1,31105,30673
EXCHANGE.INI,changed,1538,拆解：舞星鎢掌Ⅲ,Reward1Count,1,12
EXCHANGE.INI,changed,697,白樺錦囊禮券,Material1,31006,31708
EXCHANGE.INI,changed,697,白樺錦囊禮券,Name,姬霜錦囊禮券,白樺錦囊禮券
EXCHANGE.INI,changed,697,白樺錦囊禮券,Reward1,30907,31702
EXCHANGE.INI,changed,2877,秘笈：天地根,Material1,29640,29638
EXCHANGE.INI,changed,2877,秘笈：天地根,Name,秘笈：大梵聖掌,秘笈：天地根
EXCHANGE.INI,changed,2768,小芋圓日出,Group,169,168
EXCHANGE.INI,changed,2768,小芋圓日出,Material1,29776,32821
EXCHANGE.INI,changed,2768,小芋圓日出,Material1Count,200,35
EXCHANGE.INI,changed,2768,小芋圓日出,Material2,,32826
EXCHANGE.INI,changed,2768,小芋圓日出,Material2Count,,15
EXCHANGE.INI,changed,2768,小芋圓日出,Material3,,32823
EXCHANGE.INI,changed,2768,小芋圓日出,Material3Count,,12
EXCHANGE.INI,changed,2768,小芋圓日出,Material4,,32824
EXCHANGE.INI,changed,2768,小芋圓日出,Material4Count,,3
EXCHANGE.INI,changed,2768,小芋圓日出,Name,武魂：素還真,小芋圓日出
EXCHANGE.INI,changed,2768,小芋圓日出,Reward1,23070,32830
EXCHANGE.INI,changed,2574,降神：趙活之魂,Name,降神：唐默鈴之魂,降神：趙活之魂
EXCHANGE.INI,changed,2574,降神：趙活之魂,Reward1,31829,31827
EXCHANGE.INI,changed,900,神州真勁手環,Group,45,44
EXCHANGE.INI,changed,900,神州真勁手環,Material1,21405,29202
EXCHANGE.INI,changed,900,神州真勁手環,Material1Count,1,3
EXCHANGE.INI,changed,900,神州真勁手環,Material2,,29272
EXCHANGE.INI,changed,900,神州真勁手環,Material2Count,,30
EXCHANGE.INI,changed,900,神州真勁手環,Name,怪物頭目石牌,神州真勁手環
EXCHANGE.INI,changed,900,神州真勁手環,Reward1,21404,29785
EXCHANGE.INI,changed,900,神州真勁手環,Reward1Count,4,1
EXCHANGE.INI,changed,1432,拆解：諾亞航令Ⅱ,Material1,31262,31252
EXCHANGE.INI,changed,1432,拆解：諾亞航令Ⅱ,Name,拆解：獨眼慧珠Ⅱ,拆解：諾亞航令Ⅱ
EXCHANGE.INI,changed,2120,拆解：慧帝戒★,Group,123,122
EXCHANGE.INI,changed,2120,拆解：慧帝戒★,Material1,29548,29536
EXCHANGE.INI,changed,2120,拆解：慧帝戒★,Name,拆解：鬼帝冠★,拆解：慧帝戒★
EXCHANGE.INI,changed,2120,拆解：慧帝戒★,Reward1,29272,29273
EXCHANGE.INI,changed,2120,拆解：慧帝戒★,Reward1Count,10,2
EXCHANGE.INI,changed,712,龍湘錦囊禮券,Material1,31735,31736
EXCHANGE.INI,changed,712,龍湘錦囊禮券,Name,夏侯蘭錦囊禮券,龍湘錦囊禮券
EXCHANGE.INI,changed,712,龍湘錦囊禮券,Reward1,31729,31730
EXCHANGE.INI,changed,1104,拆解：新星之旭霆盾,Material1,27285,27268
EXCHANGE.INI,changed,1104,拆解：新星之旭霆盾,Name,拆解：新星之武豪盔,拆解：新星之旭霆盾
EXCHANGE.INI,changed,2156,道帝袖★★,Material1,29495,29483
EXCHANGE.INI,changed,2156,道帝袖★★,Name,劍帝履★★,道帝袖★★
EXCHANGE.INI,changed,2156,道帝袖★★,Reward1,29496,29484
EXCHANGE.INI,changed,2493,超．玄宙劍裝錦囊,Name,超．玄宙術裝錦囊,超．玄宙劍裝錦囊
EXCHANGE.INI,changed,2493,超．玄宙劍裝錦囊,Reward1,31357,31355
EXCHANGE.INI,changed,3096,拆解：星蹤手★★,Material1,28425,28419
EXCHANGE.INI,changed,3096,拆解：星蹤手★★,Name,拆解：星鋒靴★★,拆解：星蹤手★★
EXCHANGE.INI,changed,1199,劉備封魂晶,Name,張飛封魂晶,劉備封魂晶
EXCHANGE.INI,changed,1199,劉備封魂晶,Reward1,31659,31657
EXCHANGE.INI,changed,1758,拆解：狂陽輝冕Ⅰ,Material1,30381,30371
EXCHANGE.INI,changed,1758,拆解：狂陽輝冕Ⅰ,Name,拆解：狂陽赤手Ⅰ,拆解：狂陽輝冕Ⅰ
EXCHANGE.INI,changed,1484,騰陽烈釬Ⅳ,Material1,31293,31283
EXCHANGE.INI,changed,1484,騰陽烈釬Ⅳ,Name,凜月冪巾Ⅳ,騰陽烈釬Ⅳ
EXCHANGE.INI,changed,1484,騰陽烈釬Ⅳ,Reward1,31294,31284
EXCHANGE.INI,changed,1325,拆解：宇鋒颯衣Ⅰ,Material1,31186,31176
EXCHANGE.INI,changed,1325,拆解：宇鋒颯衣Ⅰ,Name,拆解：光術旋披Ⅰ,拆解：宇鋒颯衣Ⅰ
EXCHANGE.INI,changed,1586,拆解：宮殤別劍Ⅳ,Material1,31114,31104
EXCHANGE.INI,changed,1586,拆解：宮殤別劍Ⅳ,Name,拆解：獵仙飛索Ⅳ,拆解：宮殤別劍Ⅳ
EXCHANGE.INI,changed,2891,武魂：亂世狂刀,Group,173,172
EXCHANGE.INI,changed,2891,武魂：亂世狂刀,Material1,27603,32168
EXCHANGE.INI,changed,2891,武魂：亂世狂刀,Material1Count,6,145
EXCHANGE.INI,changed,2891,武魂：亂世狂刀,Material2,27978,
EXCHANGE.INI,changed,2891,武魂：亂世狂刀,Material2Count,1,
EXCHANGE.INI,changed,2891,武魂：亂世狂刀,Material3,28634,
EXCHANGE.INI,changed,2891,武魂：亂世狂刀,Material3Count,3,
EXCHANGE.INI,changed,2891,武魂：亂世狂刀,Name,進化→星守劍★,武魂：亂世狂刀
EXCHANGE.INI,changed,2891,武魂：亂世狂刀,Reward1,28349,30849
EXCHANGE.INI,changed,2181,拆解：皇麟扇★☆,Material1,29375,29363
EXCHANGE.INI,changed,2181,拆解：皇麟扇★☆,Name,拆解：權霸槍★☆,拆解：皇麟扇★☆
EXCHANGE.INI,changed,3180,進化→燦煌衣☆,Material1,28408,28402
EXCHANGE.INI,changed,3180,進化→燦煌衣☆,Name,進化→佛煌裟☆,進化→燦煌衣☆
EXCHANGE.INI,changed,3180,進化→燦煌衣☆,Reward1,28868,28862
EXCHANGE.INI,changed,3281,拆解：道煌履☆,Material1,28901,28895
EXCHANGE.INI,changed,3281,拆解：道煌履☆,Name,拆解：火煌珠☆,拆解：道煌履☆
EXCHANGE.INI,changed,3366,拆解：道煌擎☆☆,Material1,28887,28881
EXCHANGE.INI,changed,3366,拆解：道煌擎☆☆,Name,拆解：烈煌靴☆☆,拆解：道煌擎☆☆
EXCHANGE.INI,changed,1008,莽王新朝錘，消光,Material1,29663,29661
EXCHANGE.INI,changed,1008,莽王新朝錘，消光,Name,蘭陵破陣盾，消光,莽王新朝錘，消光
EXCHANGE.INI,changed,1008,莽王新朝錘，消光,Reward1,29673,29671
EXCHANGE.INI,changed,1677,拆解：舞星鋁行Ⅴ,Group,94,93
EXCHANGE.INI,changed,1677,拆解：舞星鋁行Ⅴ,Material1,30206,31330
EXCHANGE.INI,changed,1677,拆解：舞星鋁行Ⅴ,Material1Count,3,1
EXCHANGE.INI,changed,1677,拆解：舞星鋁行Ⅴ,Material2,29272,
EXCHANGE.INI,changed,1677,拆解：舞星鋁行Ⅴ,Material2Count,35,
EXCHANGE.INI,changed,1677,拆解：舞星鋁行Ⅴ,Name,璇蟬鳴刀Ⅱ,拆解：舞星鋁行Ⅴ
EXCHANGE.INI,changed,1677,拆解：舞星鋁行Ⅴ,Reward1,30207,30673
EXCHANGE.INI,changed,1677,拆解：舞星鋁行Ⅴ,Reward1Count,1,16
EXCHANGE.INI,changed,1017,獅棍泰‧芙努，開光,Material1,29022,29020
EXCHANGE.INI,changed,1017,獅棍泰‧芙努，開光,Name,闢斧烏‧涅特，開光,獅棍泰‧芙努，開光
EXCHANGE.INI,changed,1017,獅棍泰‧芙努，開光,Reward1,29009,29007
EXCHANGE.INI,changed,3073,拆解：星守劍★★,Material1,28356,28350
EXCHANGE.INI,changed,3073,拆解：星守劍★★,Name,拆解：瞬光劃★★,拆解：星守劍★★
EXCHANGE.INI,changed,964,雅典娜戰印，消光,Material1,26292,26290
EXCHANGE.INI,changed,964,雅典娜戰印，消光,Name,阿瑞斯霸槍，消光,雅典娜戰印，消光
EXCHANGE.INI,changed,964,雅典娜戰印，消光,Reward1,26497,26495
EXCHANGE.INI,changed,2177,君星靴★★,Group,127,126
EXCHANGE.INI,changed,2177,君星靴★★,Material1,29351,29609
EXCHANGE.INI,changed,2177,君星靴★★,Material1Count,1,3
EXCHANGE.INI,changed,2177,君星靴★★,Material2,,29272
EXCHANGE.INI,changed,2177,君星靴★★,Material2Count,,35
EXCHANGE.INI,changed,2177,君星靴★★,Name,拆解：君諭刀★☆,君星靴★★
EXCHANGE.INI,changed,2177,君星靴★★,Reward1,29273,29610
EXCHANGE.INI,changed,2177,君星靴★★,Reward1Count,8,1
EXCHANGE.INI,changed,828,皇龍虹鉻,Material1,29274,29272
EXCHANGE.INI,changed,828,皇龍虹鉻,Material1Count,5,250
EXCHANGE.INI,changed,828,皇龍虹鉻,Name,皇龍星銀,皇龍虹鉻
EXCHANGE.INI,changed,828,皇龍虹鉻,Reward1,29273,30673
EXCHANGE.INI,changed,698,姬軒錦囊禮券,Material1,31007,31005
EXCHANGE.INI,changed,698,姬軒錦囊禮券,Name,百玥錦囊禮券,姬軒錦囊禮券
EXCHANGE.INI,changed,698,姬軒錦囊禮券,Reward1,30908,30906
EXCHANGE.INI,changed,1779,鋼鵬衛盾Ⅲ,Group,101,100
EXCHANGE.INI,changed,1779,鋼鵬衛盾Ⅲ,Material1,30257,30247
EXCHANGE.INI,changed,1779,鋼鵬衛盾Ⅲ,Material2Count,15,50
EXCHANGE.INI,changed,1779,鋼鵬衛盾Ⅲ,Name,勇將旭盔Ⅲ,鋼鵬衛盾Ⅲ
EXCHANGE.INI,changed,1779,鋼鵬衛盾Ⅲ,Reward1,30258,30248
EXCHANGE.INI,changed,1418,拆解：天衛宙甲Ⅱ,Material1,31192,31182
EXCHANGE.INI,changed,1418,拆解：天衛宙甲Ⅱ,Name,拆解：辰道玄袍Ⅱ,拆解：天衛宙甲Ⅱ
EXCHANGE.INI,changed,1605,拆解：寂禪鎏裟Ⅳ,Material1,31209,31199
EXCHANGE.INI,changed,1605,拆解：寂禪鎏裟Ⅳ,Name,拆解：天守宙臂Ⅳ,拆解：寂禪鎏裟Ⅳ
EXCHANGE.INI,changed,3377,拆解：鬼兇冠☆☆,Material1,28958,28952
EXCHANGE.INI,changed,3377,拆解：鬼兇冠☆☆,Name,拆解：鬼兇手☆☆,拆解：鬼兇冠☆☆
EXCHANGE.INI,changed,933,九龍翔瑞爪，開光,Material1,26962,27437
EXCHANGE.INI,changed,933,九龍翔瑞爪，開光,Name,瀛洲仙華杖，開光,九龍翔瑞爪，開光
EXCHANGE.INI,changed,933,九龍翔瑞爪，開光,Reward1,26788,26786
EXCHANGE.INI,changed,2934,進化→煌韋足★,Material1,27775,27767
EXCHANGE.INI,changed,2934,進化→煌韋足★,Name,進化→奇行裟★,進化→煌韋足★
EXCHANGE.INI,changed,2934,進化→煌韋足★,Reward1,28556,28550
EXCHANGE.INI,changed,3111,拆解：煌月巾★★,Material1,28548,28542
EXCHANGE.INI,changed,3111,拆解：煌月巾★★,Name,拆解：煌嗚腕★★,拆解：煌月巾★★
EXCHANGE.INI,changed,3399,拆解：戰煌盔☆☆☆,Material1,28852,28846
EXCHANGE.INI,changed,3399,拆解：戰煌盔☆☆☆,Name,拆解：道煌面☆☆☆,拆解：戰煌盔☆☆☆
EXCHANGE.INI,changed,1204,降神：白樺之魂,Group,64,63
EXCHANGE.INI,changed,1204,降神：白樺之魂,Material1,29274,29776
EXCHANGE.INI,changed,1204,降神：白樺之魂,Material1Count,400,1
EXCHANGE.INI,changed,1204,降神：白樺之魂,Material2,29273,
EXCHANGE.INI,changed,1204,降神：白樺之魂,Material2Count,400,
EXCHANGE.INI,changed,1204,降神：白樺之魂,Material3,29272,
EXCHANGE.INI,changed,1204,降神：白樺之魂,Material3Count,400,
EXCHANGE.INI,changed,1204,降神：白樺之魂,Material4,29052,
EXCHANGE.INI,changed,1204,降神：白樺之魂,Material4Count,40,
EXCHANGE.INI,changed,1204,降神：白樺之魂,Name,神．旭品武防綢袋,降神：白樺之魂
EXCHANGE.INI,changed,1204,降神：白樺之魂,Reward1,30470,31671
EXCHANGE.INI,changed,1204,降神：白樺之魂,Reward1Count,1,35
EXCHANGE.INI,changed,1274,宇鋒颺頂Ⅱ,Material1,31161,31151
EXCHANGE.INI,changed,1274,宇鋒颺頂Ⅱ,Name,光術覆面Ⅱ,宇鋒颺頂Ⅱ
EXCHANGE.INI,changed,1274,宇鋒颺頂Ⅱ,Reward1,31162,31152
EXCHANGE.INI,changed,2188,拆解：劍帝冕★☆,Material1,29417,29405
EXCHANGE.INI,changed,2188,拆解：劍帝冕★☆,Name,拆解：幻帝面★☆,拆解：劍帝冕★☆
EXCHANGE.INI,changed,726,超玉劍裝錦囊禮券,Material1,30991,30989
EXCHANGE.INI,changed,726,超玉劍裝錦囊禮券,Name,超玉術裝錦囊禮券,超玉劍裝錦囊禮券
EXCHANGE.INI,changed,726,超玉劍裝錦囊禮券,Reward1,30452,30450
EXCHANGE.INI,changed,2363,拆解：權霸槍★★☆,Material1,29389,29377
EXCHANGE.INI,changed,2363,拆解：權霸槍★★☆,Name,拆解：界王錘★★☆,拆解：權霸槍★★☆
EXCHANGE.INI,changed,3283,拆解：火煌珠☆,Material1,28907,28901
EXCHANGE.INI,changed,3283,拆解：火煌珠☆,Name,拆解：風煌珠☆,拆解：火煌珠☆
EXCHANGE.INI,changed,793,拆解：魔光仙法陣,Material1,29264,29712
EXCHANGE.INI,changed,793,拆解：魔光仙法陣,Name,拆解：火星仙劍印,拆解：魔光仙法陣
EXCHANGE.INI,changed,793,拆解：魔光仙法陣,Reward1Count,1,2
EXCHANGE.INI,changed,2342,禪帝渡★★★,Material1,29533,29521
EXCHANGE.INI,changed,2342,禪帝渡★★★,Name,羲帝綴★★★,禪帝渡★★★
EXCHANGE.INI,changed,2342,禪帝渡★★★,Reward1,29534,29522
EXCHANGE.INI,changed,1924,進化→武帝胄☆,Material1,28867,28861
EXCHANGE.INI,changed,1924,進化→武帝胄☆,Name,進化→道帝袍☆,進化→武帝胄☆
EXCHANGE.INI,changed,1924,進化→武帝胄☆,Reward1,29451,29439
EXCHANGE.INI,changed,1154,虛空秘境仙器錦囊,Material1Count,5,250
EXCHANGE.INI,changed,1154,虛空秘境仙器錦囊,Name,創神聖鑽錦囊,虛空秘境仙器錦囊
EXCHANGE.INI,changed,1154,虛空秘境仙器錦囊,Reward1,29054,30712
EXCHANGE.INI,changed,3324,戰煌脛☆☆☆,Material1,28896,28890
EXCHANGE.INI,changed,3324,戰煌脛☆☆☆,Name,道煌履☆☆☆,戰煌脛☆☆☆
EXCHANGE.INI,changed,3324,戰煌脛☆☆☆,Reward1,28897,28891
EXCHANGE.INI,changed,3115,拆解：奇隱甲★★,Material1,28560,28554
EXCHANGE.INI,changed,3115,拆解：奇隱甲★★,Name,拆解：奇星靴★★,拆解：奇隱甲★★
EXCHANGE.INI,changed,2050,界王錘★☆,Material1,29398,29386
EXCHANGE.INI,changed,2050,界王錘★☆,Name,疆嶽盾★☆,界王錘★☆
EXCHANGE.INI,changed,2050,界王錘★☆,Reward1,29399,29387
EXCHANGE.INI,changed,2872,無心之痴（消光）,Material1,29635,29624
EXCHANGE.INI,changed,2872,無心之痴（消光）,Name,秘笈：天問三誓,無心之痴（消光）
EXCHANGE.INI,changed,2872,無心之痴（消光）,Reward1Count,3,6
EXCHANGE.INI,changed,1385,寂禪矜足Ⅲ,Material1,31257,31247
EXCHANGE.INI,changed,1385,寂禪矜足Ⅲ,Name,誅仙御鐸Ⅲ,寂禪矜足Ⅲ
EXCHANGE.INI,changed,1385,寂禪矜足Ⅲ,Reward1,31258,31248
EXCHANGE.INI,changed,2710,豐戒德羅普尼,Material1Count,400,475
EXCHANGE.INI,changed,2710,豐戒德羅普尼,Name,尋奇鍊‧洪荒,豐戒德羅普尼
EXCHANGE.INI,changed,2710,豐戒德羅普尼,Reward1,28163,28500
EXCHANGE.INI,changed,922,滅刃‧達因斯，消光,Material1,28492,28490
EXCHANGE.INI,changed,922,滅刃‧達因斯，消光,Name,尊號‧加拉爾，消光,滅刃‧達因斯，消光
EXCHANGE.INI,changed,922,滅刃‧達因斯，消光,Reward1,28779,28777
EXCHANGE.INI,changed,1441,拆解：凜月霜襟Ⅱ,Material1,31307,31297
EXCHANGE.INI,changed,1441,拆解：凜月霜襟Ⅱ,Name,拆解：凜月漪纏Ⅱ,拆解：凜月霜襟Ⅱ
EXCHANGE.INI,changed,2378,拆解：劍帝握★★☆,Material1,29479,29467
EXCHANGE.INI,changed,2378,拆解：劍帝握★★☆,Name,拆解：幻帝手★★☆,拆解：劍帝握★★☆
EXCHANGE.INI,changed,3351,拆解：帛度斧☆☆,Group,204,203
EXCHANGE.INI,changed,3351,拆解：帛度斧☆☆,Material1,28842,28836
EXCHANGE.INI,changed,3351,拆解：帛度斧☆☆,Name,拆解：烈煌兜☆☆,拆解：帛度斧☆☆
EXCHANGE.INI,changed,3351,拆解：帛度斧☆☆,Reward1Count,2,6
EXCHANGE.INI,changed,1258,戰符繪紙轉拉薩戰符,Name,戰符繪紙轉活佛戰符,戰符繪紙轉拉薩戰符
EXCHANGE.INI,changed,1258,戰符繪紙轉拉薩戰符,Reward1,22395,22861
EXCHANGE.INI,changed,2111,拆解：道帝袖★,Material1,29494,29482
EXCHANGE.INI,changed,2111,拆解：道帝袖★,Name,拆解：劍帝履★,拆解：道帝袖★
EXCHANGE.INI,changed,1272,方舟舵斧Ⅱ,Group,68,67
EXCHANGE.INI,changed,1272,方舟舵斧Ⅱ,Material1,31151,31141
EXCHANGE.INI,changed,1272,方舟舵斧Ⅱ,Material2Count,45,150
EXCHANGE.INI,changed,1272,方舟舵斧Ⅱ,Name,宇鋒颺頂Ⅱ,方舟舵斧Ⅱ
EXCHANGE.INI,changed,1272,方舟舵斧Ⅱ,Reward1,31152,31142
EXCHANGE.INI,changed,1560,宇鋒飄腕Ⅴ,Material1,31214,31204
EXCHANGE.INI,changed,1560,宇鋒飄腕Ⅴ,Name,光術快手Ⅴ,宇鋒飄腕Ⅴ
EXCHANGE.INI,changed,1560,宇鋒飄腕Ⅴ,Reward1,31215,31205
EXCHANGE.INI,changed,1134,校尉印信,Group,57,56
EXCHANGE.INI,changed,1134,校尉印信,Material1,21405,21400
EXCHANGE.INI,changed,1134,校尉印信,Material1Count,160,100
EXCHANGE.INI,changed,1134,校尉印信,Name,速兌輕車將軍印信,校尉印信
EXCHANGE.INI,changed,1134,校尉印信,Reward1,21409,21406
EXCHANGE.INI,changed,1749,拆解：劍豪旭靴Ⅰ,Material1,30336,30326
EXCHANGE.INI,changed,1749,拆解：劍豪旭靴Ⅰ,Name,拆解：術凌旭步Ⅰ,拆解：劍豪旭靴Ⅰ
EXCHANGE.INI,changed,1984,羲帝綴★,Material1,29541,29529
EXCHANGE.INI,changed,1984,羲帝綴★,Name,大帝鎮★,羲帝綴★
EXCHANGE.INI,changed,1984,羲帝綴★,Reward1,29542,29530
EXCHANGE.INI,changed,789,拆解：魔水仙法陣,Material1,29710,29708
EXCHANGE.INI,changed,789,拆解：魔水仙法陣,Name,拆解：魔林仙法陣,拆解：魔水仙法陣
EXCHANGE.INI,changed,2975,星兇靴★★,Material1,28544,28538
EXCHANGE.INI,changed,2975,星兇靴★★,Name,煌天衣★★,星兇靴★★
EXCHANGE.INI,changed,2975,星兇靴★★,Reward1,28545,28539
EXCHANGE.INI,changed,1844,拆解：道清旭鞋Ⅱ,Material1,30352,30342
EXCHANGE.INI,changed,1844,拆解：道清旭鞋Ⅱ,Name,拆解：龍韜簾綴Ⅱ,拆解：道清旭鞋Ⅱ
EXCHANGE.INI,changed,1287,辰道玄袖Ⅱ,Material1,31226,31216
EXCHANGE.INI,changed,1287,辰道玄袖Ⅱ,Name,宇鋒飆靴Ⅱ,辰道玄袖Ⅱ
EXCHANGE.INI,changed,1287,辰道玄袖Ⅱ,Reward1,31227,31217
EXCHANGE.INI,changed,3105,拆解：星鳳徽★★,Group,187,186
EXCHANGE.INI,changed,3105,拆解：星鳳徽★★,Material1,28530,28446
EXCHANGE.INI,changed,3105,拆解：星鳳徽★★,Name,拆解：星兇冠★★,拆解：星鳳徽★★
EXCHANGE.INI,changed,3105,拆解：星鳳徽★★,Reward1Count,18,2
EXCHANGE.INI,changed,2086,神無袈★☆,Group,121,120
EXCHANGE.INI,changed,2086,神無袈★☆,Material1,29344,29602
EXCHANGE.INI,changed,2086,神無袈★☆,Material1Count,1,3
EXCHANGE.INI,changed,2086,神無袈★☆,Material2,,29272
EXCHANGE.INI,changed,2086,神無袈★☆,Material2Count,,20
EXCHANGE.INI,changed,2086,神無袈★☆,Name,拆解：帝詔劍★,神無袈★☆
EXCHANGE.INI,changed,2086,神無袈★☆,Reward1,29273,29603
EXCHANGE.INI,changed,2086,神無袈★☆,Reward1Count,5,1
EXCHANGE.INI,changed,1035,正見天機杖，開光,Material1,30627,30625
EXCHANGE.INI,changed,1035,正見天機杖，開光,Name,神翔萬雷棍，開光,正見天機杖，開光
EXCHANGE.INI,changed,1035,正見天機杖，開光,Reward1,30617,30615
EXCHANGE.INI,changed,1754,拆解：龍韜簾綴Ⅰ,Material1,30361,30351
EXCHANGE.INI,changed,1754,拆解：龍韜簾綴Ⅰ,Name,拆解：七色蓮寶Ⅰ,拆解：龍韜簾綴Ⅰ
EXCHANGE.INI,changed,2922,進化→釋星行★,Material1,27733,27719
EXCHANGE.INI,changed,2922,進化→釋星行★,Name,進化→星虎披★,進化→釋星行★
EXCHANGE.INI,changed,2922,進化→釋星行★,Reward1,28442,28436
EXCHANGE.INI,changed,2838,秘笈：怒火九重天,Material1,29638,29636
EXCHANGE.INI,changed,2838,秘笈：怒火九重天,Name,秘笈：天地根,秘笈：怒火九重天
EXCHANGE.INI,changed,913,狼鎖‧格雷普，開光,Material1,28780,28778
EXCHANGE.INI,changed,913,狼鎖‧格雷普，開光,Name,銀杖‧米斯汀，開光,狼鎖‧格雷普，開光
EXCHANGE.INI,changed,913,狼鎖‧格雷普，開光,Reward1,28493,28491
EXCHANGE.INI,changed,2797,秘笈：刀以毀滅,Material1Count,1,50
EXCHANGE.INI,changed,2797,秘笈：刀以毀滅,Name,降神：一頁書之魂,秘笈：刀以毀滅
EXCHANGE.INI,changed,2797,秘笈：刀以毀滅,Reward1,29652,29650
EXCHANGE.INI,changed,2797,秘笈：刀以毀滅,Reward1Count,30,1
EXCHANGE.INI,changed,1629,拆解：舞星鈦甲Ⅳ,Material1,31329,31319
EXCHANGE.INI,changed,1629,拆解：舞星鈦甲Ⅳ,Name,拆解：舞星鋁行Ⅳ,拆解：舞星鈦甲Ⅳ
EXCHANGE.INI,changed,2179,拆解：君諭刀★☆,Material1,29363,29351
EXCHANGE.INI,changed,2179,拆解：君諭刀★☆,Name,拆解：皇麟扇★☆,拆解：君諭刀★☆
EXCHANGE.INI,changed,2629,夏侯蘭錦囊禮券,Material1,29272,29776
EXCHANGE.INI,changed,2629,夏侯蘭錦囊禮券,Material1Count,2,1
EXCHANGE.INI,changed,2629,夏侯蘭錦囊禮券,Name,活俠趙活錦囊,夏侯蘭錦囊禮券
EXCHANGE.INI,changed,2629,夏侯蘭錦囊禮券,Reward1,31725,31735
EXCHANGE.INI,changed,2629,夏侯蘭錦囊禮券,Reward1Count,1,2
EXCHANGE.INI,changed,714,夏侯蘭錦囊禮券,Material1,31600,31735
EXCHANGE.INI,changed,714,夏侯蘭錦囊禮券,Name,殤不患錦囊禮券,夏侯蘭錦囊禮券
EXCHANGE.INI,changed,714,夏侯蘭錦囊禮券,Reward1,31492,31729
EXCHANGE.INI,changed,1552,光術覆面Ⅴ,Material1,31174,31164
EXCHANGE.INI,changed,1552,光術覆面Ⅴ,Name,寂禪靜觀Ⅴ,光術覆面Ⅴ
EXCHANGE.INI,changed,1552,光術覆面Ⅴ,Reward1,31175,31165
EXCHANGE.INI,changed,2218,拆解：黃鳴腕★☆,Material1,29597,29585
EXCHANGE.INI,changed,2218,拆解：黃鳴腕★☆,Name,拆解：皇影甲★☆,拆解：黃鳴腕★☆
EXCHANGE.INI,changed,2465,極．玄宙勇裝錦囊,Name,極．玄宙道裝錦囊,極．玄宙勇裝錦囊
EXCHANGE.INI,changed,2465,極．玄宙勇裝錦囊,Reward1,31369,31367
EXCHANGE.INI,changed,1630,拆解：舞星鎢掌Ⅳ,Group,91,90
EXCHANGE.INI,changed,1630,拆解：舞星鎢掌Ⅳ,Material1,31105,31324
EXCHANGE.INI,changed,1630,拆解：舞星鎢掌Ⅳ,Name,拆解：宮殤別劍Ⅴ,拆解：舞星鎢掌Ⅳ
EXCHANGE.INI,changed,1630,拆解：舞星鎢掌Ⅳ,Reward1,29272,30673
EXCHANGE.INI,changed,1630,拆解：舞星鎢掌Ⅳ,Reward1Count,50,14
EXCHANGE.INI,changed,2668,葉小釵換韓凱蒂降神,Group,163,162
EXCHANGE.INI,changed,2668,葉小釵換韓凱蒂降神,Material1,31767,29653
EXCHANGE.INI,changed,2668,葉小釵換韓凱蒂降神,Material1Count,200,1
EXCHANGE.INI,changed,2668,葉小釵換韓凱蒂降神,Name,六宇仙器配方錦囊,葉小釵換韓凱蒂降神
EXCHANGE.INI,changed,2668,葉小釵換韓凱蒂降神,Reward1,31444,31882
EXCHANGE.INI,changed,2476,虛空秘境仙器錦囊,Material1Count,4,225
EXCHANGE.INI,changed,2476,虛空秘境仙器錦囊,Name,創神聖鑽錦囊,虛空秘境仙器錦囊
EXCHANGE.INI,changed,2476,虛空秘境仙器錦囊,Reward1,29054,30712
EXCHANGE.INI,changed,1081,降神：殤不患之魂,Name,降神：阿爾貝盧法之魂,降神：殤不患之魂
EXCHANGE.INI,changed,1081,降神：殤不患之魂,Reward1,31504,31502
EXCHANGE.INI,changed,1081,降神：殤不患之魂,Reward1Count,15,30
EXCHANGE.INI,changed,2705,項莊蓋世令,Name,太陽神翼‧拉,項莊蓋世令
EXCHANGE.INI,changed,2705,項莊蓋世令,Reward1,29011,29676
EXCHANGE.INI,changed,1130,驃騎將軍印信,Material1,21402,21404
EXCHANGE.INI,changed,1130,驃騎將軍印信,Material2,21407,21409
EXCHANGE.INI,changed,1130,驃騎將軍印信,Name,中郎將印信,驃騎將軍印信
EXCHANGE.INI,changed,1130,驃騎將軍印信,Reward1,21408,21410
EXCHANGE.INI,changed,1633,拆解：泰源玉刀Ⅴ,Material1,31120,31110
EXCHANGE.INI,changed,1633,拆解：泰源玉刀Ⅴ,Name,拆解：塹淵幽柄Ⅴ,拆解：泰源玉刀Ⅴ
EXCHANGE.INI,changed,1714,狂陽赤手Ⅱ,Material1,30391,30381
EXCHANGE.INI,changed,1714,狂陽赤手Ⅱ,Name,靜月幕巾Ⅱ,狂陽赤手Ⅱ
EXCHANGE.INI,changed,1714,狂陽赤手Ⅱ,Reward1,30392,30382
EXCHANGE.INI,changed,2053,劍帝冕★☆,Material1,29416,29404
EXCHANGE.INI,changed,2053,劍帝冕★☆,Name,幻帝面★☆,劍帝冕★☆
EXCHANGE.INI,changed,2053,劍帝冕★☆,Reward1,29417,29405
EXCHANGE.INI,changed,3072,奇星靴★★★,Group,185,184
EXCHANGE.INI,changed,3072,奇星靴★★★,Material1,28353,28560
EXCHANGE.INI,changed,3072,奇星靴★★★,Material1Count,1,3
EXCHANGE.INI,changed,3072,奇星靴★★★,Material2,,27978
EXCHANGE.INI,changed,3072,奇星靴★★★,Material2Count,,18
EXCHANGE.INI,changed,3072,奇星靴★★★,Name,拆解：流螢斬★★,奇星靴★★★
EXCHANGE.INI,changed,3072,奇星靴★★★,Reward1,28634,28561
EXCHANGE.INI,changed,3072,奇星靴★★★,Reward1Count,6,1
EXCHANGE.INI,changed,943,九龍翔瑞爪，消光,Material1,26788,26786
EXCHANGE.INI,changed,943,九龍翔瑞爪，消光,Name,瀛洲仙華杖，消光,九龍翔瑞爪，消光
EXCHANGE.INI,changed,943,九龍翔瑞爪，消光,Reward1,26962,27437
EXCHANGE.INI,changed,2157,禪帝捻★★,Material1,29501,29489
EXCHANGE.INI,changed,2157,禪帝捻★★,Name,武帝踏★★,禪帝捻★★
EXCHANGE.INI,changed,2157,禪帝捻★★,Reward1,29502,29490
EXCHANGE.INI,changed,2721,武冠兵甲摸彩券,Group,167,166
EXCHANGE.INI,changed,2721,武冠兵甲摸彩券,Material1Count,4500,1
EXCHANGE.INI,changed,2721,武冠兵甲摸彩券,Name,北饕萬餮硯,武冠兵甲摸彩券
EXCHANGE.INI,changed,2721,武冠兵甲摸彩券,Reward1,31855,29971
EXCHANGE.INI,changed,3009,拆解：鬥星脛★,Material1,28433,28427
EXCHANGE.INI,changed,3009,拆解：鬥星脛★,Name,拆解：星蹤履★,拆解：鬥星脛★
EXCHANGE.INI,changed,817,拆解：血海仙虛幡,Group,37,36
EXCHANGE.INI,changed,817,拆解：血海仙虛幡,Material1,30673,23065
EXCHANGE.INI,changed,817,拆解：血海仙虛幡,Material1Count,75,1
EXCHANGE.INI,changed,817,拆解：血海仙虛幡,Material2,27978,
EXCHANGE.INI,changed,817,拆解：血海仙虛幡,Material2Count,150,
EXCHANGE.INI,changed,817,拆解：血海仙虛幡,Material3,29052,
EXCHANGE.INI,changed,817,拆解：血海仙虛幡,Material3Count,350,
EXCHANGE.INI,changed,817,拆解：血海仙虛幡,Material4,29274,
EXCHANGE.INI,changed,817,拆解：血海仙虛幡,Material4Count,350,
EXCHANGE.INI,changed,817,拆解：血海仙虛幡,Name,長刀〔銀霞〕,拆解：血海仙虛幡
EXCHANGE.INI,changed,817,拆解：血海仙虛幡,Reward1,31553,29274
EXCHANGE.INI,changed,817,拆解：血海仙虛幡,Reward1Count,1,6
EXCHANGE.INI,changed,2541,白樺封魂晶,Name,關羽封魂晶,白樺封魂晶
EXCHANGE.INI,changed,2541,白樺封魂晶,Reward1,31658,31656
EXCHANGE.INI,changed,1902,拆解：靜月帷腕Ⅲ,Material1,30413,30403
EXCHANGE.INI,changed,1902,拆解：靜月帷腕Ⅲ,Name,拆解：宿星銀兜Ⅲ,拆解：靜月帷腕Ⅲ
EXCHANGE.INI,changed,1911,進化→皇麟扇☆,Material1,28828,28822
EXCHANGE.INI,changed,1911,進化→皇麟扇☆,Name,進化→權霸槍☆,進化→皇麟扇☆
EXCHANGE.INI,changed,1911,進化→皇麟扇☆,Reward1,29373,29361
EXCHANGE.INI,changed,3224,戰煌鎧☆☆,Material1,28865,28859
EXCHANGE.INI,changed,3224,戰煌鎧☆☆,Name,道煌袍☆☆,戰煌鎧☆☆
EXCHANGE.INI,changed,3224,戰煌鎧☆☆,Reward1,28866,28860
EXCHANGE.INI,changed,3212,列肆杖☆☆,Material1,28829,28823
EXCHANGE.INI,changed,3212,列肆杖☆☆,Name,市樓棍☆☆,列肆杖☆☆
EXCHANGE.INI,changed,3212,列肆杖☆☆,Reward1,28830,28824
EXCHANGE.INI,changed,1189,玉露生輝錦囊,Group,63,62
EXCHANGE.INI,changed,1189,玉露生輝錦囊,Material1,29776,31680
EXCHANGE.INI,changed,1189,玉露生輝錦囊,Material1Count,300,1
EXCHANGE.INI,changed,1189,玉露生輝錦囊,Name,武魂：魔化黃帝,玉露生輝錦囊
EXCHANGE.INI,changed,1189,玉露生輝錦囊,Reward1,30839,31682
EXCHANGE.INI,changed,1577,騰陽巍立Ⅴ,Material1,31299,31289
EXCHANGE.INI,changed,1577,騰陽巍立Ⅴ,Name,凜月霜襟Ⅴ,騰陽巍立Ⅴ
EXCHANGE.INI,changed,1577,騰陽巍立Ⅴ,Reward1,31300,31290
EXCHANGE.INI,changed,1996,神無袈★,Group,115,114
EXCHANGE.INI,changed,1996,神無袈★,Material1,29343,29601
EXCHANGE.INI,changed,1996,神無袈★,Material1Count,1,3
EXCHANGE.INI,changed,1996,神無袈★,Material2,,29272
EXCHANGE.INI,changed,1996,神無袈★,Material2Count,,10
EXCHANGE.INI,changed,1996,神無袈★,Name,拆解：帝詔劍☆,神無袈★
EXCHANGE.INI,changed,1996,神無袈★,Reward1,29273,29602
EXCHANGE.INI,changed,1996,神無袈★,Reward1Count,3,1
EXCHANGE.INI,changed,1352,拆解：舞星釩兜Ⅰ,Material1,31321,31311
EXCHANGE.INI,changed,1352,拆解：舞星釩兜Ⅰ,Name,拆解：舞星鎢掌Ⅰ,拆解：舞星釩兜Ⅰ
EXCHANGE.INI,changed,2660,一頁書換楊鐵降神,Name,一頁書換無雙降神,一頁書換楊鐵降神
EXCHANGE.INI,changed,2660,一頁書換楊鐵降神,Reward1,31881,31879
EXCHANGE.INI,changed,1838,拆解：術凌旭指Ⅱ,Material1,30322,30312
EXCHANGE.INI,changed,1838,拆解：術凌旭指Ⅱ,Name,拆解：禪臺旭執Ⅱ,拆解：術凌旭指Ⅱ
EXCHANGE.INI,changed,2221,拆解：神無袈★☆,Group,130,129
EXCHANGE.INI,changed,2221,拆解：神無袈★☆,Material1,29346,29603
EXCHANGE.INI,changed,2221,拆解：神無袈★☆,Material1Count,3,1
EXCHANGE.INI,changed,2221,拆解：神無袈★☆,Material2,29272,
EXCHANGE.INI,changed,2221,拆解：神無袈★☆,Material2Count,15,
EXCHANGE.INI,changed,2221,拆解：神無袈★☆,Name,帝詔劍★★☆,拆解：神無袈★☆
EXCHANGE.INI,changed,2221,拆解：神無袈★☆,Reward1,29347,29272
EXCHANGE.INI,changed,2221,拆解：神無袈★☆,Reward1Count,1,15
EXCHANGE.INI,changed,2711,御妖戒‧八歧,Material1Count,350,400
EXCHANGE.INI,changed,2711,御妖戒‧八歧,Name,擎陽不周戒,御妖戒‧八歧
EXCHANGE.INI,changed,2711,御妖戒‧八歧,Reward1,28004,28162
EXCHANGE.INI,changed,1798,道清旭鞋Ⅲ,Material1,30352,30342
EXCHANGE.INI,changed,1798,道清旭鞋Ⅲ,Name,龍韜簾綴Ⅲ,道清旭鞋Ⅲ
EXCHANGE.INI,changed,1798,道清旭鞋Ⅲ,Reward1,30353,30343
EXCHANGE.INI,changed,1280,天衛宙甲Ⅱ,Material1,31191,31181
EXCHANGE.INI,changed,1280,天衛宙甲Ⅱ,Name,辰道玄袍Ⅱ,天衛宙甲Ⅱ
EXCHANGE.INI,changed,1280,天衛宙甲Ⅱ,Reward1,31192,31182
EXCHANGE.INI,changed,2384,拆解：武帝踏★★☆,Material1,29515,29503
EXCHANGE.INI,changed,2384,拆解：武帝踏★★☆,Name,拆解：道帝行★★☆,拆解：武帝踏★★☆
EXCHANGE.INI,changed,2486,極．玄宙劍裝錦囊,Name,極．玄宙術裝錦囊,極．玄宙劍裝錦囊
EXCHANGE.INI,changed,2486,極．玄宙劍裝錦囊,Reward1,31368,31366
EXCHANGE.INI,changed,3151,拆解：星玄卦★★★,Group,190,189
EXCHANGE.INI,changed,3151,拆解：星玄卦★★★,Material1,28534,28450
EXCHANGE.INI,changed,3151,拆解：星玄卦★★★,Name,拆解：星兇鎧★★★,拆解：星玄卦★★★
EXCHANGE.INI,changed,3151,拆解：星玄卦★★★,Reward1Count,27,3
EXCHANGE.INI,changed,1916,進化→河山斧☆,Group,110,109
EXCHANGE.INI,changed,1916,進化→河山斧☆,Material1,28843,28837
EXCHANGE.INI,changed,1916,進化→河山斧☆,Material2Count,1,3
EXCHANGE.INI,changed,1916,進化→河山斧☆,Name,進化→劍帝冕☆,進化→河山斧☆
EXCHANGE.INI,changed,1916,進化→河山斧☆,Reward1,29403,29391
EXCHANGE.INI,changed,2649,活俠虞小梅錦囊,Material1,29272,29274
EXCHANGE.INI,changed,2649,活俠虞小梅錦囊,Material1Count,2,3
EXCHANGE.INI,changed,2649,活俠虞小梅錦囊,Name,活俠夏侯蘭錦囊,活俠虞小梅錦囊
EXCHANGE.INI,changed,2649,活俠虞小梅錦囊,Reward1,31729,31728
EXCHANGE.INI,changed,2839,秘笈：蒼龍破雲關,Material1,29639,29637
EXCHANGE.INI,changed,2839,秘笈：蒼龍破雲關,Name,秘笈：君子風,秘笈：蒼龍破雲關
EXCHANGE.INI,changed,1013,戰鋒柏‧賽特，開光,Material1,29018,29016
EXCHANGE.INI,changed,1013,戰鋒柏‧賽特，開光,Name,輝杖瑪‧亞特，開光,戰鋒柏‧賽特，開光
EXCHANGE.INI,changed,1013,戰鋒柏‧賽特，開光,Reward1,29005,29003
EXCHANGE.INI,changed,3254,拆解：武座刃☆,Material1,28820,28814
EXCHANGE.INI,changed,3254,拆解：武座刃☆,Name,拆解：七公扇☆,拆解：武座刃☆
EXCHANGE.INI,changed,1610,拆解：寂禪若持Ⅳ,Material1,31234,31224
EXCHANGE.INI,changed,1610,拆解：寂禪若持Ⅳ,Name,拆解：天衛宙脛Ⅳ,拆解：寂禪若持Ⅳ
EXCHANGE.INI,changed,1505,拆解：天衛宙盔Ⅲ,Material1,31168,31158
EXCHANGE.INI,changed,1505,拆解：天衛宙盔Ⅲ,Name,拆解：辰道玄冠Ⅲ,拆解：天衛宙盔Ⅲ
EXCHANGE.INI,changed,2380,拆解：幻帝手★★☆,Material1,29491,29479
EXCHANGE.INI,changed,2380,拆解：幻帝手★★☆,Name,拆解：禪帝捻★★☆,拆解：幻帝手★★☆
EXCHANGE.INI,changed,2392,拆解：鬼帝冠★★☆,Material1,29563,29551
EXCHANGE.INI,changed,2392,拆解：鬼帝冠★★☆,Name,拆解：鬼帝臂★★☆,拆解：鬼帝冠★★☆
EXCHANGE.INI,changed,1414,拆解：光術覆面Ⅱ,Material1,31172,31162
EXCHANGE.INI,changed,1414,拆解：光術覆面Ⅱ,Name,拆解：寂禪靜觀Ⅱ,拆解：光術覆面Ⅱ
EXCHANGE.INI,changed,2213,拆解：鬼帝鎧★☆,Material1,29567,29555
EXCHANGE.INI,changed,2213,拆解：鬼帝鎧★☆,Name,拆解：鬼帝道★☆,拆解：鬼帝鎧★☆
EXCHANGE.INI,changed,2816,武魂：素還真,Material1,23072,23070
EXCHANGE.INI,changed,2816,武魂：素還真,Name,武魂：葉小釵,武魂：素還真
EXCHANGE.INI,changed,1968,劍帝服★,Material1,29445,29433
EXCHANGE.INI,changed,1968,劍帝服★,Name,幻帝裘★,劍帝服★
EXCHANGE.INI,changed,1968,劍帝服★,Reward1,29446,29434
EXCHANGE.INI,changed,2172,黃天衣★★,Material1,29591,29579
EXCHANGE.INI,changed,2172,黃天衣★★,Name,黃韋足★★,黃天衣★★
EXCHANGE.INI,changed,2172,黃天衣★★,Reward1,29592,29580
EXCHANGE.INI,changed,3018,拆解：星兇鎧★,Material1,28538,28532
EXCHANGE.INI,changed,3018,拆解：星兇鎧★,Name,拆解：星兇靴★,拆解：星兇鎧★
EXCHANGE.INI,changed,1090,武魂：紅夜,Name,武魂：劉備,武魂：紅夜
EXCHANGE.INI,changed,1090,武魂：紅夜,Reward1,30832,30830
EXCHANGE.INI,changed,2293,拆解：劍帝履★★,Material1,29508,29496
EXCHANGE.INI,changed,2293,拆解：劍帝履★★,Name,拆解：幻帝步★★,拆解：劍帝履★★
EXCHANGE.INI,changed,967,阿波羅煌棍，消光,Material1,26295,26293
EXCHANGE.INI,changed,967,阿波羅煌棍，消光,Name,蓋亞碎界斧，消光,阿波羅煌棍，消光
EXCHANGE.INI,changed,967,阿波羅煌棍，消光,Reward1,26500,26498
EXCHANGE.INI,changed,1178,六道真元錦囊,Material1Count,2,4
EXCHANGE.INI,changed,1178,六道真元錦囊,Name,悟心降魂玉,六道真元錦囊
EXCHANGE.INI,changed,1178,六道真元錦囊,Reward1,28179,26664
EXCHANGE.INI,changed,2643,活俠龍湘錦囊,Material1,29274,29272
EXCHANGE.INI,changed,2643,活俠龍湘錦囊,Material1Count,3,2
EXCHANGE.INI,changed,2725,西狩仙麟角,Material1Count,2000,4500
EXCHANGE.INI,changed,2725,西狩仙麟角,Name,神．玄宙神兵寶箱,西狩仙麟角
EXCHANGE.INI,changed,2725,西狩仙麟角,Reward1,31376,31857
EXCHANGE.INI,changed,3133,拆解：星鋒冑★★★,Material1,28402,28396
EXCHANGE.INI,changed,3133,拆解：星鋒冑★★★,Name,拆解：遊星衣★★★,拆解：星鋒冑★★★
EXCHANGE.INI,changed,2364,拆解：傾城棍★★☆,Material1,29395,29383
EXCHANGE.INI,changed,2364,拆解：傾城棍★★☆,Name,拆解：河山斧★★☆,拆解：傾城棍★★☆
EXCHANGE.INI,changed,3177,進化→佛煌頂☆,Material1,28399,28393
EXCHANGE.INI,changed,3177,進化→佛煌頂☆,Name,進化→戰煌鎧☆,進化→佛煌頂☆
EXCHANGE.INI,changed,3177,進化→佛煌頂☆,Reward1,28859,28853
EXCHANGE.INI,changed,858,寶刀齊齊烏西，開光,Material1,30597,30579
EXCHANGE.INI,changed,858,寶刀齊齊烏西，開光,Name,正義之劍，開光,寶刀齊齊烏西，開光
EXCHANGE.INI,changed,858,寶刀齊齊烏西，開光,Reward1,30160,30158
EXCHANGE.INI,changed,2096,拆解：河山斧★,Group,122,121
EXCHANGE.INI,changed,2096,拆解：河山斧★,Material1,29404,29392
EXCHANGE.INI,changed,2096,拆解：河山斧★,Name,拆解：劍帝冕★,拆解：河山斧★
EXCHANGE.INI,changed,2096,拆解：河山斧★,Reward1Count,2,5
EXCHANGE.INI,changed,1379,辰道玄袖Ⅲ,Material1,31227,31217
EXCHANGE.INI,changed,1379,辰道玄袖Ⅲ,Name,宇鋒飆靴Ⅲ,辰道玄袖Ⅲ
EXCHANGE.INI,changed,1379,辰道玄袖Ⅲ,Reward1,31228,31218
EXCHANGE.INI,changed,3168,進化→貫索槍☆,Material1,28372,28366
EXCHANGE.INI,changed,3168,進化→貫索槍☆,Name,進化→侯欽錘☆,進化→貫索槍☆
EXCHANGE.INI,changed,3168,進化→貫索槍☆,Reward1,28832,28826
EXCHANGE.INI,changed,1113,拆解：新星之道明服,Material1,27319,27307
EXCHANGE.INI,changed,1113,拆解：新星之道明服,Name,拆解：新星之劍英腕,拆解：新星之道明服
EXCHANGE.INI,changed,2941,衡星斗★★,Material1,28364,28358
EXCHANGE.INI,changed,2941,衡星斗★★,Name,商宿槍★★,衡星斗★★
EXCHANGE.INI,changed,2941,衡星斗★★,Reward1,28365,28359
EXCHANGE.INI,changed,3413,拆解：烈煌靴☆☆☆,Material1,28894,28888
EXCHANGE.INI,changed,3413,拆解：烈煌靴☆☆☆,Name,拆解：燦煌足☆☆☆,拆解：烈煌靴☆☆☆
EXCHANGE.INI,changed,2269,拆解：君諭刀★★,Material1,29364,29352
EXCHANGE.INI,changed,2269,拆解：君諭刀★★,Name,拆解：皇麟扇★★,拆解：君諭刀★★
EXCHANGE.INI,changed,917,歿棍‧納吉法，開光,Material1,28784,28782
EXCHANGE.INI,changed,917,歿棍‧納吉法，開光,Name,冥斧‧提爾鋒，開光,歿棍‧納吉法，開光
EXCHANGE.INI,changed,917,歿棍‧納吉法，開光,Reward1,28497,28495
EXCHANGE.INI,changed,1979,武帝踏★,Material1,29511,29499
EXCHANGE.INI,changed,1979,武帝踏★,Name,道帝行★,武帝踏★
EXCHANGE.INI,changed,1979,武帝踏★,Reward1,29512,29500
EXCHANGE.INI,changed,2060,幻帝裘★☆,Material1,29458,29446
EXCHANGE.INI,changed,2060,幻帝裘★☆,Name,禪帝衲★☆,幻帝裘★☆
EXCHANGE.INI,changed,2060,幻帝裘★☆,Reward1,29459,29447
EXCHANGE.INI,changed,2006,拆解：河山斧☆,Group,116,115
EXCHANGE.INI,changed,2006,拆解：河山斧☆,Material1,29403,29391
EXCHANGE.INI,changed,2006,拆解：河山斧☆,Name,拆解：劍帝冕☆,拆解：河山斧☆
EXCHANGE.INI,changed,2006,拆解：河山斧☆,Reward1Count,1,3
EXCHANGE.INI,changed,1972,禪帝衲★,Material1,29469,29457
EXCHANGE.INI,changed,1972,禪帝衲★,Name,武帝掌★,禪帝衲★
EXCHANGE.INI,changed,1972,禪帝衲★,Reward1,29470,29458
EXCHANGE.INI,changed,2573,秘笈：蒼龍吟,Material1Count,1,50
EXCHANGE.INI,changed,2573,秘笈：蒼龍吟,Name,降神：唐布衣之魂,秘笈：蒼龍吟
EXCHANGE.INI,changed,2573,秘笈：蒼龍吟,Reward1,31828,31825
EXCHANGE.INI,changed,2573,秘笈：蒼龍吟,Reward1Count,10,1
EXCHANGE.INI,changed,716,殤不患錦囊禮券,Material1,31602,31600
EXCHANGE.INI,changed,716,殤不患錦囊禮券,Name,阿爾貝盧法錦禮券,殤不患錦囊禮券
EXCHANGE.INI,changed,716,殤不患錦囊禮券,Reward1,31494,31492
EXCHANGE.INI,changed,2636,活俠唐布衣錦囊,Material1,30673,29273
EXCHANGE.INI,changed,2636,活俠唐布衣錦囊,Material1Count,1,10
EXCHANGE.INI,changed,2636,活俠唐布衣錦囊,Name,唐默鈴錦囊禮券,活俠唐布衣錦囊
EXCHANGE.INI,changed,2636,活俠唐布衣錦囊,Reward1,31733,31726
EXCHANGE.INI,changed,2636,活俠唐布衣錦囊,Reward1Count,2,1
EXCHANGE.INI,changed,2654,素還真換孟祈降神,Name,素還真換雪兒降神,素還真換孟祈降神
EXCHANGE.INI,changed,2654,素還真換孟祈降神,Reward1,31880,31883
EXCHANGE.INI,changed,1246,真龍女戰符,Name,真拉薩戰符,真龍女戰符
EXCHANGE.INI,changed,1246,真龍女戰符,Reward1,26974,26972
EXCHANGE.INI,changed,2374,拆解：武帝胄★★☆,Material1,29455,29443
EXCHANGE.INI,changed,2374,拆解：武帝胄★★☆,Name,拆解：道帝袍★★☆,拆解：武帝胄★★☆
EXCHANGE.INI,changed,2299,拆解：羲帝綴★★,Material1,29544,29532
EXCHANGE.INI,changed,2299,拆解：羲帝綴★★,Name,拆解：大帝鎮★★,拆解：羲帝綴★★
EXCHANGE.INI,changed,1987,鬼帝冠★,Material1,29559,29547
EXCHANGE.INI,changed,1987,鬼帝冠★,Name,鬼帝臂★,鬼帝冠★
EXCHANGE.INI,changed,1987,鬼帝冠★,Reward1,29560,29548
EXCHANGE.INI,changed,2805,霹靂素還真錦囊,Material1,29274,29272
EXCHANGE.INI,changed,2805,霹靂素還真錦囊,Material1Count,3,2
EXCHANGE.INI,changed,2932,進化→煌天衣★,Material1,27767,27759
EXCHANGE.INI,changed,2932,進化→煌天衣★,Name,進化→煌韋足★,進化→煌天衣★
EXCHANGE.INI,changed,2932,進化→煌天衣★,Reward1,28550,28544
EXCHANGE.INI,changed,2812,葉小釵錦囊禮券,Material1,29273,30673
EXCHANGE.INI,changed,2812,葉小釵錦囊禮券,Material1Count,10,1
EXCHANGE.INI,changed,2812,葉小釵錦囊禮券,Name,霹靂葉小釵錦囊,葉小釵錦囊禮券
EXCHANGE.INI,changed,2812,葉小釵錦囊禮券,Reward1,32161,32165
EXCHANGE.INI,changed,2812,葉小釵錦囊禮券,Reward1Count,1,2
EXCHANGE.INI,changed,2909,進化→鬥星鎧★,Material1,27678,27676
EXCHANGE.INI,changed,2909,進化→鬥星鎧★,Name,進化→星蹤袍★,進化→鬥星鎧★
EXCHANGE.INI,changed,2909,進化→鬥星鎧★,Reward1,28403,28397
EXCHANGE.INI,changed,1267,塹淵幽柄Ⅱ,Material1,31126,31116
EXCHANGE.INI,changed,1267,塹淵幽柄Ⅱ,Name,羅將烈槍Ⅱ,塹淵幽柄Ⅱ
EXCHANGE.INI,changed,1267,塹淵幽柄Ⅱ,Reward1,31127,31117
EXCHANGE.INI,changed,1660,拆解：辰道玄鞋Ⅴ,Material1,31255,31245
EXCHANGE.INI,changed,1660,拆解：辰道玄鞋Ⅴ,Name,拆解：諾亞航令Ⅴ,拆解：辰道玄鞋Ⅴ
EXCHANGE.INI,changed,3010,拆解：遊星足★,Material1,28436,28430
EXCHANGE.INI,changed,3010,拆解：遊星足★,Name,拆解：釋星行★,拆解：遊星足★
EXCHANGE.INI,changed,1284,宇鋒飄腕Ⅱ,Material1,31211,31201
EXCHANGE.INI,changed,1284,宇鋒飄腕Ⅱ,Name,光術快手Ⅱ,宇鋒飄腕Ⅱ
EXCHANGE.INI,changed,1284,宇鋒飄腕Ⅱ,Reward1,31212,31202
EXCHANGE.INI,changed,2531,武魂：虞小梅,Name,武魂：拓跋一人,武魂：虞小梅
EXCHANGE.INI,changed,2531,武魂：虞小梅,Reward1,30848,30846
EXCHANGE.INI,changed,1067,【七殺天凌】,Material1Count,50,100
EXCHANGE.INI,changed,1067,【七殺天凌】,Name,秘笈：月落烏啼,【七殺天凌】
EXCHANGE.INI,changed,1067,【七殺天凌】,Reward1,31531,31519
EXCHANGE.INI,changed,1268,渡鴉瞳杖Ⅱ,Material1,31131,31121
EXCHANGE.INI,changed,1268,渡鴉瞳杖Ⅱ,Name,血腥屠夫Ⅱ,渡鴉瞳杖Ⅱ
EXCHANGE.INI,changed,1268,渡鴉瞳杖Ⅱ,Reward1,31132,31122
EXCHANGE.INI,changed,836,斬魔錄拂塵，開光,Material1,29624,29622
EXCHANGE.INI,changed,836,斬魔錄拂塵，開光,Name,無心之痴，開光,斬魔錄拂塵，開光
EXCHANGE.INI,changed,836,斬魔錄拂塵，開光,Reward1,29633,29631
EXCHANGE.INI,changed,1062,【聆牙】,Name,【虎嘯山河】,【聆牙】
EXCHANGE.INI,changed,1062,【聆牙】,Reward1,31516,31514
EXCHANGE.INI,changed,1026,泣槍奈‧芙蒂，消光,Material1,29008,29006
EXCHANGE.INI,changed,1026,泣槍奈‧芙蒂，消光,Name,甦錘納‧努特，消光,泣槍奈‧芙蒂，消光
EXCHANGE.INI,changed,1026,泣槍奈‧芙蒂，消光,Reward1,29021,29019
EXCHANGE.INI,changed,2532,武魂：敖姬,Name,武魂：魔化黃帝,武魂：敖姬
EXCHANGE.INI,changed,2532,武魂：敖姬,Reward1,30839,30847
EXCHANGE.INI,changed,2997,拆解：釋星頂★,Material1,28397,28391
EXCHANGE.INI,changed,2997,拆解：釋星頂★,Name,拆解：鬥星鎧★,拆解：釋星頂★
EXCHANGE.INI,changed,1040,冥淵血鷲盾，開光,Material1,30612,30630
EXCHANGE.INI,changed,1040,冥淵血鷲盾，開光,Name,滅裂曉光刀，消光,冥淵血鷲盾，開光
EXCHANGE.INI,changed,1040,冥淵血鷲盾，開光,Reward1,30622,30620
EXCHANGE.INI,changed,1990,鬼帝道★,Material1,29577,29565
EXCHANGE.INI,changed,1990,鬼帝道★,Name,黃天衣★,鬼帝道★
EXCHANGE.INI,changed,1990,鬼帝道★,Reward1,29578,29566
EXCHANGE.INI,changed,3315,燦煌衣☆☆☆,Material1,28869,28863
EXCHANGE.INI,changed,3315,燦煌衣☆☆☆,Name,佛煌裟☆☆☆,燦煌衣☆☆☆
EXCHANGE.INI,changed,3315,燦煌衣☆☆☆,Reward1,28870,28864
EXCHANGE.INI,changed,3103,拆解：星龍珠★★,Material1,28446,28440
EXCHANGE.INI,changed,3103,拆解：星龍珠★★,Name,拆解：星鳳徽★★,拆解：星龍珠★★
EXCHANGE.INI,changed,1736,拆解：術凌旭巾Ⅰ,Material1,30271,30261
EXCHANGE.INI,changed,1736,拆解：術凌旭巾Ⅰ,Name,拆解：禪臺旭笠Ⅰ,拆解：術凌旭巾Ⅰ
EXCHANGE.INI,changed,2459,無極天靈擋,EndTime,,2025-08-21 11:00
EXCHANGE.INI,changed,2459,無極天靈擋,Group,146,145
EXCHANGE.INI,changed,2459,無極天靈擋,Limit,,1
EXCHANGE.INI,changed,2459,無極天靈擋,LimitVer,,2
EXCHANGE.INI,changed,2459,無極天靈擋,Material1,31709,30673
EXCHANGE.INI,changed,2459,無極天靈擋,Material1Count,1750,75
EXCHANGE.INI,changed,2459,無極天靈擋,Material2,,27978
EXCHANGE.INI,changed,2459,無極天靈擋,Material2Count,,150
EXCHANGE.INI,changed,2459,無極天靈擋,Material3,,29052
EXCHANGE.INI,changed,2459,無極天靈擋,Material3Count,,350
EXCHANGE.INI,changed,2459,無極天靈擋,Material4,,29274
EXCHANGE.INI,changed,2459,無極天靈擋,Material4Count,,350
EXCHANGE.INI,changed,2459,無極天靈擋,Name,2025武魂禮券,無極天靈擋
EXCHANGE.INI,changed,2459,無極天靈擋,Reward1,31746,31561
EXCHANGE.INI,changed,1169,真．玄宙神兵寶箱,Material1Count,600,700
EXCHANGE.INI,changed,1169,真．玄宙神兵寶箱,Name,真．玄宙勇裝錦囊,真．玄宙神兵寶箱
EXCHANGE.INI,changed,1169,真．玄宙神兵寶箱,Reward1,31345,31343
EXCHANGE.INI,changed,1523,拆解：寂禪矜足Ⅲ,Material1,31258,31248
EXCHANGE.INI,changed,1523,拆解：寂禪矜足Ⅲ,Name,拆解：誅仙御鐸Ⅲ,拆解：寂禪矜足Ⅲ
EXCHANGE.INI,changed,2311,拆解：神無袈★★,Group,136,135
EXCHANGE.INI,changed,2311,拆解：神無袈★★,Material1,29347,29604
EXCHANGE.INI,changed,2311,拆解：神無袈★★,Material1Count,3,1
EXCHANGE.INI,changed,2311,拆解：神無袈★★,Material2,29272,
EXCHANGE.INI,changed,2311,拆解：神無袈★★,Material2Count,20,
EXCHANGE.INI,changed,2311,拆解：神無袈★★,Name,帝詔劍★★★,拆解：神無袈★★
EXCHANGE.INI,changed,2311,拆解：神無袈★★,Reward1,29348,29272
EXCHANGE.INI,changed,2311,拆解：神無袈★★,Reward1Count,1,20
EXCHANGE.INI,changed,1448,宮殤別劍Ⅳ,Material1,31113,31103
EXCHANGE.INI,changed,1448,宮殤別劍Ⅳ,Name,獵仙飛索Ⅳ,宮殤別劍Ⅳ
EXCHANGE.INI,changed,1448,宮殤別劍Ⅳ,Reward1,31114,31104
EXCHANGE.INI,changed,3344,拆解：武座刃☆☆,Material1,28821,28815
EXCHANGE.INI,changed,3344,拆解：武座刃☆☆,Name,拆解：七公扇☆☆,拆解：武座刃☆☆
EXCHANGE.INI,changed,1198,白樺封魂晶,Name,關羽封魂晶,白樺封魂晶
EXCHANGE.INI,changed,1198,白樺封魂晶,Reward1,31658,31656
EXCHANGE.INI,changed,2302,拆解：鬼帝冠★★,Material1,29562,29550
EXCHANGE.INI,changed,2302,拆解：鬼帝冠★★,Name,拆解：鬼帝臂★★,拆解：鬼帝冠★★
EXCHANGE.INI,changed,2648,活俠虞小梅錦囊,Material1,30673,29273
EXCHANGE.INI,changed,2648,活俠虞小梅錦囊,Material1Count,1,10
EXCHANGE.INI,changed,2648,活俠虞小梅錦囊,Name,夏侯蘭錦囊禮券,活俠虞小梅錦囊
EXCHANGE.INI,changed,2648,活俠虞小梅錦囊,Reward1,31735,31728
EXCHANGE.INI,changed,2648,活俠虞小梅錦囊,Reward1Count,2,1
EXCHANGE.INI,changed,2958,星鋒腕★★,Material1,28415,28409
EXCHANGE.INI,changed,2958,星鋒腕★★,Name,遊星掌★★,星鋒腕★★
EXCHANGE.INI,changed,2958,星鋒腕★★,Reward1,28416,28410
EXCHANGE.INI,changed,3353,拆解：烈煌兜☆☆,Material1,28848,28842
EXCHANGE.INI,changed,3353,拆解：烈煌兜☆☆,Name,拆解：燦煌帽☆☆,拆解：烈煌兜☆☆
EXCHANGE.INI,changed,2863,無心之痴,Material1,29617,29633
EXCHANGE.INI,changed,2863,無心之痴,Name,般若（消光）,無心之痴
EXCHANGE.INI,changed,1874,拆解：術凌旭巾Ⅲ,Material1,30273,30263
EXCHANGE.INI,changed,1874,拆解：術凌旭巾Ⅲ,Name,拆解：禪臺旭笠Ⅲ,拆解：術凌旭巾Ⅲ
EXCHANGE.INI,changed,1371,宇鋒颯衣Ⅲ,Material1,31187,31177
EXCHANGE.INI,changed,1371,宇鋒颯衣Ⅲ,Name,光術旋披Ⅲ,宇鋒颯衣Ⅲ
EXCHANGE.INI,changed,1371,宇鋒颯衣Ⅲ,Reward1,31188,31178
EXCHANGE.INI,changed,3107,拆解：星兇冠★★,Material1,28536,28530
EXCHANGE.INI,changed,3107,拆解：星兇冠★★,Name,拆解：星兇手★★,拆解：星兇冠★★
EXCHANGE.INI,changed,1910,進化→龍掣爪☆,Material1,28825,28819
EXCHANGE.INI,changed,1910,進化→龍掣爪☆,Name,進化→御天杖☆,進化→龍掣爪☆
EXCHANGE.INI,changed,1910,進化→龍掣爪☆,Reward1,29367,29355
EXCHANGE.INI,changed,2208,拆解：宇帝珮★☆,Material1,29537,29525
EXCHANGE.INI,changed,2208,拆解：宇帝珮★☆,Name,拆解：慧帝戒★☆,拆解：宇帝珮★☆
EXCHANGE.INI,changed,949,七政太歲斧，消光,Material1,26492,26792
EXCHANGE.INI,changed,949,七政太歲斧，消光,Name,宙斯神雷劍，開光,七政太歲斧，消光
EXCHANGE.INI,changed,949,七政太歲斧，消光,Reward1,26287,26966
EXCHANGE.INI,changed,1746,拆解：術凌旭指Ⅰ,Material1,30321,30311
EXCHANGE.INI,changed,1746,拆解：術凌旭指Ⅰ,Name,拆解：禪臺旭執Ⅰ,拆解：術凌旭指Ⅰ
EXCHANGE.INI,changed,3019,拆解：星兇手★,Material1,28541,28535
EXCHANGE.INI,changed,3019,拆解：星兇手★,Name,拆解：煌月巾★,拆解：星兇手★
EXCHANGE.INI,changed,690,真玄僧裝錦囊禮券,Material1,31705,31877
EXCHANGE.INI,changed,690,真玄僧裝錦囊禮券,Name,姬風錦囊禮券,真玄僧裝錦囊禮券
EXCHANGE.INI,changed,690,真玄僧裝錦囊禮券,Reward1,31699,31348
EXCHANGE.INI,changed,690,真玄僧裝錦囊禮券,Reward1Count,5,1
EXCHANGE.INI,changed,1567,光術疾履Ⅴ,Material1,31249,31239
EXCHANGE.INI,changed,1567,光術疾履Ⅴ,Name,寂禪矜足Ⅴ,光術疾履Ⅴ
EXCHANGE.INI,changed,1567,光術疾履Ⅴ,Reward1,31250,31240
EXCHANGE.INI,changed,3089,拆解：鬥星鎧★★,Material1,28404,28398
EXCHANGE.INI,changed,3089,拆解：鬥星鎧★★,Name,拆解：星蹤袍★★,拆解：鬥星鎧★★
EXCHANGE.INI,changed,1456,方舟舵斧Ⅳ,Group,80,79
EXCHANGE.INI,changed,1456,方舟舵斧Ⅳ,Material1,31153,31143
EXCHANGE.INI,changed,1456,方舟舵斧Ⅳ,Material2Count,75,200
EXCHANGE.INI,changed,1456,方舟舵斧Ⅳ,Name,宇鋒颺頂Ⅳ,方舟舵斧Ⅳ
EXCHANGE.INI,changed,1456,方舟舵斧Ⅳ,Reward1,31154,31144
EXCHANGE.INI,changed,2776,三恆曌世,Name,斬魔錄拂塵,三恆曌世
EXCHANGE.INI,changed,2776,三恆曌世,Reward1,29631,29629
EXCHANGE.INI,changed,2260,鬼帝道★★☆,Material1,29580,29568
EXCHANGE.INI,changed,2260,鬼帝道★★☆,Name,黃天衣★★☆,鬼帝道★★☆
EXCHANGE.INI,changed,2260,鬼帝道★★☆,Reward1,29581,29569
EXCHANGE.INI,changed,2512,超．旭品武防綢袋,Group,151,150
EXCHANGE.INI,changed,2512,超．旭品武防綢袋,Material1,30872,30871
EXCHANGE.INI,changed,2512,超．旭品武防綢袋,Material1Count,1500,150
EXCHANGE.INI,changed,2512,超．旭品武防綢袋,Name,泰源巨熊禮券,超．旭品武防綢袋
EXCHANGE.INI,changed,2512,超．旭品武防綢袋,Reward1,30982,30448
EXCHANGE.INI,changed,2916,進化→星蹤手★,Material1,27715,27698
EXCHANGE.INI,changed,2916,進化→星蹤手★,Name,進化→星鋒靴★,進化→星蹤手★
EXCHANGE.INI,changed,2916,進化→星蹤手★,Reward1,28424,28418
EXCHANGE.INI,changed,2252,禪帝渡★★☆,Material1,29532,29520
EXCHANGE.INI,changed,2252,禪帝渡★★☆,Name,羲帝綴★★☆,禪帝渡★★☆
EXCHANGE.INI,changed,2252,禪帝渡★★☆,Reward1,29533,29521
EXCHANGE.INI,changed,1446,拆解：舞星鎢掌Ⅱ,Group,79,78
EXCHANGE.INI,changed,1446,拆解：舞星鎢掌Ⅱ,Material1,31103,31322
EXCHANGE.INI,changed,1446,拆解：舞星鎢掌Ⅱ,Material1Count,3,1
EXCHANGE.INI,changed,1446,拆解：舞星鎢掌Ⅱ,Material2,29272,
EXCHANGE.INI,changed,1446,拆解：舞星鎢掌Ⅱ,Material2Count,200,
EXCHANGE.INI,changed,1446,拆解：舞星鎢掌Ⅱ,Name,宮殤別劍Ⅳ,拆解：舞星鎢掌Ⅱ
EXCHANGE.INI,changed,1446,拆解：舞星鎢掌Ⅱ,Reward1,31104,30673
EXCHANGE.INI,changed,1446,拆解：舞星鎢掌Ⅱ,Reward1Count,1,10
EXCHANGE.INI,changed,1851,拆解：狂陽耀鎧Ⅱ,Material1,30387,30377
EXCHANGE.INI,changed,1851,拆解：狂陽耀鎧Ⅱ,Name,拆解：狂陽烈蹴Ⅱ,拆解：狂陽耀鎧Ⅱ
EXCHANGE.INI,changed,2355,皇影甲★★★,Material1,29611,29599
EXCHANGE.INI,changed,2355,皇影甲★★★,Name,君星靴★★★,皇影甲★★★
EXCHANGE.INI,changed,2355,皇影甲★★★,Reward1,29612,29600
EXCHANGE.INI,changed,2288,拆解：劍帝握★★,Material1,29478,29466
EXCHANGE.INI,changed,2288,拆解：劍帝握★★,Name,拆解：幻帝手★★,拆解：劍帝握★★
EXCHANGE.INI,changed,3112,拆解：煌天衣★★,Material1,28551,28545
EXCHANGE.INI,changed,3112,拆解：煌天衣★★,Name,拆解：煌韋足★★,拆解：煌天衣★★
EXCHANGE.INI,changed,2379,拆解：武帝掌★★☆,Material1,29485,29473
EXCHANGE.INI,changed,2379,拆解：武帝掌★★☆,Name,拆解：道帝袖★★☆,拆解：武帝掌★★☆
EXCHANGE.INI,changed,2939,流螢斬★★,Material1,28358,28352
EXCHANGE.INI,changed,2939,流螢斬★★,Name,衡星斗★★,流螢斬★★
EXCHANGE.INI,changed,2939,流螢斬★★,Reward1,28359,28353
EXCHANGE.INI,changed,2136,皇麟扇★★,Material1,29375,29363
EXCHANGE.INI,changed,2136,皇麟扇★★,Name,權霸槍★★,皇麟扇★★
EXCHANGE.INI,changed,2136,皇麟扇★★,Reward1,29376,29364
EXCHANGE.INI,changed,2322,疆嶽盾★★★,Group,137,136
EXCHANGE.INI,changed,2322,疆嶽盾★★★,Material1,29413,29401
EXCHANGE.INI,changed,2322,疆嶽盾★★★,Material2Count,6,20
EXCHANGE.INI,changed,2322,疆嶽盾★★★,Name,武帝盔★★★,疆嶽盾★★★
EXCHANGE.INI,changed,2322,疆嶽盾★★★,Reward1,29414,29402
EXCHANGE.INI,changed,958,赫菲煉炎錘，開光,Material1,26501,26499
EXCHANGE.INI,changed,958,赫菲煉炎錘，開光,Name,海克力斯盾，開光,赫菲煉炎錘，開光
EXCHANGE.INI,changed,958,赫菲煉炎錘，開光,Reward1,26296,26294
EXCHANGE.INI,changed,2598,趙活封魂晶,Name,武魂：唐默鈴,趙活封魂晶
EXCHANGE.INI,changed,2598,趙活封魂晶,Reward1,30843,31811
EXCHANGE.INI,changed,3041,星蹤綸★★★,Material1,28395,28389
EXCHANGE.INI,changed,3041,星蹤綸★★★,Name,星鋒冑★★★,星蹤綸★★★
EXCHANGE.INI,changed,3041,星蹤綸★★★,Reward1,28396,28390
EXCHANGE.INI,changed,1897,拆解：狂陽耀鎧Ⅲ,Material1,30388,30378
EXCHANGE.INI,changed,1897,拆解：狂陽耀鎧Ⅲ,Name,拆解：狂陽烈蹴Ⅲ,拆解：狂陽耀鎧Ⅲ
EXCHANGE.INI,changed,1675,拆解：舞星鈦甲Ⅴ,Material1,31330,31320
EXCHANGE.INI,changed,1675,拆解：舞星鈦甲Ⅴ,Name,拆解：舞星鋁行Ⅴ,拆解：舞星鈦甲Ⅴ
EXCHANGE.INI,changed,1207,極．旭品特仕裝箱,Material1Count,9,12
EXCHANGE.INI,changed,1207,極．旭品特仕裝箱,Material2Count,9,12
EXCHANGE.INI,changed,1207,極．旭品特仕裝箱,Material3Count,99,120
EXCHANGE.INI,changed,1207,極．旭品特仕裝箱,Name,超．旭品特仕裝箱,極．旭品特仕裝箱
EXCHANGE.INI,changed,1207,極．旭品特仕裝箱,Reward1,30455,30466
EXCHANGE.INI,changed,2285,拆解：幻帝裘★★,Material1,29460,29448
EXCHANGE.INI,changed,2285,拆解：幻帝裘★★,Name,拆解：禪帝衲★★,拆解：幻帝裘★★
EXCHANGE.INI,changed,2616,秘笈：奪魄幽靈爪,Material1Count,1,50
EXCHANGE.INI,changed,2616,秘笈：奪魄幽靈爪,Name,降神：趙活之魂,秘笈：奪魄幽靈爪
EXCHANGE.INI,changed,2616,秘笈：奪魄幽靈爪,Reward1,31827,31824
EXCHANGE.INI,changed,2616,秘笈：奪魄幽靈爪,Reward1Count,30,1
EXCHANGE.INI,changed,2511,泰原仙器錦囊,Material1,30758,30871
EXCHANGE.INI,changed,2511,泰原仙器錦囊,Material1Count,2000,350
EXCHANGE.INI,changed,2511,泰原仙器錦囊,Name,天宇導標,泰原仙器錦囊
EXCHANGE.INI,changed,2511,泰原仙器錦囊,Reward1,30871,30930
EXCHANGE.INI,changed,1076,秘笈：洪荒禁窮獄,Name,秘笈：鳳凰驚雷鳴,秘笈：洪荒禁窮獄
EXCHANGE.INI,changed,1076,秘笈：洪荒禁窮獄,Reward1,31539,31538
EXCHANGE.INI,changed,2635,活俠唐布衣錦囊,Material1,29274,29272
EXCHANGE.INI,changed,2635,活俠唐布衣錦囊,Material1Count,3,2
EXCHANGE.INI,changed,1122,拆解：新星之術潛履,Material1,27343,27341
EXCHANGE.INI,changed,1122,拆解：新星之術潛履,Name,拆解：新星之禪照行,拆解：新星之術潛履
EXCHANGE.INI,changed,2499,以太星核錦囊,Material1Count,3,70
EXCHANGE.INI,changed,2499,以太星核錦囊,Name,六道真元錦囊,以太星核錦囊
EXCHANGE.INI,changed,2499,以太星核錦囊,Reward1,26664,31468
EXCHANGE.INI,changed,2956,星蹤袍★★,Material1,28409,28403
EXCHANGE.INI,changed,2956,星蹤袍★★,Name,星鋒腕★★,星蹤袍★★
EXCHANGE.INI,changed,2956,星蹤袍★★,Reward1,28410,28404
EXCHANGE.INI,changed,1751,拆解：術凌旭步Ⅰ,Material1,30346,30336
EXCHANGE.INI,changed,1751,拆解：術凌旭步Ⅰ,Name,拆解：禪臺旭足Ⅰ,拆解：術凌旭步Ⅰ
EXCHANGE.INI,changed,2961,星蹤手★★,Material1,28424,28418
EXCHANGE.INI,changed,2961,星蹤手★★,Name,星鋒靴★★,星蹤手★★
EXCHANGE.INI,changed,2961,星蹤手★★,Reward1,28425,28419
EXCHANGE.INI,changed,2027,拆解：禪帝渡☆,Material1,29529,29517
EXCHANGE.INI,changed,2027,拆解：禪帝渡☆,Name,拆解：羲帝綴☆,拆解：禪帝渡☆
EXCHANGE.INI,changed,3058,星龍珠★★★,Material1,28446,28440
EXCHANGE.INI,changed,3058,星龍珠★★★,Name,星鳳徽★★★,星龍珠★★★
EXCHANGE.INI,changed,3058,星龍珠★★★,Reward1,28447,28441
EXCHANGE.INI,changed,1112,拆解：新星之術潛裳,Material1,27308,27306
EXCHANGE.INI,changed,1112,拆解：新星之術潛裳,Name,拆解：新星之禪照衣,拆解：新星之術潛裳
EXCHANGE.INI,changed,2389,拆解：羲帝綴★★☆,Material1,29545,29533
EXCHANGE.INI,changed,2389,拆解：羲帝綴★★☆,Name,拆解：大帝鎮★★☆,拆解：羲帝綴★★☆
EXCHANGE.INI,changed,2665,葉小釵換楊鐵降神,Name,葉小釵換無雙降神,葉小釵換楊鐵降神
EXCHANGE.INI,changed,2665,葉小釵換楊鐵降神,Reward1,31881,31879
EXCHANGE.INI,changed,853,西疆神劍，消光,Material1,29777,29716
EXCHANGE.INI,changed,853,西疆神劍，消光,Name,般若（紫耀），消光,西疆神劍，消光
EXCHANGE.INI,changed,853,西疆神劍，消光,Reward1,29737,29714
EXCHANGE.INI,changed,3285,拆解：風煌珠☆,Group,199,198
EXCHANGE.INI,changed,3285,拆解：風煌珠☆,Material1,28951,28907
EXCHANGE.INI,changed,3285,拆解：風煌珠☆,Name,拆解：鬼兇冠☆,拆解：風煌珠☆
EXCHANGE.INI,changed,3285,拆解：風煌珠☆,Reward1Count,9,1
EXCHANGE.INI,changed,1105,拆解：新星之劍英盔,Material1,27286,27284
EXCHANGE.INI,changed,1105,拆解：新星之劍英盔,Name,拆解：新星之術潛紗,拆解：新星之劍英盔
EXCHANGE.INI,changed,1883,拆解：勇將旭掌Ⅲ,Material1,30318,30308
EXCHANGE.INI,changed,1883,拆解：勇將旭掌Ⅲ,Name,拆解：道清旭袖Ⅲ,拆解：勇將旭掌Ⅲ
EXCHANGE.INI,changed,3100,拆解：遊星足★★,Material1,28437,28431
EXCHANGE.INI,changed,3100,拆解：遊星足★★,Name,拆解：釋星行★★,拆解：遊星足★★
EXCHANGE.INI,changed,2806,霹靂素還真錦囊,Material1,30673,29273
EXCHANGE.INI,changed,2806,霹靂素還真錦囊,Material1Count,1,10
EXCHANGE.INI,changed,2806,霹靂素還真錦囊,Name,一頁書錦囊禮券,霹靂素還真錦囊
EXCHANGE.INI,changed,2806,霹靂素還真錦囊,Reward1,32164,32159
EXCHANGE.INI,changed,2806,霹靂素還真錦囊,Reward1Count,2,1
EXCHANGE.INI,changed,3157,拆解：煌天衣★★★,Material1,28552,28546
EXCHANGE.INI,changed,3157,拆解：煌天衣★★★,Name,拆解：煌韋足★★★,拆解：煌天衣★★★
EXCHANGE.INI,changed,2586,蒲牢震嶽棍,Name,奇異霸龍禮券,蒲牢震嶽棍
EXCHANGE.INI,changed,2586,蒲牢震嶽棍,Reward1,31868,31841
EXCHANGE.INI,changed,1245,真劍仙戰符,Name,真虎霸戰符,真劍仙戰符
EXCHANGE.INI,changed,1245,真劍仙戰符,Reward1,26973,26971
EXCHANGE.INI,changed,2620,降神：唐默鈴之魂,Name,降神：虞小梅之魂,降神：唐默鈴之魂
EXCHANGE.INI,changed,2620,降神：唐默鈴之魂,Reward1,31831,31829
EXCHANGE.INI,changed,1548,方舟舵斧Ⅴ,Group,86,85
EXCHANGE.INI,changed,1548,方舟舵斧Ⅴ,Material1,31154,31144
EXCHANGE.INI,changed,1548,方舟舵斧Ⅴ,Material2Count,100,250
EXCHANGE.INI,changed,1548,方舟舵斧Ⅴ,Name,宇鋒颺頂Ⅴ,方舟舵斧Ⅴ
EXCHANGE.INI,changed,1548,方舟舵斧Ⅴ,Reward1,31155,31145
EXCHANGE.INI,changed,3161,拆解：奇行裟★★★,Group,191,190
EXCHANGE.INI,changed,3161,拆解：奇行裟★★★,Material1,28351,28558
EXCHANGE.INI,changed,3161,拆解：奇行裟★★★,Material1Count,3,1
EXCHANGE.INI,changed,3161,拆解：奇行裟★★★,Material2,27978,
EXCHANGE.INI,changed,3161,拆解：奇行裟★★★,Material2Count,9,
EXCHANGE.INI,changed,3161,拆解：奇行裟★★★,Material3,29053,
EXCHANGE.INI,changed,3161,拆解：奇行裟★★★,Material3Count,3,
EXCHANGE.INI,changed,3161,拆解：奇行裟★★★,Name,進化→北冕劍☆,拆解：奇行裟★★★
EXCHANGE.INI,changed,3161,拆解：奇行裟★★★,Reward1,28811,28634
EXCHANGE.INI,changed,3161,拆解：奇行裟★★★,Reward1Count,1,27
EXCHANGE.INI,changed,1200,關羽封魂晶,Material1Count,1,200
EXCHANGE.INI,changed,1200,關羽封魂晶,Name,極降神：魔黃之魂,關羽封魂晶
EXCHANGE.INI,changed,1200,關羽封魂晶,Reward1,31672,31658
EXCHANGE.INI,changed,1200,關羽封魂晶,Reward1Count,15,1
EXCHANGE.INI,changed,699,姬霜錦囊禮券,Material1,31008,31006
EXCHANGE.INI,changed,699,姬霜錦囊禮券,Name,貂芷錦囊禮券,姬霜錦囊禮券
EXCHANGE.INI,changed,699,姬霜錦囊禮券,Reward1,30909,30907
EXCHANGE.INI,changed,1628,拆解：舞星釩兜Ⅳ,Material1,31324,31314
EXCHANGE.INI,changed,1628,拆解：舞星釩兜Ⅳ,Name,拆解：舞星鎢掌Ⅳ,拆解：舞星釩兜Ⅳ
EXCHANGE.INI,changed,2170,鬼帝道★★,Material1,29579,29567
EXCHANGE.INI,changed,2170,鬼帝道★★,Name,黃天衣★★,鬼帝道★★
EXCHANGE.INI,changed,2170,鬼帝道★★,Reward1,29580,29568
EXCHANGE.INI,changed,2748,項莊蓋世令,Name,太陽神翼‧拉,項莊蓋世令
EXCHANGE.INI,changed,2748,項莊蓋世令,Reward1,29011,29676
EXCHANGE.INI,changed,1155,以太星核錦囊,Material1Count,2,40
EXCHANGE.INI,changed,1155,以太星核錦囊,Name,六道真元錦囊,以太星核錦囊
EXCHANGE.INI,changed,1155,以太星核錦囊,Reward1,26664,31468
EXCHANGE.INI,changed,1282,辰道玄袍Ⅱ,Material1,31201,31191
EXCHANGE.INI,changed,1282,辰道玄袍Ⅱ,Name,宇鋒飄腕Ⅱ,辰道玄袍Ⅱ
EXCHANGE.INI,changed,1282,辰道玄袍Ⅱ,Reward1,31202,31192
EXCHANGE.INI,changed,2103,拆解：劍帝服★,Material1,29446,29434
EXCHANGE.INI,changed,2103,拆解：劍帝服★,Name,拆解：幻帝裘★,拆解：劍帝服★
EXCHANGE.INI,changed,2319,傾城棍★★★,Material1,29395,29383
EXCHANGE.INI,changed,2319,傾城棍★★★,Name,河山斧★★★,傾城棍★★★
EXCHANGE.INI,changed,2319,傾城棍★★★,Reward1,29396,29384
EXCHANGE.INI,changed,2576,降神：唐默鈴之魂,Name,降神：虞小梅之魂,降神：唐默鈴之魂
EXCHANGE.INI,changed,2576,降神：唐默鈴之魂,Reward1,31831,31829
EXCHANGE.INI,changed,2919,進化→鬥星脛★,Material1,27718,27716
EXCHANGE.INI,changed,2919,進化→鬥星脛★,Name,進化→星蹤履★,進化→鬥星脛★
EXCHANGE.INI,changed,2919,進化→鬥星脛★,Reward1,28433,28427
EXCHANGE.INI,changed,2395,拆解：鬼帝道★★☆,Material1,29581,29569
EXCHANGE.INI,changed,2395,拆解：鬼帝道★★☆,Name,拆解：黃天衣★★☆,拆解：鬼帝道★★☆
EXCHANGE.INI,changed,2758,白虎宮嘯塵玉,Material1Count,400,500
EXCHANGE.INI,changed,2758,白虎宮嘯塵玉,Name,虛空秘境仙器錦囊,白虎宮嘯塵玉
EXCHANGE.INI,changed,2758,白虎宮嘯塵玉,Reward1,30712,27577
EXCHANGE.INI,changed,3044,鬥星鎧★★★,Material1,28404,28398
EXCHANGE.INI,changed,3044,鬥星鎧★★★,Name,星蹤袍★★★,鬥星鎧★★★
EXCHANGE.INI,changed,3044,鬥星鎧★★★,Reward1,28405,28399
EXCHANGE.INI,changed,1955,龍掣爪★,Material1,29367,29355
EXCHANGE.INI,changed,1955,龍掣爪★,Name,御天杖★,龍掣爪★
EXCHANGE.INI,changed,1955,龍掣爪★,Reward1,29368,29356
EXCHANGE.INI,changed,1653,拆解：天守宙臂Ⅴ,Material1,31220,31210
EXCHANGE.INI,changed,1653,拆解：天守宙臂Ⅴ,Name,拆解：辰道玄袖Ⅴ,拆解：天守宙臂Ⅴ
EXCHANGE.INI,changed,2367,拆解：疆嶽盾★★☆,Group,140,139
EXCHANGE.INI,changed,2367,拆解：疆嶽盾★★☆,Material1,29413,29401
EXCHANGE.INI,changed,2367,拆解：疆嶽盾★★☆,Name,拆解：武帝盔★★☆,拆解：疆嶽盾★★☆
EXCHANGE.INI,changed,2367,拆解：疆嶽盾★★☆,Reward1Count,5,12
EXCHANGE.INI,changed,2694,極．玄宙術裝錦囊,Name,極．玄宙僧裝錦囊,極．玄宙術裝錦囊
EXCHANGE.INI,changed,2694,極．玄宙術裝錦囊,Reward1,31370,31368
EXCHANGE.INI,changed,2778,斬魔錄拂塵,Name,無心之痴,斬魔錄拂塵
EXCHANGE.INI,changed,2778,斬魔錄拂塵,Reward1,29633,29631
EXCHANGE.INI,changed,1188,玄宙武防盛袋,Group,62,61
EXCHANGE.INI,changed,1188,玄宙武防盛袋,Material1,31675,31482
EXCHANGE.INI,changed,1188,玄宙武防盛袋,Material1Count,15,150
EXCHANGE.INI,changed,1188,玄宙武防盛袋,Material2,31676,
EXCHANGE.INI,changed,1188,玄宙武防盛袋,Material2Count,15,
EXCHANGE.INI,changed,1188,玄宙武防盛袋,Material3,31677,
EXCHANGE.INI,changed,1188,玄宙武防盛袋,Material3Count,15,
EXCHANGE.INI,changed,1188,玄宙武防盛袋,Material4,31678,
EXCHANGE.INI,changed,1188,玄宙武防盛袋,Material4Count,15,
EXCHANGE.INI,changed,1188,玄宙武防盛袋,Material5,31679,
EXCHANGE.INI,changed,1188,玄宙武防盛袋,Material5Count,15,
EXCHANGE.INI,changed,1188,玄宙武防盛袋,Name,清暑小香包,玄宙武防盛袋
EXCHANGE.INI,changed,1188,玄宙武防盛袋,Reward1,31681,31331
EXCHANGE.INI,changed,2954,鬥星鎧★★,Material1,28403,28397
EXCHANGE.INI,changed,2954,鬥星鎧★★,Name,星蹤袍★★,鬥星鎧★★
EXCHANGE.INI,changed,2954,鬥星鎧★★,Reward1,28404,28398
EXCHANGE.INI,changed,1562,光術快手Ⅴ,Material1,31224,31214
EXCHANGE.INI,changed,1562,光術快手Ⅴ,Name,寂禪若持Ⅴ,光術快手Ⅴ
EXCHANGE.INI,changed,1562,光術快手Ⅴ,Reward1,31225,31215
EXCHANGE.INI,changed,1661,拆解：寂禪矜足Ⅴ,Material1,31260,31250
EXCHANGE.INI,changed,1661,拆解：寂禪矜足Ⅴ,Name,拆解：誅仙御鐸Ⅴ,拆解：寂禪矜足Ⅴ
EXCHANGE.INI,changed,2828,般若（消光）,Material1,29619,29617
EXCHANGE.INI,changed,2828,般若（消光）,Name,長柄滄耳刀（消光）,般若（消光）
EXCHANGE.INI,changed,2248,劍帝履★★☆,Material1,29508,29496
EXCHANGE.INI,changed,2248,劍帝履★★☆,Name,幻帝步★★☆,劍帝履★★☆
EXCHANGE.INI,changed,2248,劍帝履★★☆,Reward1,29509,29497
EXCHANGE.INI,changed,2267,君星靴★★☆,Group,133,132
EXCHANGE.INI,changed,2267,君星靴★★☆,Material1,29352,29610
EXCHANGE.INI,changed,2267,君星靴★★☆,Material1Count,1,3
EXCHANGE.INI,changed,2267,君星靴★★☆,Material2,,29272
EXCHANGE.INI,changed,2267,君星靴★★☆,Material2Count,,50
EXCHANGE.INI,changed,2267,君星靴★★☆,Name,拆解：君諭刀★★,君星靴★★☆
EXCHANGE.INI,changed,2267,君星靴★★☆,Reward1,29273,29611
EXCHANGE.INI,changed,2267,君星靴★★☆,Reward1Count,10,1
EXCHANGE.INI,changed,3075,拆解：瞬光劃★★,Material1,28362,28356
EXCHANGE.INI,changed,3075,拆解：瞬光劃★★,Name,拆解：瀚辰杖★★,拆解：瞬光劃★★
EXCHANGE.INI,changed,757,拆解：九日仙幽環,Material1,30902,31448
EXCHANGE.INI,changed,757,拆解：九日仙幽環,Name,拆解：王狼連山檄,拆解：九日仙幽環
EXCHANGE.INI,changed,757,拆解：九日仙幽環,Reward1Count,12,15
EXCHANGE.INI,changed,2624,趙活錦囊禮券,Name,唐默鈴錦囊禮券,趙活錦囊禮券
EXCHANGE.INI,changed,2624,趙活錦囊禮券,Reward1,31733,31731
EXCHANGE.INI,changed,2821,長柄滄耳刀,Material1,29630,29628
EXCHANGE.INI,changed,2821,長柄滄耳刀,Name,如是我斬,長柄滄耳刀
EXCHANGE.INI,changed,3326,道煌履☆☆☆,Material1,28902,28896
EXCHANGE.INI,changed,3326,道煌履☆☆☆,Name,火煌珠☆☆☆,道煌履☆☆☆
EXCHANGE.INI,changed,3326,道煌履☆☆☆,Reward1,28903,28897
EXCHANGE.INI,changed,1064,【虎嘯山河】,Name,【喪月之夜】,【虎嘯山河】
EXCHANGE.INI,changed,1064,【虎嘯山河】,Reward1,31518,31516
EXCHANGE.INI,changed,2556,武魂：唐默鈴,Name,武魂：虞小梅,武魂：唐默鈴
EXCHANGE.INI,changed,2556,武魂：唐默鈴,Reward1,30846,30843
EXCHANGE.INI,changed,1318,拆解：方舟舵斧Ⅰ,Group,71,70
EXCHANGE.INI,changed,1318,拆解：方舟舵斧Ⅰ,Material1,31151,31141
EXCHANGE.INI,changed,1318,拆解：方舟舵斧Ⅰ,Name,拆解：宇鋒颺頂Ⅰ,拆解：方舟舵斧Ⅰ
EXCHANGE.INI,changed,1318,拆解：方舟舵斧Ⅰ,Reward1,29273,29272
EXCHANGE.INI,changed,2638,唐默鈴錦囊禮券,Material1,29273,30673
EXCHANGE.INI,changed,2638,唐默鈴錦囊禮券,Material1Count,10,1
EXCHANGE.INI,changed,2638,唐默鈴錦囊禮券,Name,活俠唐默鈴錦囊,唐默鈴錦囊禮券
EXCHANGE.INI,changed,2638,唐默鈴錦囊禮券,Reward1,31727,31733
EXCHANGE.INI,changed,2638,唐默鈴錦囊禮券,Reward1Count,1,2
EXCHANGE.INI,changed,2340,幻帝步★★★,Material1,29521,29509
EXCHANGE.INI,changed,2340,幻帝步★★★,Name,禪帝渡★★★,幻帝步★★★
EXCHANGE.INI,changed,2340,幻帝步★★★,Reward1,29522,29510
EXCHANGE.INI,changed,1388,獨眼慧珠Ⅲ,Group,75,74
EXCHANGE.INI,changed,1388,獨眼慧珠Ⅲ,Material1,31272,31262
EXCHANGE.INI,changed,1388,獨眼慧珠Ⅲ,Material2,30673,29272
EXCHANGE.INI,changed,1388,獨眼慧珠Ⅲ,Material2Count,30,60
EXCHANGE.INI,changed,1388,獨眼慧珠Ⅲ,Name,騰陽威冕Ⅲ,獨眼慧珠Ⅲ
EXCHANGE.INI,changed,1388,獨眼慧珠Ⅲ,Reward1,31273,31263
EXCHANGE.INI,changed,1293,寂禪矜足Ⅱ,Material1,31256,31246
EXCHANGE.INI,changed,1293,寂禪矜足Ⅱ,Name,誅仙御鐸Ⅱ,寂禪矜足Ⅱ
EXCHANGE.INI,changed,1293,寂禪矜足Ⅱ,Reward1,31257,31247
EXCHANGE.INI,changed,1742,拆解：道清旭袍Ⅰ,Material1,30301,30291
EXCHANGE.INI,changed,1742,拆解：道清旭袍Ⅰ,Name,拆解：劍豪旭腕Ⅰ,拆解：道清旭袍Ⅰ
EXCHANGE.INI,changed,2482,恆山仙重鎮,Material1Count,1750,2250
EXCHANGE.INI,changed,2482,恆山仙重鎮,Name,極．玄宙特仕裝箱,恆山仙重鎮
EXCHANGE.INI,changed,2482,恆山仙重鎮,Reward1,31371,31617
EXCHANGE.INI,changed,707,玉旭紀念裝箱禮券,Material1,31731,31591
EXCHANGE.INI,changed,707,玉旭紀念裝箱禮券,Name,趙活錦囊禮券,玉旭紀念裝箱禮券
EXCHANGE.INI,changed,707,玉旭紀念裝箱禮券,Reward1,31725,31592
EXCHANGE.INI,changed,707,玉旭紀念裝箱禮券,Reward1Count,5,1
EXCHANGE.INI,changed,1358,獵仙飛索Ⅲ,Material1,31122,31112
EXCHANGE.INI,changed,1358,獵仙飛索Ⅲ,Name,渡鴉瞳杖Ⅲ,獵仙飛索Ⅲ
EXCHANGE.INI,changed,1358,獵仙飛索Ⅲ,Reward1,31123,31113
EXCHANGE.INI,changed,2245,幻帝手★★☆,Material1,29490,29478
EXCHANGE.INI,changed,2245,幻帝手★★☆,Name,禪帝捻★★☆,幻帝手★★☆
EXCHANGE.INI,changed,2245,幻帝手★★☆,Reward1,29491,29479
EXCHANGE.INI,changed,3181,進化→道煌袍☆,Material1,28411,28405
EXCHANGE.INI,changed,3181,進化→道煌袍☆,Name,進化→烈煌腕☆,進化→道煌袍☆
EXCHANGE.INI,changed,3181,進化→道煌袍☆,Reward1,28871,28865
EXCHANGE.INI,changed,3376,拆解：地煌珠☆☆,Group,205,204
EXCHANGE.INI,changed,3376,拆解：地煌珠☆☆,Material1,28955,28911
EXCHANGE.INI,changed,3376,拆解：地煌珠☆☆,Name,拆解：鬼兇鎧☆☆,拆解：地煌珠☆☆
EXCHANGE.INI,changed,3376,拆解：地煌珠☆☆,Reward1Count,18,2
EXCHANGE.INI,changed,2243,劍帝握★★☆,Material1,29478,29466
EXCHANGE.INI,changed,2243,劍帝握★★☆,Name,幻帝手★★☆,劍帝握★★☆
EXCHANGE.INI,changed,2243,劍帝握★★☆,Reward1,29479,29467
EXCHANGE.INI,changed,1460,光術覆面Ⅳ,Material1,31173,31163
EXCHANGE.INI,changed,1460,光術覆面Ⅳ,Name,寂禪靜觀Ⅳ,光術覆面Ⅳ
EXCHANGE.INI,changed,1460,光術覆面Ⅳ,Reward1,31174,31164
EXCHANGE.INI,changed,1298,騰陽威冕Ⅱ,Material1,31281,31271
EXCHANGE.INI,changed,1298,騰陽威冕Ⅱ,Name,騰陽烈釬Ⅱ,騰陽威冕Ⅱ
EXCHANGE.INI,changed,1298,騰陽威冕Ⅱ,Reward1,31282,31272
EXCHANGE.INI,changed,2313,帝詔劍★★★,Material1,29359,29347
EXCHANGE.INI,changed,2313,帝詔劍★★★,Name,龍掣爪★★★,帝詔劍★★★
EXCHANGE.INI,changed,2313,帝詔劍★★★,Reward1,29360,29348
EXCHANGE.INI,changed,1797,術凌旭步Ⅲ,Material1,30347,30337
EXCHANGE.INI,changed,1797,術凌旭步Ⅲ,Name,禪臺旭足Ⅲ,術凌旭步Ⅲ
EXCHANGE.INI,changed,1797,術凌旭步Ⅲ,Reward1,30348,30338
EXCHANGE.INI,changed,1508,拆解：寂禪靜觀Ⅲ,Material1,31183,31173
EXCHANGE.INI,changed,1508,拆解：寂禪靜觀Ⅲ,Name,拆解：天衛宙甲Ⅲ,拆解：寂禪靜觀Ⅲ
EXCHANGE.INI,changed,1078,秘笈：鳳凰驚雷鳴,Material1Count,1,50
EXCHANGE.INI,changed,1078,秘笈：鳳凰驚雷鳴,Name,降神：凜雪鴉之魂,秘笈：鳳凰驚雷鳴
EXCHANGE.INI,changed,1078,秘笈：鳳凰驚雷鳴,Reward1,31501,31539
EXCHANGE.INI,changed,1078,秘笈：鳳凰驚雷鳴,Reward1Count,30,1
EXCHANGE.INI,changed,970,海克力斯盾，消光,Group,47,46
EXCHANGE.INI,changed,970,海克力斯盾，消光,Material1,29924,26296
EXCHANGE.INI,changed,970,海克力斯盾，消光,Material2,29272,27198
EXCHANGE.INI,changed,970,海克力斯盾，消光,Material2Count,50,25
EXCHANGE.INI,changed,970,海克力斯盾，消光,Material3,29273,26368
EXCHANGE.INI,changed,970,海克力斯盾，消光,Material4,26368,
EXCHANGE.INI,changed,970,海克力斯盾，消光,Material4Count,200,
EXCHANGE.INI,changed,970,海克力斯盾，消光,Name,武烈春秋刀，開光,海克力斯盾，消光
EXCHANGE.INI,changed,970,海克力斯盾，消光,Reward1,29914,26501
EXCHANGE.INI,changed,2017,拆解：禪帝衲☆,Material1,29469,29457
EXCHANGE.INI,changed,2017,拆解：禪帝衲☆,Name,拆解：武帝掌☆,拆解：禪帝衲☆
EXCHANGE.INI,changed,3287,拆解：鬼兇冠☆,Material1,28957,28951
EXCHANGE.INI,changed,3287,拆解：鬼兇冠☆,Name,拆解：鬼兇手☆,拆解：鬼兇冠☆
EXCHANGE.INI,changed,2990,拆解：九河錘★,Material1,28376,28370
EXCHANGE.INI,changed,2990,拆解：九河錘★,Name,拆解：傾天盾★,拆解：九河錘★
EXCHANGE.INI,changed,2510,超．旭品特仕裝箱,Material1Count,150,500
EXCHANGE.INI,changed,2510,超．旭品特仕裝箱,Name,超．旭品武防綢袋,超．旭品特仕裝箱
EXCHANGE.INI,changed,2510,超．旭品特仕裝箱,Reward1,30448,30455
EXCHANGE.INI,changed,2453,星光引導者,Name,修羅夜叉戟,星光引導者
EXCHANGE.INI,changed,2453,星光引導者,Reward1,31557,31555
EXCHANGE.INI,changed,2603,武魂：夏侯蘭,Material1Count,50,200
EXCHANGE.INI,changed,2603,武魂：夏侯蘭,Name,秘笈：飛燕流星翎,武魂：夏侯蘭
EXCHANGE.INI,changed,2603,武魂：夏侯蘭,Reward1,31815,30845
EXCHANGE.INI,changed,2901,進化→瑤月斧★,Group,174,173
EXCHANGE.INI,changed,2901,進化→瑤月斧★,Material1,27655,27631
EXCHANGE.INI,changed,2901,進化→瑤月斧★,Material2,28634,27978
EXCHANGE.INI,changed,2901,進化→瑤月斧★,Material3,,28634
EXCHANGE.INI,changed,2901,進化→瑤月斧★,Material3Count,,3
EXCHANGE.INI,changed,2901,進化→瑤月斧★,Name,進化→星鋒冠★,進化→瑤月斧★
EXCHANGE.INI,changed,2901,進化→瑤月斧★,Reward1,28379,28373
EXCHANGE.INI,changed,1468,宇鋒飄腕Ⅳ,Material1,31213,31203
EXCHANGE.INI,changed,1468,宇鋒飄腕Ⅳ,Name,光術快手Ⅳ,宇鋒飄腕Ⅳ
EXCHANGE.INI,changed,1468,宇鋒飄腕Ⅳ,Reward1,31214,31204
EXCHANGE.INI,changed,1106,拆解：新星之武豪盔,Material1,27287,27285
EXCHANGE.INI,changed,1106,拆解：新星之武豪盔,Name,拆解：新星之道明冠,拆解：新星之武豪盔
EXCHANGE.INI,changed,3260,拆解：侯欽錘☆,Material1,28838,28832
EXCHANGE.INI,changed,3260,拆解：侯欽錘☆,Name,拆解：天紀盾☆,拆解：侯欽錘☆
EXCHANGE.INI,changed,754,拆解：九日仙塹環,Material1,31447,31445
EXCHANGE.INI,changed,754,拆解：九日仙塹環,Name,拆解：九日仙松環,拆解：九日仙塹環
EXCHANGE.INI,changed,2472,超．玄宙勇裝錦囊,Name,超．玄宙道裝錦囊,超．玄宙勇裝錦囊
EXCHANGE.INI,changed,2472,超．玄宙勇裝錦囊,Reward1,31358,31356
EXCHANGE.INI,changed,2434,拆解：羲帝綴★★★,Material1,29546,29534
EXCHANGE.INI,changed,2434,拆解：羲帝綴★★★,Name,拆解：大帝鎮★★★,拆解：羲帝綴★★★
EXCHANGE.INI,changed,2234,武帝盔★★☆,Material1,29424,29412
EXCHANGE.INI,changed,2234,武帝盔★★☆,Name,道帝簪★★☆,武帝盔★★☆
EXCHANGE.INI,changed,2234,武帝盔★★☆,Reward1,29425,29413
EXCHANGE.INI,changed,802,拆解：玉智仙狼牙,Material1,29262,29260
EXCHANGE.INI,changed,802,拆解：玉智仙狼牙,Name,拆解：金甲仙狼牙,拆解：玉智仙狼牙
EXCHANGE.INI,changed,975,日月五峰杖，開光,Material1,29929,29927
EXCHANGE.INI,changed,975,日月五峰杖，開光,Name,龍飛御天棍，開光,日月五峰杖，開光
EXCHANGE.INI,changed,975,日月五峰杖，開光,Reward1,29919,29917
EXCHANGE.INI,changed,1449,泰源玉刀Ⅳ,Material1,31118,31108
EXCHANGE.INI,changed,1449,泰源玉刀Ⅳ,Name,塹淵幽柄Ⅳ,泰源玉刀Ⅳ
EXCHANGE.INI,changed,1449,泰源玉刀Ⅳ,Reward1,31119,31109
EXCHANGE.INI,changed,2765,悟心降魂玉,Group,168,167
EXCHANGE.INI,changed,2765,悟心降魂玉,Material1,32821,31710
EXCHANGE.INI,changed,2765,悟心降魂玉,Material1Count,35,2
EXCHANGE.INI,changed,2765,悟心降魂玉,Material2,32822,
EXCHANGE.INI,changed,2765,悟心降魂玉,Material2Count,10,
EXCHANGE.INI,changed,2765,悟心降魂玉,Material3,32824,
EXCHANGE.INI,changed,2765,悟心降魂玉,Material3Count,7,
EXCHANGE.INI,changed,2765,悟心降魂玉,Material4,32825,
EXCHANGE.INI,changed,2765,悟心降魂玉,Material4Count,7,
EXCHANGE.INI,changed,2765,悟心降魂玉,Name,彩虹莫西多,悟心降魂玉
EXCHANGE.INI,changed,2765,悟心降魂玉,Reward1,32829,28179
EXCHANGE.INI,changed,2203,拆解：劍帝履★☆,Material1,29507,29495
EXCHANGE.INI,changed,2203,拆解：劍帝履★☆,Name,拆解：幻帝步★☆,拆解：劍帝履★☆
EXCHANGE.INI,changed,2581,金猊晉殿刀,Name,椒圖長風拂,金猊晉殿刀
EXCHANGE.INI,changed,2581,金猊晉殿刀,Reward1,31838,31836
EXCHANGE.INI,changed,2306,拆解：黃月巾★★,Material1,29586,29574
EXCHANGE.INI,changed,2306,拆解：黃月巾★★,Name,拆解：黃鳴腕★★,拆解：黃月巾★★
EXCHANGE.INI,changed,3437,新市排骨飯,Name,國寶鱔合餐,新市排骨飯
EXCHANGE.INI,changed,3437,新市排骨飯,Reward1,31416,31414
EXCHANGE.INI,changed,841,刁刀，開光,Material1,29775,29715
EXCHANGE.INI,changed,841,刁刀，開光,Name,如是我斬燄霞，開光,刁刀，開光
EXCHANGE.INI,changed,841,刁刀，開光,Reward1,29778,29717
EXCHANGE.INI,changed,941,五帝太昊劍，消光,Material1,26786,26784
EXCHANGE.INI,changed,941,五帝太昊劍，消光,Name,九龍翔瑞爪，消光,五帝太昊劍，消光
EXCHANGE.INI,changed,941,五帝太昊劍，消光,Reward1,27437,27436
EXCHANGE.INI,changed,1235,真天師符咒,Material1,24230,27388
EXCHANGE.INI,changed,1235,真天師符咒,Name,大天神符咒,真天師符咒
EXCHANGE.INI,changed,1235,真天師符咒,Reward1,23835,26923
EXCHANGE.INI,changed,1671,拆解：凜月霜襟Ⅴ,Material1,31310,31300
EXCHANGE.INI,changed,1671,拆解：凜月霜襟Ⅴ,Name,拆解：凜月漪纏Ⅴ,拆解：凜月霜襟Ⅴ
EXCHANGE.INI,changed,3194,進化→水煌珠☆,Material1,28450,28444
EXCHANGE.INI,changed,3194,進化→水煌珠☆,Name,進化→地煌珠☆,進化→水煌珠☆
EXCHANGE.INI,changed,3194,進化→水煌珠☆,Reward1,28910,28904
EXCHANGE.INI,changed,1071,秘笈：煙月無痕,Name,秘笈：鬼神辟易,秘笈：煙月無痕
EXCHANGE.INI,changed,1071,秘笈：煙月無痕,Reward1,31535,31533
EXCHANGE.INI,changed,2290,拆解：幻帝手★★,Material1,29490,29478
EXCHANGE.INI,changed,2290,拆解：幻帝手★★,Name,拆解：禪帝捻★★,拆解：幻帝手★★
EXCHANGE.INI,changed,1891,拆解：禪臺旭足Ⅲ,Material1,30358,30348
EXCHANGE.INI,changed,1891,拆解：禪臺旭足Ⅲ,Name,拆解：紫雨璃戒Ⅲ,拆解：禪臺旭足Ⅲ
EXCHANGE.INI,changed,749,拆解：低溫防護罩,Material1,30636,31575
EXCHANGE.INI,changed,749,拆解：低溫防護罩,Name,拆解：凝氣仙方錄,拆解：低溫防護罩
EXCHANGE.INI,changed,749,拆解：低溫防護罩,Reward1Count,15,25
EXCHANGE.INI,changed,2411,拆解：河山斧★★★,Group,143,142
EXCHANGE.INI,changed,2411,拆解：河山斧★★★,Material1,29408,29396
EXCHANGE.INI,changed,2411,拆解：河山斧★★★,Name,拆解：劍帝冕★★★,拆解：河山斧★★★
EXCHANGE.INI,changed,2411,拆解：河山斧★★★,Reward1Count,6,15
EXCHANGE.INI,changed,874,喪月之夜，開光,Material1,31530,31528
EXCHANGE.INI,changed,874,喪月之夜，開光,Name,諸業俱毀，開光,喪月之夜，開光
EXCHANGE.INI,changed,874,喪月之夜，開光,Reward1,31520,31518
EXCHANGE.INI,changed,3078,拆解：商宿槍★★,Material1,28371,28365
EXCHANGE.INI,changed,3078,拆解：商宿槍★★,Name,拆解：九河錘★★,拆解：商宿槍★★
EXCHANGE.INI,changed,2228,權霸槍★★☆,Material1,29388,29376
EXCHANGE.INI,changed,2228,權霸槍★★☆,Name,界王錘★★☆,權霸槍★★☆
EXCHANGE.INI,changed,2228,權霸槍★★☆,Reward1,29389,29377
EXCHANGE.INI,changed,3340,碧隱甲☆☆☆,Material1,28982,28976
EXCHANGE.INI,changed,3340,碧隱甲☆☆☆,Name,碧星靴☆☆☆,碧隱甲☆☆☆
EXCHANGE.INI,changed,3340,碧隱甲☆☆☆,Reward1,28983,28977
EXCHANGE.INI,changed,1233,真天神符咒,Name,真天師符咒,真天神符咒
EXCHANGE.INI,changed,1233,真天神符咒,Reward1,26923,26921
EXCHANGE.INI,changed,1524,拆解：諾亞航令Ⅲ,Material1,31263,31253
EXCHANGE.INI,changed,1524,拆解：諾亞航令Ⅲ,Name,拆解：獨眼慧珠Ⅲ,拆解：諾亞航令Ⅲ
EXCHANGE.INI,changed,1813,宿星燦甲Ⅲ,Material1,30602,30417
EXCHANGE.INI,changed,1813,宿星燦甲Ⅲ,Name,宿星閃靴Ⅲ,宿星燦甲Ⅲ
EXCHANGE.INI,changed,1813,宿星燦甲Ⅲ,Reward1,30603,30418
EXCHANGE.INI,changed,3173,進化→烈煌兜☆,Material1,28387,28381
EXCHANGE.INI,changed,3173,進化→烈煌兜☆,Name,進化→燦煌帽☆,進化→烈煌兜☆
EXCHANGE.INI,changed,3173,進化→烈煌兜☆,Reward1,28847,28841
EXCHANGE.INI,changed,2809,霹靂一頁書錦囊,Material1,29274,29272
EXCHANGE.INI,changed,2809,霹靂一頁書錦囊,Material1Count,3,2
EXCHANGE.INI,changed,1593,拆解：破魔獨錘Ⅳ,Material1,31149,31139
EXCHANGE.INI,changed,1593,拆解：破魔獨錘Ⅳ,Name,拆解：古主臨盾Ⅳ,拆解：破魔獨錘Ⅳ
EXCHANGE.INI,changed,992,千古一帝刀，開光,Material1,29667,29665
EXCHANGE.INI,changed,992,千古一帝刀，開光,Name,周武克殷幟，開光,千古一帝刀，開光
EXCHANGE.INI,changed,992,千古一帝刀，開光,Reward1,29657,29655
EXCHANGE.INI,changed,2487,極．玄宙勇裝錦囊,Name,極．玄宙道裝錦囊,極．玄宙勇裝錦囊
EXCHANGE.INI,changed,2487,極．玄宙勇裝錦囊,Reward1,31369,31367
EXCHANGE.INI,changed,2424,拆解：武帝掌★★★,Material1,29486,29474
EXCHANGE.INI,changed,2424,拆解：武帝掌★★★,Name,拆解：道帝袖★★★,拆解：武帝掌★★★
EXCHANGE.INI,changed,2980,奇隱甲★★,Material1,28559,28553
EXCHANGE.INI,changed,2980,奇隱甲★★,Name,奇星靴★★,奇隱甲★★
EXCHANGE.INI,changed,2980,奇隱甲★★,Reward1,28560,28554
EXCHANGE.INI,changed,3256,拆解：七公扇☆,Material1,28826,28820
EXCHANGE.INI,changed,3256,拆解：七公扇☆,Name,拆解：貫索槍☆,拆解：七公扇☆
EXCHANGE.INI,changed,2923,進化→星龍珠★,Material1,27734,27732
EXCHANGE.INI,changed,2923,進化→星龍珠★,Name,進化→星鳳徽★,進化→星龍珠★
EXCHANGE.INI,changed,2923,進化→星龍珠★,Reward1,28445,28439
EXCHANGE.INI,changed,1240,大幻煞符咒,Material1,22451,24230
EXCHANGE.INI,changed,1240,大幻煞符咒,Name,附靈法紙轉狂戰符咒,大幻煞符咒
EXCHANGE.INI,changed,1240,大幻煞符咒,Reward1,21827,23838
EXCHANGE.INI,changed,2191,拆解：道帝簪★☆,Material1,29435,29423
EXCHANGE.INI,changed,2191,拆解：道帝簪★☆,Name,拆解：劍帝服★☆,拆解：道帝簪★☆
EXCHANGE.INI,changed,3305,侯欽錘☆☆☆,Material1,28839,28833
EXCHANGE.INI,changed,3305,侯欽錘☆☆☆,Name,天紀盾☆☆☆,侯欽錘☆☆☆
EXCHANGE.INI,changed,3305,侯欽錘☆☆☆,Reward1,28840,28834
EXCHANGE.INI,changed,1853,拆解：狂陽烈蹴Ⅱ,Material1,30397,30387
EXCHANGE.INI,changed,1853,拆解：狂陽烈蹴Ⅱ,Name,拆解：靜月簾衣Ⅱ,拆解：狂陽烈蹴Ⅱ
EXCHANGE.INI,changed,852,無聲之狂，消光,Material1,29717,29634
EXCHANGE.INI,changed,852,無聲之狂，消光,Material2,23472,29776
EXCHANGE.INI,changed,852,無聲之狂，消光,Name,刁刀，消光,無聲之狂，消光
EXCHANGE.INI,changed,852,無聲之狂，消光,Reward1,29715,29625
EXCHANGE.INI,changed,921,焱劍‧雷瓦汀，消光,Material1,28491,28489
EXCHANGE.INI,changed,921,焱劍‧雷瓦汀，消光,Name,狼鎖‧格雷普，消光,焱劍‧雷瓦汀，消光
EXCHANGE.INI,changed,921,焱劍‧雷瓦汀，消光,Reward1,28778,28776
EXCHANGE.INI,changed,1483,騰陽雄鎧Ⅳ,Material1,31288,31278
EXCHANGE.INI,changed,1483,騰陽雄鎧Ⅳ,Name,騰陽巍立Ⅳ,騰陽雄鎧Ⅳ
EXCHANGE.INI,changed,1483,騰陽雄鎧Ⅳ,Reward1,31289,31279
EXCHANGE.INI,changed,1156,創神聖鑽錦囊,Material1Count,1,5
EXCHANGE.INI,changed,1156,創神聖鑽錦囊,Name,武冠兵甲摸彩券,創神聖鑽錦囊
EXCHANGE.INI,changed,1156,創神聖鑽錦囊,Reward1,29971,29054
EXCHANGE.INI,changed,3046,星蹤袍★★★,Material1,28410,28404
EXCHANGE.INI,changed,3046,星蹤袍★★★,Name,星鋒腕★★★,星蹤袍★★★
EXCHANGE.INI,changed,3046,星蹤袍★★★,Reward1,28411,28405
EXCHANGE.INI,changed,1220,無．幻煞符咒,Material1,28767,29221
EXCHANGE.INI,changed,1220,無．幻煞符咒,Name,絕狂戰符咒,無．幻煞符咒
EXCHANGE.INI,changed,1220,無．幻煞符咒,Reward1,28586,29034
EXCHANGE.INI,changed,1565,宇鋒飆靴Ⅴ,Material1,31239,31229
EXCHANGE.INI,changed,1565,宇鋒飆靴Ⅴ,Name,光術疾履Ⅴ,宇鋒飆靴Ⅴ
EXCHANGE.INI,changed,1565,宇鋒飆靴Ⅴ,Reward1,31240,31230
EXCHANGE.INI,changed,2832,如是我斬（消光）,Material1,29623,29621
EXCHANGE.INI,changed,2832,如是我斬（消光）,Name,千年一擊（消光）,如是我斬（消光）
EXCHANGE.INI,changed,2148,劍帝服★★,Material1,29447,29435
EXCHANGE.INI,changed,2148,劍帝服★★,Name,幻帝裘★★,劍帝服★★
EXCHANGE.INI,changed,2148,劍帝服★★,Reward1,29448,29436
EXCHANGE.INI,changed,2418,拆解：劍帝服★★★,Material1,29450,29438
EXCHANGE.INI,changed,2418,拆解：劍帝服★★★,Name,拆解：幻帝裘★★★,拆解：劍帝服★★★
EXCHANGE.INI,changed,1381,宇鋒飆靴Ⅲ,Material1,31237,31227
EXCHANGE.INI,changed,1381,宇鋒飆靴Ⅲ,Name,光術疾履Ⅲ,宇鋒飆靴Ⅲ
EXCHANGE.INI,changed,1381,宇鋒飆靴Ⅲ,Reward1,31238,31228
EXCHANGE.INI,changed,2481,悟心降魂玉,Group,147,146
EXCHANGE.INI,changed,2481,悟心降魂玉,Material1Count,2000,1
EXCHANGE.INI,changed,2481,悟心降魂玉,Name,2025武魂禮券,悟心降魂玉
EXCHANGE.INI,changed,2481,悟心降魂玉,Reward1,31746,28179
EXCHANGE.INI,changed,1061,【拙劍】,Name,【吟雷聆牙】,【拙劍】
EXCHANGE.INI,changed,1061,【拙劍】,Reward1,31515,31513
EXCHANGE.INI,changed,1421,拆解：寂禪鎏裟Ⅱ,Material1,31207,31197
EXCHANGE.INI,changed,1421,拆解：寂禪鎏裟Ⅱ,Name,拆解：天守宙臂Ⅱ,拆解：寂禪鎏裟Ⅱ
EXCHANGE.INI,changed,983,樓寒末仇藜，消光,Material1,29917,29915
EXCHANGE.INI,changed,983,樓寒末仇藜，消光,Name,日月五峰杖，消光,樓寒末仇藜，消光
EXCHANGE.INI,changed,983,樓寒末仇藜，消光,Reward1,29927,29925
EXCHANGE.INI,changed,937,四海蓬萊棍，開光,Material1,26966,26964
EXCHANGE.INI,changed,937,四海蓬萊棍，開光,Name,七政太歲斧，開光,四海蓬萊棍，開光
EXCHANGE.INI,changed,937,四海蓬萊棍，開光,Reward1,26792,26790
EXCHANGE.INI,changed,718,阿爾貝盧法錦禮券,Material1,31593,31602
EXCHANGE.INI,changed,718,阿爾貝盧法錦禮券,Name,神旭劍裝錦囊禮券,阿爾貝盧法錦禮券
EXCHANGE.INI,changed,718,阿爾貝盧法錦禮券,Reward1,30472,31494
EXCHANGE.INI,changed,718,阿爾貝盧法錦禮券,Reward1Count,1,5
EXCHANGE.INI,changed,957,阿波羅煌棍，開光,Material1,26500,26498
EXCHANGE.INI,changed,957,阿波羅煌棍，開光,Name,蓋亞碎界斧，開光,阿波羅煌棍，開光
EXCHANGE.INI,changed,957,阿波羅煌棍，開光,Reward1,26295,26293
EXCHANGE.INI,changed,2480,武冠兵甲摸彩券,Group,147,146
EXCHANGE.INI,changed,2480,武冠兵甲摸彩券,Material1Count,2250,1
EXCHANGE.INI,changed,2480,武冠兵甲摸彩券,Name,恆山仙重鎮,武冠兵甲摸彩券
EXCHANGE.INI,changed,2480,武冠兵甲摸彩券,Reward1,31617,29971
EXCHANGE.INI,changed,2647,活俠虞小梅錦囊,Material1,29274,29272
EXCHANGE.INI,changed,2647,活俠虞小梅錦囊,Material1Count,3,2
EXCHANGE.INI,changed,3307,天紀盾☆☆☆,Group,201,200
EXCHANGE.INI,changed,3307,天紀盾☆☆☆,Material1,28845,28839
EXCHANGE.INI,changed,3307,天紀盾☆☆☆,Material2Count,2,6
EXCHANGE.INI,changed,3307,天紀盾☆☆☆,Name,戰煌盔☆☆☆,天紀盾☆☆☆
EXCHANGE.INI,changed,3307,天紀盾☆☆☆,Reward1,28846,28840
EXCHANGE.INI,changed,1710,七色蓮寶Ⅱ,Group,96,95
EXCHANGE.INI,changed,1710,七色蓮寶Ⅱ,Material1,30371,30361
EXCHANGE.INI,changed,1710,七色蓮寶Ⅱ,Material2,30673,29272
EXCHANGE.INI,changed,1710,七色蓮寶Ⅱ,Material2Count,3,10
EXCHANGE.INI,changed,1710,七色蓮寶Ⅱ,Name,狂陽輝冕Ⅱ,七色蓮寶Ⅱ
EXCHANGE.INI,changed,1710,七色蓮寶Ⅱ,Reward1,30372,30362
EXCHANGE.INI,changed,1069,秘笈：月落烏啼,Name,秘笈：煙月無痕,秘笈：月落烏啼
EXCHANGE.INI,changed,1069,秘笈：月落烏啼,Reward1,31533,31531
EXCHANGE.INI,changed,2800,降神：葉小釵之魂,Name,一頁書錦囊禮券,降神：葉小釵之魂
EXCHANGE.INI,changed,2800,降神：葉小釵之魂,Reward1,32164,29653
EXCHANGE.INI,changed,2800,降神：葉小釵之魂,Reward1Count,2,30
EXCHANGE.INI,changed,1340,拆解：諾亞航令Ⅰ,Material1,31261,31251
EXCHANGE.INI,changed,1340,拆解：諾亞航令Ⅰ,Name,拆解：獨眼慧珠Ⅰ,拆解：諾亞航令Ⅰ
EXCHANGE.INI,changed,3300,宗正裁☆☆☆,Material1,28824,28818
EXCHANGE.INI,changed,3300,宗正裁☆☆☆,Name,列肆杖☆☆☆,宗正裁☆☆☆
EXCHANGE.INI,changed,3300,宗正裁☆☆☆,Reward1,28825,28819
EXCHANGE.INI,changed,2126,拆解：黃月巾★,Material1,29584,29572
EXCHANGE.INI,changed,2126,拆解：黃月巾★,Name,拆解：黃鳴腕★,拆解：黃月巾★
EXCHANGE.INI,changed,2413,拆解：劍帝冕★★★,Material1,29420,29408
EXCHANGE.INI,changed,2413,拆解：劍帝冕★★★,Name,拆解：幻帝面★★★,拆解：劍帝冕★★★
EXCHANGE.INI,changed,1609,拆解：辰道玄袖Ⅳ,Material1,31229,31219
EXCHANGE.INI,changed,1609,拆解：辰道玄袖Ⅳ,Name,拆解：宇鋒飆靴Ⅳ,拆解：辰道玄袖Ⅳ
EXCHANGE.INI,changed,2676,超．玄宙武防盛袋,Group,165,164
EXCHANGE.INI,changed,2676,超．玄宙武防盛袋,Material1,32134,31768
EXCHANGE.INI,changed,2676,超．玄宙武防盛袋,Material1Count,15,150
EXCHANGE.INI,changed,2676,超．玄宙武防盛袋,Name,金蹄鐵,超．玄宙武防盛袋
EXCHANGE.INI,changed,2676,超．玄宙武防盛袋,Reward1,32135,31353
EXCHANGE.INI,changed,1589,拆解：塹淵幽柄Ⅳ,Material1,31129,31119
EXCHANGE.INI,changed,1589,拆解：塹淵幽柄Ⅳ,Name,拆解：羅將烈槍Ⅳ,拆解：塹淵幽柄Ⅳ
EXCHANGE.INI,changed,3006,拆解：星蹤手★,Material1,28424,28418
EXCHANGE.INI,changed,3006,拆解：星蹤手★,Name,拆解：星鋒靴★,拆解：星蹤手★
EXCHANGE.INI,changed,3043,星鋒冑★★★,Material1,28401,28395
EXCHANGE.INI,changed,3043,星鋒冑★★★,Name,遊星衣★★★,星鋒冑★★★
EXCHANGE.INI,changed,3043,星鋒冑★★★,Reward1,28402,28396
EXCHANGE.INI,changed,1718,靜月帷腕Ⅱ,Material1,30411,30401
EXCHANGE.INI,changed,1718,靜月帷腕Ⅱ,Name,宿星銀兜Ⅱ,靜月帷腕Ⅱ
EXCHANGE.INI,changed,1718,靜月帷腕Ⅱ,Reward1,30412,30402
EXCHANGE.INI,changed,824,觀音杵,Group,38,37
EXCHANGE.INI,changed,824,觀音杵,Material1Count,10,75
EXCHANGE.INI,changed,824,觀音杵,Material2Count,30,150
EXCHANGE.INI,changed,824,觀音杵,Material3Count,30,350
EXCHANGE.INI,changed,824,觀音杵,Material4Count,30,350
EXCHANGE.INI,changed,824,觀音杵,Name,振宇屬性配方錦囊,觀音杵
EXCHANGE.INI,changed,824,觀音杵,Reward1,31604,31558
EXCHANGE.INI,changed,827,梭羅強化配方錦囊,Material1,29273,30673
EXCHANGE.INI,changed,827,梭羅強化配方錦囊,Material1Count,15,10
EXCHANGE.INI,changed,827,梭羅強化配方錦囊,Material2,,27978
EXCHANGE.INI,changed,827,梭羅強化配方錦囊,Material2Count,,30
EXCHANGE.INI,changed,827,梭羅強化配方錦囊,Material3,,29052
EXCHANGE.INI,changed,827,梭羅強化配方錦囊,Material3Count,,30
EXCHANGE.INI,changed,827,梭羅強化配方錦囊,Material4,,29274
EXCHANGE.INI,changed,827,梭羅強化配方錦囊,Material4Count,,30
EXCHANGE.INI,changed,827,梭羅強化配方錦囊,Name,皇龍純金,梭羅強化配方錦囊
EXCHANGE.INI,changed,827,梭羅強化配方錦囊,Reward1,29272,31605
EXCHANGE.INI,changed,1537,拆解：舞星鈦甲Ⅲ,Material1,31328,31318
EXCHANGE.INI,changed,1537,拆解：舞星鈦甲Ⅲ,Name,拆解：舞星鋁行Ⅲ,拆解：舞星鈦甲Ⅲ
EXCHANGE.INI,changed,2945,九河錘★★,Material1,28376,28370
EXCHANGE.INI,changed,2945,九河錘★★,Name,傾天盾★★,九河錘★★
EXCHANGE.INI,changed,2945,九河錘★★,Reward1,28377,28371
EXCHANGE.INI,changed,1624,拆解：凜月冪巾Ⅳ,Material1,31304,31294
EXCHANGE.INI,changed,1624,拆解：凜月冪巾Ⅳ,Name,拆解：凜月影束Ⅳ,拆解：凜月冪巾Ⅳ
EXCHANGE.INI,changed,842,般若（紫耀），開光,Material1,29626,29737
EXCHANGE.INI,changed,842,般若（紫耀），開光,Material2,29776,23472
EXCHANGE.INI,changed,842,般若（紫耀），開光,Name,般若，消光,般若（紫耀），開光
EXCHANGE.INI,changed,842,般若（紫耀），開光,Reward1,29617,29777
EXCHANGE.INI,changed,3444,當歸燉土虱,Material1Count,1,2
EXCHANGE.INI,changed,3444,當歸燉土虱,Name,三寶燒臘飯,當歸燉土虱
EXCHANGE.INI,changed,3444,當歸燉土虱,Reward1,30659,30996
EXCHANGE.INI,changed,1549,古主臨盾Ⅴ,Group,86,85
EXCHANGE.INI,changed,1549,古主臨盾Ⅴ,Material1,31159,31149
EXCHANGE.INI,changed,1549,古主臨盾Ⅴ,Material2Count,100,250
EXCHANGE.INI,changed,1549,古主臨盾Ⅴ,Name,天衛宙盔Ⅴ,古主臨盾Ⅴ
EXCHANGE.INI,changed,1549,古主臨盾Ⅴ,Reward1,31160,31150
EXCHANGE.INI,changed,2716,荒狼宮皓月戒,Material1Count,35,300
EXCHANGE.INI,changed,2716,荒狼宮皓月戒,Name,以太星核錦囊,荒狼宮皓月戒
EXCHANGE.INI,changed,2716,荒狼宮皓月戒,Reward1,31468,27578
EXCHANGE.INI,changed,1510,拆解：天衛宙甲Ⅲ,Material1,31193,31183
EXCHANGE.INI,changed,1510,拆解：天衛宙甲Ⅲ,Name,拆解：辰道玄袍Ⅲ,拆解：天衛宙甲Ⅲ
EXCHANGE.INI,changed,1896,拆解：狂陽輝冕Ⅲ,Material1,30383,30373
EXCHANGE.INI,changed,1896,拆解：狂陽輝冕Ⅲ,Name,拆解：狂陽赤手Ⅲ,拆解：狂陽輝冕Ⅲ
EXCHANGE.INI,changed,2727,神．玄宙神兵寶箱,Material1Count,1500,2000
EXCHANGE.INI,changed,2727,神．玄宙神兵寶箱,Name,神．玄宙勇裝錦囊,神．玄宙神兵寶箱
EXCHANGE.INI,changed,2727,神．玄宙神兵寶箱,Reward1,31378,31376
EXCHANGE.INI,changed,2432,拆解：禪帝渡★★★,Material1,29534,29522
EXCHANGE.INI,changed,2432,拆解：禪帝渡★★★,Name,拆解：羲帝綴★★★,拆解：禪帝渡★★★
EXCHANGE.INI,changed,1717,靜月簾衣Ⅱ,Material1,30406,30396
EXCHANGE.INI,changed,1717,靜月簾衣Ⅱ,Name,靜月織足Ⅱ,靜月簾衣Ⅱ
EXCHANGE.INI,changed,1717,靜月簾衣Ⅱ,Reward1,30407,30397
EXCHANGE.INI,changed,3077,拆解：瀚辰杖★★,Material1,28368,28362
EXCHANGE.INI,changed,3077,拆解：瀚辰杖★★,Name,拆解：太微棍★★,拆解：瀚辰杖★★
EXCHANGE.INI,changed,2917,進化→釋星拱★,Material1,27716,27699
EXCHANGE.INI,changed,2917,進化→釋星拱★,Name,進化→鬥星脛★,進化→釋星拱★
EXCHANGE.INI,changed,2917,進化→釋星拱★,Reward1,28427,28421
EXCHANGE.INI,changed,2762,創神聖鑽錦囊,Material1Count,2,8
EXCHANGE.INI,changed,2762,創神聖鑽錦囊,Name,武冠兵甲摸彩券,創神聖鑽錦囊
EXCHANGE.INI,changed,2762,創神聖鑽錦囊,Reward1,29971,29054
EXCHANGE.INI,changed,1326,拆解：天衛宙甲Ⅰ,Material1,31191,31181
EXCHANGE.INI,changed,1326,拆解：天衛宙甲Ⅰ,Name,拆解：辰道玄袍Ⅰ,拆解：天衛宙甲Ⅰ
EXCHANGE.INI,changed,2320,界王錘★★★,Material1,29401,29389
EXCHANGE.INI,changed,2320,界王錘★★★,Name,疆嶽盾★★★,界王錘★★★
EXCHANGE.INI,changed,2320,界王錘★★★,Reward1,29402,29390
EXCHANGE.INI,changed,3158,拆解：煌嗚腕★★★,Material1,28555,28549
EXCHANGE.INI,changed,3158,拆解：煌嗚腕★★★,Name,拆解：奇隱甲★★★,拆解：煌嗚腕★★★
EXCHANGE.INI,changed,2627,龍湘錦囊禮券,Name,夏侯蘭錦囊禮券,龍湘錦囊禮券
EXCHANGE.INI,changed,2627,龍湘錦囊禮券,Reward1,31735,31736
EXCHANGE.INI,changed,2970,星鳳徽★★,Group,178,177
EXCHANGE.INI,changed,2970,星鳳徽★★,Material1,28529,28445
EXCHANGE.INI,changed,2970,星鳳徽★★,Material2Count,9,1
EXCHANGE.INI,changed,2970,星鳳徽★★,Name,星兇冠★★,星鳳徽★★
EXCHANGE.INI,changed,2970,星鳳徽★★,Reward1,28530,28446
EXCHANGE.INI,changed,2801,素還真錦囊禮券,Name,葉小釵錦囊禮券,素還真錦囊禮券
EXCHANGE.INI,changed,2801,素還真錦囊禮券,Reward1,32165,32163
EXCHANGE.INI,changed,3083,拆解：星鋒冠★★,Material1,28386,28380
EXCHANGE.INI,changed,3083,拆解：星鋒冠★★,Name,拆解：遊星箍★★,拆解：星鋒冠★★
EXCHANGE.INI,changed,1434,拆解：獨眼慧珠Ⅱ,Group,78,77
EXCHANGE.INI,changed,1434,拆解：獨眼慧珠Ⅱ,Material1,31272,31262
EXCHANGE.INI,changed,1434,拆解：獨眼慧珠Ⅱ,Name,拆解：騰陽威冕Ⅱ,拆解：獨眼慧珠Ⅱ
EXCHANGE.INI,changed,1434,拆解：獨眼慧珠Ⅱ,Reward1,30673,29273
EXCHANGE.INI,changed,1434,拆解：獨眼慧珠Ⅱ,Reward1Count,10,35
EXCHANGE.INI,changed,3279,拆解：戰煌脛☆,Material1,28895,28889
EXCHANGE.INI,changed,3279,拆解：戰煌脛☆,Name,拆解：道煌履☆,拆解：戰煌脛☆
EXCHANGE.INI,changed,1512,拆解：辰道玄袍Ⅲ,Material1,31203,31193
EXCHANGE.INI,changed,1512,拆解：辰道玄袍Ⅲ,Name,拆解：宇鋒飄腕Ⅲ,拆解：辰道玄袍Ⅲ
EXCHANGE.INI,changed,2073,宇帝珮★☆,Material1,29536,29524
EXCHANGE.INI,changed,2073,宇帝珮★☆,Name,慧帝戒★☆,宇帝珮★☆
EXCHANGE.INI,changed,2073,宇帝珮★☆,Reward1,29537,29525
EXCHANGE.INI,changed,2895,進化→瞬光劃★,Material1,27619,27611
EXCHANGE.INI,changed,2895,進化→瞬光劃★,Name,進化→瀚辰杖★,進化→瞬光劃★
EXCHANGE.INI,changed,2895,進化→瞬光劃★,Reward1,28361,28355
EXCHANGE.INI,changed,1368,光術覆面Ⅲ,Material1,31172,31162
EXCHANGE.INI,changed,1368,光術覆面Ⅲ,Name,寂禪靜觀Ⅲ,光術覆面Ⅲ
EXCHANGE.INI,changed,1368,光術覆面Ⅲ,Reward1,31173,31163
EXCHANGE.INI,changed,1462,寂禪靜觀Ⅳ,Material1,31183,31173
EXCHANGE.INI,changed,1462,寂禪靜觀Ⅳ,Name,天衛宙甲Ⅳ,寂禪靜觀Ⅳ
EXCHANGE.INI,changed,1462,寂禪靜觀Ⅳ,Reward1,31184,31174
EXCHANGE.INI,changed,2678,金蹄鐵,Group,166,165
EXCHANGE.INI,changed,2678,金蹄鐵,Material1,31710,32134
EXCHANGE.INI,changed,2678,金蹄鐵,Material1Count,3500,15
EXCHANGE.INI,changed,2678,金蹄鐵,Name,北饕萬餮硯,金蹄鐵
EXCHANGE.INI,changed,2678,金蹄鐵,Reward1,31855,32135
EXCHANGE.INI,changed,1117,拆解：新星之術潛指,Material1,27323,27321
EXCHANGE.INI,changed,1117,拆解：新星之術潛指,Name,拆解：新星之禪照握,拆解：新星之術潛指
EXCHANGE.INI,changed,2158,劍帝履★★,Material1,29507,29495
EXCHANGE.INI,changed,2158,劍帝履★★,Name,幻帝步★★,劍帝履★★
EXCHANGE.INI,changed,2158,劍帝履★★,Reward1,29508,29496
EXCHANGE.INI,changed,1378,光術快手Ⅲ,Material1,31222,31212
EXCHANGE.INI,changed,1378,光術快手Ⅲ,Name,寂禪若持Ⅲ,光術快手Ⅲ
EXCHANGE.INI,changed,1378,光術快手Ⅲ,Reward1,31223,31213
EXCHANGE.INI,changed,1521,拆解：光術疾履Ⅲ,Material1,31248,31238
EXCHANGE.INI,changed,1521,拆解：光術疾履Ⅲ,Name,拆解：寂禪矜足Ⅲ,拆解：光術疾履Ⅲ
EXCHANGE.INI,changed,2289,拆解：武帝掌★★,Material1,29484,29472
EXCHANGE.INI,changed,2289,拆解：武帝掌★★,Name,拆解：道帝袖★★,拆解：武帝掌★★
EXCHANGE.INI,changed,1296,獨眼慧珠Ⅱ,Group,69,68
EXCHANGE.INI,changed,1296,獨眼慧珠Ⅱ,Material1,31271,31261
EXCHANGE.INI,changed,1296,獨眼慧珠Ⅱ,Material2,30673,29272
EXCHANGE.INI,changed,1296,獨眼慧珠Ⅱ,Material2Count,20,45
EXCHANGE.INI,changed,1296,獨眼慧珠Ⅱ,Name,騰陽威冕Ⅱ,獨眼慧珠Ⅱ
EXCHANGE.INI,changed,1296,獨眼慧珠Ⅱ,Reward1,31272,31262
EXCHANGE.INI,changed,1353,拆解：舞星鈦甲Ⅰ,Material1,31326,31316
EXCHANGE.INI,changed,1353,拆解：舞星鈦甲Ⅰ,Name,拆解：舞星鋁行Ⅰ,拆解：舞星鈦甲Ⅰ
EXCHANGE.INI,changed,1732,拆解：葬月梟斧Ⅰ,Group,98,97
EXCHANGE.INI,changed,1732,拆解：葬月梟斧Ⅰ,Material1,30251,30241
EXCHANGE.INI,changed,1732,拆解：葬月梟斧Ⅰ,Name,拆解：劍豪旭冠Ⅰ,拆解：葬月梟斧Ⅰ
EXCHANGE.INI,changed,1732,拆解：葬月梟斧Ⅰ,Reward1,29273,29272
EXCHANGE.INI,changed,2284,拆解：武帝胄★★,Material1,29454,29442
EXCHANGE.INI,changed,2284,拆解：武帝胄★★,Name,拆解：道帝袍★★,拆解：武帝胄★★
EXCHANGE.INI,changed,2443,拆解：黃鳴腕★★★,Material1,29600,29588
EXCHANGE.INI,changed,2443,拆解：黃鳴腕★★★,Name,拆解：皇影甲★★★,拆解：黃鳴腕★★★
EXCHANGE.INI,changed,1197,紅夜封魂晶,Name,劉備封魂晶,紅夜封魂晶
EXCHANGE.INI,changed,1197,紅夜封魂晶,Reward1,31657,31655
EXCHANGE.INI,changed,3246,柳月巾☆☆,Material1,28969,28963
EXCHANGE.INI,changed,3246,柳月巾☆☆,Name,柳嗚腕☆☆,柳月巾☆☆
EXCHANGE.INI,changed,3246,柳月巾☆☆,Reward1,28970,28964
EXCHANGE.INI,changed,1174,真．玄宙僧裝錦囊,Material1Count,80,600
EXCHANGE.INI,changed,1174,真．玄宙僧裝錦囊,Name,以太星核錦囊,真．玄宙僧裝錦囊
EXCHANGE.INI,changed,1174,真．玄宙僧裝錦囊,Reward1,31468,31348
EXCHANGE.INI,changed,1495,拆解：泰源玉刀Ⅲ,Material1,31118,31108
EXCHANGE.INI,changed,1495,拆解：泰源玉刀Ⅲ,Name,拆解：塹淵幽柄Ⅲ,拆解：泰源玉刀Ⅲ
EXCHANGE.INI,changed,2227,御天杖★★☆,Material1,29382,29370
EXCHANGE.INI,changed,2227,御天杖★★☆,Name,傾城棍★★☆,御天杖★★☆
EXCHANGE.INI,changed,2227,御天杖★★☆,Reward1,29383,29371
EXCHANGE.INI,changed,2282,拆解：禪帝頂★★,Material1,29442,29430
EXCHANGE.INI,changed,2282,拆解：禪帝頂★★,Name,拆解：武帝胄★★,拆解：禪帝頂★★
EXCHANGE.INI,changed,1473,宇鋒飆靴Ⅳ,Material1,31238,31228
EXCHANGE.INI,changed,1473,宇鋒飆靴Ⅳ,Name,光術疾履Ⅳ,宇鋒飆靴Ⅳ
EXCHANGE.INI,changed,1473,宇鋒飆靴Ⅳ,Reward1,31239,31229
EXCHANGE.INI,changed,1625,拆解：凜月霜襟Ⅳ,Material1,31309,31299
EXCHANGE.INI,changed,1625,拆解：凜月霜襟Ⅳ,Name,拆解：凜月漪纏Ⅳ,拆解：凜月霜襟Ⅳ
EXCHANGE.INI,changed,3321,道煌擎☆☆☆,Material1,28887,28881
EXCHANGE.INI,changed,3321,道煌擎☆☆☆,Name,烈煌靴☆☆☆,道煌擎☆☆☆
EXCHANGE.INI,changed,3321,道煌擎☆☆☆,Reward1,28888,28882
EXCHANGE.INI,changed,2530,武魂：夏侯蘭,Name,武魂：敖姬,武魂：夏侯蘭
EXCHANGE.INI,changed,2530,武魂：夏侯蘭,Reward1,30847,30845
EXCHANGE.INI,changed,1232,超幻煞符咒,Material1,27388,27893
EXCHANGE.INI,changed,1232,超幻煞符咒,Name,真狂戰符咒,超幻煞符咒
EXCHANGE.INI,changed,1232,超幻煞符咒,Reward1,26922,27891
EXCHANGE.INI,changed,2470,超．玄宙神兵寶箱,Material1Count,400,500
EXCHANGE.INI,changed,2470,超．玄宙神兵寶箱,Name,超．玄宙勇裝錦囊,超．玄宙神兵寶箱
EXCHANGE.INI,changed,2470,超．玄宙神兵寶箱,Reward1,31356,31354
EXCHANGE.INI,changed,936,荒神蚩尤槍，開光,Material1,26965,26963
EXCHANGE.INI,changed,936,荒神蚩尤槍，開光,Name,六爻初陽錘，開光,荒神蚩尤槍，開光
EXCHANGE.INI,changed,936,荒神蚩尤槍，開光,Reward1,26791,26789
EXCHANGE.INI,changed,1796,勇將旭立Ⅲ,Material1,30342,30332
EXCHANGE.INI,changed,1796,勇將旭立Ⅲ,Name,道清旭鞋Ⅲ,勇將旭立Ⅲ
EXCHANGE.INI,changed,1796,勇將旭立Ⅲ,Reward1,30343,30333
EXCHANGE.INI,changed,2295,拆解：幻帝步★★,Material1,29520,29508
EXCHANGE.INI,changed,2295,拆解：幻帝步★★,Name,拆解：禪帝渡★★,拆解：幻帝步★★
EXCHANGE.INI,changed,935,瀛洲仙華杖，開光,Material1,26964,26962
EXCHANGE.INI,changed,935,瀛洲仙華杖，開光,Name,四海蓬萊棍，開光,瀛洲仙華杖，開光
EXCHANGE.INI,changed,935,瀛洲仙華杖，開光,Reward1,26790,26788
EXCHANGE.INI,changed,2594,星界配方錦囊,Material1,29273,30673
EXCHANGE.INI,changed,2594,星界配方錦囊,Material1Count,15,5
EXCHANGE.INI,changed,2594,星界配方錦囊,Material2,,27978
EXCHANGE.INI,changed,2594,星界配方錦囊,Material2Count,,20
EXCHANGE.INI,changed,2594,星界配方錦囊,Material3,,29052
EXCHANGE.INI,changed,2594,星界配方錦囊,Material3Count,,20
EXCHANGE.INI,changed,2594,星界配方錦囊,Material4,,29274
EXCHANGE.INI,changed,2594,星界配方錦囊,Material4Count,,20
EXCHANGE.INI,changed,2594,星界配方錦囊,Name,皇龍純金,星界配方錦囊
EXCHANGE.INI,changed,2594,星界配方錦囊,Reward1,29272,28593
EXCHANGE.INI,changed,2774,滄耳刀,Name,三恆曌世,滄耳刀
EXCHANGE.INI,changed,2774,滄耳刀,Reward1,29629,29627
EXCHANGE.INI,changed,2070,幻帝步★☆,Material1,29518,29506
EXCHANGE.INI,changed,2070,幻帝步★☆,Name,禪帝渡★☆,幻帝步★☆
EXCHANGE.INI,changed,2070,幻帝步★☆,Reward1,29519,29507
EXCHANGE.INI,changed,2837,秘笈：天問三誓,Material1,29637,29635
EXCHANGE.INI,changed,2837,秘笈：天問三誓,Name,秘笈：蒼龍破雲關,秘笈：天問三誓
EXCHANGE.INI,changed,1020,壑盾伊‧西斯，開光,Material1,29002,29023
EXCHANGE.INI,changed,1020,壑盾伊‧西斯，開光,Name,煌刀瑟‧凱布，消光,壑盾伊‧西斯，開光
EXCHANGE.INI,changed,1020,壑盾伊‧西斯，開光,Reward1,29015,29010
EXCHANGE.INI,changed,1467,寂禪鎏裟Ⅳ,Material1,31208,31198
EXCHANGE.INI,changed,1467,寂禪鎏裟Ⅳ,Name,天守宙臂Ⅳ,寂禪鎏裟Ⅳ
EXCHANGE.INI,changed,1467,寂禪鎏裟Ⅳ,Reward1,31209,31199
EXCHANGE.INI,changed,2607,秘笈：金錢鏢,Name,秘笈：點破雲關,秘笈：金錢鏢
EXCHANGE.INI,changed,2607,秘笈：金錢鏢,Reward1,31817,31813
EXCHANGE.INI,changed,2659,一頁書換孟祈降神,Name,一頁書換雪兒降神,一頁書換孟祈降神
EXCHANGE.INI,changed,2659,一頁書換孟祈降神,Reward1,31880,31883
EXCHANGE.INI,changed,3148,拆解：星龍珠★★★,Material1,28447,28441
EXCHANGE.INI,changed,3148,拆解：星龍珠★★★,Name,拆解：星鳳徽★★★,拆解：星龍珠★★★
EXCHANGE.INI,changed,1895,拆解：億載機軸Ⅲ,Group,108,107
EXCHANGE.INI,changed,1895,拆解：億載機軸Ⅲ,Material1,30378,30368
EXCHANGE.INI,changed,1895,拆解：億載機軸Ⅲ,Name,拆解：狂陽耀鎧Ⅲ,拆解：億載機軸Ⅲ
EXCHANGE.INI,changed,1895,拆解：億載機軸Ⅲ,Reward1,30673,29273
EXCHANGE.INI,changed,1895,拆解：億載機軸Ⅲ,Reward1Count,3,13
EXCHANGE.INI,changed,863,寶刀齊齊烏西，消光,Material1,30160,30158
EXCHANGE.INI,changed,863,寶刀齊齊烏西，消光,Name,正義之劍，消光,寶刀齊齊烏西，消光
EXCHANGE.INI,changed,863,寶刀齊齊烏西，消光,Reward1,30597,30579
EXCHANGE.INI,changed,830,皇龍星銀,Group,39,38
EXCHANGE.INI,changed,830,皇龍星銀,Material1,29618,29274
EXCHANGE.INI,changed,830,皇龍星銀,Material1Count,1,5
EXCHANGE.INI,changed,830,皇龍星銀,Material2,29776,
EXCHANGE.INI,changed,830,皇龍星銀,Material2Count,2,
EXCHANGE.INI,changed,830,皇龍星銀,Name,滄耳刀，開光,皇龍星銀
EXCHANGE.INI,changed,830,皇龍星銀,Reward1,29627,29273
EXCHANGE.INI,changed,1420,拆解：辰道玄袍Ⅱ,Material1,31202,31192
EXCHANGE.INI,changed,1420,拆解：辰道玄袍Ⅱ,Name,拆解：宇鋒飄腕Ⅱ,拆解：辰道玄袍Ⅱ
EXCHANGE.INI,changed,2094,拆解：傾城棍★,Material1,29392,29380
EXCHANGE.INI,changed,2094,拆解：傾城棍★,Name,拆解：河山斧★,拆解：傾城棍★
EXCHANGE.INI,changed,1374,辰道玄袍Ⅲ,Material1,31202,31192
EXCHANGE.INI,changed,1374,辰道玄袍Ⅲ,Name,宇鋒飄腕Ⅲ,辰道玄袍Ⅲ
EXCHANGE.INI,changed,1374,辰道玄袍Ⅲ,Reward1,31203,31193
EXCHANGE.INI,changed,3208,北冕劍☆☆,Material1,28817,28811
EXCHANGE.INI,changed,3208,北冕劍☆☆,Name,宗正裁☆☆,北冕劍☆☆
EXCHANGE.INI,changed,3208,北冕劍☆☆,Reward1,28818,28812
EXCHANGE.INI,changed,2681,天祿銜瑞綴,Material1Count,2000,3500
EXCHANGE.INI,changed,2681,天祿銜瑞綴,Name,神．玄宙特仕裝箱,天祿銜瑞綴
EXCHANGE.INI,changed,2681,天祿銜瑞綴,Reward1,31382,31856
EXCHANGE.INI,changed,2514,泰源巨熊禮券,Material1Count,300,1500
EXCHANGE.INI,changed,2514,泰源巨熊禮券,Name,泰原仙器錦囊,泰源巨熊禮券
EXCHANGE.INI,changed,2514,泰源巨熊禮券,Reward1,30930,30982
EXCHANGE.INI,changed,2639,活俠唐默鈴錦囊,Material1,29274,29272
EXCHANGE.INI,changed,2639,活俠唐默鈴錦囊,Material1Count,3,2
EXCHANGE.INI,changed,3306,帛度斧☆☆☆,Group,201,200
EXCHANGE.INI,changed,3306,帛度斧☆☆☆,Material1,28842,28836
EXCHANGE.INI,changed,3306,帛度斧☆☆☆,Material2Count,2,6
EXCHANGE.INI,changed,3306,帛度斧☆☆☆,Name,烈煌兜☆☆☆,帛度斧☆☆☆
EXCHANGE.INI,changed,3306,帛度斧☆☆☆,Reward1,28843,28837
EXCHANGE.INI,changed,1976,道帝袖★,Material1,29493,29481
EXCHANGE.INI,changed,1976,道帝袖★,Name,劍帝履★,道帝袖★
EXCHANGE.INI,changed,1976,道帝袖★,Reward1,29494,29482
EXCHANGE.INI,changed,2760,虛空秘境仙器錦囊,Material1Count,8,400
EXCHANGE.INI,changed,2760,虛空秘境仙器錦囊,Name,創神聖鑽錦囊,虛空秘境仙器錦囊
EXCHANGE.INI,changed,2760,虛空秘境仙器錦囊,Reward1,29054,30712
EXCHANGE.INI,changed,2862,千年一擊,Material1,29634,29632
EXCHANGE.INI,changed,2862,千年一擊,Name,無聲之狂,千年一擊
EXCHANGE.INI,changed,879,拙劍，消光,Material1,31515,31513
EXCHANGE.INI,changed,879,拙劍，消光,Name,吟雷聆牙，消光,拙劍，消光
EXCHANGE.INI,changed,879,拙劍，消光,Reward1,31525,31523
EXCHANGE.INI,changed,955,維納斯羽杖，開光,Material1,26498,26496
EXCHANGE.INI,changed,955,維納斯羽杖，開光,Name,阿波羅煌棍，開光,維納斯羽杖，開光
EXCHANGE.INI,changed,955,維納斯羽杖，開光,Reward1,26293,26291
EXCHANGE.INI,changed,2420,拆解：幻帝裘★★★,Material1,29462,29450
EXCHANGE.INI,changed,2420,拆解：幻帝裘★★★,Name,拆解：禪帝衲★★★,拆解：幻帝裘★★★
EXCHANGE.INI,changed,840,西疆神劍，開光,Material1,29737,29714
EXCHANGE.INI,changed,840,西疆神劍，開光,Name,般若（紫耀），開光,西疆神劍，開光
EXCHANGE.INI,changed,840,西疆神劍，開光,Reward1,29777,29716
EXCHANGE.INI,changed,2058,劍帝服★☆,Material1,29446,29434
EXCHANGE.INI,changed,2058,劍帝服★☆,Name,幻帝裘★☆,劍帝服★☆
EXCHANGE.INI,changed,2058,劍帝服★☆,Reward1,29447,29435
EXCHANGE.INI,changed,2568,秘笈：玄玄如意指,Name,秘笈：烈火禪,秘笈：玄玄如意指
EXCHANGE.INI,changed,2568,秘笈：玄玄如意指,Reward1,31822,31820
EXCHANGE.INI,changed,3299,武座刃☆☆☆,Material1,28821,28815
EXCHANGE.INI,changed,3299,武座刃☆☆☆,Name,七公扇☆☆☆,武座刃☆☆☆
EXCHANGE.INI,changed,3299,武座刃☆☆☆,Reward1,28822,28816
EXCHANGE.INI,changed,1226,極狂戰符咒,Name,極幻煞符咒,極狂戰符咒
EXCHANGE.INI,changed,1226,極狂戰符咒,Reward1,28197,28195
EXCHANGE.INI,changed,2286,拆解：道帝袍★★,Material1,29466,29454
EXCHANGE.INI,changed,2286,拆解：道帝袍★★,Name,拆解：劍帝握★★,拆解：道帝袍★★
EXCHANGE.INI,changed,2724,天祿銜瑞綴,Material1Count,2500,4500
EXCHANGE.INI,changed,2724,天祿銜瑞綴,Name,神．玄宙特仕裝箱,天祿銜瑞綴
EXCHANGE.INI,changed,2724,天祿銜瑞綴,Reward1,31382,31856
EXCHANGE.INI,changed,2609,秘笈：點破雲關,Name,秘笈：翻浪刀法,秘笈：點破雲關
EXCHANGE.INI,changed,2609,秘笈：點破雲關,Reward1,31819,31817
EXCHANGE.INI,changed,2865,般若（消光）,Material1,29619,29617
EXCHANGE.INI,changed,2865,般若（消光）,Name,長柄滄耳刀（消光）,般若（消光）
EXCHANGE.INI,changed,1940,進化→慧帝戒☆,Group,111,110
EXCHANGE.INI,changed,1940,進化→慧帝戒☆,Material1,28953,28903
EXCHANGE.INI,changed,1940,進化→慧帝戒☆,Material2Count,10,1
EXCHANGE.INI,changed,1940,進化→慧帝戒☆,Name,進化→鬼帝冠☆,進化→慧帝戒☆
EXCHANGE.INI,changed,1940,進化→慧帝戒☆,Reward1,29547,29535
EXCHANGE.INI,changed,3152,拆解：星兇冠★★★,Material1,28537,28531
EXCHANGE.INI,changed,3152,拆解：星兇冠★★★,Name,拆解：星兇手★★★,拆解：星兇冠★★★
EXCHANGE.INI,changed,2808,一頁書錦囊禮券,Material1,29273,30673
EXCHANGE.INI,changed,2808,一頁書錦囊禮券,Material1Count,10,1
EXCHANGE.INI,changed,2808,一頁書錦囊禮券,Name,霹靂一頁書錦囊,一頁書錦囊禮券
EXCHANGE.INI,changed,2808,一頁書錦囊禮券,Reward1,32160,32164
EXCHANGE.INI,changed,2808,一頁書錦囊禮券,Reward1Count,1,2
EXCHANGE.INI,changed,3443,霸火烤山豬,Name,紅蟳珍米糕,霸火烤山豬
EXCHANGE.INI,changed,3443,霸火烤山豬,Reward1,30550,30752
EXCHANGE.INI,changed,2732,神．玄宙僧裝錦囊,Material1Count,1050,1500
EXCHANGE.INI,changed,2732,神．玄宙僧裝錦囊,Name,極．玄宙神兵寶箱,神．玄宙僧裝錦囊
EXCHANGE.INI,changed,2732,神．玄宙僧裝錦囊,Reward1,31365,31381
EXCHANGE.INI,changed,2223,帝詔劍★★☆,Material1,29358,29346
EXCHANGE.INI,changed,2223,帝詔劍★★☆,Name,龍掣爪★★☆,帝詔劍★★☆
EXCHANGE.INI,changed,2223,帝詔劍★★☆,Reward1,29359,29347
EXCHANGE.INI,changed,2595,皇龍虹鉻,Material1,29274,29272
EXCHANGE.INI,changed,2595,皇龍虹鉻,Material1Count,5,250
EXCHANGE.INI,changed,2595,皇龍虹鉻,Name,皇龍星銀,皇龍虹鉻
EXCHANGE.INI,changed,2595,皇龍虹鉻,Reward1,29273,30673
EXCHANGE.INI,changed,2933,進化→煌嗚腕★,Material1,27771,27763
EXCHANGE.INI,changed,2933,進化→煌嗚腕★,Name,進化→奇隱甲★,進化→煌嗚腕★
EXCHANGE.INI,changed,2933,進化→煌嗚腕★,Reward1,28553,28547
EXCHANGE.INI,changed,791,拆解：魔林仙法陣,Material1,29712,29710
EXCHANGE.INI,changed,791,拆解：魔林仙法陣,Name,拆解：魔光仙法陣,拆解：魔林仙法陣
EXCHANGE.INI,changed,1224,絕幻煞符咒,Material1,28463,28767
EXCHANGE.INI,changed,1224,絕幻煞符咒,Name,極狂戰符咒,絕幻煞符咒
EXCHANGE.INI,changed,1224,絕幻煞符咒,Reward1,28195,28588
EXCHANGE.INI,changed,1257,戰符繪紙轉虎霸戰符,Name,戰符繪紙轉武神符咒,戰符繪紙轉虎霸戰符
EXCHANGE.INI,changed,1257,戰符繪紙轉虎霸戰符,Reward1,22708,22860
EXCHANGE.INI,changed,792,拆解：魔闇仙法陣,Material1,29263,29711
EXCHANGE.INI,changed,792,拆解：魔闇仙法陣,Name,拆解：天空仙劍印,拆解：魔闇仙法陣
EXCHANGE.INI,changed,792,拆解：魔闇仙法陣,Reward1Count,1,2
EXCHANGE.INI,changed,1126,拆解：新星之虎玉,Material1,27347,27345
EXCHANGE.INI,changed,1126,拆解：新星之虎玉,Name,拆解：新星之玄璧,拆解：新星之虎玉
EXCHANGE.INI,changed,1944,進化→鬼帝臂☆,Material1,28965,28959
EXCHANGE.INI,changed,1944,進化→鬼帝臂☆,Name,進化→黃月巾☆,進化→鬼帝臂☆
EXCHANGE.INI,changed,1944,進化→鬼帝臂☆,Reward1,29571,29559
EXCHANGE.INI,changed,2183,拆解：權霸槍★☆,Material1,29387,29375
EXCHANGE.INI,changed,2183,拆解：權霸槍★☆,Name,拆解：界王錘★☆,拆解：權霸槍★☆
EXCHANGE.INI,changed,2763,六道真元錦囊,Material1Count,2,3
EXCHANGE.INI,changed,2763,六道真元錦囊,Name,悟心降魂玉,六道真元錦囊
EXCHANGE.INI,changed,2763,六道真元錦囊,Reward1,28179,26664
EXCHANGE.INI,changed,2737,極．玄宙術裝錦囊,Name,極．玄宙僧裝錦囊,極．玄宙術裝錦囊
EXCHANGE.INI,changed,2737,極．玄宙術裝錦囊,Reward1,31370,31368
EXCHANGE.INI,changed,1616,拆解：諾亞航令Ⅳ,Material1,31264,31254
EXCHANGE.INI,changed,1616,拆解：諾亞航令Ⅳ,Name,拆解：獨眼慧珠Ⅳ,拆解：諾亞航令Ⅳ
EXCHANGE.INI,changed,2655,素還真換楊鐵降神,Name,素還真換無雙降神,素還真換楊鐵降神
EXCHANGE.INI,changed,2655,素還真換楊鐵降神,Reward1,31881,31879
EXCHANGE.INI,changed,1673,拆解：凜月漪纏Ⅴ,Material1,31320,31310
EXCHANGE.INI,changed,1673,拆解：凜月漪纏Ⅴ,Name,拆解：舞星鈦甲Ⅴ,拆解：凜月漪纏Ⅴ
EXCHANGE.INI,changed,1926,進化→道帝袍☆,Material1,28873,28867
EXCHANGE.INI,changed,1926,進化→道帝袍☆,Name,進化→劍帝握☆,進化→道帝袍☆
EXCHANGE.INI,changed,1926,進化→道帝袍☆,Reward1,29463,29451
EXCHANGE.INI,changed,2100,拆解：幻帝面★,Material1,29428,29416
EXCHANGE.INI,changed,2100,拆解：幻帝面★,Name,拆解：禪帝頂★,拆解：幻帝面★
EXCHANGE.INI,changed,2520,開嗓柚香月餅,Name,節奏芝麻月餅,開嗓柚香月餅
EXCHANGE.INI,changed,2520,開嗓柚香月餅,Reward1,31802,31800
EXCHANGE.INI,changed,1202,極降神：魔黃之魂,Name,降神：白樺之魂,極降神：魔黃之魂
EXCHANGE.INI,changed,1202,極降神：魔黃之魂,Reward1,31671,31672
EXCHANGE.INI,changed,1202,極降神：魔黃之魂,Reward1Count,35,15
EXCHANGE.INI,changed,3135,拆解：遊星衣★★★,Material1,28408,28402
EXCHANGE.INI,changed,3135,拆解：遊星衣★★★,Name,拆解：釋星袈★★★,拆解：遊星衣★★★
EXCHANGE.INI,changed,2152,禪帝衲★★,Material1,29471,29459
EXCHANGE.INI,changed,2152,禪帝衲★★,Name,武帝掌★★,禪帝衲★★
EXCHANGE.INI,changed,2152,禪帝衲★★,Reward1,29472,29460
EXCHANGE.INI,changed,3020,拆解：星兇靴★,Material1,28544,28538
EXCHANGE.INI,changed,3020,拆解：星兇靴★,Name,拆解：煌天衣★,拆解：星兇靴★
EXCHANGE.INI,changed,758,拆解：王狼淵壑檄,Material1,30903,30901
EXCHANGE.INI,changed,758,拆解：王狼淵壑檄,Name,拆解：王狼雪川檄,拆解：王狼淵壑檄
EXCHANGE.INI,changed,1137,速兌中郎將印信,Group,58,57
EXCHANGE.INI,changed,1137,速兌中郎將印信,Material1,28755,21404
EXCHANGE.INI,changed,1137,速兌中郎將印信,Material1Count,1500,65
EXCHANGE.INI,changed,1137,速兌中郎將印信,Name,超時空聖降神禮券,速兌中郎將印信
EXCHANGE.INI,changed,1137,速兌中郎將印信,Reward1,31463,21408
EXCHANGE.INI,changed,837,千年一擊，開光,Material1,29625,29623
EXCHANGE.INI,changed,837,千年一擊，開光,Name,無聲之狂，開光,千年一擊，開光
EXCHANGE.INI,changed,837,千年一擊，開光,Reward1,29634,29632
EXCHANGE.INI,changed,1472,寂禪若持Ⅳ,Material1,31233,31223
EXCHANGE.INI,changed,1472,寂禪若持Ⅳ,Name,天衛宙脛Ⅳ,寂禪若持Ⅳ
EXCHANGE.INI,changed,1472,寂禪若持Ⅳ,Reward1,31234,31224
EXCHANGE.INI,changed,1289,宇鋒飆靴Ⅱ,Material1,31236,31226
EXCHANGE.INI,changed,1289,宇鋒飆靴Ⅱ,Name,光術疾履Ⅱ,宇鋒飆靴Ⅱ
EXCHANGE.INI,changed,1289,宇鋒飆靴Ⅱ,Reward1,31237,31227
EXCHANGE.INI,changed,752,拆解：秋夕仙嘉鏡,Material1,31445,29955
EXCHANGE.INI,changed,752,拆解：秋夕仙嘉鏡,Name,拆解：九日仙塹環,拆解：秋夕仙嘉鏡
EXCHANGE.INI,changed,752,拆解：秋夕仙嘉鏡,Reward1Count,15,10
EXCHANGE.INI,changed,693,姜秀錦囊禮券,Material1,31704,31706
EXCHANGE.INI,changed,693,姜秀錦囊禮券,Name,莫千千錦囊禮券,姜秀錦囊禮券
EXCHANGE.INI,changed,693,姜秀錦囊禮券,Reward1,31698,31700
EXCHANGE.INI,changed,2751,聰慧神碑‧舒,Material1Count,800,900
EXCHANGE.INI,changed,2751,聰慧神碑‧舒,Name,豐戒德羅普尼,聰慧神碑‧舒
EXCHANGE.INI,changed,2751,聰慧神碑‧舒,Reward1,28500,29012
EXCHANGE.INI,changed,2200,拆解：幻帝手★☆,Material1,29489,29477
EXCHANGE.INI,changed,2200,拆解：幻帝手★☆,Name,拆解：禪帝捻★☆,拆解：幻帝手★☆
EXCHANGE.INI,changed,1291,光術疾履Ⅱ,Material1,31246,31236
EXCHANGE.INI,changed,1291,光術疾履Ⅱ,Name,寂禪矜足Ⅱ,光術疾履Ⅱ
EXCHANGE.INI,changed,1291,光術疾履Ⅱ,Reward1,31247,31237
EXCHANGE.INI,changed,990,東極通鑑盾，消光,Material1,29665,29922
EXCHANGE.INI,changed,990,東極通鑑盾，消光,Material2,29053,29272
EXCHANGE.INI,changed,990,東極通鑑盾，消光,Material2Count,200,50
EXCHANGE.INI,changed,990,東極通鑑盾，消光,Material3,26368,29273
EXCHANGE.INI,changed,990,東極通鑑盾，消光,Material3Count,200,100
EXCHANGE.INI,changed,990,東極通鑑盾，消光,Material4,,26368
EXCHANGE.INI,changed,990,東極通鑑盾，消光,Material4Count,,200
EXCHANGE.INI,changed,990,東極通鑑盾，消光,Name,千古一帝刀，開光,東極通鑑盾，消光
EXCHANGE.INI,changed,990,東極通鑑盾，消光,Reward1,29655,29932
EXCHANGE.INI,changed,790,拆解：魔風仙法陣,Material1,29711,29709
EXCHANGE.INI,changed,790,拆解：魔風仙法陣,Name,拆解：魔闇仙法陣,拆解：魔風仙法陣
EXCHANGE.INI,changed,2042,拆解：君星靴☆,Group,118,117
EXCHANGE.INI,changed,2042,拆解：君星靴☆,Material1,29350,29607
EXCHANGE.INI,changed,2042,拆解：君星靴☆,Material1Count,3,1
EXCHANGE.INI,changed,2042,拆解：君星靴☆,Material2,29272,
EXCHANGE.INI,changed,2042,拆解：君星靴☆,Material2Count,6,
EXCHANGE.INI,changed,2042,拆解：君星靴☆,Name,君諭刀★☆,拆解：君星靴☆
EXCHANGE.INI,changed,2042,拆解：君星靴☆,Reward1,29351,29272
EXCHANGE.INI,changed,2042,拆解：君星靴☆,Reward1Count,1,6
EXCHANGE.INI,changed,1359,塹淵幽柄Ⅲ,Material1,31127,31117
EXCHANGE.INI,changed,1359,塹淵幽柄Ⅲ,Name,羅將烈槍Ⅲ,塹淵幽柄Ⅲ
EXCHANGE.INI,changed,1359,塹淵幽柄Ⅲ,Reward1,31128,31118
EXCHANGE.INI,changed,1899,拆解：狂陽烈蹴Ⅲ,Material1,30398,30388
EXCHANGE.INI,changed,1899,拆解：狂陽烈蹴Ⅲ,Name,拆解：靜月簾衣Ⅲ,拆解：狂陽烈蹴Ⅲ
EXCHANGE.INI,changed,2906,進化→星蹤綸★,Material1,27675,27658
EXCHANGE.INI,changed,2906,進化→星蹤綸★,Name,進化→星鋒冑★,進化→星蹤綸★
EXCHANGE.INI,changed,2906,進化→星蹤綸★,Reward1,28394,28388
EXCHANGE.INI,changed,2910,進化→遊星衣★,Material1,27679,27677
EXCHANGE.INI,changed,2910,進化→遊星衣★,Name,進化→釋星袈★,進化→遊星衣★
EXCHANGE.INI,changed,2910,進化→遊星衣★,Reward1,28406,28400
EXCHANGE.INI,changed,2505,旭品武防綢袋,Group,149,148
EXCHANGE.INI,changed,2505,旭品武防綢袋,Material1,30545,30544
EXCHANGE.INI,changed,2505,旭品武防綢袋,Material1Count,1500,150
EXCHANGE.INI,changed,2505,旭品武防綢袋,Name,皓羽飛尊禮券,旭品武防綢袋
EXCHANGE.INI,changed,2505,旭品武防綢袋,Reward1,30640,30426
EXCHANGE.INI,changed,2171,黃月巾★★,Material1,29585,29573
EXCHANGE.INI,changed,2171,黃月巾★★,Name,黃鳴腕★★,黃月巾★★
EXCHANGE.INI,changed,2171,黃月巾★★,Reward1,29586,29574
EXCHANGE.INI,changed,1551,天衛宙盔Ⅴ,Material1,31169,31159
EXCHANGE.INI,changed,1551,天衛宙盔Ⅴ,Name,辰道玄冠Ⅴ,天衛宙盔Ⅴ
EXCHANGE.INI,changed,1551,天衛宙盔Ⅴ,Reward1,31170,31160
EXCHANGE.INI,changed,1475,光術疾履Ⅳ,Material1,31248,31238
EXCHANGE.INI,changed,1475,光術疾履Ⅳ,Name,寂禪矜足Ⅳ,光術疾履Ⅳ
EXCHANGE.INI,changed,1475,光術疾履Ⅳ,Reward1,31249,31239
EXCHANGE.INI,changed,3092,拆解：釋星袈★★,Material1,28413,28407
EXCHANGE.INI,changed,3092,拆解：釋星袈★★,Name,拆解：鬥星臂★★,拆解：釋星袈★★
EXCHANGE.INI,changed,2021,拆解：道帝袖☆,Material1,29493,29481
EXCHANGE.INI,changed,2021,拆解：道帝袖☆,Name,拆解：劍帝履☆,拆解：道帝袖☆
EXCHANGE.INI,changed,3164,進化→武座刃☆,Material1,28360,28354
EXCHANGE.INI,changed,3164,進化→武座刃☆,Name,進化→七公扇☆,進化→武座刃☆
EXCHANGE.INI,changed,3164,進化→武座刃☆,Reward1,28820,28814
EXCHANGE.INI,changed,3396,拆解：帛度斧☆☆☆,Group,207,206
EXCHANGE.INI,changed,3396,拆解：帛度斧☆☆☆,Material1,28843,28837
EXCHANGE.INI,changed,3396,拆解：帛度斧☆☆☆,Name,拆解：烈煌兜☆☆☆,拆解：帛度斧☆☆☆
EXCHANGE.INI,changed,3396,拆解：帛度斧☆☆☆,Reward1Count,3,9
EXCHANGE.INI,changed,2943,商宿槍★★,Material1,28370,28364
EXCHANGE.INI,changed,2943,商宿槍★★,Name,九河錘★★,商宿槍★★
EXCHANGE.INI,changed,2943,商宿槍★★,Reward1,28371,28365
EXCHANGE.INI,changed,1890,拆解：道清旭鞋Ⅲ,Material1,30353,30343
EXCHANGE.INI,changed,1890,拆解：道清旭鞋Ⅲ,Name,拆解：龍韜簾綴Ⅲ,拆解：道清旭鞋Ⅲ
EXCHANGE.INI,changed,815,拆解：邪說虛王誌,Material1,23065,27473
EXCHANGE.INI,changed,815,拆解：邪說虛王誌,Name,拆解：血海仙虛幡,拆解：邪說虛王誌
EXCHANGE.INI,changed,1386,諾亞航令Ⅲ,Material1,31262,31252
EXCHANGE.INI,changed,1386,諾亞航令Ⅲ,Name,獨眼慧珠Ⅲ,諾亞航令Ⅲ
EXCHANGE.INI,changed,1386,諾亞航令Ⅲ,Reward1,31263,31253
EXCHANGE.INI,changed,3290,拆解：鬼兇靴☆,Material1,28966,28960
EXCHANGE.INI,changed,3290,拆解：鬼兇靴☆,Name,拆解：柳天衣☆,拆解：鬼兇靴☆
EXCHANGE.INI,changed,2204,拆解：武帝踏★☆,Material1,29513,29501
EXCHANGE.INI,changed,2204,拆解：武帝踏★☆,Name,拆解：道帝行★☆,拆解：武帝踏★☆
EXCHANGE.INI,changed,1994,黃韋足★,Material1,29601,29589
EXCHANGE.INI,changed,1994,黃韋足★,Name,神無袈★,黃韋足★
EXCHANGE.INI,changed,1994,黃韋足★,Reward1,29602,29590
EXCHANGE.INI,changed,2318,權霸槍★★★,Material1,29389,29377
EXCHANGE.INI,changed,2318,權霸槍★★★,Name,界王錘★★★,權霸槍★★★
EXCHANGE.INI,changed,2318,權霸槍★★★,Reward1,29390,29378
EXCHANGE.INI,changed,1971,道帝袍★,Material1,29463,29451
EXCHANGE.INI,changed,1971,道帝袍★,Name,劍帝握★,道帝袍★
EXCHANGE.INI,changed,1971,道帝袍★,Reward1,29464,29452
EXCHANGE.INI,changed,3317,佛煌裟☆☆☆,Material1,28875,28869
EXCHANGE.INI,changed,3317,佛煌裟☆☆☆,Name,戰煌臂☆☆☆,佛煌裟☆☆☆
EXCHANGE.INI,changed,3317,佛煌裟☆☆☆,Reward1,28876,28870
EXCHANGE.INI,changed,3406,拆解：道煌袍☆☆☆,Material1,28873,28867
EXCHANGE.INI,changed,3406,拆解：道煌袍☆☆☆,Name,拆解：烈煌腕☆☆☆,拆解：道煌袍☆☆☆
EXCHANGE.INI,changed,3226,道煌袍☆☆,Material1,28871,28865
EXCHANGE.INI,changed,3226,道煌袍☆☆,Name,烈煌腕☆☆,道煌袍☆☆
EXCHANGE.INI,changed,3226,道煌袍☆☆,Reward1,28872,28866
EXCHANGE.INI,changed,2942,瀚辰杖★★,Material1,28367,28361
EXCHANGE.INI,changed,2942,瀚辰杖★★,Name,太微棍★★,瀚辰杖★★
EXCHANGE.INI,changed,2942,瀚辰杖★★,Reward1,28368,28362
EXCHANGE.INI,changed,1849,拆解：億載機軸Ⅱ,Group,105,104
EXCHANGE.INI,changed,1849,拆解：億載機軸Ⅱ,Material1,30377,30367
EXCHANGE.INI,changed,1849,拆解：億載機軸Ⅱ,Name,拆解：狂陽耀鎧Ⅱ,拆解：億載機軸Ⅱ
EXCHANGE.INI,changed,1849,拆解：億載機軸Ⅱ,Reward1,30673,29273
EXCHANGE.INI,changed,1849,拆解：億載機軸Ⅱ,Reward1Count,2,11
EXCHANGE.INI,changed,3216,帛度斧☆☆,Group,195,194
EXCHANGE.INI,changed,3216,帛度斧☆☆,Material1,28841,28835
EXCHANGE.INI,changed,3216,帛度斧☆☆,Material2Count,1,3
EXCHANGE.INI,changed,3216,帛度斧☆☆,Name,烈煌兜☆☆,帛度斧☆☆
EXCHANGE.INI,changed,3216,帛度斧☆☆,Reward1,28842,28836
EXCHANGE.INI,changed,2892,獅頭寶刀,Group,173,172
EXCHANGE.INI,changed,2892,獅頭寶刀,Material1,27607,32168
EXCHANGE.INI,changed,2892,獅頭寶刀,Material1Count,6,85
EXCHANGE.INI,changed,2892,獅頭寶刀,Material2,27978,
EXCHANGE.INI,changed,2892,獅頭寶刀,Material2Count,1,
EXCHANGE.INI,changed,2892,獅頭寶刀,Material3,28634,
EXCHANGE.INI,changed,2892,獅頭寶刀,Material3Count,3,
EXCHANGE.INI,changed,2892,獅頭寶刀,Name,進化→流螢斬★,獅頭寶刀
EXCHANGE.INI,changed,2892,獅頭寶刀,Reward1,28352,31543
EXCHANGE.INI,changed,1262,真宗白符轉活佛戰符,Group,67,66
EXCHANGE.INI,changed,1262,真宗白符轉活佛戰符,Material1,31101,24296
EXCHANGE.INI,changed,1262,真宗白符轉活佛戰符,Material1Count,3,1
EXCHANGE.INI,changed,1262,真宗白符轉活佛戰符,Material2,29272,
EXCHANGE.INI,changed,1262,真宗白符轉活佛戰符,Material2Count,150,
EXCHANGE.INI,changed,1262,真宗白符轉活佛戰符,Name,宮殤別劍Ⅱ,真宗白符轉活佛戰符
EXCHANGE.INI,changed,1262,真宗白符轉活佛戰符,Reward1,31102,22395
EXCHANGE.INI,changed,1262,真宗白符轉活佛戰符,Reward1Count,1,5
EXCHANGE.INI,changed,1617,拆解：誅仙御鐸Ⅳ,Material1,31269,31259
EXCHANGE.INI,changed,1617,拆解：誅仙御鐸Ⅳ,Name,拆解：龍之印信Ⅳ,拆解：誅仙御鐸Ⅳ
EXCHANGE.INI,changed,2401,拆解：神無袈★★☆,Group,142,141
EXCHANGE.INI,changed,2401,拆解：神無袈★★☆,Material1,29348,29605
EXCHANGE.INI,changed,2401,拆解：神無袈★★☆,Name,拆解：帝詔劍★★★,拆解：神無袈★★☆
EXCHANGE.INI,changed,2401,拆解：神無袈★★☆,Reward1,29273,29272
EXCHANGE.INI,changed,2401,拆解：神無袈★★☆,Reward1Count,15,25
EXCHANGE.INI,changed,1051,雙蛇賀春禮包,Material1,31644,31642
EXCHANGE.INI,changed,1051,雙蛇賀春禮包,Material1Count,1,650
EXCHANGE.INI,changed,1051,雙蛇賀春禮包,Material2,,31643
EXCHANGE.INI,changed,1051,雙蛇賀春禮包,Material2Count,,300
EXCHANGE.INI,changed,1051,雙蛇賀春禮包,Name,白蛇小錢袋,雙蛇賀春禮包
EXCHANGE.INI,changed,1051,雙蛇賀春禮包,Reward1,31642,31638
EXCHANGE.INI,changed,1051,雙蛇賀春禮包,Reward1Count,100,1
EXCHANGE.INI,changed,1051,雙蛇賀春禮包,Reward2,31643,
EXCHANGE.INI,changed,1051,雙蛇賀春禮包,Reward2Count,30,
EXCHANGE.INI,changed,684,魔黃錦囊禮券,Material1,31873,32178
EXCHANGE.INI,changed,684,魔黃錦囊禮券,Name,真玄劍裝錦囊禮券,魔黃錦囊禮券
EXCHANGE.INI,changed,684,魔黃錦囊禮券,Reward1,31344,32174
EXCHANGE.INI,changed,684,魔黃錦囊禮券,Reward1Count,1,5
EXCHANGE.INI,changed,2757,御月常羲鍊,Material1Count,500,600
EXCHANGE.INI,changed,2757,御月常羲鍊,Name,荒狼宮皓月戒,御月常羲鍊
EXCHANGE.INI,changed,2757,御月常羲鍊,Reward1,27578,28005
EXCHANGE.INI,changed,2802,一頁書錦囊禮券,Material1,30673,29776
EXCHANGE.INI,changed,2802,一頁書錦囊禮券,Name,素還真錦囊禮券,一頁書錦囊禮券
EXCHANGE.INI,changed,2802,一頁書錦囊禮券,Reward1,32163,32164
EXCHANGE.INI,changed,2798,降神：素還真之魂,Name,降神：葉小釵之魂,降神：素還真之魂
EXCHANGE.INI,changed,2798,降神：素還真之魂,Reward1,29653,29651
EXCHANGE.INI,changed,2698,萬用鑰匙,Name,南華題命譜,萬用鑰匙
EXCHANGE.INI,changed,2698,萬用鑰匙,Reward1,30970,31573
EXCHANGE.INI,changed,2953,星鋒冑★★,Material1,28400,28394
EXCHANGE.INI,changed,2953,星鋒冑★★,Name,遊星衣★★,星鋒冑★★
EXCHANGE.INI,changed,2953,星鋒冑★★,Reward1,28401,28395
EXCHANGE.INI,changed,1768,拆解：宿星爍臂Ⅰ,Group,100,99
EXCHANGE.INI,changed,1768,拆解：宿星爍臂Ⅰ,Material1,30202,30421
EXCHANGE.INI,changed,1768,拆解：宿星爍臂Ⅰ,Material1Count,3,1
EXCHANGE.INI,changed,1768,拆解：宿星爍臂Ⅰ,Material2,29272,
EXCHANGE.INI,changed,1768,拆解：宿星爍臂Ⅰ,Material2Count,50,
EXCHANGE.INI,changed,1768,拆解：宿星爍臂Ⅰ,Name,光翼翔劍Ⅲ,拆解：宿星爍臂Ⅰ
EXCHANGE.INI,changed,1768,拆解：宿星爍臂Ⅰ,Reward1,30203,30673
EXCHANGE.INI,changed,905,怪物仟長石牌,Material1,21401,21402
EXCHANGE.INI,changed,905,怪物仟長石牌,Name,怪物佰長石牌,怪物仟長石牌
EXCHANGE.INI,changed,905,怪物仟長石牌,Reward1,21402,21403
EXCHANGE.INI,changed,1787,術凌旭服Ⅲ,Material1,30297,30287
EXCHANGE.INI,changed,1787,術凌旭服Ⅲ,Name,禪臺旭袈Ⅲ,術凌旭服Ⅲ
EXCHANGE.INI,changed,1787,術凌旭服Ⅲ,Reward1,30298,30288
EXCHANGE.INI,changed,2692,極．玄宙劍裝錦囊,Name,極．玄宙術裝錦囊,極．玄宙劍裝錦囊
EXCHANGE.INI,changed,2692,極．玄宙劍裝錦囊,Reward1,31368,31366
EXCHANGE.INI,changed,3067,煌天衣★★★,Material1,28551,28545
EXCHANGE.INI,changed,3067,煌天衣★★★,Name,煌韋足★★★,煌天衣★★★
EXCHANGE.INI,changed,3067,煌天衣★★★,Reward1,28552,28546
EXCHANGE.INI,changed,1175,虛空秘境仙器錦囊,Material1Count,10,500
EXCHANGE.INI,changed,1175,虛空秘境仙器錦囊,Name,創神聖鑽錦囊,虛空秘境仙器錦囊
EXCHANGE.INI,changed,1175,虛空秘境仙器錦囊,Reward1,29054,30712
EXCHANGE.INI,changed,911,焱劍‧雷瓦汀，開光,Material1,28778,28776
EXCHANGE.INI,changed,911,焱劍‧雷瓦汀，開光,Name,狼鎖‧格雷普，開光,焱劍‧雷瓦汀，開光
EXCHANGE.INI,changed,911,焱劍‧雷瓦汀，開光,Reward1,28491,28489
EXCHANGE.INI,changed,1934,進化→武帝踏☆,Material1,28897,28891
EXCHANGE.INI,changed,1934,進化→武帝踏☆,Name,進化→道帝行☆,進化→武帝踏☆
EXCHANGE.INI,changed,1934,進化→武帝踏☆,Reward1,29511,29499
EXCHANGE.INI,changed,1914,進化→傾城棍☆,Material1,28837,28831
EXCHANGE.INI,changed,1914,進化→傾城棍☆,Name,進化→河山斧☆,進化→傾城棍☆
EXCHANGE.INI,changed,1914,進化→傾城棍☆,Reward1,29391,29379
EXCHANGE.INI,changed,2019,拆解：武帝掌☆,Material1,29481,29469
EXCHANGE.INI,changed,2019,拆解：武帝掌☆,Name,拆解：道帝袖☆,拆解：武帝掌☆
EXCHANGE.INI,changed,1706,道清旭鞋Ⅱ,Material1,30351,30341
EXCHANGE.INI,changed,1706,道清旭鞋Ⅱ,Name,龍韜簾綴Ⅱ,道清旭鞋Ⅱ
EXCHANGE.INI,changed,1706,道清旭鞋Ⅱ,Reward1,30352,30342
EXCHANGE.INI,changed,1678,光翼翔劍Ⅱ,Material1,30211,30201
EXCHANGE.INI,changed,1678,光翼翔劍Ⅱ,Name,霜羽連珠Ⅱ,光翼翔劍Ⅱ
EXCHANGE.INI,changed,1678,光翼翔劍Ⅱ,Reward1,30212,30202
EXCHANGE.INI,changed,2391,拆解：大帝鎮★★☆,Group,141,140
EXCHANGE.INI,changed,2391,拆解：大帝鎮★★☆,Material1,29557,29545
EXCHANGE.INI,changed,2391,拆解：大帝鎮★★☆,Name,拆解：鬼帝鎧★★☆,拆解：大帝鎮★★☆
EXCHANGE.INI,changed,2391,拆解：大帝鎮★★☆,Reward1,29272,29273
EXCHANGE.INI,changed,2391,拆解：大帝鎮★★☆,Reward1Count,25,5
EXCHANGE.INI,changed,2085,皇影甲★☆,Material1,29608,29596
EXCHANGE.INI,changed,2085,皇影甲★☆,Name,君星靴★☆,皇影甲★☆
EXCHANGE.INI,changed,2085,皇影甲★☆,Reward1,29609,29597
EXCHANGE.INI,changed,1416,拆解：寂禪靜觀Ⅱ,Material1,31182,31172
EXCHANGE.INI,changed,1416,拆解：寂禪靜觀Ⅱ,Name,拆解：天衛宙甲Ⅱ,拆解：寂禪靜觀Ⅱ
EXCHANGE.INI,changed,1923,進化→劍帝服☆,Material1,28864,28858
EXCHANGE.INI,changed,1923,進化→劍帝服☆,Name,進化→幻帝裘☆,進化→劍帝服☆
EXCHANGE.INI,changed,1923,進化→劍帝服☆,Reward1,29445,29433
EXCHANGE.INI,changed,1363,破魔獨錘Ⅲ,Material1,31147,31137
EXCHANGE.INI,changed,1363,破魔獨錘Ⅲ,Name,古主臨盾Ⅲ,破魔獨錘Ⅲ
EXCHANGE.INI,changed,1363,破魔獨錘Ⅲ,Reward1,31148,31138
EXCHANGE.INI,changed,2866,滄耳刀（消光）,Material1,29620,29618
EXCHANGE.INI,changed,2866,滄耳刀（消光）,Name,三恆曌世（消光）,滄耳刀（消光）
EXCHANGE.INI,changed,2957,釋星袈★★,Material1,28412,28406
EXCHANGE.INI,changed,2957,釋星袈★★,Name,鬥星臂★★,釋星袈★★
EXCHANGE.INI,changed,2957,釋星袈★★,Reward1,28413,28407
EXCHANGE.INI,changed,2965,遊星足★★,Material1,28436,28430
EXCHANGE.INI,changed,2965,遊星足★★,Name,釋星行★★,遊星足★★
EXCHANGE.INI,changed,2965,遊星足★★,Reward1,28437,28431
EXCHANGE.INI,changed,2875,秘笈：怒火九重天,Material1,29638,29636
EXCHANGE.INI,changed,2875,秘笈：怒火九重天,Name,秘笈：天地根,秘笈：怒火九重天
EXCHANGE.INI,changed,1857,拆解：靜月織足Ⅱ,Material1,30417,30407
EXCHANGE.INI,changed,1857,拆解：靜月織足Ⅱ,Name,拆解：宿星燦甲Ⅱ,拆解：靜月織足Ⅱ
EXCHANGE.INI,changed,3203,進化→柳嗚腕☆,Material1,28555,28549
EXCHANGE.INI,changed,3203,進化→柳嗚腕☆,Name,進化→碧隱甲☆,進化→柳嗚腕☆
EXCHANGE.INI,changed,3203,進化→柳嗚腕☆,Reward1,28975,28969
EXCHANGE.INI,changed,1652,拆解：宇鋒飄腕Ⅴ,Material1,31215,31205
EXCHANGE.INI,changed,1652,拆解：宇鋒飄腕Ⅴ,Name,拆解：光術快手Ⅴ,拆解：宇鋒飄腕Ⅴ
EXCHANGE.INI,changed,1602,拆解：天衛宙甲Ⅳ,Material1,31194,31184
EXCHANGE.INI,changed,1602,拆解：天衛宙甲Ⅳ,Name,拆解：辰道玄袍Ⅳ,拆解：天衛宙甲Ⅳ
EXCHANGE.INI,changed,846,長柄滄耳刀，消光,Material1,29630,29628
EXCHANGE.INI,changed,846,長柄滄耳刀，消光,Name,如是我斬，消光,長柄滄耳刀，消光
EXCHANGE.INI,changed,846,長柄滄耳刀，消光,Reward1,29621,29619
EXCHANGE.INI,changed,866,世話女房，消光,Group,41,40
EXCHANGE.INI,changed,866,世話女房，消光,Material1,31522,30161
EXCHANGE.INI,changed,866,世話女房，消光,Material2,29776,23472
EXCHANGE.INI,changed,866,世話女房，消光,Name,煙月，開光,世話女房，消光
EXCHANGE.INI,changed,866,世話女房，消光,Reward1,31512,30600
EXCHANGE.INI,changed,952,波塞頓聖刀，開光,Material1,26495,26493
EXCHANGE.INI,changed,952,波塞頓聖刀，開光,Name,雅典娜戰印，開光,波塞頓聖刀，開光
EXCHANGE.INI,changed,952,波塞頓聖刀，開光,Reward1,26290,26288
EXCHANGE.INI,changed,3160,拆解：奇隱甲★★★,Material1,28561,28555
EXCHANGE.INI,changed,3160,拆解：奇隱甲★★★,Name,拆解：奇星靴★★★,拆解：奇隱甲★★★
EXCHANGE.INI,changed,3432,拆解：碧星靴☆☆☆,Group,209,208
EXCHANGE.INI,changed,3432,拆解：碧星靴☆☆☆,Material1,32879,28983
EXCHANGE.INI,changed,3432,拆解：碧星靴☆☆☆,Name,美酥夾心包,拆解：碧星靴☆☆☆
EXCHANGE.INI,changed,3432,拆解：碧星靴☆☆☆,Reward1,31723,29053
EXCHANGE.INI,changed,3432,拆解：碧星靴☆☆☆,Reward1Count,30,27
EXCHANGE.INI,changed,799,拆解：擎羊仙劍印,Material1,29259,29268
EXCHANGE.INI,changed,799,拆解：擎羊仙劍印,Name,拆解：鐵力仙狼牙,拆解：擎羊仙劍印
EXCHANGE.INI,changed,859,自作．無銘，開光,Material1,30600,30582
EXCHANGE.INI,changed,859,自作．無銘，開光,Name,世話女房，開光,自作．無銘，開光
EXCHANGE.INI,changed,859,自作．無銘，開光,Reward1,30161,30159
EXCHANGE.INI,changed,1072,秘笈：八方氣至,Name,秘笈：電掣星馳,秘笈：八方氣至
EXCHANGE.INI,changed,1072,秘笈：八方氣至,Reward1,31536,31534
EXCHANGE.INI,changed,831,般若，開光,Material1,29619,29617
EXCHANGE.INI,changed,831,般若，開光,Name,長柄滄耳刀，開光,般若，開光
EXCHANGE.INI,changed,831,般若，開光,Reward1,29628,29626
EXCHANGE.INI,changed,3237,佛煌行☆☆,Material1,28904,28898
EXCHANGE.INI,changed,3237,佛煌行☆☆,Name,水煌珠☆☆,佛煌行☆☆
EXCHANGE.INI,changed,3237,佛煌行☆☆,Reward1,28905,28899
EXCHANGE.INI,changed,1445,拆解：舞星鈦甲Ⅱ,Material1,31327,31317
EXCHANGE.INI,changed,1445,拆解：舞星鈦甲Ⅱ,Name,拆解：舞星鋁行Ⅱ,拆解：舞星鈦甲Ⅱ
EXCHANGE.INI,changed,1471,辰道玄袖Ⅳ,Material1,31228,31218
EXCHANGE.INI,changed,1471,辰道玄袖Ⅳ,Name,宇鋒飆靴Ⅳ,辰道玄袖Ⅳ
EXCHANGE.INI,changed,1471,辰道玄袖Ⅳ,Reward1,31229,31219
EXCHANGE.INI,changed,2193,拆解：劍帝服★☆,Material1,29447,29435
EXCHANGE.INI,changed,2193,拆解：劍帝服★☆,Name,拆解：幻帝裘★☆,拆解：劍帝服★☆
EXCHANGE.INI,changed,2803,葉小釵錦囊禮券,Material1,29272,29776
EXCHANGE.INI,changed,2803,葉小釵錦囊禮券,Material1Count,2,1
EXCHANGE.INI,changed,2803,葉小釵錦囊禮券,Name,霹靂素還真錦囊,葉小釵錦囊禮券
EXCHANGE.INI,changed,2803,葉小釵錦囊禮券,Reward1,32159,32165
EXCHANGE.INI,changed,2803,葉小釵錦囊禮券,Reward1Count,1,2
EXCHANGE.INI,changed,1583,舞星鈦甲Ⅴ,Material1,31329,31319
EXCHANGE.INI,changed,1583,舞星鈦甲Ⅴ,Name,舞星鋁行Ⅴ,舞星鈦甲Ⅴ
EXCHANGE.INI,changed,1583,舞星鈦甲Ⅴ,Reward1,31330,31320
EXCHANGE.INI,changed,2896,進化→衡星斗★,Material1,27623,27615
EXCHANGE.INI,changed,2896,進化→衡星斗★,Name,進化→商宿槍★,進化→衡星斗★
EXCHANGE.INI,changed,2896,進化→衡星斗★,Reward1,28364,28358
EXCHANGE.INI,changed,1516,拆解：光術快手Ⅲ,Material1,31223,31213
EXCHANGE.INI,changed,1516,拆解：光術快手Ⅲ,Name,拆解：寂禪若持Ⅲ,拆解：光術快手Ⅲ
EXCHANGE.INI,changed,1144,超．玄宙術裝錦囊,Name,超．玄宙僧裝錦囊,超．玄宙術裝錦囊
EXCHANGE.INI,changed,1144,超．玄宙術裝錦囊,Reward1,31359,31357
EXCHANGE.INI,changed,3369,拆解：戰煌脛☆☆,Material1,28896,28890
EXCHANGE.INI,changed,3369,拆解：戰煌脛☆☆,Name,拆解：道煌履☆☆,拆解：戰煌脛☆☆
EXCHANGE.INI,changed,2709,麗環布里希嘉,Material1Count,400,475
EXCHANGE.INI,changed,2709,麗環布里希嘉,Name,御妖戒‧八歧,麗環布里希嘉
EXCHANGE.INI,changed,2709,麗環布里希嘉,Reward1,28162,28499
EXCHANGE.INI,changed,2868,三恆曌世（消光）,Material1,29622,29620
EXCHANGE.INI,changed,2868,三恆曌世（消光）,Name,斬魔錄拂塵（消光）,三恆曌世（消光）
EXCHANGE.INI,changed,1933,進化→劍帝履☆,Material1,28894,28888
EXCHANGE.INI,changed,1933,進化→劍帝履☆,Name,進化→幻帝步☆,進化→劍帝履☆
EXCHANGE.INI,changed,1933,進化→劍帝履☆,Reward1,29505,29493
EXCHANGE.INI,changed,2860,如是我斬,Material1,29632,29630
EXCHANGE.INI,changed,2860,如是我斬,Name,千年一擊,如是我斬
EXCHANGE.INI,changed,1285,天守宙臂Ⅱ,Material1,31216,31206
EXCHANGE.INI,changed,1285,天守宙臂Ⅱ,Name,辰道玄袖Ⅱ,天守宙臂Ⅱ
EXCHANGE.INI,changed,1285,天守宙臂Ⅱ,Reward1,31217,31207
EXCHANGE.INI,changed,2251,道帝行★★☆,Material1,29526,29514
EXCHANGE.INI,changed,2251,道帝行★★☆,Name,宇帝珮★★☆,道帝行★★☆
EXCHANGE.INI,changed,2251,道帝行★★☆,Reward1,29527,29515
EXCHANGE.INI,changed,3000,拆解：遊星衣★,Material1,28406,28400
EXCHANGE.INI,changed,3000,拆解：遊星衣★,Name,拆解：釋星袈★,拆解：遊星衣★
EXCHANGE.INI,changed,1437,拆解：騰陽雄鎧Ⅱ,Material1,31287,31277
EXCHANGE.INI,changed,1437,拆解：騰陽雄鎧Ⅱ,Name,拆解：騰陽巍立Ⅱ,拆解：騰陽雄鎧Ⅱ
EXCHANGE.INI,changed,3052,釋星拱★★★,Material1,28428,28422
EXCHANGE.INI,changed,3052,釋星拱★★★,Name,鬥星脛★★★,釋星拱★★★
EXCHANGE.INI,changed,3052,釋星拱★★★,Reward1,28429,28423
EXCHANGE.INI,changed,2876,秘笈：蒼龍破雲關,Material1,29639,29637
EXCHANGE.INI,changed,2876,秘笈：蒼龍破雲關,Name,秘笈：君子風,秘笈：蒼龍破雲關
EXCHANGE.INI,changed,1254,大武神符咒,Material1,22888,24946
EXCHANGE.INI,changed,1254,大武神符咒,Name,戰符繪紙轉龍女戰符,大武神符咒
EXCHANGE.INI,changed,1254,大武神符咒,Reward1,22707,24397
EXCHANGE.INI,changed,1453,羅將烈槍Ⅳ,Material1,31138,31128
EXCHANGE.INI,changed,1453,羅將烈槍Ⅳ,Name,破魔獨錘Ⅳ,羅將烈槍Ⅳ
EXCHANGE.INI,changed,1453,羅將烈槍Ⅳ,Reward1,31139,31129
EXCHANGE.INI,changed,3128,拆解：星鋒冠★★★,Material1,28387,28381
EXCHANGE.INI,changed,3128,拆解：星鋒冠★★★,Name,拆解：遊星箍★★★,拆解：星鋒冠★★★
EXCHANGE.INI,changed,883,天刑劍，消光,Material1,31519,31517
EXCHANGE.INI,changed,883,天刑劍，消光,Name,七殺天凌，消光,天刑劍，消光
EXCHANGE.INI,changed,883,天刑劍，消光,Reward1,31529,31527
EXCHANGE.INI,changed,1116,拆解：新星之武豪臂,Material1,27322,27320
EXCHANGE.INI,changed,1116,拆解：新星之武豪臂,Name,拆解：新星之道明手,拆解：新星之武豪臂
EXCHANGE.INI,changed,1361,羅將烈槍Ⅲ,Material1,31137,31127
EXCHANGE.INI,changed,1361,羅將烈槍Ⅲ,Name,破魔獨錘Ⅲ,羅將烈槍Ⅲ
EXCHANGE.INI,changed,1361,羅將烈槍Ⅲ,Reward1,31138,31128
EXCHANGE.INI,changed,2002,拆解：御天杖☆,Material1,29379,29367
EXCHANGE.INI,changed,2002,拆解：御天杖☆,Name,拆解：傾城棍☆,拆解：御天杖☆
EXCHANGE.INI,changed,3028,星守劍★★★,Material1,28356,28350
EXCHANGE.INI,changed,3028,星守劍★★★,Name,瞬光劃★★★,星守劍★★★
EXCHANGE.INI,changed,3028,星守劍★★★,Reward1,28357,28351
EXCHANGE.INI,changed,2349,鬼帝臂★★★,Material1,29575,29563
EXCHANGE.INI,changed,2349,鬼帝臂★★★,Name,黃月巾★★★,鬼帝臂★★★
EXCHANGE.INI,changed,2349,鬼帝臂★★★,Reward1,29576,29564
EXCHANGE.INI,changed,3357,拆解：佛煌頂☆☆,Material1,28860,28854
EXCHANGE.INI,changed,3357,拆解：佛煌頂☆☆,Name,拆解：戰煌鎧☆☆,拆解：佛煌頂☆☆
EXCHANGE.INI,changed,2004,拆解：傾城棍☆,Material1,29391,29379
EXCHANGE.INI,changed,2004,拆解：傾城棍☆,Name,拆解：河山斧☆,拆解：傾城棍☆
EXCHANGE.INI,changed,2078,鬼帝鎧★☆,Material1,29566,29554
EXCHANGE.INI,changed,2078,鬼帝鎧★☆,Name,鬼帝道★☆,鬼帝鎧★☆
EXCHANGE.INI,changed,2078,鬼帝鎧★☆,Reward1,29567,29555
EXCHANGE.INI,changed,2788,秘笈：一氣動山河,Name,秘笈：天龍吼,秘笈：一氣動山河
EXCHANGE.INI,changed,2788,秘笈：一氣動山河,Reward1,29643,29641
EXCHANGE.INI,changed,1728,拆解：明露鴻杖Ⅰ,Material1,30231,30221
EXCHANGE.INI,changed,1728,拆解：明露鴻杖Ⅰ,Name,拆解：綻虹鳳棒Ⅰ,拆解：明露鴻杖Ⅰ
EXCHANGE.INI,changed,1724,拆解：光翼翔劍Ⅰ,Material1,30211,30201
EXCHANGE.INI,changed,1724,拆解：光翼翔劍Ⅰ,Name,拆解：霜羽連珠Ⅰ,拆解：光翼翔劍Ⅰ
EXCHANGE.INI,changed,2570,秘笈：烈火禪,Name,秘笈：奪魄幽靈爪,秘笈：烈火禪
EXCHANGE.INI,changed,2570,秘笈：烈火禪,Reward1,31824,31822
EXCHANGE.INI,changed,2843,秘笈：一氣動山河,Material1,29643,29641
EXCHANGE.INI,changed,2843,秘笈：一氣動山河,Name,秘笈：天龍吼,秘笈：一氣動山河
EXCHANGE.INI,changed,2902,進化→傾天盾★,Group,174,173
EXCHANGE.INI,changed,2902,進化→傾天盾★,Material1,27656,27639
EXCHANGE.INI,changed,2902,進化→傾天盾★,Material2,28634,27978
EXCHANGE.INI,changed,2902,進化→傾天盾★,Material3,,28634
EXCHANGE.INI,changed,2902,進化→傾天盾★,Material3Count,,3
EXCHANGE.INI,changed,2902,進化→傾天盾★,Name,進化→鬥星盔★,進化→傾天盾★
EXCHANGE.INI,changed,2902,進化→傾天盾★,Reward1,28382,28376
EXCHANGE.INI,changed,3370,拆解：燦煌足☆☆,Material1,28899,28893
EXCHANGE.INI,changed,3370,拆解：燦煌足☆☆,Name,拆解：佛煌行☆☆,拆解：燦煌足☆☆
EXCHANGE.INI,changed,2238,劍帝服★★☆,Material1,29448,29436
EXCHANGE.INI,changed,2238,劍帝服★★☆,Name,幻帝裘★★☆,劍帝服★★☆
EXCHANGE.INI,changed,2238,劍帝服★★☆,Reward1,29449,29437
EXCHANGE.INI,changed,1685,鵑雪傾錘Ⅱ,Material1,30246,30236
EXCHANGE.INI,changed,1685,鵑雪傾錘Ⅱ,Name,鋼鵬衛盾Ⅱ,鵑雪傾錘Ⅱ
EXCHANGE.INI,changed,1685,鵑雪傾錘Ⅱ,Reward1,30247,30237
EXCHANGE.INI,changed,3138,拆解：星鋒腕★★★,Material1,28417,28411
EXCHANGE.INI,changed,3138,拆解：星鋒腕★★★,Name,拆解：遊星掌★★★,拆解：星鋒腕★★★
EXCHANGE.INI,changed,2672,紫荊王令,Group,164,163
EXCHANGE.INI,changed,2672,紫荊王令,Material1,31768,31769
EXCHANGE.INI,changed,2672,紫荊王令,Material1Count,750,2000
EXCHANGE.INI,changed,2672,紫荊王令,Name,超．玄宙特仕裝箱,紫荊王令
EXCHANGE.INI,changed,2672,紫荊王令,Reward1,31360,31767
EXCHANGE.INI,changed,2903,進化→星鋒冠★,Material1,27657,27655
EXCHANGE.INI,changed,2903,進化→星鋒冠★,Name,進化→遊星箍★,進化→星鋒冠★
EXCHANGE.INI,changed,2903,進化→星鋒冠★,Reward1,28385,28379
EXCHANGE.INI,changed,1242,附靈法紙轉狂戰符咒,Name,附靈法紙轉幻煞符咒,附靈法紙轉狂戰符咒
EXCHANGE.INI,changed,1242,附靈法紙轉狂戰符咒,Reward1,23470,21827
EXCHANGE.INI,changed,3055,遊星足★★★,Material1,28437,28431
EXCHANGE.INI,changed,3055,遊星足★★★,Name,釋星行★★★,遊星足★★★
EXCHANGE.INI,changed,3055,遊星足★★★,Reward1,28438,28432
EXCHANGE.INI,changed,1320,拆解：宇鋒颺頂Ⅰ,Material1,31161,31151
EXCHANGE.INI,changed,1320,拆解：宇鋒颺頂Ⅰ,Name,拆解：光術覆面Ⅰ,拆解：宇鋒颺頂Ⅰ
EXCHANGE.INI,changed,3411,拆解：道煌擎☆☆☆,Material1,28888,28882
EXCHANGE.INI,changed,3411,拆解：道煌擎☆☆☆,Name,拆解：烈煌靴☆☆☆,拆解：道煌擎☆☆☆
EXCHANGE.INI,changed,1239,大天師符咒,Material1,22451,24230
EXCHANGE.INI,changed,1239,大天師符咒,Name,附靈法紙轉天神符咒,大天師符咒
EXCHANGE.INI,changed,1239,大天師符咒,Reward1,27830,23837
EXCHANGE.INI,changed,2397,拆解：黃天衣★★☆,Material1,29593,29581
EXCHANGE.INI,changed,2397,拆解：黃天衣★★☆,Name,拆解：黃韋足★★☆,拆解：黃天衣★★☆
EXCHANGE.INI,changed,1557,光術旋披Ⅴ,Material1,31199,31189
EXCHANGE.INI,changed,1557,光術旋披Ⅴ,Name,寂禪鎏裟Ⅴ,光術旋披Ⅴ
EXCHANGE.INI,changed,1557,光術旋披Ⅴ,Reward1,31200,31190
EXCHANGE.INI,changed,3145,拆解：遊星足★★★,Material1,28438,28432
EXCHANGE.INI,changed,3145,拆解：遊星足★★★,Name,拆解：釋星行★★★,拆解：遊星足★★★
EXCHANGE.INI,changed,1680,霜羽連珠Ⅱ,Material1,30221,30211
EXCHANGE.INI,changed,1680,霜羽連珠Ⅱ,Name,明露鴻杖Ⅱ,霜羽連珠Ⅱ
EXCHANGE.INI,changed,1680,霜羽連珠Ⅱ,Reward1,30222,30212
EXCHANGE.INI,changed,2927,進化→星兇冠★,Material1,27747,27739
EXCHANGE.INI,changed,2927,進化→星兇冠★,Name,進化→星兇手★,進化→星兇冠★
EXCHANGE.INI,changed,2927,進化→星兇冠★,Reward1,28535,28529
EXCHANGE.INI,changed,2786,秘笈：君子風,Name,秘笈：一氣動山河,秘笈：君子風
EXCHANGE.INI,changed,2786,秘笈：君子風,Reward1,29641,29639
EXCHANGE.INI,changed,1829,拆解：道清旭綸Ⅱ,Material1,30277,30267
EXCHANGE.INI,changed,1829,拆解：道清旭綸Ⅱ,Name,拆解：劍豪旭裝Ⅱ,拆解：道清旭綸Ⅱ
EXCHANGE.INI,changed,2996,拆解：星蹤綸★,Material1,28394,28388
EXCHANGE.INI,changed,2996,拆解：星蹤綸★,Name,拆解：星鋒冑★,拆解：星蹤綸★
EXCHANGE.INI,changed,838,無心之痴，開光,Material1,29714,29624
EXCHANGE.INI,changed,838,無心之痴，開光,Material2,23472,29776
EXCHANGE.INI,changed,838,無心之痴，開光,Name,西疆神劍，開光,無心之痴，開光
EXCHANGE.INI,changed,838,無心之痴，開光,Reward1,29716,29633
EXCHANGE.INI,changed,1438,拆解：騰陽烈釬Ⅱ,Material1,31292,31282
EXCHANGE.INI,changed,1438,拆解：騰陽烈釬Ⅱ,Name,拆解：凜月冪巾Ⅱ,拆解：騰陽烈釬Ⅱ
EXCHANGE.INI,changed,1600,拆解：寂禪靜觀Ⅳ,Material1,31184,31174
EXCHANGE.INI,changed,1600,拆解：寂禪靜觀Ⅳ,Name,拆解：天衛宙甲Ⅳ,拆解：寂禪靜觀Ⅳ
EXCHANGE.INI,changed,1845,拆解：禪臺旭足Ⅱ,Material1,30357,30347
EXCHANGE.INI,changed,1845,拆解：禪臺旭足Ⅱ,Name,拆解：紫雨璃戒Ⅱ,拆解：禪臺旭足Ⅱ
EXCHANGE.INI,changed,1038,六仙流轉錘，開光,Material1,30630,30628
EXCHANGE.INI,changed,1038,六仙流轉錘，開光,Name,冥淵血鷲盾，開光,六仙流轉錘，開光
EXCHANGE.INI,changed,1038,六仙流轉錘，開光,Reward1,30620,30618
EXCHANGE.INI,changed,1937,進化→禪帝渡☆,Material1,28909,28900
EXCHANGE.INI,changed,1937,進化→禪帝渡☆,Name,進化→羲帝綴☆,進化→禪帝渡☆
EXCHANGE.INI,changed,1937,進化→禪帝渡☆,Reward1,29529,29517
EXCHANGE.INI,changed,2596,皇龍純金,Group,161,160
EXCHANGE.INI,changed,2596,皇龍純金,Material1,29776,29273
EXCHANGE.INI,changed,2596,皇龍純金,Material1Count,200,15
EXCHANGE.INI,changed,2596,皇龍純金,Name,趙活封魂晶,皇龍純金
EXCHANGE.INI,changed,2596,皇龍純金,Reward1,31811,29272
EXCHANGE.INI,changed,1842,拆解：勇將旭立Ⅱ,Material1,30342,30332
EXCHANGE.INI,changed,1842,拆解：勇將旭立Ⅱ,Name,拆解：道清旭鞋Ⅱ,拆解：勇將旭立Ⅱ
EXCHANGE.INI,changed,2440,拆解：鬼帝道★★★,Material1,29582,29570
EXCHANGE.INI,changed,2440,拆解：鬼帝道★★★,Name,拆解：黃天衣★★★,拆解：鬼帝道★★★
EXCHANGE.INI,changed,3172,進化→天紀盾☆,Group,192,191
EXCHANGE.INI,changed,3172,進化→天紀盾☆,Material1,28384,28378
EXCHANGE.INI,changed,3172,進化→天紀盾☆,Material2Count,3,9
EXCHANGE.INI,changed,3172,進化→天紀盾☆,Material3Count,1,3
EXCHANGE.INI,changed,3172,進化→天紀盾☆,Name,進化→戰煌盔☆,進化→天紀盾☆
EXCHANGE.INI,changed,3172,進化→天紀盾☆,Reward1,28844,28838
EXCHANGE.INI,changed,1343,拆解：龍之印信Ⅰ,Group,72,71
EXCHANGE.INI,changed,1343,拆解：龍之印信Ⅰ,Material1,31276,31266
EXCHANGE.INI,changed,1343,拆解：龍之印信Ⅰ,Name,拆解：騰陽雄鎧Ⅰ,拆解：龍之印信Ⅰ
EXCHANGE.INI,changed,1343,拆解：龍之印信Ⅰ,Reward1,30673,29273
EXCHANGE.INI,changed,1343,拆解：龍之印信Ⅰ,Reward1Count,8,30
EXCHANGE.INI,changed,1278,寂禪靜觀Ⅱ,Material1,31181,31171
EXCHANGE.INI,changed,1278,寂禪靜觀Ⅱ,Name,天衛宙甲Ⅱ,寂禪靜觀Ⅱ
EXCHANGE.INI,changed,1278,寂禪靜觀Ⅱ,Reward1,31182,31172
EXCHANGE.INI,changed,3367,拆解：佛煌纏☆☆,Material1,28890,28884
EXCHANGE.INI,changed,3367,拆解：佛煌纏☆☆,Name,拆解：戰煌脛☆☆,拆解：佛煌纏☆☆
EXCHANGE.INI,changed,954,雅典娜戰印，開光,Material1,26497,26495
EXCHANGE.INI,changed,954,雅典娜戰印，開光,Name,阿瑞斯霸槍，開光,雅典娜戰印，開光
EXCHANGE.INI,changed,954,雅典娜戰印，開光,Reward1,26292,26290
EXCHANGE.INI,changed,1179,武冠兵甲摸彩券,Group,60,59
EXCHANGE.INI,changed,1179,武冠兵甲摸彩券,Material1,31481,28755
EXCHANGE.INI,changed,1179,武冠兵甲摸彩券,Material1Count,500,2
EXCHANGE.INI,changed,1179,武冠兵甲摸彩券,Name,神．旭品特仕裝箱,武冠兵甲摸彩券
EXCHANGE.INI,changed,1179,武冠兵甲摸彩券,Reward1,30477,29971
EXCHANGE.INI,changed,1942,進化→鬼帝冠☆,Material1,28959,28953
EXCHANGE.INI,changed,1942,進化→鬼帝冠☆,Name,進化→鬼帝臂☆,進化→鬼帝冠☆
EXCHANGE.INI,changed,1942,進化→鬼帝冠☆,Reward1,29559,29547
EXCHANGE.INI,changed,974,太伯妙香晷，開光,Material1,29928,29926
EXCHANGE.INI,changed,974,太伯妙香晷，開光,Name,南解雲帝槍，開光,太伯妙香晷，開光
EXCHANGE.INI,changed,974,太伯妙香晷，開光,Reward1,29918,29916
EXCHANGE.INI,changed,2858,長柄滄耳刀,Material1,29630,29628
EXCHANGE.INI,changed,2858,長柄滄耳刀,Name,如是我斬,長柄滄耳刀
EXCHANGE.INI,changed,2494,超．玄宙勇裝錦囊,Name,超．玄宙道裝錦囊,超．玄宙勇裝錦囊
EXCHANGE.INI,changed,2494,超．玄宙勇裝錦囊,Reward1,31358,31356
EXCHANGE.INI,changed,3186,進化→道煌擎☆,Material1,28426,28420
EXCHANGE.INI,changed,3186,進化→道煌擎☆,Name,進化→烈煌靴☆,進化→道煌擎☆
EXCHANGE.INI,changed,3186,進化→道煌擎☆,Reward1,28886,28880
EXCHANGE.INI,changed,1715,狂陽烈蹴Ⅱ,Material1,30396,30386
EXCHANGE.INI,changed,1715,狂陽烈蹴Ⅱ,Name,靜月簾衣Ⅱ,狂陽烈蹴Ⅱ
EXCHANGE.INI,changed,1715,狂陽烈蹴Ⅱ,Reward1,30397,30387
EXCHANGE.INI,changed,3042,釋星頂★★★,Material1,28398,28392
EXCHANGE.INI,changed,3042,釋星頂★★★,Name,鬥星鎧★★★,釋星頂★★★
EXCHANGE.INI,changed,3042,釋星頂★★★,Reward1,28399,28393
EXCHANGE.INI,changed,1640,拆解：方舟舵斧Ⅴ,Group,92,91
EXCHANGE.INI,changed,1640,拆解：方舟舵斧Ⅴ,Material1,31155,31145
EXCHANGE.INI,changed,1640,拆解：方舟舵斧Ⅴ,Name,拆解：宇鋒颺頂Ⅴ,拆解：方舟舵斧Ⅴ
EXCHANGE.INI,changed,1640,拆解：方舟舵斧Ⅴ,Reward1,29273,29272
EXCHANGE.INI,changed,2211,拆解：大帝鎮★☆,Group,129,128
EXCHANGE.INI,changed,2211,拆解：大帝鎮★☆,Material1,29555,29543
EXCHANGE.INI,changed,2211,拆解：大帝鎮★☆,Name,拆解：鬼帝鎧★☆,拆解：大帝鎮★☆
EXCHANGE.INI,changed,2211,拆解：大帝鎮★☆,Reward1,29272,29273
EXCHANGE.INI,changed,2211,拆解：大帝鎮★☆,Reward1Count,15,3
EXCHANGE.INI,changed,1028,甦錘納‧努特，消光,Material1,29010,29008
EXCHANGE.INI,changed,1028,甦錘納‧努特，消光,Name,壑盾伊‧西斯，消光,甦錘納‧努特，消光
EXCHANGE.INI,changed,1028,甦錘納‧努特，消光,Reward1,29023,29021
EXCHANGE.INI,changed,1799,禪臺旭足Ⅲ,Material1,30357,30347
EXCHANGE.INI,changed,1799,禪臺旭足Ⅲ,Name,紫雨璃戒Ⅲ,禪臺旭足Ⅲ
EXCHANGE.INI,changed,1799,禪臺旭足Ⅲ,Reward1,30358,30348
EXCHANGE.INI,changed,3068,煌嗚腕★★★,Material1,28554,28548
EXCHANGE.INI,changed,3068,煌嗚腕★★★,Name,奇隱甲★★★,煌嗚腕★★★
EXCHANGE.INI,changed,3068,煌嗚腕★★★,Reward1,28555,28549
EXCHANGE.INI,changed,2585,囚牛月弦槍,Name,2025武魂禮券,囚牛月弦槍
EXCHANGE.INI,changed,2585,囚牛月弦槍,Reward1,31746,31840
EXCHANGE.INI,changed,3394,拆解：市樓棍☆☆☆,Material1,28837,28831
EXCHANGE.INI,changed,3394,拆解：市樓棍☆☆☆,Name,拆解：帛度斧☆☆☆,拆解：市樓棍☆☆☆
EXCHANGE.INI,changed,3408,拆解：烈煌腕☆☆☆,Material1,28879,28873
EXCHANGE.INI,changed,3408,拆解：烈煌腕☆☆☆,Name,拆解：燦煌掌☆☆☆,拆解：烈煌腕☆☆☆
EXCHANGE.INI,changed,3238,火煌珠☆☆,Material1,28907,28901
EXCHANGE.INI,changed,3238,火煌珠☆☆,Name,風煌珠☆☆,火煌珠☆☆
EXCHANGE.INI,changed,3238,火煌珠☆☆,Reward1,28908,28902
EXCHANGE.INI,changed,2938,星守劍★★,Material1,28355,28349
EXCHANGE.INI,changed,2938,星守劍★★,Name,瞬光劃★★,星守劍★★
EXCHANGE.INI,changed,2938,星守劍★★,Reward1,28356,28350
EXCHANGE.INI,changed,2918,進化→星鋒靴★,Material1,27717,27715
EXCHANGE.INI,changed,2918,進化→星鋒靴★,Name,進化→遊星足★,進化→星鋒靴★
EXCHANGE.INI,changed,2918,進化→星鋒靴★,Reward1,28430,28424
EXCHANGE.INI,changed,3144,拆解：鬥星脛★★★,Material1,28435,28429
EXCHANGE.INI,changed,3144,拆解：鬥星脛★★★,Name,拆解：星蹤履★★★,拆解：鬥星脛★★★
EXCHANGE.INI,changed,1399,舞星鈦甲Ⅲ,Material1,31327,31317
EXCHANGE.INI,changed,1399,舞星鈦甲Ⅲ,Name,舞星鋁行Ⅲ,舞星鈦甲Ⅲ
EXCHANGE.INI,changed,1399,舞星鈦甲Ⅲ,Reward1,31328,31318
EXCHANGE.INI,changed,1877,拆解：劍豪旭裝Ⅲ,Material1,30288,30278
EXCHANGE.INI,changed,1877,拆解：劍豪旭裝Ⅲ,Name,拆解：術凌旭服Ⅲ,拆解：劍豪旭裝Ⅲ
EXCHANGE.INI,changed,2759,荒狼宮皓月戒,Material1Count,70,500
EXCHANGE.INI,changed,2759,荒狼宮皓月戒,Name,以太星核錦囊,荒狼宮皓月戒
EXCHANGE.INI,changed,2759,荒狼宮皓月戒,Reward1,31468,27578
EXCHANGE.INI,changed,3236,道煌履☆☆,Material1,28901,28895
EXCHANGE.INI,changed,3236,道煌履☆☆,Name,火煌珠☆☆,道煌履☆☆
EXCHANGE.INI,changed,3236,道煌履☆☆,Reward1,28902,28896
EXCHANGE.INI,changed,2504,旭品特仕裝箱,Material1,30540,30544
EXCHANGE.INI,changed,2504,旭品特仕裝箱,Material1Count,2000,500
EXCHANGE.INI,changed,2504,旭品特仕裝箱,Name,彼界往信,旭品特仕裝箱
EXCHANGE.INI,changed,2504,旭品特仕裝箱,Reward1,30544,30433
EXCHANGE.INI,changed,2352,黃天衣★★★,Material1,29593,29581
EXCHANGE.INI,changed,2352,黃天衣★★★,Name,黃韋足★★★,黃天衣★★★
EXCHANGE.INI,changed,2352,黃天衣★★★,Reward1,29594,29582
EXCHANGE.INI,changed,1102,拆解：新星之昇塵斧,Material1,27268,27260
EXCHANGE.INI,changed,1102,拆解：新星之昇塵斧,Name,拆解：新星之旭霆盾,拆解：新星之昇塵斧
EXCHANGE.INI,changed,2773,般若,Name,長柄滄耳刀,般若
EXCHANGE.INI,changed,2773,般若,Reward1,29628,29626
EXCHANGE.INI,changed,1305,凜月漪纏Ⅱ,Material1,31316,31306
EXCHANGE.INI,changed,1305,凜月漪纏Ⅱ,Name,舞星鈦甲Ⅱ,凜月漪纏Ⅱ
EXCHANGE.INI,changed,1305,凜月漪纏Ⅱ,Reward1,31317,31307
EXCHANGE.INI,changed,2162,禪帝渡★★,Material1,29531,29519
EXCHANGE.INI,changed,2162,禪帝渡★★,Name,羲帝綴★★,禪帝渡★★
EXCHANGE.INI,changed,2162,禪帝渡★★,Reward1,29532,29520
EXCHANGE.INI,changed,1953,帝詔劍★,Material1,29355,29343
EXCHANGE.INI,changed,1953,帝詔劍★,Name,龍掣爪★,帝詔劍★
EXCHANGE.INI,changed,1953,帝詔劍★,Reward1,29356,29344
EXCHANGE.INI,changed,3268,拆解：烈煌冑☆,Material1,28862,28856
EXCHANGE.INI,changed,3268,拆解：烈煌冑☆,Name,拆解：燦煌衣☆,拆解：烈煌冑☆
EXCHANGE.INI,changed,2977,煌天衣★★,Material1,28550,28544
EXCHANGE.INI,changed,2977,煌天衣★★,Name,煌韋足★★,煌天衣★★
EXCHANGE.INI,changed,2977,煌天衣★★,Reward1,28551,28545
EXCHANGE.INI,changed,706,玄宙武防盛袋禮券,Material1,30668,31590
EXCHANGE.INI,changed,706,玄宙武防盛袋禮券,Name,五派仙傳書袋禮券,玄宙武防盛袋禮券
EXCHANGE.INI,changed,706,玄宙武防盛袋禮券,Reward1,28579,31331
EXCHANGE.INI,changed,1977,禪帝捻★,Material1,29499,29487
EXCHANGE.INI,changed,1977,禪帝捻★,Name,武帝踏★,禪帝捻★
EXCHANGE.INI,changed,1977,禪帝捻★,Reward1,29500,29488
EXCHANGE.INI,changed,3427,拆解：柳天衣☆☆☆,Material1,28974,28968
EXCHANGE.INI,changed,3427,拆解：柳天衣☆☆☆,Name,拆解：柳韋足☆☆☆,拆解：柳天衣☆☆☆
EXCHANGE.INI,changed,2982,奇星靴★★,Group,179,178
EXCHANGE.INI,changed,2982,奇星靴★★,Material1,28352,28559
EXCHANGE.INI,changed,2982,奇星靴★★,Material1Count,1,3
EXCHANGE.INI,changed,2982,奇星靴★★,Material2,,27978
EXCHANGE.INI,changed,2982,奇星靴★★,Material2Count,,9
EXCHANGE.INI,changed,2982,奇星靴★★,Name,拆解：流螢斬★,奇星靴★★
EXCHANGE.INI,changed,2982,奇星靴★★,Reward1,28634,28560
EXCHANGE.INI,changed,2982,奇星靴★★,Reward1Count,3,1
EXCHANGE.INI,changed,906,怪物佰長石牌,Material1,21402,21403
EXCHANGE.INI,changed,906,怪物佰長石牌,Name,怪物什長石牌,怪物佰長石牌
EXCHANGE.INI,changed,906,怪物佰長石牌,Reward1,21401,21402
EXCHANGE.INI,changed,2195,拆解：幻帝裘★☆,Material1,29459,29447
EXCHANGE.INI,changed,2195,拆解：幻帝裘★☆,Name,拆解：禪帝衲★☆,拆解：幻帝裘★☆
EXCHANGE.INI,changed,1579,凜月霜襟Ⅴ,Material1,31309,31299
EXCHANGE.INI,changed,1579,凜月霜襟Ⅴ,Name,凜月漪纏Ⅴ,凜月霜襟Ⅴ
EXCHANGE.INI,changed,1579,凜月霜襟Ⅴ,Reward1,31310,31300
EXCHANGE.INI,changed,3176,進化→道煌面☆,Material1,28396,28390
EXCHANGE.INI,changed,3176,進化→道煌面☆,Name,進化→烈煌冑☆,進化→道煌面☆
EXCHANGE.INI,changed,3176,進化→道煌面☆,Reward1,28856,28850
EXCHANGE.INI,changed,2376,拆解：道帝袍★★☆,Material1,29467,29455
EXCHANGE.INI,changed,2376,拆解：道帝袍★★☆,Name,拆解：劍帝握★★☆,拆解：道帝袍★★☆
EXCHANGE.INI,changed,2849,秘笈：心劍,Material1,29649,29647
EXCHANGE.INI,changed,2849,秘笈：心劍,Name,秘笈：劍以創生,秘笈：心劍
EXCHANGE.INI,changed,1366,宇鋒颺頂Ⅲ,Material1,31162,31152
EXCHANGE.INI,changed,1366,宇鋒颺頂Ⅲ,Name,光術覆面Ⅲ,宇鋒颺頂Ⅲ
EXCHANGE.INI,changed,1366,宇鋒颺頂Ⅲ,Reward1,31163,31153
EXCHANGE.INI,changed,3001,拆解：星蹤袍★,Material1,28409,28403
EXCHANGE.INI,changed,3001,拆解：星蹤袍★,Name,拆解：星鋒腕★,拆解：星蹤袍★
EXCHANGE.INI,changed,1694,勇將旭甲Ⅱ,Material1,30291,30281
EXCHANGE.INI,changed,1694,勇將旭甲Ⅱ,Name,道清旭袍Ⅱ,勇將旭甲Ⅱ
EXCHANGE.INI,changed,1694,勇將旭甲Ⅱ,Reward1,30292,30282
EXCHANGE.INI,changed,727,超玉勇裝錦囊禮券,Material1,30992,30990
EXCHANGE.INI,changed,727,超玉勇裝錦囊禮券,Name,超玉道裝錦囊禮券,超玉勇裝錦囊禮券
EXCHANGE.INI,changed,727,超玉勇裝錦囊禮券,Reward1,30453,30451
EXCHANGE.INI,changed,888,驃騎將軍印信換錦囊,Material1,21408,21410
EXCHANGE.INI,changed,888,驃騎將軍印信換錦囊,Name,中郎將印信換錦囊,驃騎將軍印信換錦囊
EXCHANGE.INI,changed,888,驃騎將軍印信換錦囊,Reward1,21450,21452
EXCHANGE.INI,changed,1777,鵑雪傾錘Ⅲ,Material1,30247,30237
EXCHANGE.INI,changed,1777,鵑雪傾錘Ⅲ,Name,鋼鵬衛盾Ⅲ,鵑雪傾錘Ⅲ
EXCHANGE.INI,changed,1777,鵑雪傾錘Ⅲ,Reward1,30248,30238
EXCHANGE.INI,changed,925,銀杖‧米斯汀，消光,Material1,28495,28493
EXCHANGE.INI,changed,925,銀杖‧米斯汀，消光,Name,歿棍‧納吉法，消光,銀杖‧米斯汀，消光
EXCHANGE.INI,changed,925,銀杖‧米斯汀，消光,Reward1,28782,28780
EXCHANGE.INI,changed,728,超玉術裝錦囊禮券,Material1,30993,30991
EXCHANGE.INI,changed,728,超玉術裝錦囊禮券,Name,超玉僧裝錦囊禮券,超玉術裝錦囊禮券
EXCHANGE.INI,changed,728,超玉術裝錦囊禮券,Reward1,30454,30452
EXCHANGE.INI,changed,2353,黃鳴腕★★★,Material1,29599,29587
EXCHANGE.INI,changed,2353,黃鳴腕★★★,Name,皇影甲★★★,黃鳴腕★★★
EXCHANGE.INI,changed,2353,黃鳴腕★★★,Reward1,29600,29588
EXCHANGE.INI,changed,1603,拆解：光術旋披Ⅳ,Material1,31199,31189
EXCHANGE.INI,changed,1603,拆解：光術旋披Ⅳ,Name,拆解：寂禪鎏裟Ⅳ,拆解：光術旋披Ⅳ
EXCHANGE.INI,changed,1788,道清旭袍Ⅲ,Material1,30302,30292
EXCHANGE.INI,changed,1788,道清旭袍Ⅲ,Name,劍豪旭腕Ⅲ,道清旭袍Ⅲ
EXCHANGE.INI,changed,1788,道清旭袍Ⅲ,Reward1,30303,30293
EXCHANGE.INI,changed,2679,火馬報春包,Group,166,165
EXCHANGE.INI,changed,2679,火馬報春包,Material1,31710,32135
EXCHANGE.INI,changed,2679,火馬報春包,Material1Count,3500,12
EXCHANGE.INI,changed,2679,火馬報春包,Name,天祿銜瑞綴,火馬報春包
EXCHANGE.INI,changed,2679,火馬報春包,Reward1,31856,32147
EXCHANGE.INI,changed,3189,進化→戰煌脛☆,Material1,28435,28429
EXCHANGE.INI,changed,3189,進化→戰煌脛☆,Name,進化→道煌履☆,進化→戰煌脛☆
EXCHANGE.INI,changed,3189,進化→戰煌脛☆,Reward1,28895,28889
EXCHANGE.INI,changed,3383,拆解：柳嗚腕☆☆,Material1,28976,28970
EXCHANGE.INI,changed,3383,拆解：柳嗚腕☆☆,Name,拆解：碧隱甲☆☆,拆解：柳嗚腕☆☆
EXCHANGE.INI,changed,1187,六宇仙器配方錦囊,Group,62,61
EXCHANGE.INI,changed,1187,六宇仙器配方錦囊,Material1,31680,31482
EXCHANGE.INI,changed,1187,六宇仙器配方錦囊,Material1Count,1,150
EXCHANGE.INI,changed,1187,六宇仙器配方錦囊,Name,玉露生輝錦囊,六宇仙器配方錦囊
EXCHANGE.INI,changed,1187,六宇仙器配方錦囊,Reward1,31682,31444
EXCHANGE.INI,changed,1520,拆解：天衛宙脛Ⅲ,Material1,31243,31233
EXCHANGE.INI,changed,1520,拆解：天衛宙脛Ⅲ,Name,拆解：辰道玄鞋Ⅲ,拆解：天衛宙脛Ⅲ
EXCHANGE.INI,changed,2416,拆解：道帝簪★★★,Material1,29438,29426
EXCHANGE.INI,changed,2416,拆解：道帝簪★★★,Name,拆解：劍帝服★★★,拆解：道帝簪★★★
EXCHANGE.INI,changed,3341,碧行裟☆☆☆,Group,203,202
EXCHANGE.INI,changed,3341,碧行裟☆☆☆,Material1,28812,28979
EXCHANGE.INI,changed,3341,碧行裟☆☆☆,Material1Count,1,3
EXCHANGE.INI,changed,3341,碧行裟☆☆☆,Material2,,29053
EXCHANGE.INI,changed,3341,碧行裟☆☆☆,Material2Count,,36
EXCHANGE.INI,changed,3341,碧行裟☆☆☆,Name,拆解：北冕劍☆☆,碧行裟☆☆☆
EXCHANGE.INI,changed,3341,碧行裟☆☆☆,Reward1,29053,28980
EXCHANGE.INI,changed,3341,碧行裟☆☆☆,Reward1Count,6,1
EXCHANGE.INI,changed,3085,拆解：遊星箍★★,Material1,28392,28386
EXCHANGE.INI,changed,3085,拆解：遊星箍★★,Name,拆解：釋星頂★★,拆解：遊星箍★★
EXCHANGE.INI,changed,2565,秘笈：點破雲關,Name,秘笈：翻浪刀法,秘笈：點破雲關
EXCHANGE.INI,changed,2565,秘笈：點破雲關,Reward1,31819,31817
EXCHANGE.INI,changed,1136,速兌輕車將軍印信,Material1,21402,21405
EXCHANGE.INI,changed,1136,速兌輕車將軍印信,Material1Count,90,160
EXCHANGE.INI,changed,1136,速兌輕車將軍印信,Name,速兌都督印信,速兌輕車將軍印信
EXCHANGE.INI,changed,1136,速兌輕車將軍印信,Reward1,21407,21409
EXCHANGE.INI,changed,1575,騰陽雄鎧Ⅴ,Material1,31289,31279
EXCHANGE.INI,changed,1575,騰陽雄鎧Ⅴ,Name,騰陽巍立Ⅴ,騰陽雄鎧Ⅴ
EXCHANGE.INI,changed,1575,騰陽雄鎧Ⅴ,Reward1,31290,31280
EXCHANGE.INI,changed,2601,武魂：龍湘,Name,武魂：夏侯蘭,武魂：龍湘
EXCHANGE.INI,changed,2601,武魂：龍湘,Reward1,30845,30844
EXCHANGE.INI,changed,1775,赤鴉裂槍Ⅲ,Material1,30237,30227
EXCHANGE.INI,changed,1775,赤鴉裂槍Ⅲ,Name,鵑雪傾錘Ⅲ,赤鴉裂槍Ⅲ
EXCHANGE.INI,changed,1775,赤鴉裂槍Ⅲ,Reward1,30238,30228
EXCHANGE.INI,changed,1651,拆解：寂禪鎏裟Ⅴ,Material1,31210,31200
EXCHANGE.INI,changed,1651,拆解：寂禪鎏裟Ⅴ,Name,拆解：天守宙臂Ⅴ,拆解：寂禪鎏裟Ⅴ
EXCHANGE.INI,changed,876,諸業俱毀，開光,Material1,31512,31530
EXCHANGE.INI,changed,876,諸業俱毀，開光,Name,煙月，消光,諸業俱毀，開光
EXCHANGE.INI,changed,876,諸業俱毀，開光,Reward1,31522,31520
EXCHANGE.INI,changed,1333,拆解：辰道玄袖Ⅰ,Material1,31226,31216
EXCHANGE.INI,changed,1333,拆解：辰道玄袖Ⅰ,Name,拆解：宇鋒飆靴Ⅰ,拆解：辰道玄袖Ⅰ
EXCHANGE.INI,changed,2308,拆解：黃鳴腕★★,Material1,29598,29586
EXCHANGE.INI,changed,2308,拆解：黃鳴腕★★,Name,拆解：皇影甲★★,拆解：黃鳴腕★★
EXCHANGE.INI,changed,1922,進化→禪帝頂☆,Material1,28861,28855
EXCHANGE.INI,changed,1922,進化→禪帝頂☆,Name,進化→武帝胄☆,進化→禪帝頂☆
EXCHANGE.INI,changed,1922,進化→禪帝頂☆,Reward1,29439,29427
EXCHANGE.INI,changed,1781,勇將旭盔Ⅲ,Material1,30267,30257
EXCHANGE.INI,changed,1781,勇將旭盔Ⅲ,Name,道清旭綸Ⅲ,勇將旭盔Ⅲ
EXCHANGE.INI,changed,1781,勇將旭盔Ⅲ,Reward1,30268,30258
EXCHANGE.INI,changed,895,如來法螺,Group,44,43
EXCHANGE.INI,changed,895,如來法螺,Material1,29199,21405
EXCHANGE.INI,changed,895,如來法螺,Material1Count,3,5
EXCHANGE.INI,changed,895,如來法螺,Material2,29272,
EXCHANGE.INI,changed,895,如來法螺,Material2Count,30,
EXCHANGE.INI,changed,895,如來法螺,Name,神州真勁Ｔ恤,如來法螺
EXCHANGE.INI,changed,895,如來法螺,Reward1,29782,21597
EXCHANGE.INI,changed,3323,烈煌靴☆☆☆,Material1,28893,28887
EXCHANGE.INI,changed,3323,烈煌靴☆☆☆,Name,燦煌足☆☆☆,烈煌靴☆☆☆
EXCHANGE.INI,changed,3323,烈煌靴☆☆☆,Reward1,28894,28888
EXCHANGE.INI,changed,3062,星兇冠★★★,Material1,28536,28530
EXCHANGE.INI,changed,3062,星兇冠★★★,Name,星兇手★★★,星兇冠★★★
EXCHANGE.INI,changed,3062,星兇冠★★★,Reward1,28537,28531
EXCHANGE.INI,changed,1041,赫絕緋暮劍，消光,Material1,30613,30611
EXCHANGE.INI,changed,1041,赫絕緋暮劍，消光,Name,鳳仙赭霞砲，消光,赫絕緋暮劍，消光
EXCHANGE.INI,changed,1041,赫絕緋暮劍，消光,Reward1,30623,30621
EXCHANGE.INI,changed,1912,進化→御天杖☆,Material1,28831,28825
EXCHANGE.INI,changed,1912,進化→御天杖☆,Name,進化→傾城棍☆,進化→御天杖☆
EXCHANGE.INI,changed,1912,進化→御天杖☆,Reward1,29379,29367
EXCHANGE.INI,changed,3050,遊星掌★★★,Material1,28422,28416
EXCHANGE.INI,changed,3050,遊星掌★★★,Name,釋星拱★★★,遊星掌★★★
EXCHANGE.INI,changed,3050,遊星掌★★★,Reward1,28423,28417
EXCHANGE.INI,changed,1124,拆解：新星之禪照行,Material1,27345,27343
EXCHANGE.INI,changed,1124,拆解：新星之禪照行,Name,拆解：新星之虎玉,拆解：新星之禪照行
EXCHANGE.INI,changed,3195,進化→風煌珠☆,Group,193,192
EXCHANGE.INI,changed,3195,進化→風煌珠☆,Material1,28531,28447
EXCHANGE.INI,changed,3195,進化→風煌珠☆,Material2Count,27,3
EXCHANGE.INI,changed,3195,進化→風煌珠☆,Material3Count,9,1
EXCHANGE.INI,changed,3195,進化→風煌珠☆,Name,進化→鬼兇冠☆,進化→風煌珠☆
EXCHANGE.INI,changed,3195,進化→風煌珠☆,Reward1,28951,28907
EXCHANGE.INI,changed,3117,拆解：奇星靴★★,Group,188,187
EXCHANGE.INI,changed,3117,拆解：奇星靴★★,Material1,28354,28560
EXCHANGE.INI,changed,3117,拆解：奇星靴★★,Name,拆解：流螢斬★★★,拆解：奇星靴★★
EXCHANGE.INI,changed,3117,拆解：奇星靴★★,Reward1Count,9,18
EXCHANGE.INI,changed,2451,長刀〔銀霞〕,Name,星光引導者,長刀〔銀霞〕
EXCHANGE.INI,changed,2451,長刀〔銀霞〕,Reward1,31555,31553
EXCHANGE.INI,changed,2101,拆解：道帝簪★,Material1,29434,29422
EXCHANGE.INI,changed,2101,拆解：道帝簪★,Name,拆解：劍帝服★,拆解：道帝簪★
EXCHANGE.INI,changed,1744,拆解：劍豪旭腕Ⅰ,Material1,30311,30301
EXCHANGE.INI,changed,1744,拆解：劍豪旭腕Ⅰ,Name,拆解：術凌旭指Ⅰ,拆解：劍豪旭腕Ⅰ
EXCHANGE.INI,changed,3286,拆解：地煌珠☆,Group,199,198
EXCHANGE.INI,changed,3286,拆解：地煌珠☆,Material1,28954,28910
EXCHANGE.INI,changed,3286,拆解：地煌珠☆,Name,拆解：鬼兇鎧☆,拆解：地煌珠☆
EXCHANGE.INI,changed,3286,拆解：地煌珠☆,Reward1Count,9,1
EXCHANGE.INI,changed,1969,武帝胄★,Material1,29451,29439
EXCHANGE.INI,changed,1969,武帝胄★,Name,道帝袍★,武帝胄★
EXCHANGE.INI,changed,1969,武帝胄★,Reward1,29452,29440
EXCHANGE.INI,changed,2930,進化→星兇靴★,Material1,27759,27751
EXCHANGE.INI,changed,2930,進化→星兇靴★,Name,進化→煌天衣★,進化→星兇靴★
EXCHANGE.INI,changed,2930,進化→星兇靴★,Reward1,28544,28538
EXCHANGE.INI,changed,1101,拆解：新星之紡霧棍,Material1,27264,27256
EXCHANGE.INI,changed,1101,拆解：新星之紡霧棍,Name,拆解：新星之鳴雷錘,拆解：新星之紡霧棍
EXCHANGE.INI,changed,2118,拆解：宇帝珮★,Material1,29536,29524
EXCHANGE.INI,changed,2118,拆解：宇帝珮★,Name,拆解：慧帝戒★,拆解：宇帝珮★
EXCHANGE.INI,changed,966,阿瑞斯霸槍，消光,Material1,26294,26292
EXCHANGE.INI,changed,966,阿瑞斯霸槍，消光,Name,赫菲煉炎錘，消光,阿瑞斯霸槍，消光
EXCHANGE.INI,changed,966,阿瑞斯霸槍，消光,Reward1,26499,26497
EXCHANGE.INI,changed,2599,唐布衣封魂晶,Name,武魂：龍湘,唐布衣封魂晶
EXCHANGE.INI,changed,2599,唐布衣封魂晶,Reward1,30844,31812
EXCHANGE.INI,changed,2099,拆解：武帝盔★,Material1,29422,29410
EXCHANGE.INI,changed,2099,拆解：武帝盔★,Name,拆解：道帝簪★,拆解：武帝盔★
EXCHANGE.INI,changed,823,修羅夜叉戟,Name,重力平衡器,修羅夜叉戟
EXCHANGE.INI,changed,823,修羅夜叉戟,Reward1,31574,31557
EXCHANGE.INI,changed,2861,斬魔錄拂塵,Material1,29633,29631
EXCHANGE.INI,changed,2861,斬魔錄拂塵,Name,無心之痴,斬魔錄拂塵
EXCHANGE.INI,changed,1927,進化→禪帝衲☆,Material1,28876,28870
EXCHANGE.INI,changed,1927,進化→禪帝衲☆,Name,進化→武帝掌☆,進化→禪帝衲☆
EXCHANGE.INI,changed,1927,進化→禪帝衲☆,Reward1,29469,29457
EXCHANGE.INI,changed,3015,拆解：星鳳徽★,Group,181,180
EXCHANGE.INI,changed,3015,拆解：星鳳徽★,Material1,28529,28445
EXCHANGE.INI,changed,3015,拆解：星鳳徽★,Name,拆解：星兇冠★,拆解：星鳳徽★
EXCHANGE.INI,changed,3015,拆解：星鳳徽★,Reward1Count,9,1
EXCHANGE.INI,changed,1816,拆解：光翼翔劍Ⅱ,Material1,30212,30202
EXCHANGE.INI,changed,1816,拆解：光翼翔劍Ⅱ,Name,拆解：霜羽連珠Ⅱ,拆解：光翼翔劍Ⅱ
EXCHANGE.INI,changed,3397,拆解：天紀盾☆☆☆,Group,207,206
EXCHANGE.INI,changed,3397,拆解：天紀盾☆☆☆,Material1,28846,28840
EXCHANGE.INI,changed,3397,拆解：天紀盾☆☆☆,Name,拆解：戰煌盔☆☆☆,拆解：天紀盾☆☆☆
EXCHANGE.INI,changed,3397,拆解：天紀盾☆☆☆,Reward1Count,3,9
EXCHANGE.INI,changed,811,拆解：無方虛衡尺,Material1,30701,31055
EXCHANGE.INI,changed,811,拆解：無方虛衡尺,Name,拆解：妄史虛誕志,拆解：無方虛衡尺
EXCHANGE.INI,changed,1935,進化→幻帝步☆,Material1,28900,28894
EXCHANGE.INI,changed,1935,進化→幻帝步☆,Name,進化→禪帝渡☆,進化→幻帝步☆
EXCHANGE.INI,changed,1935,進化→幻帝步☆,Reward1,29517,29505
EXCHANGE.INI,changed,2012,拆解：禪帝頂☆,Material1,29439,29427
EXCHANGE.INI,changed,2012,拆解：禪帝頂☆,Name,拆解：武帝胄☆,拆解：禪帝頂☆
EXCHANGE.INI,changed,1487,凜月霜襟Ⅳ,Material1,31308,31298
EXCHANGE.INI,changed,1487,凜月霜襟Ⅳ,Name,凜月漪纏Ⅳ,凜月霜襟Ⅳ
EXCHANGE.INI,changed,1487,凜月霜襟Ⅳ,Reward1,31309,31299
EXCHANGE.INI,changed,2606,秘笈：太白仙跡,Name,秘笈：忘形篇,秘笈：太白仙跡
EXCHANGE.INI,changed,2606,秘笈：太白仙跡,Reward1,31814,31826
EXCHANGE.INI,changed,3276,拆解：道煌擎☆,Material1,28886,28880
EXCHANGE.INI,changed,3276,拆解：道煌擎☆,Name,拆解：烈煌靴☆,拆解：道煌擎☆
EXCHANGE.INI,changed,965,維納斯羽杖，消光,Material1,26293,26291
EXCHANGE.INI,changed,965,維納斯羽杖，消光,Name,阿波羅煌棍，消光,維納斯羽杖，消光
EXCHANGE.INI,changed,965,維納斯羽杖，消光,Reward1,26498,26496
EXCHANGE.INI,changed,3229,戰煌臂☆☆,Material1,28880,28874
EXCHANGE.INI,changed,3229,戰煌臂☆☆,Name,道煌擎☆☆,戰煌臂☆☆
EXCHANGE.INI,changed,3229,戰煌臂☆☆,Reward1,28881,28875
EXCHANGE.INI,changed,3428,拆解：柳嗚腕☆☆☆,Material1,28977,28971
EXCHANGE.INI,changed,3428,拆解：柳嗚腕☆☆☆,Name,拆解：碧隱甲☆☆☆,拆解：柳嗚腕☆☆☆
EXCHANGE.INI,changed,2362,拆解：御天杖★★☆,Material1,29383,29371
EXCHANGE.INI,changed,2362,拆解：御天杖★★☆,Name,拆解：傾城棍★★☆,拆解：御天杖★★☆
EXCHANGE.INI,changed,1118,拆解：新星之道明手,Material1,27339,27322
EXCHANGE.INI,changed,1118,拆解：新星之道明手,Name,拆解：新星之劍英靴,拆解：新星之道明手
EXCHANGE.INI,changed,1571,誅仙御鐸Ⅴ,Material1,31269,31259
EXCHANGE.INI,changed,1571,誅仙御鐸Ⅴ,Name,龍之印信Ⅴ,誅仙御鐸Ⅴ
EXCHANGE.INI,changed,1571,誅仙御鐸Ⅴ,Reward1,31270,31260
EXCHANGE.INI,changed,3066,煌月巾★★★,Material1,28548,28542
EXCHANGE.INI,changed,3066,煌月巾★★★,Name,煌嗚腕★★★,煌月巾★★★
EXCHANGE.INI,changed,3066,煌月巾★★★,Reward1,28549,28543
EXCHANGE.INI,changed,1647,拆解：宇鋒颯衣Ⅴ,Material1,31190,31180
EXCHANGE.INI,changed,1647,拆解：宇鋒颯衣Ⅴ,Name,拆解：光術旋披Ⅴ,拆解：宇鋒颯衣Ⅴ
EXCHANGE.INI,changed,3202,進化→柳天衣☆,Material1,28552,28546
EXCHANGE.INI,changed,3202,進化→柳天衣☆,Name,進化→柳韋足☆,進化→柳天衣☆
EXCHANGE.INI,changed,3202,進化→柳天衣☆,Reward1,28972,28966
EXCHANGE.INI,changed,1218,無．狂戰符咒,Name,無．幻煞符咒,無．狂戰符咒
EXCHANGE.INI,changed,1218,無．狂戰符咒,Reward1,29034,29032
EXCHANGE.INI,changed,2702,明源雷棲紋,Name,赫居新羅結,明源雷棲紋
EXCHANGE.INI,changed,2702,明源雷棲紋,Reward1,29936,30609
EXCHANGE.INI,changed,3436,龍茯鳳苓煲,Material1Count,1,2
EXCHANGE.INI,changed,3436,龍茯鳳苓煲,Name,活魚三獻餚,龍茯鳳苓煲
EXCHANGE.INI,changed,3436,龍茯鳳苓煲,Reward1,31415,31891
EXCHANGE.INI,changed,1209,超．旭品特仕裝箱,Material1Count,5,9
EXCHANGE.INI,changed,1209,超．旭品特仕裝箱,Material2Count,5,9
EXCHANGE.INI,changed,1209,超．旭品特仕裝箱,Material3Count,50,99
EXCHANGE.INI,changed,1209,超．旭品特仕裝箱,Name,真．旭品特仕裝箱,超．旭品特仕裝箱
EXCHANGE.INI,changed,1209,超．旭品特仕裝箱,Reward1,30444,30455
EXCHANGE.INI,changed,1014,冥鎌歐‧西斯，開光,Material1,29019,29017
EXCHANGE.INI,changed,1014,冥鎌歐‧西斯，開光,Name,泣槍奈‧芙蒂，開光,冥鎌歐‧西斯，開光
EXCHANGE.INI,changed,1014,冥鎌歐‧西斯，開光,Reward1,29006,29004
EXCHANGE.INI,changed,3219,戰煌盔☆☆,Material1,28850,28844
EXCHANGE.INI,changed,3219,戰煌盔☆☆,Name,道煌面☆☆,戰煌盔☆☆
EXCHANGE.INI,changed,3219,戰煌盔☆☆,Reward1,28851,28845
EXCHANGE.INI,changed,2545,武魂：禍世螟蝗,Group,156,155
EXCHANGE.INI,changed,2545,武魂：禍世螟蝗,Material1,31827,31746
EXCHANGE.INI,changed,2545,武魂：禍世螟蝗,Material1Count,2,1
EXCHANGE.INI,changed,2545,武魂：禍世螟蝗,Name,交換唐默鈴降神,武魂：禍世螟蝗
EXCHANGE.INI,changed,2545,武魂：禍世螟蝗,Reward1,31829,30829
EXCHANGE.INI,changed,938,六爻初陽錘，開光,Material1,26967,26965
EXCHANGE.INI,changed,938,六爻初陽錘，開光,Name,八卦形意盾，開光,六爻初陽錘，開光
EXCHANGE.INI,changed,938,六爻初陽錘，開光,Reward1,26793,26791
EXCHANGE.INI,changed,2894,進化→流螢斬★,Material1,27615,27607
EXCHANGE.INI,changed,2894,進化→流螢斬★,Name,進化→衡星斗★,進化→流螢斬★
EXCHANGE.INI,changed,2894,進化→流螢斬★,Reward1,28358,28352
EXCHANGE.INI,changed,1757,拆解：億載機軸Ⅰ,Group,99,98
EXCHANGE.INI,changed,1757,拆解：億載機軸Ⅰ,Material1,30376,30366
EXCHANGE.INI,changed,1757,拆解：億載機軸Ⅰ,Name,拆解：狂陽耀鎧Ⅰ,拆解：億載機軸Ⅰ
EXCHANGE.INI,changed,1757,拆解：億載機軸Ⅰ,Reward1,30673,29273
EXCHANGE.INI,changed,1757,拆解：億載機軸Ⅰ,Reward1Count,1,9
EXCHANGE.INI,changed,1864,拆解：霜羽連珠Ⅲ,Material1,30223,30213
EXCHANGE.INI,changed,1864,拆解：霜羽連珠Ⅲ,Name,拆解：明露鴻杖Ⅲ,拆解：霜羽連珠Ⅲ
EXCHANGE.INI,changed,3347,拆解：列肆杖☆☆,Material1,28830,28824
EXCHANGE.INI,changed,3347,拆解：列肆杖☆☆,Name,拆解：市樓棍☆☆,拆解：列肆杖☆☆
EXCHANGE.INI,changed,1597,拆解：天衛宙盔Ⅳ,Material1,31169,31159
EXCHANGE.INI,changed,1597,拆解：天衛宙盔Ⅳ,Name,拆解：辰道玄冠Ⅳ,拆解：天衛宙盔Ⅳ
EXCHANGE.INI,changed,3116,拆解：奇行裟★★,Group,188,187
EXCHANGE.INI,changed,3116,拆解：奇行裟★★,Material1,28351,28557
EXCHANGE.INI,changed,3116,拆解：奇行裟★★,Name,拆解：星守劍★★★,拆解：奇行裟★★
EXCHANGE.INI,changed,3116,拆解：奇行裟★★,Reward1Count,9,18
EXCHANGE.INI,changed,3296,拆解：碧行裟☆,Group,200,199
EXCHANGE.INI,changed,3296,拆解：碧行裟☆,Material1,28812,28978
EXCHANGE.INI,changed,3296,拆解：碧行裟☆,Material1Count,3,1
EXCHANGE.INI,changed,3296,拆解：碧行裟☆,Material2,29053,
EXCHANGE.INI,changed,3296,拆解：碧行裟☆,Material2Count,6,
EXCHANGE.INI,changed,3296,拆解：碧行裟☆,Name,北冕劍☆☆☆,拆解：碧行裟☆
EXCHANGE.INI,changed,3296,拆解：碧行裟☆,Reward1,28813,29053
EXCHANGE.INI,changed,3296,拆解：碧行裟☆,Reward1Count,1,9
EXCHANGE.INI,changed,1543,塹淵幽柄Ⅴ,Material1,31129,31119
EXCHANGE.INI,changed,1543,塹淵幽柄Ⅴ,Name,羅將烈槍Ⅴ,塹淵幽柄Ⅴ
EXCHANGE.INI,changed,1543,塹淵幽柄Ⅴ,Reward1,31130,31120
EXCHANGE.INI,changed,1139,超時空聖降神禮券,Material1Count,750,1500
EXCHANGE.INI,changed,1139,超時空聖降神禮券,Name,超．玄宙神兵寶箱,超時空聖降神禮券
EXCHANGE.INI,changed,1139,超時空聖降神禮券,Reward1,31354,31463
EXCHANGE.INI,changed,2857,滄耳刀,Material1,29629,29627
EXCHANGE.INI,changed,2857,滄耳刀,Name,三恆曌世,滄耳刀
EXCHANGE.INI,changed,3346,拆解：七公扇☆☆,Material1,28827,28821
EXCHANGE.INI,changed,3346,拆解：七公扇☆☆,Name,拆解：貫索槍☆☆,拆解：七公扇☆☆
EXCHANGE.INI,changed,1581,凜月漪纏Ⅴ,Material1,31319,31309
EXCHANGE.INI,changed,1581,凜月漪纏Ⅴ,Name,舞星鈦甲Ⅴ,凜月漪纏Ⅴ
EXCHANGE.INI,changed,1581,凜月漪纏Ⅴ,Reward1,31320,31310
EXCHANGE.INI,changed,1015,輝杖瑪‧亞特，開光,Material1,29020,29018
EXCHANGE.INI,changed,1015,輝杖瑪‧亞特，開光,Name,獅棍泰‧芙努，開光,輝杖瑪‧亞特，開光
EXCHANGE.INI,changed,1015,輝杖瑪‧亞特，開光,Reward1,29007,29005
EXCHANGE.INI,changed,2422,拆解：禪帝衲★★★,Material1,29474,29462
EXCHANGE.INI,changed,2422,拆解：禪帝衲★★★,Name,拆解：武帝掌★★★,拆解：禪帝衲★★★
EXCHANGE.INI,changed,2055,幻帝面★☆,Material1,29428,29416
EXCHANGE.INI,changed,2055,幻帝面★☆,Name,禪帝頂★☆,幻帝面★☆
EXCHANGE.INI,changed,2055,幻帝面★☆,Reward1,29429,29417
EXCHANGE.INI,changed,3088,拆解：星鋒冑★★,Material1,28401,28395
EXCHANGE.INI,changed,3088,拆解：星鋒冑★★,Name,拆解：遊星衣★★,拆解：星鋒冑★★
EXCHANGE.INI,changed,1253,大拉薩戰符,Material1,22888,24946
EXCHANGE.INI,changed,1253,大拉薩戰符,Name,戰符繪紙轉劍仙戰符,大拉薩戰符
EXCHANGE.INI,changed,1253,大拉薩戰符,Reward1,22706,24396
EXCHANGE.INI,changed,1667,拆解：騰陽雄鎧Ⅴ,Material1,31290,31280
EXCHANGE.INI,changed,1667,拆解：騰陽雄鎧Ⅴ,Name,拆解：騰陽巍立Ⅴ,拆解：騰陽雄鎧Ⅴ
EXCHANGE.INI,changed,3339,柳韋足☆☆☆,Material1,28979,28973
EXCHANGE.INI,changed,3339,柳韋足☆☆☆,Name,碧行裟☆☆☆,柳韋足☆☆☆
EXCHANGE.INI,changed,3339,柳韋足☆☆☆,Reward1,28980,28974
EXCHANGE.INI,changed,1055,殤不患封魂晶,Material1Count,300,200
EXCHANGE.INI,changed,1055,殤不患封魂晶,Name,武魂：阿爾貝盧法,殤不患封魂晶
EXCHANGE.INI,changed,1055,殤不患封魂晶,Reward1,30828,31497
EXCHANGE.INI,changed,1413,拆解：天衛宙盔Ⅱ,Material1,31167,31157
EXCHANGE.INI,changed,1413,拆解：天衛宙盔Ⅱ,Name,拆解：辰道玄冠Ⅱ,拆解：天衛宙盔Ⅱ
EXCHANGE.INI,changed,2920,進化→遊星足★,Material1,27719,27717
EXCHANGE.INI,changed,2920,進化→遊星足★,Name,進化→釋星行★,進化→遊星足★
EXCHANGE.INI,changed,2920,進化→遊星足★,Reward1,28436,28430
EXCHANGE.INI,changed,3213,貫索槍☆☆,Material1,28832,28826
EXCHANGE.INI,changed,3213,貫索槍☆☆,Name,侯欽錘☆☆,貫索槍☆☆
EXCHANGE.INI,changed,3213,貫索槍☆☆,Reward1,28833,28827
EXCHANGE.INI,changed,3004,拆解：鬥星臂★,Material1,28418,28412
EXCHANGE.INI,changed,3004,拆解：鬥星臂★,Name,拆解：星蹤手★,拆解：鬥星臂★
EXCHANGE.INI,changed,1832,拆解：勇將旭甲Ⅱ,Material1,30292,30282
EXCHANGE.INI,changed,1832,拆解：勇將旭甲Ⅱ,Name,拆解：道清旭袍Ⅱ,拆解：勇將旭甲Ⅱ
EXCHANGE.INI,changed,875,七殺天凌，開光,Material1,31511,31529
EXCHANGE.INI,changed,875,七殺天凌，開光,Name,煙月（劍），消光,七殺天凌，開光
EXCHANGE.INI,changed,875,七殺天凌，開光,Reward1,31521,31519
EXCHANGE.INI,changed,3137,拆解：釋星袈★★★,Material1,28414,28408
EXCHANGE.INI,changed,3137,拆解：釋星袈★★★,Name,拆解：鬥星臂★★★,拆解：釋星袈★★★
EXCHANGE.INI,changed,2292,拆解：禪帝捻★★,Material1,29502,29490
EXCHANGE.INI,changed,2292,拆解：禪帝捻★★,Name,拆解：武帝踏★★,拆解：禪帝捻★★
EXCHANGE.INI,changed,3205,進化→碧隱甲☆,Material1,28561,28555
EXCHANGE.INI,changed,3205,進化→碧隱甲☆,Name,進化→碧星靴☆,進化→碧隱甲☆
EXCHANGE.INI,changed,3205,進化→碧隱甲☆,Reward1,28981,28975
EXCHANGE.INI,changed,3336,柳月巾☆☆☆,Material1,28970,28964
EXCHANGE.INI,changed,3336,柳月巾☆☆☆,Name,柳嗚腕☆☆☆,柳月巾☆☆☆
EXCHANGE.INI,changed,3336,柳月巾☆☆☆,Reward1,28971,28965
EXCHANGE.INI,changed,2690,極．玄宙特仕裝箱,Material1Count,500,1250
EXCHANGE.INI,changed,2690,極．玄宙特仕裝箱,Name,極．玄宙劍裝錦囊,極．玄宙特仕裝箱
EXCHANGE.INI,changed,2690,極．玄宙特仕裝箱,Reward1,31366,31371
EXCHANGE.INI,changed,3266,拆解：道煌面☆,Material1,28856,28850
EXCHANGE.INI,changed,3266,拆解：道煌面☆,Name,拆解：烈煌冑☆,拆解：道煌面☆
EXCHANGE.INI,changed,1489,凜月漪纏Ⅳ,Material1,31318,31308
EXCHANGE.INI,changed,1489,凜月漪纏Ⅳ,Name,舞星鈦甲Ⅳ,凜月漪纏Ⅳ
EXCHANGE.INI,changed,1489,凜月漪纏Ⅳ,Reward1,31319,31309
EXCHANGE.INI,changed,2113,拆解：劍帝履★,Material1,29506,29494
EXCHANGE.INI,changed,2113,拆解：劍帝履★,Name,拆解：幻帝步★,拆解：劍帝履★
EXCHANGE.INI,changed,2013,拆解：劍帝服☆,Material1,29445,29433
EXCHANGE.INI,changed,2013,拆解：劍帝服☆,Name,拆解：幻帝裘☆,拆解：劍帝服☆
EXCHANGE.INI,changed,1946,進化→黃月巾☆,Material1,28971,28965
EXCHANGE.INI,changed,1946,進化→黃月巾☆,Name,進化→黃鳴腕☆,進化→黃月巾☆
EXCHANGE.INI,changed,1946,進化→黃月巾☆,Reward1,29583,29571
EXCHANGE.INI,changed,2735,極．玄宙劍裝錦囊,Name,極．玄宙術裝錦囊,極．玄宙劍裝錦囊
EXCHANGE.INI,changed,2735,極．玄宙劍裝錦囊,Reward1,31368,31366
EXCHANGE.INI,changed,1377,天守宙臂Ⅲ,Material1,31217,31207
EXCHANGE.INI,changed,1377,天守宙臂Ⅲ,Name,辰道玄袖Ⅲ,天守宙臂Ⅲ
EXCHANGE.INI,changed,1377,天守宙臂Ⅲ,Reward1,31218,31208
EXCHANGE.INI,changed,2874,秘笈：天問三誓,Material1,29637,29635
EXCHANGE.INI,changed,2874,秘笈：天問三誓,Name,秘笈：蒼龍破雲關,秘笈：天問三誓
EXCHANGE.INI,changed,3446,三寶燒臘飯,Material1Count,2,1
EXCHANGE.INI,changed,3446,三寶燒臘飯,Name,海南雙饗鮑,三寶燒臘飯
EXCHANGE.INI,changed,3446,三寶燒臘飯,Reward1,30653,30659
EXCHANGE.INI,changed,1970,幻帝裘★,Material1,29457,29445
EXCHANGE.INI,changed,1970,幻帝裘★,Name,禪帝衲★,幻帝裘★
EXCHANGE.INI,changed,1970,幻帝裘★,Reward1,29458,29446
EXCHANGE.INI,changed,2332,禪帝衲★★★,Material1,29473,29461
EXCHANGE.INI,changed,2332,禪帝衲★★★,Name,武帝掌★★★,禪帝衲★★★
EXCHANGE.INI,changed,2332,禪帝衲★★★,Reward1,29474,29462
EXCHANGE.INI,changed,3407,拆解：佛煌裟☆☆☆,Material1,28876,28870
EXCHANGE.INI,changed,3407,拆解：佛煌裟☆☆☆,Name,拆解：戰煌臂☆☆☆,拆解：佛煌裟☆☆☆
EXCHANGE.INI,changed,3225,燦煌衣☆☆,Material1,28868,28862
EXCHANGE.INI,changed,3225,燦煌衣☆☆,Name,佛煌裟☆☆,燦煌衣☆☆
EXCHANGE.INI,changed,3225,燦煌衣☆☆,Reward1,28869,28863
EXCHANGE.INI,changed,704,趙雲錦囊禮券,Material1,31590,31011
EXCHANGE.INI,changed,704,趙雲錦囊禮券,Name,玄宙武防盛袋禮券,趙雲錦囊禮券
EXCHANGE.INI,changed,704,趙雲錦囊禮券,Reward1,31331,30913
EXCHANGE.INI,changed,704,趙雲錦囊禮券,Reward1Count,1,5
EXCHANGE.INI,changed,1712,狂陽輝冕Ⅱ,Material1,30381,30371
EXCHANGE.INI,changed,1712,狂陽輝冕Ⅱ,Name,狂陽赤手Ⅱ,狂陽輝冕Ⅱ
EXCHANGE.INI,changed,1712,狂陽輝冕Ⅱ,Reward1,30382,30372
EXCHANGE.INI,changed,2054,武帝盔★☆,Material1,29422,29410
EXCHANGE.INI,changed,2054,武帝盔★☆,Name,道帝簪★☆,武帝盔★☆
EXCHANGE.INI,changed,2054,武帝盔★☆,Reward1,29423,29411
EXCHANGE.INI,changed,1700,術凌旭指Ⅱ,Material1,30321,30311
EXCHANGE.INI,changed,1700,術凌旭指Ⅱ,Name,禪臺旭執Ⅱ,術凌旭指Ⅱ
EXCHANGE.INI,changed,1700,術凌旭指Ⅱ,Reward1,30322,30312
EXCHANGE.INI,changed,2115,拆解：幻帝步★,Material1,29518,29506
EXCHANGE.INI,changed,2115,拆解：幻帝步★,Name,拆解：禪帝渡★,拆解：幻帝步★
EXCHANGE.INI,changed,2134,君諭刀★★,Material1,29363,29351
EXCHANGE.INI,changed,2134,君諭刀★★,Name,皇麟扇★★,君諭刀★★
EXCHANGE.INI,changed,2134,君諭刀★★,Reward1,29364,29352
EXCHANGE.INI,changed,1941,進化→大帝鎮☆,Group,111,110
EXCHANGE.INI,changed,1941,進化→大帝鎮☆,Material1,28956,28912
EXCHANGE.INI,changed,1941,進化→大帝鎮☆,Material2Count,10,1
EXCHANGE.INI,changed,1941,進化→大帝鎮☆,Name,進化→鬼帝鎧☆,進化→大帝鎮☆
EXCHANGE.INI,changed,1941,進化→大帝鎮☆,Reward1,29553,29541
EXCHANGE.INI,changed,3150,拆解：星鳳徽★★★,Group,190,189
EXCHANGE.INI,changed,3150,拆解：星鳳徽★★★,Material1,28531,28447
EXCHANGE.INI,changed,3150,拆解：星鳳徽★★★,Name,拆解：星兇冠★★★,拆解：星鳳徽★★★
EXCHANGE.INI,changed,3150,拆解：星鳳徽★★★,Reward1Count,27,3
EXCHANGE.INI,changed,1885,拆解：道清旭袖Ⅲ,Material1,30328,30318
EXCHANGE.INI,changed,1885,拆解：道清旭袖Ⅲ,Name,拆解：劍豪旭靴Ⅲ,拆解：道清旭袖Ⅲ
EXCHANGE.INI,changed,780,拆解：離火仙太極,Material1,29720,29718
EXCHANGE.INI,changed,780,拆解：離火仙太極,Name,拆解：兌澤仙太極,拆解：離火仙太極
EXCHANGE.INI,changed,3371,拆解：道煌履☆☆,Material1,28902,28896
EXCHANGE.INI,changed,3371,拆解：道煌履☆☆,Name,拆解：火煌珠☆☆,拆解：道煌履☆☆
EXCHANGE.INI,changed,2614,秘笈：烈火禪,Name,秘笈：奪魄幽靈爪,秘笈：烈火禪
EXCHANGE.INI,changed,2614,秘笈：烈火禪,Reward1,31824,31822
EXCHANGE.INI,changed,2787,秘笈：大梵聖掌,Name,秘笈：笑盡英雄,秘笈：大梵聖掌
EXCHANGE.INI,changed,2787,秘笈：大梵聖掌,Reward1,29642,29640
EXCHANGE.INI,changed,2406,拆解：皇麟扇★★★,Material1,29378,29366
EXCHANGE.INI,changed,2406,拆解：皇麟扇★★★,Name,拆解：權霸槍★★★,拆解：皇麟扇★★★
EXCHANGE.INI,changed,2641,活俠唐默鈴錦囊,Material1,29272,29274
EXCHANGE.INI,changed,2641,活俠唐默鈴錦囊,Material1Count,2,3
EXCHANGE.INI,changed,2641,活俠唐默鈴錦囊,Name,活俠龍湘錦囊,活俠唐默鈴錦囊
EXCHANGE.INI,changed,2641,活俠唐默鈴錦囊,Reward1,31730,31727
EXCHANGE.INI,changed,3026,拆解：奇行裟★,Group,182,181
EXCHANGE.INI,changed,3026,拆解：奇行裟★,Material1,28350,28556
EXCHANGE.INI,changed,3026,拆解：奇行裟★,Material1Count,3,1
EXCHANGE.INI,changed,3026,拆解：奇行裟★,Material2,27978,
EXCHANGE.INI,changed,3026,拆解：奇行裟★,Material2Count,6,
EXCHANGE.INI,changed,3026,拆解：奇行裟★,Name,星守劍★★★,拆解：奇行裟★
EXCHANGE.INI,changed,3026,拆解：奇行裟★,Reward1,28351,28634
EXCHANGE.INI,changed,3026,拆解：奇行裟★,Reward1Count,1,9
EXCHANGE.INI,changed,1364,方舟舵斧Ⅲ,Group,74,73
EXCHANGE.INI,changed,1364,方舟舵斧Ⅲ,Material1,31152,31142
EXCHANGE.INI,changed,1364,方舟舵斧Ⅲ,Material2Count,60,175
EXCHANGE.INI,changed,1364,方舟舵斧Ⅲ,Name,宇鋒颺頂Ⅲ,方舟舵斧Ⅲ
EXCHANGE.INI,changed,1364,方舟舵斧Ⅲ,Reward1,31153,31143
EXCHANGE.INI,changed,2119,拆解：羲帝綴★,Material1,29542,29530
EXCHANGE.INI,changed,2119,拆解：羲帝綴★,Name,拆解：大帝鎮★,拆解：羲帝綴★
EXCHANGE.INI,changed,1919,進化→武帝盔☆,Material1,28852,28846
EXCHANGE.INI,changed,1919,進化→武帝盔☆,Name,進化→道帝簪☆,進化→武帝盔☆
EXCHANGE.INI,changed,1919,進化→武帝盔☆,Reward1,29421,29409
EXCHANGE.INI,changed,1810,靜月帷腕Ⅲ,Material1,30412,30402
EXCHANGE.INI,changed,1810,靜月帷腕Ⅲ,Name,宿星銀兜Ⅲ,靜月帷腕Ⅲ
EXCHANGE.INI,changed,1810,靜月帷腕Ⅲ,Reward1,30413,30403
EXCHANGE.INI,changed,804,拆解：金甲仙狼牙,Material1,29254,29262
EXCHANGE.INI,changed,804,拆解：金甲仙狼牙,Name,拆解：白蛇仙戒,拆解：金甲仙狼牙
EXCHANGE.INI,changed,2192,拆解：禪帝頂★☆,Material1,29441,29429
EXCHANGE.INI,changed,2192,拆解：禪帝頂★☆,Name,拆解：武帝胄★☆,拆解：禪帝頂★☆
EXCHANGE.INI,changed,2569,秘笈：仙鶴迷蹤,Name,秘笈：雪山心法,秘笈：仙鶴迷蹤
EXCHANGE.INI,changed,2569,秘笈：仙鶴迷蹤,Reward1,31823,31821
EXCHANGE.INI,changed,808,拆解：朱蛇仙戒,Material1,31474,29256
EXCHANGE.INI,changed,808,拆解：朱蛇仙戒,Name,拆解：觀宇虛天鏡,拆解：朱蛇仙戒
EXCHANGE.INI,changed,808,拆解：朱蛇仙戒,Reward1Count,6,1
EXCHANGE.INI,changed,1060,【煙月】,Name,【聆牙】,【煙月】
EXCHANGE.INI,changed,1060,【煙月】,Reward1,31514,31512
EXCHANGE.INI,changed,2950,遊星箍★★,Material1,28391,28385
EXCHANGE.INI,changed,2950,遊星箍★★,Name,釋星頂★★,遊星箍★★
EXCHANGE.INI,changed,2950,遊星箍★★,Reward1,28392,28386
EXCHANGE.INI,changed,816,拆解：玄謎虛淵局,Group,37,36
EXCHANGE.INI,changed,816,拆解：玄謎虛淵局,Material1,30673,29269
EXCHANGE.INI,changed,816,拆解：玄謎虛淵局,Material1Count,75,1
EXCHANGE.INI,changed,816,拆解：玄謎虛淵局,Material2,27978,
EXCHANGE.INI,changed,816,拆解：玄謎虛淵局,Material2Count,150,
EXCHANGE.INI,changed,816,拆解：玄謎虛淵局,Material3,29052,
EXCHANGE.INI,changed,816,拆解：玄謎虛淵局,Material3Count,350,
EXCHANGE.INI,changed,816,拆解：玄謎虛淵局,Material4,29274,
EXCHANGE.INI,changed,816,拆解：玄謎虛淵局,Material4Count,350,
EXCHANGE.INI,changed,816,拆解：玄謎虛淵局,Name,古劍〔干將〕,拆解：玄謎虛淵局
EXCHANGE.INI,changed,816,拆解：玄謎虛淵局,Reward1,31552,29274
EXCHANGE.INI,changed,816,拆解：玄謎虛淵局,Reward1Count,1,6
EXCHANGE.INI,changed,2005,拆解：界王錘☆,Material1,29397,29385
EXCHANGE.INI,changed,2005,拆解：界王錘☆,Name,拆解：疆嶽盾☆,拆解：界王錘☆
EXCHANGE.INI,changed,1611,拆解：宇鋒飆靴Ⅳ,Material1,31239,31229
EXCHANGE.INI,changed,1611,拆解：宇鋒飆靴Ⅳ,Name,拆解：光術疾履Ⅳ,拆解：宇鋒飆靴Ⅳ
EXCHANGE.INI,changed,2567,秘笈：翻浪刀法,Name,秘笈：仙鶴迷蹤,秘笈：翻浪刀法
EXCHANGE.INI,changed,2567,秘笈：翻浪刀法,Reward1,31821,31819
EXCHANGE.INI,changed,1828,拆解：術凌旭巾Ⅱ,Material1,30272,30262
EXCHANGE.INI,changed,1828,拆解：術凌旭巾Ⅱ,Name,拆解：禪臺旭笠Ⅱ,拆解：術凌旭巾Ⅱ
EXCHANGE.INI,changed,2712,尋奇鍊‧洪荒,Material1Count,350,400
EXCHANGE.INI,changed,2712,尋奇鍊‧洪荒,Name,御月常羲鍊,尋奇鍊‧洪荒
EXCHANGE.INI,changed,2712,尋奇鍊‧洪荒,Reward1,28005,28163
EXCHANGE.INI,changed,3211,七公扇☆☆,Material1,28826,28820
EXCHANGE.INI,changed,3211,七公扇☆☆,Name,貫索槍☆☆,七公扇☆☆
EXCHANGE.INI,changed,3211,七公扇☆☆,Reward1,28827,28821
EXCHANGE.INI,changed,1721,宿星燦甲Ⅱ,Material1,30601,30416
EXCHANGE.INI,changed,1721,宿星燦甲Ⅱ,Name,宿星閃靴Ⅱ,宿星燦甲Ⅱ
EXCHANGE.INI,changed,1721,宿星燦甲Ⅱ,Reward1,30602,30417
EXCHANGE.INI,changed,1351,拆解：凜月漪纏Ⅰ,Material1,31316,31306
EXCHANGE.INI,changed,1351,拆解：凜月漪纏Ⅰ,Name,拆解：舞星鈦甲Ⅰ,拆解：凜月漪纏Ⅰ
EXCHANGE.INI,changed,772,拆解：修羅仙劫輪,Material1,29727,29270
EXCHANGE.INI,changed,772,拆解：修羅仙劫輪,Name,拆解：艮虛仙渦石,拆解：修羅仙劫輪
EXCHANGE.INI,changed,772,拆解：修羅仙劫輪,Reward1Count,2,4
EXCHANGE.INI,changed,916,至槍‧岡古尼，開光,Material1,28783,28781
EXCHANGE.INI,changed,916,至槍‧岡古尼，開光,Name,神槌‧妙尼爾，開光,至槍‧岡古尼，開光
EXCHANGE.INI,changed,916,至槍‧岡古尼，開光,Reward1,28496,28494
EXCHANGE.INI,changed,1007,泰始宇弘棍，消光,Material1,29662,29660
EXCHANGE.INI,changed,1007,泰始宇弘棍，消光,Name,商紂暴政斧，消光,泰始宇弘棍，消光
EXCHANGE.INI,changed,1007,泰始宇弘棍，消光,Reward1,29672,29670
EXCHANGE.INI,changed,3335,鬼兇靴☆☆☆,Material1,28967,28961
EXCHANGE.INI,changed,3335,鬼兇靴☆☆☆,Name,柳天衣☆☆☆,鬼兇靴☆☆☆
EXCHANGE.INI,changed,3335,鬼兇靴☆☆☆,Reward1,28968,28962
EXCHANGE.INI,changed,1604,拆解：辰道玄袍Ⅳ,Material1,31204,31194
EXCHANGE.INI,changed,1604,拆解：辰道玄袍Ⅳ,Name,拆解：宇鋒飄腕Ⅳ,拆解：辰道玄袍Ⅳ
EXCHANGE.INI,changed,2393,拆解：鬼帝鎧★★☆,Material1,29569,29557
EXCHANGE.INI,changed,2393,拆解：鬼帝鎧★★☆,Name,拆解：鬼帝道★★☆,拆解：鬼帝鎧★★☆
EXCHANGE.INI,changed,1731,拆解：鵑雪傾錘Ⅰ,Material1,30246,30236
EXCHANGE.INI,changed,1731,拆解：鵑雪傾錘Ⅰ,Name,拆解：鋼鵬衛盾Ⅰ,拆解：鵑雪傾錘Ⅰ
EXCHANGE.INI,changed,1443,拆解：凜月漪纏Ⅱ,Material1,31317,31307
EXCHANGE.INI,changed,1443,拆解：凜月漪纏Ⅱ,Name,拆解：舞星鈦甲Ⅱ,拆解：凜月漪纏Ⅱ
EXCHANGE.INI,changed,882,虎嘯山河，消光,Material1,31518,31516
EXCHANGE.INI,changed,882,虎嘯山河，消光,Name,喪月之夜，消光,虎嘯山河，消光
EXCHANGE.INI,changed,882,虎嘯山河，消光,Reward1,31528,31526
EXCHANGE.INI,changed,2886,秘笈：心劍,Material1,29649,29647
EXCHANGE.INI,changed,2886,秘笈：心劍,Name,秘笈：劍以創生,秘笈：心劍
EXCHANGE.INI,changed,1196,武魂：姜秀,Name,白樺封魂晶,武魂：姜秀
EXCHANGE.INI,changed,1196,武魂：姜秀,Reward1,31656,30838
EXCHANGE.INI,changed,2634,唐布衣錦囊禮券,Material1,29273,30673
EXCHANGE.INI,changed,2634,唐布衣錦囊禮券,Material1Count,10,1
EXCHANGE.INI,changed,2634,唐布衣錦囊禮券,Name,活俠唐布衣錦囊,唐布衣錦囊禮券
EXCHANGE.INI,changed,2634,唐布衣錦囊禮券,Reward1,31726,31732
EXCHANGE.INI,changed,2634,唐布衣錦囊禮券,Reward1Count,1,2
EXCHANGE.INI,changed,1932,進化→禪帝捻☆,Material1,28891,28885
EXCHANGE.INI,changed,1932,進化→禪帝捻☆,Name,進化→武帝踏☆,進化→禪帝捻☆
EXCHANGE.INI,changed,1932,進化→禪帝捻☆,Reward1,29499,29487
EXCHANGE.INI,changed,3076,拆解：衡星斗★★,Material1,28365,28359
EXCHANGE.INI,changed,3076,拆解：衡星斗★★,Name,拆解：商宿槍★★,拆解：衡星斗★★
EXCHANGE.INI,changed,1348,拆解：凜月冪巾Ⅰ,Material1,31301,31291
EXCHANGE.INI,changed,1348,拆解：凜月冪巾Ⅰ,Name,拆解：凜月影束Ⅰ,拆解：凜月冪巾Ⅰ
EXCHANGE.INI,changed,3303,貫索槍☆☆☆,Material1,28833,28827
EXCHANGE.INI,changed,3303,貫索槍☆☆☆,Name,侯欽錘☆☆☆,貫索槍☆☆☆
EXCHANGE.INI,changed,3303,貫索槍☆☆☆,Reward1,28834,28828
EXCHANGE.INI,changed,3063,星兇鎧★★★,Material1,28539,28533
EXCHANGE.INI,changed,3063,星兇鎧★★★,Name,星兇靴★★★,星兇鎧★★★
EXCHANGE.INI,changed,3063,星兇鎧★★★,Reward1,28540,28534
EXCHANGE.INI,changed,2723,北饕萬餮硯,Name,西狩仙麟角,北饕萬餮硯
EXCHANGE.INI,changed,2723,北饕萬餮硯,Reward1,31857,31855
EXCHANGE.INI,changed,2842,秘笈：大梵聖掌,Material1,29642,29640
EXCHANGE.INI,changed,2842,秘笈：大梵聖掌,Name,秘笈：笑盡英雄,秘笈：大梵聖掌
EXCHANGE.INI,changed,2612,秘笈：玄玄如意指,Name,秘笈：烈火禪,秘笈：玄玄如意指
EXCHANGE.INI,changed,2612,秘笈：玄玄如意指,Reward1,31822,31820
EXCHANGE.INI,changed,1812,宿星銀兜Ⅲ,Material1,30422,30412
EXCHANGE.INI,changed,1812,宿星銀兜Ⅲ,Name,宿星爍臂Ⅲ,宿星銀兜Ⅲ
EXCHANGE.INI,changed,1812,宿星銀兜Ⅲ,Reward1,30423,30413
EXCHANGE.INI,changed,1601,拆解：宇鋒颯衣Ⅳ,Material1,31189,31179
EXCHANGE.INI,changed,1601,拆解：宇鋒颯衣Ⅳ,Name,拆解：光術旋披Ⅳ,拆解：宇鋒颯衣Ⅳ
EXCHANGE.INI,changed,1898,拆解：狂陽赤手Ⅲ,Material1,30393,30383
EXCHANGE.INI,changed,1898,拆解：狂陽赤手Ⅲ,Name,拆解：靜月幕巾Ⅲ,拆解：狂陽赤手Ⅲ
EXCHANGE.INI,changed,2092,拆解：御天杖★,Material1,29380,29368
EXCHANGE.INI,changed,2092,拆解：御天杖★,Name,拆解：傾城棍★,拆解：御天杖★
EXCHANGE.INI,changed,2063,劍帝握★☆,Material1,29476,29464
EXCHANGE.INI,changed,2063,劍帝握★☆,Name,幻帝手★☆,劍帝握★☆
EXCHANGE.INI,changed,2063,劍帝握★☆,Reward1,29477,29465
EXCHANGE.INI,changed,2571,秘笈：雪山心法,Name,秘笈：蒼龍吟,秘笈：雪山心法
EXCHANGE.INI,changed,2571,秘笈：雪山心法,Reward1,31825,31823
EXCHANGE.INI,changed,2693,極．玄宙勇裝錦囊,Name,極．玄宙道裝錦囊,極．玄宙勇裝錦囊
EXCHANGE.INI,changed,2693,極．玄宙勇裝錦囊,Reward1,31369,31367
EXCHANGE.INI,changed,1173,真．玄宙道裝錦囊,Material1Count,500,600
EXCHANGE.INI,changed,1173,真．玄宙道裝錦囊,Name,虛空秘境仙器錦囊,真．玄宙道裝錦囊
EXCHANGE.INI,changed,1173,真．玄宙道裝錦囊,Reward1,30712,31347
EXCHANGE.INI,changed,2296,拆解：道帝行★★,Material1,29526,29514
EXCHANGE.INI,changed,2296,拆解：道帝行★★,Name,拆解：宇帝珮★★,拆解：道帝行★★
EXCHANGE.INI,changed,2597,皇龍星銀,Group,161,160
EXCHANGE.INI,changed,2597,皇龍星銀,Material1,29776,29274
EXCHANGE.INI,changed,2597,皇龍星銀,Material1Count,200,5
EXCHANGE.INI,changed,2597,皇龍星銀,Name,唐布衣封魂晶,皇龍星銀
EXCHANGE.INI,changed,2597,皇龍星銀,Reward1,31812,29273
EXCHANGE.INI,changed,1635,拆解：塹淵幽柄Ⅴ,Material1,31130,31120
EXCHANGE.INI,changed,1635,拆解：塹淵幽柄Ⅴ,Name,拆解：羅將烈槍Ⅴ,拆解：塹淵幽柄Ⅴ
EXCHANGE.INI,changed,743,解封紀元裂片,Group,36,35
EXCHANGE.INI,changed,743,解封紀元裂片,Material1,30971,31611
EXCHANGE.INI,changed,743,解封紀元裂片,Material2,,28502
EXCHANGE.INI,changed,743,解封紀元裂片,Material2Count,,8
EXCHANGE.INI,changed,743,解封紀元裂片,Name,拆解：守一仙領域,解封紀元裂片
EXCHANGE.INI,changed,743,解封紀元裂片,Reward1,29274,27189
EXCHANGE.INI,changed,743,解封紀元裂片,Reward1Count,25,1
EXCHANGE.INI,changed,771,拆解：溯時仙沙漏,Material1,29726,23069
EXCHANGE.INI,changed,771,拆解：溯時仙沙漏,Name,拆解：離虛仙渦石,拆解：溯時仙沙漏
EXCHANGE.INI,changed,771,拆解：溯時仙沙漏,Reward1Count,2,5
EXCHANGE.INI,changed,1426,拆解：寂禪若持Ⅱ,Material1,31232,31222
EXCHANGE.INI,changed,1426,拆解：寂禪若持Ⅱ,Name,拆解：天衛宙脛Ⅱ,拆解：寂禪若持Ⅱ
EXCHANGE.INI,changed,1283,寂禪鎏裟Ⅱ,Material1,31206,31196
EXCHANGE.INI,changed,1283,寂禪鎏裟Ⅱ,Name,天守宙臂Ⅱ,寂禪鎏裟Ⅱ
EXCHANGE.INI,changed,1283,寂禪鎏裟Ⅱ,Reward1,31207,31197
EXCHANGE.INI,changed,1294,諾亞航令Ⅱ,Material1,31261,31251
EXCHANGE.INI,changed,1294,諾亞航令Ⅱ,Name,獨眼慧珠Ⅱ,諾亞航令Ⅱ
EXCHANGE.INI,changed,1294,諾亞航令Ⅱ,Reward1,31262,31252
EXCHANGE.INI,changed,1669,拆解：騰陽巍立Ⅴ,Material1,31300,31290
EXCHANGE.INI,changed,1669,拆解：騰陽巍立Ⅴ,Name,拆解：凜月霜襟Ⅴ,拆解：騰陽巍立Ⅴ
EXCHANGE.INI,changed,3032,瀚辰杖★★★,Material1,28368,28362
EXCHANGE.INI,changed,3032,瀚辰杖★★★,Name,太微棍★★★,瀚辰杖★★★
EXCHANGE.INI,changed,3032,瀚辰杖★★★,Reward1,28369,28363
EXCHANGE.INI,changed,890,中郎將印信換錦囊,Material1,21406,21408
EXCHANGE.INI,changed,890,中郎將印信換錦囊,Name,校尉印信換錦囊,中郎將印信換錦囊
EXCHANGE.INI,changed,890,中郎將印信換錦囊,Reward1,21448,21450
EXCHANGE.INI,changed,1687,鋼鵬衛盾Ⅱ,Group,95,94
EXCHANGE.INI,changed,1687,鋼鵬衛盾Ⅱ,Material1,30256,30246
EXCHANGE.INI,changed,1687,鋼鵬衛盾Ⅱ,Material2Count,10,35
EXCHANGE.INI,changed,1687,鋼鵬衛盾Ⅱ,Name,勇將旭盔Ⅱ,鋼鵬衛盾Ⅱ
EXCHANGE.INI,changed,1687,鋼鵬衛盾Ⅱ,Reward1,30257,30247
EXCHANGE.INI,changed,926,至槍‧岡古尼，消光,Material1,28496,28494
EXCHANGE.INI,changed,926,至槍‧岡古尼，消光,Name,神槌‧妙尼爾，消光,至槍‧岡古尼，消光
EXCHANGE.INI,changed,926,至槍‧岡古尼，消光,Reward1,28783,28781
EXCHANGE.INI,changed,1792,術凌旭指Ⅲ,Material1,30322,30312
EXCHANGE.INI,changed,1792,術凌旭指Ⅲ,Name,禪臺旭執Ⅲ,術凌旭指Ⅲ
EXCHANGE.INI,changed,1792,術凌旭指Ⅲ,Reward1,30323,30313
EXCHANGE.INI,changed,995,夏禹九鼎杖，開光,Material1,29670,29668
EXCHANGE.INI,changed,995,夏禹九鼎杖，開光,Name,泰始宇弘棍，開光,夏禹九鼎杖，開光
EXCHANGE.INI,changed,995,夏禹九鼎杖，開光,Reward1,29660,29658
EXCHANGE.INI,changed,1498,拆解：渡鴉瞳杖Ⅲ,Material1,31133,31123
EXCHANGE.INI,changed,1498,拆解：渡鴉瞳杖Ⅲ,Name,拆解：血腥屠夫Ⅲ,拆解：渡鴉瞳杖Ⅲ
EXCHANGE.INI,changed,1786,勇將旭甲Ⅲ,Material1,30292,30282
EXCHANGE.INI,changed,1786,勇將旭甲Ⅲ,Name,道清旭袍Ⅲ,勇將旭甲Ⅲ
EXCHANGE.INI,changed,1786,勇將旭甲Ⅲ,Reward1,30293,30283
EXCHANGE.INI,changed,1021,歿劍迪‧亞特，消光,Material1,29003,29001
EXCHANGE.INI,changed,1021,歿劍迪‧亞特，消光,Name,戰鋒柏‧賽特，消光,歿劍迪‧亞特，消光
EXCHANGE.INI,changed,1021,歿劍迪‧亞特，消光,Reward1,29016,29014
EXCHANGE.INI,changed,1217,無．天神符咒,Name,無．天師符咒,無．天神符咒
EXCHANGE.INI,changed,1217,無．天神符咒,Reward1,29033,29031
EXCHANGE.INI,changed,775,拆解：兌虛仙渦石,Material1,29730,29728
EXCHANGE.INI,changed,775,拆解：兌虛仙渦石,Name,拆解：震虛仙渦石,拆解：兌虛仙渦石
EXCHANGE.INI,changed,1422,拆解：宇鋒飄腕Ⅱ,Material1,31212,31202
EXCHANGE.INI,changed,1422,拆解：宇鋒飄腕Ⅱ,Name,拆解：光術快手Ⅱ,拆解：宇鋒飄腕Ⅱ
EXCHANGE.INI,changed,3003,拆解：星鋒腕★,Material1,28415,28409
EXCHANGE.INI,changed,3003,拆解：星鋒腕★,Name,拆解：遊星掌★,拆解：星鋒腕★
EXCHANGE.INI,changed,3274,拆解：戰煌臂☆,Material1,28880,28874
EXCHANGE.INI,changed,3274,拆解：戰煌臂☆,Name,拆解：道煌擎☆,拆解：戰煌臂☆
EXCHANGE.INI,changed,3060,星鳳徽★★★,Group,184,183
EXCHANGE.INI,changed,3060,星鳳徽★★★,Material1,28530,28446
EXCHANGE.INI,changed,3060,星鳳徽★★★,Material2Count,18,2
EXCHANGE.INI,changed,3060,星鳳徽★★★,Name,星兇冠★★★,星鳳徽★★★
EXCHANGE.INI,changed,3060,星鳳徽★★★,Reward1,28531,28447
EXCHANGE.INI,changed,1056,武魂：浪巫謠,Material1Count,300,200
EXCHANGE.INI,changed,1056,武魂：浪巫謠,Name,武魂：禍世螟蝗,武魂：浪巫謠
EXCHANGE.INI,changed,1056,武魂：浪巫謠,Reward1,30829,30827
EXCHANGE.INI,changed,1536,拆解：舞星釩兜Ⅲ,Material1,31323,31313
EXCHANGE.INI,changed,1536,拆解：舞星釩兜Ⅲ,Name,拆解：舞星鎢掌Ⅲ,拆解：舞星釩兜Ⅲ
EXCHANGE.INI,changed,2582,蚩吻封心梭,Name,鐘吼蹬天杖,蚩吻封心梭
EXCHANGE.INI,changed,2582,蚩吻封心梭,Reward1,31839,31837
EXCHANGE.INI,changed,1006,天汗蒼狼槍，消光,Material1,29661,29659
EXCHANGE.INI,changed,1006,天汗蒼狼槍，消光,Name,莽王新朝錘，消光,天汗蒼狼槍，消光
EXCHANGE.INI,changed,1006,天汗蒼狼槍，消光,Reward1,29671,29669
EXCHANGE.INI,changed,928,神槌‧妙尼爾，消光,Material1,28498,28496
EXCHANGE.INI,changed,928,神槌‧妙尼爾，消光,Name,恆盾‧梅吉奧，消光,神槌‧妙尼爾，消光
EXCHANGE.INI,changed,928,神槌‧妙尼爾，消光,Reward1,28785,28783
EXCHANGE.INI,changed,2261,黃月巾★★☆,Material1,29586,29574
EXCHANGE.INI,changed,2261,黃月巾★★☆,Name,黃鳴腕★★☆,黃月巾★★☆
EXCHANGE.INI,changed,2261,黃月巾★★☆,Reward1,29587,29575
EXCHANGE.INI,changed,923,狼鎖‧格雷普，消光,Material1,28493,28491
EXCHANGE.INI,changed,923,狼鎖‧格雷普，消光,Name,銀杖‧米斯汀，消光,狼鎖‧格雷普，消光
EXCHANGE.INI,changed,923,狼鎖‧格雷普，消光,Reward1,28780,28778
EXCHANGE.INI,changed,1999,拆解：君諭刀☆,Material1,29361,29349
EXCHANGE.INI,changed,1999,拆解：君諭刀☆,Name,拆解：皇麟扇☆,拆解：君諭刀☆
EXCHANGE.INI,changed,3391,拆解：七公扇☆☆☆,Material1,28828,28822
EXCHANGE.INI,changed,3391,拆解：七公扇☆☆☆,Name,拆解：貫索槍☆☆☆,拆解：七公扇☆☆☆
EXCHANGE.INI,changed,1947,進化→黃天衣☆,Material1,28974,28968
EXCHANGE.INI,changed,1947,進化→黃天衣☆,Name,進化→黃韋足☆,進化→黃天衣☆
EXCHANGE.INI,changed,1947,進化→黃天衣☆,Reward1,29589,29577
EXCHANGE.INI,changed,3005,拆解：遊星掌★,Material1,28421,28415
EXCHANGE.INI,changed,3005,拆解：遊星掌★,Name,拆解：釋星拱★,拆解：遊星掌★
EXCHANGE.INI,changed,870,聆牙，開光,Material1,31526,31524
EXCHANGE.INI,changed,870,聆牙，開光,Name,虎嘯山河，開光,聆牙，開光
EXCHANGE.INI,changed,870,聆牙，開光,Reward1,31516,31514
EXCHANGE.INI,changed,2127,拆解：黃天衣★,Material1,29590,29578
EXCHANGE.INI,changed,2127,拆解：黃天衣★,Name,拆解：黃韋足★,拆解：黃天衣★
EXCHANGE.INI,changed,1016,泣槍奈‧芙蒂，開光,Material1,29021,29019
EXCHANGE.INI,changed,1016,泣槍奈‧芙蒂，開光,Name,甦錘納‧努特，開光,泣槍奈‧芙蒂，開光
EXCHANGE.INI,changed,1016,泣槍奈‧芙蒂，開光,Reward1,29008,29006
EXCHANGE.INI,changed,3029,流螢斬★★★,Material1,28359,28353
EXCHANGE.INI,changed,3029,流螢斬★★★,Name,衡星斗★★★,流螢斬★★★
EXCHANGE.INI,changed,3029,流螢斬★★★,Reward1,28360,28354
EXCHANGE.INI,changed,2417,拆解：禪帝頂★★★,Material1,29444,29432
EXCHANGE.INI,changed,2417,拆解：禪帝頂★★★,Name,拆解：武帝胄★★★,拆解：禪帝頂★★★
EXCHANGE.INI,changed,934,太上天尊蘆，開光,Material1,26963,26961
EXCHANGE.INI,changed,934,太上天尊蘆，開光,Name,荒神蚩尤槍，開光,太上天尊蘆，開光
EXCHANGE.INI,changed,934,太上天尊蘆，開光,Reward1,26789,26787
EXCHANGE.INI,changed,2722,悟心降魂玉,Group,167,166
EXCHANGE.INI,changed,2722,悟心降魂玉,Material1Count,4500,1
EXCHANGE.INI,changed,2722,悟心降魂玉,Name,天祿銜瑞綴,悟心降魂玉
EXCHANGE.INI,changed,2722,悟心降魂玉,Reward1,31856,28179
EXCHANGE.INI,changed,2145,幻帝面★★,Material1,29429,29417
EXCHANGE.INI,changed,2145,幻帝面★★,Name,禪帝頂★★,幻帝面★★
EXCHANGE.INI,changed,2145,幻帝面★★,Reward1,29430,29418
EXCHANGE.INI,changed,3350,拆解：侯欽錘☆☆,Material1,28839,28833
EXCHANGE.INI,changed,3350,拆解：侯欽錘☆☆,Name,拆解：天紀盾☆☆,拆解：侯欽錘☆☆
EXCHANGE.INI,changed,2715,白虎宮嘯塵玉,Material1Count,200,300
EXCHANGE.INI,changed,2715,白虎宮嘯塵玉,Name,虛空秘境仙器錦囊,白虎宮嘯塵玉
EXCHANGE.INI,changed,2715,白虎宮嘯塵玉,Reward1,30712,27577
EXCHANGE.INI,changed,1514,拆解：宇鋒飄腕Ⅲ,Material1,31213,31203
EXCHANGE.INI,changed,1514,拆解：宇鋒飄腕Ⅲ,Name,拆解：光術快手Ⅲ,拆解：宇鋒飄腕Ⅲ
EXCHANGE.INI,changed,1997,君星靴★,Group,115,114
EXCHANGE.INI,changed,1997,君星靴★,Material1,29349,29607
EXCHANGE.INI,changed,1997,君星靴★,Material1Count,1,3
EXCHANGE.INI,changed,1997,君星靴★,Material2,,29272
EXCHANGE.INI,changed,1997,君星靴★,Material2Count,,10
EXCHANGE.INI,changed,1997,君星靴★,Name,拆解：君諭刀☆,君星靴★
EXCHANGE.INI,changed,1997,君星靴★,Reward1,29273,29608
EXCHANGE.INI,changed,1997,君星靴★,Reward1Count,3,1
EXCHANGE.INI,changed,2262,黃天衣★★☆,Material1,29592,29580
EXCHANGE.INI,changed,2262,黃天衣★★☆,Name,黃韋足★★☆,黃天衣★★☆
EXCHANGE.INI,changed,2262,黃天衣★★☆,Reward1,29593,29581
EXCHANGE.INI,changed,1887,拆解：劍豪旭靴Ⅲ,Material1,30338,30328
EXCHANGE.INI,changed,1887,拆解：劍豪旭靴Ⅲ,Name,拆解：術凌旭步Ⅲ,拆解：劍豪旭靴Ⅲ
EXCHANGE.INI,changed,2946,瑤月斧★★,Group,177,176
EXCHANGE.INI,changed,2946,瑤月斧★★,Material1,28379,28373
EXCHANGE.INI,changed,2946,瑤月斧★★,Material2Count,1,3
EXCHANGE.INI,changed,2946,瑤月斧★★,Name,星鋒冠★★,瑤月斧★★
EXCHANGE.INI,changed,2946,瑤月斧★★,Reward1,28380,28374
EXCHANGE.INI,changed,2516,泰原仙器錦囊,EndTime,2025-10-02 11:00,
EXCHANGE.INI,changed,2516,泰原仙器錦囊,Group,152,151
EXCHANGE.INI,changed,2516,泰原仙器錦囊,Limit,2,
EXCHANGE.INI,changed,2516,泰原仙器錦囊,LimitVer,5,
EXCHANGE.INI,changed,2516,泰原仙器錦囊,Material1,30673,30872
EXCHANGE.INI,changed,2516,泰原仙器錦囊,Material1Count,315,300
EXCHANGE.INI,changed,2516,泰原仙器錦囊,Material2,29272,
EXCHANGE.INI,changed,2516,泰原仙器錦囊,Material2Count,1750,
EXCHANGE.INI,changed,2516,泰原仙器錦囊,Material3,29273,
EXCHANGE.INI,changed,2516,泰原仙器錦囊,Material3Count,3000,
EXCHANGE.INI,changed,2516,泰原仙器錦囊,Material4,29271,
EXCHANGE.INI,changed,2516,泰原仙器錦囊,Material4Count,185,
EXCHANGE.INI,changed,2516,泰原仙器錦囊,Material5,29052,
EXCHANGE.INI,changed,2516,泰原仙器錦囊,Material5Count,625,
EXCHANGE.INI,changed,2516,泰原仙器錦囊,Name,恆山仙重鎮,泰原仙器錦囊
EXCHANGE.INI,changed,2516,泰原仙器錦囊,Reward1,31617,30930
EXCHANGE.INI,changed,3215,侯欽錘☆☆,Material1,28838,28832
EXCHANGE.INI,changed,3215,侯欽錘☆☆,Name,天紀盾☆☆,侯欽錘☆☆
EXCHANGE.INI,changed,3215,侯欽錘☆☆,Reward1,28839,28833
EXCHANGE.INI,changed,3147,拆解：釋星行★★★,Material1,28444,28438
EXCHANGE.INI,changed,3147,拆解：釋星行★★★,Name,拆解：星虎披★★★,拆解：釋星行★★★
EXCHANGE.INI,changed,2900,進化→九河錘★,Material1,27639,27635
EXCHANGE.INI,changed,2900,進化→九河錘★,Name,進化→傾天盾★,進化→九河錘★
EXCHANGE.INI,changed,2900,進化→九河錘★,Reward1,28376,28370
EXCHANGE.INI,changed,1231,超天師符咒,Material1,27388,27893
EXCHANGE.INI,changed,1231,超天師符咒,Name,真天神符咒,超天師符咒
EXCHANGE.INI,changed,1231,超天師符咒,Reward1,26921,27890
EXCHANGE.INI,changed,2915,進化→遊星掌★,Material1,27699,27697
EXCHANGE.INI,changed,2915,進化→遊星掌★,Name,進化→釋星拱★,進化→遊星掌★
EXCHANGE.INI,changed,2915,進化→遊星掌★,Reward1,28421,28415
EXCHANGE.INI,changed,1906,拆解：宿星爍臂Ⅲ,Group,109,108
EXCHANGE.INI,changed,1906,拆解：宿星爍臂Ⅲ,Material1,28813,30423
EXCHANGE.INI,changed,1906,拆解：宿星爍臂Ⅲ,Material1Count,3,1
EXCHANGE.INI,changed,1906,拆解：宿星爍臂Ⅲ,Material2,29272,
EXCHANGE.INI,changed,1906,拆解：宿星爍臂Ⅲ,Material2Count,3,
EXCHANGE.INI,changed,1906,拆解：宿星爍臂Ⅲ,Name,進化→帝詔劍☆,拆解：宿星爍臂Ⅲ
EXCHANGE.INI,changed,1906,拆解：宿星爍臂Ⅲ,Reward1,29343,30673
EXCHANGE.INI,changed,1906,拆解：宿星爍臂Ⅲ,Reward1Count,1,3
EXCHANGE.INI,changed,2271,拆解：皇麟扇★★,Material1,29376,29364
EXCHANGE.INI,changed,2271,拆解：皇麟扇★★,Name,拆解：權霸槍★★,拆解：皇麟扇★★
EXCHANGE.INI,changed,2151,道帝袍★★,Material1,29465,29453
EXCHANGE.INI,changed,2151,道帝袍★★,Name,劍帝握★★,道帝袍★★
EXCHANGE.INI,changed,2151,道帝袍★★,Reward1,29466,29454
EXCHANGE.INI,changed,1705,術凌旭步Ⅱ,Material1,30346,30336
EXCHANGE.INI,changed,1705,術凌旭步Ⅱ,Name,禪臺旭足Ⅱ,術凌旭步Ⅱ
EXCHANGE.INI,changed,1705,術凌旭步Ⅱ,Reward1,30347,30337
EXCHANGE.INI,changed,2337,禪帝捻★★★,Material1,29503,29491
EXCHANGE.INI,changed,2337,禪帝捻★★★,Name,武帝踏★★★,禪帝捻★★★
EXCHANGE.INI,changed,2337,禪帝捻★★★,Reward1,29504,29492
EXCHANGE.INI,changed,1865,拆解：絃霧靈拂Ⅲ,Material1,30228,30218
EXCHANGE.INI,changed,1865,拆解：絃霧靈拂Ⅲ,Name,拆解：赤鴉裂槍Ⅲ,拆解：絃霧靈拂Ⅲ
EXCHANGE.INI,changed,2155,幻帝手★★,Material1,29489,29477
EXCHANGE.INI,changed,2155,幻帝手★★,Name,禪帝捻★★,幻帝手★★
EXCHANGE.INI,changed,2155,幻帝手★★,Reward1,29490,29478
EXCHANGE.INI,changed,3120,拆解：瞬光劃★★★,Material1,28363,28357
EXCHANGE.INI,changed,3120,拆解：瞬光劃★★★,Name,拆解：瀚辰杖★★★,拆解：瞬光劃★★★
EXCHANGE.INI,changed,801,拆解：鐵力仙狼牙,Material1,29261,29259
EXCHANGE.INI,changed,801,拆解：鐵力仙狼牙,Name,拆解：銀靈仙狼牙,拆解：鐵力仙狼牙
EXCHANGE.INI,changed,1203,降神：紅夜之魂,Group,64,63
EXCHANGE.INI,changed,1203,降神：紅夜之魂,Material1,30673,29776
EXCHANGE.INI,changed,1203,降神：紅夜之魂,Material1Count,20,1
EXCHANGE.INI,changed,1203,降神：紅夜之魂,Material2,29271,
EXCHANGE.INI,changed,1203,降神：紅夜之魂,Material2Count,20,
EXCHANGE.INI,changed,1203,降神：紅夜之魂,Material3,29052,
EXCHANGE.INI,changed,1203,降神：紅夜之魂,Material3Count,150,
EXCHANGE.INI,changed,1203,降神：紅夜之魂,Name,神．旭品特仕裝箱,降神：紅夜之魂
EXCHANGE.INI,changed,1203,降神：紅夜之魂,Reward1,30477,31670
EXCHANGE.INI,changed,1203,降神：紅夜之魂,Reward1Count,1,35
EXCHANGE.INI,changed,1846,拆解：龍韜簾綴Ⅱ,Material1,30362,30352
EXCHANGE.INI,changed,1846,拆解：龍韜簾綴Ⅱ,Name,拆解：七色蓮寶Ⅱ,拆解：龍韜簾綴Ⅱ
EXCHANGE.INI,changed,1801,紫雨璃戒Ⅲ,Material1,30367,30357
EXCHANGE.INI,changed,1801,紫雨璃戒Ⅲ,Name,億載機軸Ⅲ,紫雨璃戒Ⅲ
EXCHANGE.INI,changed,1801,紫雨璃戒Ⅲ,Reward1,30368,30358
EXCHANGE.INI,changed,2543,關羽封魂晶,Name,武魂：禍世螟蝗,關羽封魂晶
EXCHANGE.INI,changed,2543,關羽封魂晶,Reward1,30829,31658
EXCHANGE.INI,changed,1607,拆解：天守宙臂Ⅳ,Material1,31219,31209
EXCHANGE.INI,changed,1607,拆解：天守宙臂Ⅳ,Name,拆解：辰道玄袖Ⅳ,拆解：天守宙臂Ⅳ
EXCHANGE.INI,changed,2414,拆解：武帝盔★★★,Material1,29426,29414
EXCHANGE.INI,changed,2414,拆解：武帝盔★★★,Name,拆解：道帝簪★★★,拆解：武帝盔★★★
EXCHANGE.INI,changed,2908,進化→星鋒冑★,Material1,27677,27675
EXCHANGE.INI,changed,2908,進化→星鋒冑★,Name,進化→遊星衣★,進化→星鋒冑★
EXCHANGE.INI,changed,2908,進化→星鋒冑★,Reward1,28400,28394
EXCHANGE.INI,changed,2026,拆解：道帝行☆,Material1,29523,29511
EXCHANGE.INI,changed,2026,拆解：道帝行☆,Name,拆解：宇帝珮☆,拆解：道帝行☆
EXCHANGE.INI,changed,3327,佛煌行☆☆☆,Material1,28905,28899
EXCHANGE.INI,changed,3327,佛煌行☆☆☆,Name,水煌珠☆☆☆,佛煌行☆☆☆
EXCHANGE.INI,changed,3327,佛煌行☆☆☆,Reward1,28906,28900
EXCHANGE.INI,changed,1142,超．玄宙劍裝錦囊,Name,超．玄宙術裝錦囊,超．玄宙劍裝錦囊
EXCHANGE.INI,changed,1142,超．玄宙劍裝錦囊,Reward1,31357,31355
EXCHANGE.INI,changed,740,玉旭武魂碎片禮券,Group,35,34
EXCHANGE.INI,changed,740,玉旭武魂碎片禮券,Material1,27189,30994
EXCHANGE.INI,changed,740,玉旭武魂碎片禮券,Material2,31588,
EXCHANGE.INI,changed,740,玉旭武魂碎片禮券,Material2Count,1,
EXCHANGE.INI,changed,740,玉旭武魂碎片禮券,Name,晶封紀元裂片,玉旭武魂碎片禮券
EXCHANGE.INI,changed,740,玉旭武魂碎片禮券,Reward1,31611,30873
EXCHANGE.INI,changed,1365,古主臨盾Ⅲ,Group,74,73
EXCHANGE.INI,changed,1365,古主臨盾Ⅲ,Material1,31157,31147
EXCHANGE.INI,changed,1365,古主臨盾Ⅲ,Material2Count,60,175
EXCHANGE.INI,changed,1365,古主臨盾Ⅲ,Name,天衛宙盔Ⅲ,古主臨盾Ⅲ
EXCHANGE.INI,changed,1365,古主臨盾Ⅲ,Reward1,31158,31148
EXCHANGE.INI,changed,1436,拆解：騰陽威冕Ⅱ,Material1,31282,31272
EXCHANGE.INI,changed,1436,拆解：騰陽威冕Ⅱ,Name,拆解：騰陽烈釬Ⅱ,拆解：騰陽威冕Ⅱ
EXCHANGE.INI,changed,2065,幻帝手★☆,Material1,29488,29476
EXCHANGE.INI,changed,2065,幻帝手★☆,Name,禪帝捻★☆,幻帝手★☆
EXCHANGE.INI,changed,2065,幻帝手★☆,Reward1,29489,29477
EXCHANGE.INI,changed,1184,ID卡,Group,61,60
EXCHANGE.INI,changed,1184,ID卡,Material1,31482,31424
EXCHANGE.INI,changed,1184,ID卡,Material1Count,500,2000
EXCHANGE.INI,changed,1184,ID卡,Name,玄宙特仕裝箱,ID卡
EXCHANGE.INI,changed,1184,ID卡,Reward1,31338,31481
EXCHANGE.INI,changed,1756,拆解：七色蓮寶Ⅰ,Group,99,98
EXCHANGE.INI,changed,1756,拆解：七色蓮寶Ⅰ,Material1,30371,30361
EXCHANGE.INI,changed,1756,拆解：七色蓮寶Ⅰ,Name,拆解：狂陽輝冕Ⅰ,拆解：七色蓮寶Ⅰ
EXCHANGE.INI,changed,1756,拆解：七色蓮寶Ⅰ,Reward1,30673,29273
EXCHANGE.INI,changed,1756,拆解：七色蓮寶Ⅰ,Reward1Count,1,9
EXCHANGE.INI,changed,2407,拆解：御天杖★★★,Material1,29384,29372
EXCHANGE.INI,changed,2407,拆解：御天杖★★★,Name,拆解：傾城棍★★★,拆解：御天杖★★★
EXCHANGE.INI,changed,2673,奇異霸龍禮券,Material1Count,150,2000
EXCHANGE.INI,changed,2673,奇異霸龍禮券,Name,六宇仙器配方錦囊,奇異霸龍禮券
EXCHANGE.INI,changed,2673,奇異霸龍禮券,Reward1,31444,31868
EXCHANGE.INI,changed,2276,拆解：河山斧★★,Group,134,133
EXCHANGE.INI,changed,2276,拆解：河山斧★★,Material1,29406,29394
EXCHANGE.INI,changed,2276,拆解：河山斧★★,Name,拆解：劍帝冕★★,拆解：河山斧★★
EXCHANGE.INI,changed,2276,拆解：河山斧★★,Reward1Count,4,10
EXCHANGE.INI,changed,1316,拆解：血腥屠夫Ⅰ,Material1,31141,31131
EXCHANGE.INI,changed,1316,拆解：血腥屠夫Ⅰ,Name,拆解：方舟舵斧Ⅰ,拆解：血腥屠夫Ⅰ
EXCHANGE.INI,changed,3047,釋星袈★★★,Material1,28413,28407
EXCHANGE.INI,changed,3047,釋星袈★★★,Name,鬥星臂★★★,釋星袈★★★
EXCHANGE.INI,changed,3047,釋星袈★★★,Reward1,28414,28408
EXCHANGE.INI,changed,1555,宇鋒颯衣Ⅴ,Material1,31189,31179
EXCHANGE.INI,changed,1555,宇鋒颯衣Ⅴ,Name,光術旋披Ⅴ,宇鋒颯衣Ⅴ
EXCHANGE.INI,changed,1555,宇鋒颯衣Ⅴ,Reward1,31190,31180
EXCHANGE.INI,changed,1733,拆解：鋼鵬衛盾Ⅰ,Group,98,97
EXCHANGE.INI,changed,1733,拆解：鋼鵬衛盾Ⅰ,Material1,30256,30246
EXCHANGE.INI,changed,1733,拆解：鋼鵬衛盾Ⅰ,Name,拆解：勇將旭盔Ⅰ,拆解：鋼鵬衛盾Ⅰ
EXCHANGE.INI,changed,1733,拆解：鋼鵬衛盾Ⅰ,Reward1,29273,29272
EXCHANGE.INI,changed,2988,拆解：商宿槍★,Material1,28370,28364
EXCHANGE.INI,changed,2988,拆解：商宿槍★,Name,拆解：九河錘★,拆解：商宿槍★
EXCHANGE.INI,changed,3080,拆解：九河錘★★,Material1,28377,28371
EXCHANGE.INI,changed,3080,拆解：九河錘★★,Name,拆解：傾天盾★★,拆解：九河錘★★
EXCHANGE.INI,changed,1079,秘笈：幽螟天禍襲,Material1Count,1,50
EXCHANGE.INI,changed,1079,秘笈：幽螟天禍襲,Name,降神：殤不患之魂,秘笈：幽螟天禍襲
EXCHANGE.INI,changed,1079,秘笈：幽螟天禍襲,Reward1,31502,31541
EXCHANGE.INI,changed,1079,秘笈：幽螟天禍襲,Reward1Count,30,1
EXCHANGE.INI,changed,2365,拆解：界王錘★★☆,Material1,29401,29389
EXCHANGE.INI,changed,2365,拆解：界王錘★★☆,Name,拆解：疆嶽盾★★☆,拆解：界王錘★★☆
EXCHANGE.INI,changed,822,沉思之杖,Name,觀音杵,沉思之杖
EXCHANGE.INI,changed,822,沉思之杖,Reward1,31558,31556
EXCHANGE.INI,changed,2000,拆解：龍掣爪☆,Material1,29367,29355
EXCHANGE.INI,changed,2000,拆解：龍掣爪☆,Name,拆解：御天杖☆,拆解：龍掣爪☆
EXCHANGE.INI,changed,731,旭品武防綢袋禮券,Material1,30988,30661
EXCHANGE.INI,changed,731,旭品武防綢袋禮券,Name,帝星承先裝箱禮券,旭品武防綢袋禮券
EXCHANGE.INI,changed,731,旭品武防綢袋禮券,Reward1,29962,30426
EXCHANGE.INI,changed,3033,商宿槍★★★,Material1,28371,28365
EXCHANGE.INI,changed,3033,商宿槍★★★,Name,九河錘★★★,商宿槍★★★
EXCHANGE.INI,changed,3033,商宿槍★★★,Reward1,28372,28366
EXCHANGE.INI,changed,1613,拆解：光術疾履Ⅳ,Material1,31249,31239
EXCHANGE.INI,changed,1613,拆解：光術疾履Ⅳ,Name,拆解：寂禪矜足Ⅳ,拆解：光術疾履Ⅳ
EXCHANGE.INI,changed,1077,秘笈：九鳳蒼穹,Name,秘笈：幽螟天禍襲,秘笈：九鳳蒼穹
EXCHANGE.INI,changed,1077,秘笈：九鳳蒼穹,Reward1,31541,31540
EXCHANGE.INI,changed,1141,超．玄宙神兵寶箱,Material1Count,600,750
EXCHANGE.INI,changed,1141,超．玄宙神兵寶箱,Name,超．玄宙勇裝錦囊,超．玄宙神兵寶箱
EXCHANGE.INI,changed,1141,超．玄宙神兵寶箱,Reward1,31356,31354
EXCHANGE.INI,changed,2483,2025武魂禮券,Material1Count,1350,2000
EXCHANGE.INI,changed,2483,2025武魂禮券,Name,極．玄宙神兵寶箱,2025武魂禮券
EXCHANGE.INI,changed,2483,2025武魂禮券,Reward1,31365,31746
EXCHANGE.INI,changed,2991,拆解：瑤月斧★,Group,180,179
EXCHANGE.INI,changed,2991,拆解：瑤月斧★,Material1,28379,28373
EXCHANGE.INI,changed,2991,拆解：瑤月斧★,Name,拆解：星鋒冠★,拆解：瑤月斧★
EXCHANGE.INI,changed,2991,拆解：瑤月斧★,Reward1Count,1,3
EXCHANGE.INI,changed,2233,劍帝冕★★☆,Material1,29418,29406
EXCHANGE.INI,changed,2233,劍帝冕★★☆,Name,幻帝面★★☆,劍帝冕★★☆
EXCHANGE.INI,changed,2233,劍帝冕★★☆,Reward1,29419,29407
EXCHANGE.INI,changed,1100,拆解：新星之冰爵槍,Material1,27260,27252
EXCHANGE.INI,changed,1100,拆解：新星之冰爵槍,Name,拆解：新星之昇塵斧,拆解：新星之冰爵槍
EXCHANGE.INI,changed,2036,拆解：黃月巾☆,Material1,29583,29571
EXCHANGE.INI,changed,2036,拆解：黃月巾☆,Name,拆解：黃鳴腕☆,拆解：黃月巾☆
EXCHANGE.INI,changed,1228,極幻煞符咒,Material1,27893,28463
EXCHANGE.INI,changed,1228,極幻煞符咒,Name,超狂戰符咒,極幻煞符咒
EXCHANGE.INI,changed,1228,極幻煞符咒,Reward1,27889,28197
EXCHANGE.INI,changed,2264,黃韋足★★☆,Material1,29604,29592
EXCHANGE.INI,changed,2264,黃韋足★★☆,Name,神無袈★★☆,黃韋足★★☆
EXCHANGE.INI,changed,2264,黃韋足★★☆,Reward1,29605,29593
EXCHANGE.INI,changed,1123,拆解：新星之道明步,Material1,27344,27342
EXCHANGE.INI,changed,1123,拆解：新星之道明步,Name,拆解：新星之龍戒,拆解：新星之道明步
EXCHANGE.INI,changed,1372,天衛宙甲Ⅲ,Material1,31192,31182
EXCHANGE.INI,changed,1372,天衛宙甲Ⅲ,Name,辰道玄袍Ⅲ,天衛宙甲Ⅲ
EXCHANGE.INI,changed,1372,天衛宙甲Ⅲ,Reward1,31193,31183
EXCHANGE.INI,changed,2007,拆解：疆嶽盾☆,Group,116,115
EXCHANGE.INI,changed,2007,拆解：疆嶽盾☆,Material1,29409,29397
EXCHANGE.INI,changed,2007,拆解：疆嶽盾☆,Name,拆解：武帝盔☆,拆解：疆嶽盾☆
EXCHANGE.INI,changed,2007,拆解：疆嶽盾☆,Reward1Count,1,3
EXCHANGE.INI,changed,1177,創神聖鑽錦囊,Material1Count,2,10
EXCHANGE.INI,changed,1177,創神聖鑽錦囊,Name,武冠兵甲摸彩券,創神聖鑽錦囊
EXCHANGE.INI,changed,1177,創神聖鑽錦囊,Reward1,29971,29054
EXCHANGE.INI,changed,3232,佛煌纏☆☆,Material1,28889,28883
EXCHANGE.INI,changed,3232,佛煌纏☆☆,Name,戰煌脛☆☆,佛煌纏☆☆
EXCHANGE.INI,changed,3232,佛煌纏☆☆,Reward1,28890,28884
EXCHANGE.INI,changed,2040,拆解：皇影甲☆,Material1,29607,29595
EXCHANGE.INI,changed,2040,拆解：皇影甲☆,Name,拆解：君星靴☆,拆解：皇影甲☆
EXCHANGE.INI,changed,2871,千年一擊（消光）,Material1,29625,29623
EXCHANGE.INI,changed,2871,千年一擊（消光）,Name,無聲之狂（消光）,千年一擊（消光）
EXCHANGE.INI,changed,3262,拆解：天紀盾☆,Group,198,197
EXCHANGE.INI,changed,3262,拆解：天紀盾☆,Material1,28844,28838
EXCHANGE.INI,changed,3262,拆解：天紀盾☆,Name,拆解：戰煌盔☆,拆解：天紀盾☆
EXCHANGE.INI,changed,3262,拆解：天紀盾☆,Reward1Count,1,3
EXCHANGE.INI,changed,1431,拆解：寂禪矜足Ⅱ,Material1,31257,31247
EXCHANGE.INI,changed,1431,拆解：寂禪矜足Ⅱ,Name,拆解：誅仙御鐸Ⅱ,拆解：寂禪矜足Ⅱ
EXCHANGE.INI,changed,1511,拆解：光術旋披Ⅲ,Material1,31198,31188
EXCHANGE.INI,changed,1511,拆解：光術旋披Ⅲ,Name,拆解：寂禪鎏裟Ⅲ,拆解：光術旋披Ⅲ
EXCHANGE.INI,changed,3139,拆解：鬥星臂★★★,Material1,28420,28414
EXCHANGE.INI,changed,3139,拆解：鬥星臂★★★,Name,拆解：星蹤手★★★,拆解：鬥星臂★★★
EXCHANGE.INI,changed,3380,拆解：鬼兇靴☆☆,Material1,28967,28961
EXCHANGE.INI,changed,3380,拆解：鬼兇靴☆☆,Name,拆解：柳天衣☆☆,拆解：鬼兇靴☆☆
EXCHANGE.INI,changed,2600,武魂：唐默鈴,Name,武魂：虞小梅,武魂：唐默鈴
EXCHANGE.INI,changed,2600,武魂：唐默鈴,Reward1,30846,30843
EXCHANGE.INI,changed,1313,拆解：塹淵幽柄Ⅰ,Material1,31126,31116
EXCHANGE.INI,changed,1313,拆解：塹淵幽柄Ⅰ,Name,拆解：羅將烈槍Ⅰ,拆解：塹淵幽柄Ⅰ
EXCHANGE.INI,changed,2697,謙卑集,Name,九鼎太清經,謙卑集
EXCHANGE.INI,changed,2697,謙卑集,Reward1,30969,31572
EXCHANGE.INI,changed,1847,拆解：紫雨璃戒Ⅱ,Material1,30367,30357
EXCHANGE.INI,changed,1847,拆解：紫雨璃戒Ⅱ,Name,拆解：億載機軸Ⅱ,拆解：紫雨璃戒Ⅱ
EXCHANGE.INI,changed,3398,拆解：烈煌兜☆☆☆,Material1,28849,28843
EXCHANGE.INI,changed,3398,拆解：烈煌兜☆☆☆,Name,拆解：燦煌帽☆☆☆,拆解：烈煌兜☆☆☆
EXCHANGE.INI,changed,3131,拆解：星蹤綸★★★,Material1,28396,28390
EXCHANGE.INI,changed,3131,拆解：星蹤綸★★★,Name,拆解：星鋒冑★★★,拆解：星蹤綸★★★
EXCHANGE.INI,changed,2175,皇影甲★★,Material1,29609,29597
EXCHANGE.INI,changed,2175,皇影甲★★,Name,君星靴★★,皇影甲★★
EXCHANGE.INI,changed,2175,皇影甲★★,Reward1,29610,29598
EXCHANGE.INI,changed,2141,河山斧★★,Group,125,124
EXCHANGE.INI,changed,2141,河山斧★★,Material1,29405,29393
EXCHANGE.INI,changed,2141,河山斧★★,Material2Count,4,10
EXCHANGE.INI,changed,2141,河山斧★★,Name,劍帝冕★★,河山斧★★
EXCHANGE.INI,changed,2141,河山斧★★,Reward1,29406,29394
EXCHANGE.INI,changed,756,拆解：九日仙松環,Material1,30901,31447
EXCHANGE.INI,changed,756,拆解：九日仙松環,Name,拆解：王狼淵壑檄,拆解：九日仙松環
EXCHANGE.INI,changed,756,拆解：九日仙松環,Reward1Count,12,15
EXCHANGE.INI,changed,1030,壑盾伊‧西斯，消光,Group,48,47
EXCHANGE.INI,changed,1030,壑盾伊‧西斯，消光,Material1,30622,29010
EXCHANGE.INI,changed,1030,壑盾伊‧西斯，消光,Material2,29272,29053
EXCHANGE.INI,changed,1030,壑盾伊‧西斯，消光,Material2Count,75,150
EXCHANGE.INI,changed,1030,壑盾伊‧西斯，消光,Material3,29273,26368
EXCHANGE.INI,changed,1030,壑盾伊‧西斯，消光,Material3Count,150,600
EXCHANGE.INI,changed,1030,壑盾伊‧西斯，消光,Material4,26368,
EXCHANGE.INI,changed,1030,壑盾伊‧西斯，消光,Material4Count,250,
EXCHANGE.INI,changed,1030,壑盾伊‧西斯，消光,Name,滅裂曉光刀，開光,壑盾伊‧西斯，消光
EXCHANGE.INI,changed,1030,壑盾伊‧西斯，消光,Reward1,30612,29023
EXCHANGE.INI,changed,717,浪巫謠錦囊禮券,Material1,31603,31601
EXCHANGE.INI,changed,717,浪巫謠錦囊禮券,Name,禍世螟蝗錦囊禮券,浪巫謠錦囊禮券
EXCHANGE.INI,changed,717,浪巫謠錦囊禮券,Reward1,31495,31493
EXCHANGE.INI,changed,2047,御天杖★☆,Material1,29380,29368
EXCHANGE.INI,changed,2047,御天杖★☆,Name,傾城棍★☆,御天杖★☆
EXCHANGE.INI,changed,2047,御天杖★☆,Reward1,29381,29369
EXCHANGE.INI,changed,2160,幻帝步★★,Material1,29519,29507
EXCHANGE.INI,changed,2160,幻帝步★★,Name,禪帝渡★★,幻帝步★★
EXCHANGE.INI,changed,2160,幻帝步★★,Reward1,29520,29508
EXCHANGE.INI,changed,2287,拆解：禪帝衲★★,Material1,29472,29460
EXCHANGE.INI,changed,2287,拆解：禪帝衲★★,Name,拆解：武帝掌★★,拆解：禪帝衲★★
EXCHANGE.INI,changed,1360,渡鴉瞳杖Ⅲ,Material1,31132,31122
EXCHANGE.INI,changed,1360,渡鴉瞳杖Ⅲ,Name,血腥屠夫Ⅲ,渡鴉瞳杖Ⅲ
EXCHANGE.INI,changed,1360,渡鴉瞳杖Ⅲ,Reward1,31133,31123
EXCHANGE.INI,changed,3365,拆解：燦煌掌☆☆,Material1,28884,28878
EXCHANGE.INI,changed,3365,拆解：燦煌掌☆☆,Name,拆解：佛煌纏☆☆,拆解：燦煌掌☆☆
EXCHANGE.INI,changed,1243,附靈法紙轉天師符咒,Material1,27387,22451
EXCHANGE.INI,changed,1243,附靈法紙轉天師符咒,Name,真劍仙戰符,附靈法紙轉天師符咒
EXCHANGE.INI,changed,1243,附靈法紙轉天師符咒,Reward1,26971,21828
EXCHANGE.INI,changed,1243,附靈法紙轉天師符咒,Reward1Count,20,10
EXCHANGE.INI,changed,2215,拆解：鬼帝道★☆,Material1,29579,29567
EXCHANGE.INI,changed,2215,拆解：鬼帝道★☆,Name,拆解：黃天衣★☆,拆解：鬼帝道★☆
EXCHANGE.INI,changed,2729,神．玄宙勇裝錦囊,Name,神．玄宙道裝錦囊,神．玄宙勇裝錦囊
EXCHANGE.INI,changed,2729,神．玄宙勇裝錦囊,Reward1,31380,31378
EXCHANGE.INI,changed,2897,進化→瀚辰杖★,Material1,27627,27619
EXCHANGE.INI,changed,2897,進化→瀚辰杖★,Name,進化→太微棍★,進化→瀚辰杖★
EXCHANGE.INI,changed,2897,進化→瀚辰杖★,Reward1,28367,28361
EXCHANGE.INI,changed,2689,神．玄宙僧裝錦囊,Material1Count,700,1000
EXCHANGE.INI,changed,2689,神．玄宙僧裝錦囊,Name,極．玄宙神兵寶箱,神．玄宙僧裝錦囊
EXCHANGE.INI,changed,2689,神．玄宙僧裝錦囊,Reward1,31365,31381
EXCHANGE.INI,changed,1588,拆解：獵仙飛索Ⅳ,Material1,31124,31114
EXCHANGE.INI,changed,1588,拆解：獵仙飛索Ⅳ,Name,拆解：渡鴉瞳杖Ⅳ,拆解：獵仙飛索Ⅳ
EXCHANGE.INI,changed,1704,勇將旭立Ⅱ,Material1,30341,30331
EXCHANGE.INI,changed,1704,勇將旭立Ⅱ,Name,道清旭鞋Ⅱ,勇將旭立Ⅱ
EXCHANGE.INI,changed,1704,勇將旭立Ⅱ,Reward1,30342,30332
EXCHANGE.INI,changed,2052,疆嶽盾★☆,Group,119,118
EXCHANGE.INI,changed,2052,疆嶽盾★☆,Material1,29410,29398
EXCHANGE.INI,changed,2052,疆嶽盾★☆,Material2Count,2,6
EXCHANGE.INI,changed,2052,疆嶽盾★☆,Name,武帝盔★☆,疆嶽盾★☆
EXCHANGE.INI,changed,2052,疆嶽盾★☆,Reward1,29411,29399
EXCHANGE.INI,changed,2230,界王錘★★☆,Material1,29400,29388
EXCHANGE.INI,changed,2230,界王錘★★☆,Name,疆嶽盾★★☆,界王錘★★☆
EXCHANGE.INI,changed,2230,界王錘★★☆,Reward1,29401,29389
EXCHANGE.INI,changed,3119,拆解：流螢斬★★★,Material1,28360,28354
EXCHANGE.INI,changed,3119,拆解：流螢斬★★★,Name,拆解：衡星斗★★★,拆解：流螢斬★★★
EXCHANGE.INI,changed,1752,拆解：道清旭鞋Ⅰ,Material1,30351,30341
EXCHANGE.INI,changed,1752,拆解：道清旭鞋Ⅰ,Name,拆解：龍韜簾綴Ⅰ,拆解：道清旭鞋Ⅰ
EXCHANGE.INI,changed,1161,超．玄宙特仕裝箱,Material1Count,1200,1750
EXCHANGE.INI,changed,1161,超．玄宙特仕裝箱,Name,超．玄宙劍裝錦囊,超．玄宙特仕裝箱
EXCHANGE.INI,changed,1161,超．玄宙特仕裝箱,Reward1,31355,31360
EXCHANGE.INI,changed,1299,騰陽雄鎧Ⅱ,Material1,31286,31276
EXCHANGE.INI,changed,1299,騰陽雄鎧Ⅱ,Name,騰陽巍立Ⅱ,騰陽雄鎧Ⅱ
EXCHANGE.INI,changed,1299,騰陽雄鎧Ⅱ,Reward1,31287,31277
EXCHANGE.INI,changed,2608,秘笈：忘形篇,Name,秘笈：很是用力踢,秘笈：忘形篇
EXCHANGE.INI,changed,2608,秘笈：忘形篇,Reward1,31818,31814
EXCHANGE.INI,changed,972,武烈春秋刀，開光,Material1,29926,29924
EXCHANGE.INI,changed,972,武烈春秋刀，開光,Name,太伯妙香晷，開光,武烈春秋刀，開光
EXCHANGE.INI,changed,972,武烈春秋刀，開光,Reward1,29916,29914
EXCHANGE.INI,changed,1012,煌刀瑟‧凱布，開光,Material1,29017,29015
EXCHANGE.INI,changed,1012,煌刀瑟‧凱布，開光,Name,冥鎌歐‧西斯，開光,煌刀瑟‧凱布，開光
EXCHANGE.INI,changed,1012,煌刀瑟‧凱布，開光,Reward1,29004,29002
EXCHANGE.INI,changed,2003,拆解：權霸槍☆,Material1,29385,29373
EXCHANGE.INI,changed,2003,拆解：權霸槍☆,Name,拆解：界王錘☆,拆解：權霸槍☆
EXCHANGE.INI,changed,2268,拆解：帝詔劍★★,Material1,29358,29346
EXCHANGE.INI,changed,2268,拆解：帝詔劍★★,Name,拆解：龍掣爪★★,拆解：帝詔劍★★
EXCHANGE.INI,changed,881,吟雷聆牙，消光,Material1,31517,31515
EXCHANGE.INI,changed,881,吟雷聆牙，消光,Name,天刑劍，消光,吟雷聆牙，消光
EXCHANGE.INI,changed,881,吟雷聆牙，消光,Reward1,31527,31525
EXCHANGE.INI,changed,1481,龍之印信Ⅳ,Group,81,80
EXCHANGE.INI,changed,1481,龍之印信Ⅳ,Material1,31278,31268
EXCHANGE.INI,changed,1481,龍之印信Ⅳ,Material2,30673,29272
EXCHANGE.INI,changed,1481,龍之印信Ⅳ,Material2Count,40,75
EXCHANGE.INI,changed,1481,龍之印信Ⅳ,Name,騰陽雄鎧Ⅳ,龍之印信Ⅳ
EXCHANGE.INI,changed,1481,龍之印信Ⅳ,Reward1,31279,31269
EXCHANGE.INI,changed,1286,光術快手Ⅱ,Material1,31221,31211
EXCHANGE.INI,changed,1286,光術快手Ⅱ,Name,寂禪若持Ⅱ,光術快手Ⅱ
EXCHANGE.INI,changed,1286,光術快手Ⅱ,Reward1,31222,31212
EXCHANGE.INI,changed,829,皇龍純金,Group,39,38
EXCHANGE.INI,changed,829,皇龍純金,Material1,29617,29273
EXCHANGE.INI,changed,829,皇龍純金,Material1Count,1,15
EXCHANGE.INI,changed,829,皇龍純金,Material2,29776,
EXCHANGE.INI,changed,829,皇龍純金,Material2Count,2,
EXCHANGE.INI,changed,829,皇龍純金,Name,般若，開光,皇龍純金
EXCHANGE.INI,changed,829,皇龍純金,Reward1,29626,29272
EXCHANGE.INI,changed,1048,六仙流轉錘，消光,Material1,30620,30618
EXCHANGE.INI,changed,1048,六仙流轉錘，消光,Name,冥淵血鷲盾，消光,六仙流轉錘，消光
EXCHANGE.INI,changed,1048,六仙流轉錘，消光,Reward1,30630,30628
EXCHANGE.INI,changed,3301,七公扇☆☆☆,Material1,28827,28821
EXCHANGE.INI,changed,3301,七公扇☆☆☆,Name,貫索槍☆☆☆,七公扇☆☆☆
EXCHANGE.INI,changed,3301,七公扇☆☆☆,Reward1,28828,28822
EXCHANGE.INI,changed,1763,拆解：靜月簾衣Ⅰ,Material1,30406,30396
EXCHANGE.INI,changed,1763,拆解：靜月簾衣Ⅰ,Name,拆解：靜月織足Ⅰ,拆解：靜月簾衣Ⅰ
EXCHANGE.INI,changed,1059,【煙月（劍）】,Name,【拙劍】,【煙月（劍）】
EXCHANGE.INI,changed,1059,【煙月（劍）】,Reward1,31513,31511
EXCHANGE.INI,changed,2294,拆解：武帝踏★★,Material1,29514,29502
EXCHANGE.INI,changed,2294,拆解：武帝踏★★,Name,拆解：道帝行★★,拆解：武帝踏★★
EXCHANGE.INI,changed,1692,禪臺旭笠Ⅱ,Material1,30281,30271
EXCHANGE.INI,changed,1692,禪臺旭笠Ⅱ,Name,勇將旭甲Ⅱ,禪臺旭笠Ⅱ
EXCHANGE.INI,changed,1692,禪臺旭笠Ⅱ,Reward1,30282,30272
EXCHANGE.INI,changed,3420,拆解：風煌珠☆☆☆,Group,208,207
EXCHANGE.INI,changed,3420,拆解：風煌珠☆☆☆,Material1,28953,28909
EXCHANGE.INI,changed,3420,拆解：風煌珠☆☆☆,Name,拆解：鬼兇冠☆☆☆,拆解：風煌珠☆☆☆
EXCHANGE.INI,changed,3420,拆解：風煌珠☆☆☆,Reward1Count,27,3
EXCHANGE.INI,changed,1127,拆解：新星之雀環,Group,56,55
EXCHANGE.INI,changed,1127,拆解：新星之雀環,Material1,21405,27346
EXCHANGE.INI,changed,1127,拆解：新星之雀環,Material1Count,100,1
EXCHANGE.INI,changed,1127,拆解：新星之雀環,Material2,21410,
EXCHANGE.INI,changed,1127,拆解：新星之雀環,Material2Count,10,
EXCHANGE.INI,changed,1127,拆解：新星之雀環,Name,大將軍印信,拆解：新星之雀環
EXCHANGE.INI,changed,1127,拆解：新星之雀環,Reward1,21411,27198
EXCHANGE.INI,changed,1127,拆解：新星之雀環,Reward1Count,1,8
EXCHANGE.INI,changed,2623,降神：夏侯蘭之魂,Name,唐布衣錦囊禮券,降神：夏侯蘭之魂
EXCHANGE.INI,changed,2623,降神：夏侯蘭之魂,Reward1,31732,31832
EXCHANGE.INI,changed,2623,降神：夏侯蘭之魂,Reward1Count,2,30
EXCHANGE.INI,changed,2410,拆解：界王錘★★★,Material1,29402,29390
EXCHANGE.INI,changed,2410,拆解：界王錘★★★,Name,拆解：疆嶽盾★★★,拆解：界王錘★★★
EXCHANGE.INI,changed,1608,拆解：光術快手Ⅳ,Material1,31224,31214
EXCHANGE.INI,changed,1608,拆解：光術快手Ⅳ,Name,拆解：寂禪若持Ⅳ,拆解：光術快手Ⅳ
EXCHANGE.INI,changed,2048,權霸槍★☆,Material1,29386,29374
EXCHANGE.INI,changed,2048,權霸槍★☆,Name,界王錘★☆,權霸槍★☆
EXCHANGE.INI,changed,2048,權霸槍★☆,Reward1,29387,29375
EXCHANGE.INI,changed,904,怪物仟長石牌,Material1,21403,21404
EXCHANGE.INI,changed,904,怪物仟長石牌,Name,怪物佰長石牌,怪物仟長石牌
EXCHANGE.INI,changed,904,怪物仟長石牌,Reward1,21402,21403
EXCHANGE.INI,changed,2529,武魂：龍湘,Name,武魂：虞小梅,武魂：龍湘
EXCHANGE.INI,changed,2529,武魂：龍湘,Reward1,30846,30844
EXCHANGE.INI,changed,930,恆盾‧梅吉奧，消光,Material1,26959,28498
EXCHANGE.INI,changed,930,恆盾‧梅吉奧，消光,Material2,27198,28634
EXCHANGE.INI,changed,930,恆盾‧梅吉奧，消光,Material2Count,25,50
EXCHANGE.INI,changed,930,恆盾‧梅吉奧，消光,Material3Count,100,200
EXCHANGE.INI,changed,930,恆盾‧梅吉奧，消光,Name,三皇聖羲刀，開光,恆盾‧梅吉奧，消光
EXCHANGE.INI,changed,930,恆盾‧梅吉奧，消光,Reward1,26785,28785
EXCHANGE.INI,changed,2194,拆解：武帝胄★☆,Material1,29453,29441
EXCHANGE.INI,changed,2194,拆解：武帝胄★☆,Name,拆解：道帝袍★☆,拆解：武帝胄★☆
EXCHANGE.INI,changed,2398,拆解：黃鳴腕★★☆,Material1,29599,29587
EXCHANGE.INI,changed,2398,拆解：黃鳴腕★★☆,Name,拆解：皇影甲★★☆,拆解：黃鳴腕★★☆
EXCHANGE.INI,changed,835,如是我斬，開光,Material1,29623,29621
EXCHANGE.INI,changed,835,如是我斬，開光,Name,千年一擊，開光,如是我斬，開光
EXCHANGE.INI,changed,835,如是我斬，開光,Reward1,29632,29630
EXCHANGE.INI,changed,2450,古劍〔干將〕,Name,火神砲,古劍〔干將〕
EXCHANGE.INI,changed,2450,古劍〔干將〕,Reward1,31554,31552
EXCHANGE.INI,changed,3206,進化→碧行裟☆,Group,194,193
EXCHANGE.INI,changed,3206,進化→碧行裟☆,Material1,28811,28558
EXCHANGE.INI,changed,3206,進化→碧行裟☆,Material2,29053,27978
EXCHANGE.INI,changed,3206,進化→碧行裟☆,Material2Count,3,27
EXCHANGE.INI,changed,3206,進化→碧行裟☆,Material3,,29053
EXCHANGE.INI,changed,3206,進化→碧行裟☆,Material3Count,,9
EXCHANGE.INI,changed,3206,進化→碧行裟☆,Name,北冕劍☆☆,進化→碧行裟☆
EXCHANGE.INI,changed,3206,進化→碧行裟☆,Reward1,28812,28978
EXCHANGE.INI,changed,2756,擎陽不周戒,Material1Count,500,600
EXCHANGE.INI,changed,2756,擎陽不周戒,Name,白虎宮嘯塵玉,擎陽不周戒
EXCHANGE.INI,changed,2756,擎陽不周戒,Reward1,27577,28004
EXCHANGE.INI,changed,1225,極天神符咒,Name,極天師符咒,極天神符咒
EXCHANGE.INI,changed,1225,極天神符咒,Reward1,28196,28194
EXCHANGE.INI,changed,724,神旭僧裝錦囊禮券,Material1,30989,31597
EXCHANGE.INI,changed,724,神旭僧裝錦囊禮券,Name,超玉劍裝錦囊禮券,神旭僧裝錦囊禮券
EXCHANGE.INI,changed,724,神旭僧裝錦囊禮券,Reward1,30450,30476
EXCHANGE.INI,changed,2508,真．旭品特仕裝箱,Group,150,149
EXCHANGE.INI,changed,2508,真．旭品特仕裝箱,Material1,30871,30545
EXCHANGE.INI,changed,2508,真．旭品特仕裝箱,Name,超．旭品特仕裝箱,真．旭品特仕裝箱
EXCHANGE.INI,changed,2508,真．旭品特仕裝箱,Reward1,30455,30444
EXCHANGE.INI,changed,1855,拆解：靜月簾衣Ⅱ,Material1,30407,30397
EXCHANGE.INI,changed,1855,拆解：靜月簾衣Ⅱ,Name,拆解：靜月織足Ⅱ,拆解：靜月簾衣Ⅱ
EXCHANGE.INI,changed,2046,皇麟扇★☆,Material1,29374,29362
EXCHANGE.INI,changed,2046,皇麟扇★☆,Name,權霸槍★☆,皇麟扇★☆
EXCHANGE.INI,changed,2046,皇麟扇★☆,Reward1,29375,29363
EXCHANGE.INI,changed,2580,睚眥龍吞劍,Name,蚩吻封心梭,睚眥龍吞劍
EXCHANGE.INI,changed,2580,睚眥龍吞劍,Reward1,31837,31835
EXCHANGE.INI,changed,1044,冰輪夢蜃扇，消光,Material1,30616,30614
EXCHANGE.INI,changed,1044,冰輪夢蜃扇，消光,Name,袚燈笠雲槍，消光,冰輪夢蜃扇，消光
EXCHANGE.INI,changed,1044,冰輪夢蜃扇，消光,Reward1,30626,30624
EXCHANGE.INI,changed,3270,拆解：燦煌衣☆,Material1,28868,28862
EXCHANGE.INI,changed,3270,拆解：燦煌衣☆,Name,拆解：佛煌裟☆,拆解：燦煌衣☆
EXCHANGE.INI,changed,3419,拆解：水煌珠☆☆☆,Material1,28912,28906
EXCHANGE.INI,changed,3419,拆解：水煌珠☆☆☆,Name,拆解：地煌珠☆☆☆,拆解：水煌珠☆☆☆
EXCHANGE.INI,changed,1152,真．玄宙道裝錦囊,Material1Count,250,300
EXCHANGE.INI,changed,1152,真．玄宙道裝錦囊,Name,虛空秘境仙器錦囊,真．玄宙道裝錦囊
EXCHANGE.INI,changed,1152,真．玄宙道裝錦囊,Reward1,30712,31347
EXCHANGE.INI,changed,765,拆解：瀧激仙電陣,Material1,27985,30170
EXCHANGE.INI,changed,765,拆解：瀧激仙電陣,Name,拆解：高麗太王碑,拆解：瀧激仙電陣
EXCHANGE.INI,changed,765,拆解：瀧激仙電陣,Reward1Count,6,10
EXCHANGE.INI,changed,2439,拆解：鬼帝臂★★★,Material1,29576,29564
EXCHANGE.INI,changed,2439,拆解：鬼帝臂★★★,Name,拆解：黃月巾★★★,拆解：鬼帝臂★★★
EXCHANGE.INI,changed,3284,拆解：水煌珠☆,Material1,28910,28904
EXCHANGE.INI,changed,3284,拆解：水煌珠☆,Name,拆解：地煌珠☆,拆解：水煌珠☆
EXCHANGE.INI,changed,2535,武魂：太陰之女,Name,武魂：姜秀,武魂：太陰之女
EXCHANGE.INI,changed,2535,武魂：太陰之女,Reward1,30838,30840
EXCHANGE.INI,changed,3426,拆解：柳月巾☆☆☆,Material1,28971,28965
EXCHANGE.INI,changed,3426,拆解：柳月巾☆☆☆,Name,拆解：柳嗚腕☆☆☆,拆解：柳月巾☆☆☆
EXCHANGE.INI,changed,1276,光術覆面Ⅱ,Material1,31171,31161
EXCHANGE.INI,changed,1276,光術覆面Ⅱ,Name,寂禪靜觀Ⅱ,光術覆面Ⅱ
EXCHANGE.INI,changed,1276,光術覆面Ⅱ,Reward1,31172,31162
EXCHANGE.INI,changed,2016,拆解：道帝袍☆,Material1,29463,29451
EXCHANGE.INI,changed,2016,拆解：道帝袍☆,Name,拆解：劍帝握☆,拆解：道帝袍☆
EXCHANGE.INI,changed,2232,疆嶽盾★★☆,Group,131,130
EXCHANGE.INI,changed,2232,疆嶽盾★★☆,Material1,29412,29400
EXCHANGE.INI,changed,2232,疆嶽盾★★☆,Material2Count,5,15
EXCHANGE.INI,changed,2232,疆嶽盾★★☆,Name,武帝盔★★☆,疆嶽盾★★☆
EXCHANGE.INI,changed,2232,疆嶽盾★★☆,Reward1,29413,29401
EXCHANGE.INI,changed,1760,拆解：狂陽赤手Ⅰ,Material1,30391,30381
EXCHANGE.INI,changed,1760,拆解：狂陽赤手Ⅰ,Name,拆解：靜月幕巾Ⅰ,拆解：狂陽赤手Ⅰ
EXCHANGE.INI,changed,2671,真．玄宙武防盛袋,Group,164,163
EXCHANGE.INI,changed,2671,真．玄宙武防盛袋,Material1,31768,31767
EXCHANGE.INI,changed,2671,真．玄宙武防盛袋,Material1Count,2000,150
EXCHANGE.INI,changed,2671,真．玄宙武防盛袋,Name,奇異霸龍禮券,真．玄宙武防盛袋
EXCHANGE.INI,changed,2671,真．玄宙武防盛袋,Reward1,31868,31342
EXCHANGE.INI,changed,2336,道帝袖★★★,Material1,29497,29485
EXCHANGE.INI,changed,2336,道帝袖★★★,Name,劍帝履★★★,道帝袖★★★
EXCHANGE.INI,changed,2336,道帝袖★★★,Reward1,29498,29486
EXCHANGE.INI,changed,1311,拆解：泰源玉刀Ⅰ,Material1,31116,31106
EXCHANGE.INI,changed,1311,拆解：泰源玉刀Ⅰ,Name,拆解：塹淵幽柄Ⅰ,拆解：泰源玉刀Ⅰ
EXCHANGE.INI,changed,3136,拆解：星蹤袍★★★,Material1,28411,28405
EXCHANGE.INI,changed,3136,拆解：星蹤袍★★★,Name,拆解：星鋒腕★★★,拆解：星蹤袍★★★
EXCHANGE.INI,changed,1774,明露鴻杖Ⅲ,Material1,30232,30222
EXCHANGE.INI,changed,1774,明露鴻杖Ⅲ,Name,綻虹鳳棒Ⅲ,明露鴻杖Ⅲ
EXCHANGE.INI,changed,1774,明露鴻杖Ⅲ,Reward1,30233,30223
EXCHANGE.INI,changed,1532,拆解：凜月冪巾Ⅲ,Material1,31303,31293
EXCHANGE.INI,changed,1532,拆解：凜月冪巾Ⅲ,Name,拆解：凜月影束Ⅲ,拆解：凜月冪巾Ⅲ
EXCHANGE.INI,changed,2819,般若,Material1,29628,29626
EXCHANGE.INI,changed,2819,般若,Name,長柄滄耳刀,般若
EXCHANGE.INI,changed,2696,極．玄宙僧裝錦囊,Material1Count,750,500
EXCHANGE.INI,changed,2696,極．玄宙僧裝錦囊,Name,萬用鑰匙,極．玄宙僧裝錦囊
EXCHANGE.INI,changed,2696,極．玄宙僧裝錦囊,Reward1,31573,31370
EXCHANGE.INI,changed,708,五派仙傳書袋禮券,Material1,31732,30668
EXCHANGE.INI,changed,708,五派仙傳書袋禮券,Name,唐布衣錦囊禮券,五派仙傳書袋禮券
EXCHANGE.INI,changed,708,五派仙傳書袋禮券,Reward1,31726,28579
EXCHANGE.INI,changed,708,五派仙傳書袋禮券,Reward1Count,5,1
EXCHANGE.INI,changed,2653,活俠夏侯蘭錦囊,Group,162,161
EXCHANGE.INI,changed,2653,活俠夏侯蘭錦囊,Material1,29651,29274
EXCHANGE.INI,changed,2653,活俠夏侯蘭錦囊,Material1Count,1,3
EXCHANGE.INI,changed,2653,活俠夏侯蘭錦囊,Name,素還真換楊鐵降神,活俠夏侯蘭錦囊
EXCHANGE.INI,changed,2653,活俠夏侯蘭錦囊,Reward1,31879,31729
EXCHANGE.INI,changed,2474,超．玄宙道裝錦囊,Material1Count,225,400
EXCHANGE.INI,changed,2474,超．玄宙道裝錦囊,Name,虛空秘境仙器錦囊,超．玄宙道裝錦囊
EXCHANGE.INI,changed,2474,超．玄宙道裝錦囊,Reward1,30712,31358
EXCHANGE.INI,changed,2469,超．玄宙特仕裝箱,Material1Count,400,650
EXCHANGE.INI,changed,2469,超．玄宙特仕裝箱,Name,超．玄宙劍裝錦囊,超．玄宙特仕裝箱
EXCHANGE.INI,changed,2469,超．玄宙特仕裝箱,Reward1,31355,31360
EXCHANGE.INI,changed,1599,拆解：辰道玄冠Ⅳ,Material1,31179,31169
EXCHANGE.INI,changed,1599,拆解：辰道玄冠Ⅳ,Name,拆解：宇鋒颯衣Ⅳ,拆解：辰道玄冠Ⅳ
EXCHANGE.INI,changed,1945,進化→鬼帝道☆,Material1,28968,28962
EXCHANGE.INI,changed,1945,進化→鬼帝道☆,Name,進化→黃天衣☆,進化→鬼帝道☆
EXCHANGE.INI,changed,1945,進化→鬼帝道☆,Reward1,29577,29565
EXCHANGE.INI,changed,2123,拆解：鬼帝鎧★,Material1,29566,29554
EXCHANGE.INI,changed,2123,拆解：鬼帝鎧★,Name,拆解：鬼帝道★,拆解：鬼帝鎧★
EXCHANGE.INI,changed,2626,唐默鈴錦囊禮券,Name,虞小梅錦囊禮券,唐默鈴錦囊禮券
EXCHANGE.INI,changed,2626,唐默鈴錦囊禮券,Reward1,31734,31733
EXCHANGE.INI,changed,1814,宿星爍臂Ⅲ,Group,103,102
EXCHANGE.INI,changed,1814,宿星爍臂Ⅲ,Material1,30202,30422
EXCHANGE.INI,changed,1814,宿星爍臂Ⅲ,Material1Count,1,3
EXCHANGE.INI,changed,1814,宿星爍臂Ⅲ,Material2,,30673
EXCHANGE.INI,changed,1814,宿星爍臂Ⅲ,Material2Count,,6
EXCHANGE.INI,changed,1814,宿星爍臂Ⅲ,Name,拆解：光翼翔劍Ⅱ,宿星爍臂Ⅲ
EXCHANGE.INI,changed,1814,宿星爍臂Ⅲ,Reward1,29272,30423
EXCHANGE.INI,changed,1814,宿星爍臂Ⅲ,Reward1Count,11,1
EXCHANGE.INI,changed,2329,武帝胄★★★,Material1,29455,29443
EXCHANGE.INI,changed,2329,武帝胄★★★,Name,道帝袍★★★,武帝胄★★★
EXCHANGE.INI,changed,2329,武帝胄★★★,Reward1,29456,29444
EXCHANGE.INI,changed,889,輕車將軍印信換錦囊,Material1,21407,21409
EXCHANGE.INI,changed,889,輕車將軍印信換錦囊,Name,督都印信換錦囊,輕車將軍印信換錦囊
EXCHANGE.INI,changed,889,輕車將軍印信換錦囊,Reward1,21449,21451
EXCHANGE.INI,changed,953,哈帝斯魔銃，開光,Material1,26496,26494
EXCHANGE.INI,changed,953,哈帝斯魔銃，開光,Name,維納斯羽杖，開光,哈帝斯魔銃，開光
EXCHANGE.INI,changed,953,哈帝斯魔銃，開光,Reward1,26291,26289
EXCHANGE.INI,changed,2754,御妖戒‧八歧,Material1Count,600,700
EXCHANGE.INI,changed,2754,御妖戒‧八歧,Name,擎陽不周戒,御妖戒‧八歧
EXCHANGE.INI,changed,2754,御妖戒‧八歧,Reward1,28004,28162
EXCHANGE.INI,changed,3057,釋星行★★★,Material1,28443,28437
EXCHANGE.INI,changed,3057,釋星行★★★,Name,星虎披★★★,釋星行★★★
EXCHANGE.INI,changed,3057,釋星行★★★,Reward1,28444,28438
EXCHANGE.INI,changed,1722,宿星爍臂Ⅱ,Group,97,96
EXCHANGE.INI,changed,1722,宿星爍臂Ⅱ,Material1,30201,30421
EXCHANGE.INI,changed,1722,宿星爍臂Ⅱ,Material1Count,1,3
EXCHANGE.INI,changed,1722,宿星爍臂Ⅱ,Material2,,30673
EXCHANGE.INI,changed,1722,宿星爍臂Ⅱ,Material2Count,,3
EXCHANGE.INI,changed,1722,宿星爍臂Ⅱ,Name,拆解：光翼翔劍Ⅰ,宿星爍臂Ⅱ
EXCHANGE.INI,changed,1722,宿星爍臂Ⅱ,Reward1,29272,30422
EXCHANGE.INI,changed,1722,宿星爍臂Ⅱ,Reward1Count,9,1
EXCHANGE.INI,changed,1925,進化→幻帝裘☆,Material1,28870,28864
EXCHANGE.INI,changed,1925,進化→幻帝裘☆,Name,進化→禪帝衲☆,進化→幻帝裘☆
EXCHANGE.INI,changed,1925,進化→幻帝裘☆,Reward1,29457,29445
EXCHANGE.INI,changed,1292,辰道玄鞋Ⅱ,Material1,31251,31241
EXCHANGE.INI,changed,1292,辰道玄鞋Ⅱ,Name,諾亞航令Ⅱ,辰道玄鞋Ⅱ
EXCHANGE.INI,changed,1292,辰道玄鞋Ⅱ,Reward1,31252,31242
EXCHANGE.INI,changed,1138,速兌都督印信,Group,58,57
EXCHANGE.INI,changed,1138,速兌都督印信,Material1,28755,21402
EXCHANGE.INI,changed,1138,速兌都督印信,Material1Count,900,90
EXCHANGE.INI,changed,1138,速兌都督印信,Name,超．玄宙特仕裝箱,速兌都督印信
EXCHANGE.INI,changed,1138,速兌都督印信,Reward1,31360,21407
EXCHANGE.INI,changed,2083,黃鳴腕★☆,Material1,29596,29584
EXCHANGE.INI,changed,2083,黃鳴腕★☆,Name,皇影甲★☆,黃鳴腕★☆
EXCHANGE.INI,changed,2083,黃鳴腕★☆,Reward1,29597,29585
EXCHANGE.INI,changed,1073,秘笈：鬼神辟易,Name,秘笈：魔劍目錄,秘笈：鬼神辟易
EXCHANGE.INI,changed,1073,秘笈：鬼神辟易,Reward1,31537,31535
EXCHANGE.INI,changed,1992,黃天衣★,Material1,29589,29577
EXCHANGE.INI,changed,1992,黃天衣★,Name,黃韋足★,黃天衣★
EXCHANGE.INI,changed,1992,黃天衣★,Reward1,29590,29578
EXCHANGE.INI,changed,2669,真．玄宙特仕裝箱,Material1Count,150,550
EXCHANGE.INI,changed,2669,真．玄宙特仕裝箱,Name,真．玄宙武防盛袋,真．玄宙特仕裝箱
EXCHANGE.INI,changed,2669,真．玄宙特仕裝箱,Reward1,31342,31349
EXCHANGE.INI,changed,2067,禪帝捻★☆,Material1,29500,29488
EXCHANGE.INI,changed,2067,禪帝捻★☆,Name,武帝踏★☆,禪帝捻★☆
EXCHANGE.INI,changed,2067,禪帝捻★☆,Reward1,29501,29489
EXCHANGE.INI,changed,770,拆解：雲龍仙煌陣,Material1,29270,23064
EXCHANGE.INI,changed,770,拆解：雲龍仙煌陣,Name,拆解：修羅仙劫輪,拆解：雲龍仙煌陣
EXCHANGE.INI,changed,770,拆解：雲龍仙煌陣,Reward1Count,4,5
EXCHANGE.INI,changed,773,拆解：離虛仙渦石,Material1,29728,29726
EXCHANGE.INI,changed,773,拆解：離虛仙渦石,Name,拆解：兌虛仙渦石,拆解：離虛仙渦石
EXCHANGE.INI,changed,3036,瑤月斧★★★,Group,183,182
EXCHANGE.INI,changed,3036,瑤月斧★★★,Material1,28380,28374
EXCHANGE.INI,changed,3036,瑤月斧★★★,Material2Count,2,6
EXCHANGE.INI,changed,3036,瑤月斧★★★,Name,星鋒冠★★★,瑤月斧★★★
EXCHANGE.INI,changed,3036,瑤月斧★★★,Reward1,28381,28375
EXCHANGE.INI,changed,868,煙月，開光,Material1,31524,31522
EXCHANGE.INI,changed,868,煙月，開光,Name,聆牙，開光,煙月，開光
EXCHANGE.INI,changed,868,煙月，開光,Reward1,31514,31512
EXCHANGE.INI,changed,2851,秘笈：劍以創生,Group,171,170
EXCHANGE.INI,changed,2851,秘笈：劍以創生,Material1,23070,29649
EXCHANGE.INI,changed,2851,秘笈：劍以創生,Name,武魂：素還真,秘笈：劍以創生
EXCHANGE.INI,changed,2851,秘笈：劍以創生,Reward1,32168,29776
EXCHANGE.INI,changed,2851,秘笈：劍以創生,Reward1Count,12,8
EXCHANGE.INI,changed,1761,拆解：狂陽烈蹴Ⅰ,Material1,30396,30386
EXCHANGE.INI,changed,1761,拆解：狂陽烈蹴Ⅰ,Name,拆解：靜月簾衣Ⅰ,拆解：狂陽烈蹴Ⅰ
EXCHANGE.INI,changed,2575,降神：唐布衣之魂,Name,降神：龍湘之魂,降神：唐布衣之魂
EXCHANGE.INI,changed,2575,降神：唐布衣之魂,Reward1,31830,31828
EXCHANGE.INI,changed,931,五帝太昊劍，開光,Material1,27437,27436
EXCHANGE.INI,changed,931,五帝太昊劍，開光,Name,九龍翔瑞爪，開光,五帝太昊劍，開光
EXCHANGE.INI,changed,931,五帝太昊劍，開光,Reward1,26786,26784
EXCHANGE.INI,changed,2348,鬼帝鎧★★★,Material1,29569,29557
EXCHANGE.INI,changed,2348,鬼帝鎧★★★,Name,鬼帝道★★★,鬼帝鎧★★★
EXCHANGE.INI,changed,2348,鬼帝鎧★★★,Reward1,29570,29558
EXCHANGE.INI,changed,2691,極．玄宙神兵寶箱,Material1Count,500,700
EXCHANGE.INI,changed,2691,極．玄宙神兵寶箱,Name,極．玄宙勇裝錦囊,極．玄宙神兵寶箱
EXCHANGE.INI,changed,2691,極．玄宙神兵寶箱,Reward1,31367,31365
EXCHANGE.INI,changed,2341,道帝行★★★,Material1,29527,29515
EXCHANGE.INI,changed,2341,道帝行★★★,Name,宇帝珮★★★,道帝行★★★
EXCHANGE.INI,changed,2341,道帝行★★★,Reward1,29528,29516
EXCHANGE.INI,changed,1322,拆解：光術覆面Ⅰ,Material1,31171,31161
EXCHANGE.INI,changed,1322,拆解：光術覆面Ⅰ,Name,拆解：寂禪靜觀Ⅰ,拆解：光術覆面Ⅰ
EXCHANGE.INI,changed,1309,舞星鋁行Ⅱ,Group,70,69
EXCHANGE.INI,changed,1309,舞星鋁行Ⅱ,Material1,31106,31326
EXCHANGE.INI,changed,1309,舞星鋁行Ⅱ,Material1Count,1,3
EXCHANGE.INI,changed,1309,舞星鋁行Ⅱ,Material2,,30673
EXCHANGE.INI,changed,1309,舞星鋁行Ⅱ,Material2Count,,20
EXCHANGE.INI,changed,1309,舞星鋁行Ⅱ,Name,拆解：泰源玉刀Ⅰ,舞星鋁行Ⅱ
EXCHANGE.INI,changed,1309,舞星鋁行Ⅱ,Reward1,29272,31327
EXCHANGE.INI,changed,1309,舞星鋁行Ⅱ,Reward1Count,30,1
EXCHANGE.INI,changed,1337,拆解：光術疾履Ⅰ,Material1,31246,31236
EXCHANGE.INI,changed,1337,拆解：光術疾履Ⅰ,Name,拆解：寂禪矜足Ⅰ,拆解：光術疾履Ⅰ
EXCHANGE.INI,changed,2937,進化→奇星靴★,Group,176,175
EXCHANGE.INI,changed,2937,進化→奇星靴★,Material1,28352,27779
EXCHANGE.INI,changed,2937,進化→奇星靴★,Material1Count,3,6
EXCHANGE.INI,changed,2937,進化→奇星靴★,Material3,,28634
EXCHANGE.INI,changed,2937,進化→奇星靴★,Material3Count,,9
EXCHANGE.INI,changed,2937,進化→奇星靴★,Name,流螢斬★★,進化→奇星靴★
EXCHANGE.INI,changed,2937,進化→奇星靴★,Reward1,28353,28559
EXCHANGE.INI,changed,3386,拆解：碧行裟☆☆,Group,206,205
EXCHANGE.INI,changed,3386,拆解：碧行裟☆☆,Material1,28813,28979
EXCHANGE.INI,changed,3386,拆解：碧行裟☆☆,Name,拆解：北冕劍☆☆☆,拆解：碧行裟☆☆
EXCHANGE.INI,changed,3386,拆解：碧行裟☆☆,Reward1Count,9,18
EXCHANGE.INI,changed,1474,天衛宙脛Ⅳ,Material1,31243,31233
EXCHANGE.INI,changed,1474,天衛宙脛Ⅳ,Name,辰道玄鞋Ⅳ,天衛宙脛Ⅳ
EXCHANGE.INI,changed,1474,天衛宙脛Ⅳ,Reward1,31244,31234
EXCHANGE.INI,changed,695,莫千千錦囊禮券,Material1,31708,31704
EXCHANGE.INI,changed,695,莫千千錦囊禮券,Name,白樺錦囊禮券,莫千千錦囊禮券
EXCHANGE.INI,changed,695,莫千千錦囊禮券,Reward1,31702,31698
EXCHANGE.INI,changed,3204,進化→柳韋足☆,Material1,28558,28552
EXCHANGE.INI,changed,3204,進化→柳韋足☆,Name,進化→碧行裟☆,進化→柳韋足☆
EXCHANGE.INI,changed,3204,進化→柳韋足☆,Reward1,28978,28972
EXCHANGE.INI,changed,3388,拆解：北冕劍☆☆☆,Material1,28819,28813
EXCHANGE.INI,changed,3388,拆解：北冕劍☆☆☆,Name,拆解：宗正裁☆☆☆,拆解：北冕劍☆☆☆
EXCHANGE.INI,changed,959,蓋亞碎界斧，開光,Material1,26287,26500
EXCHANGE.INI,changed,959,蓋亞碎界斧，開光,Name,宙斯神雷劍，消光,蓋亞碎界斧，開光
EXCHANGE.INI,changed,959,蓋亞碎界斧，開光,Reward1,26492,26295
EXCHANGE.INI,changed,3140,拆解：遊星掌★★★,Material1,28423,28417
EXCHANGE.INI,changed,3140,拆解：遊星掌★★★,Name,拆解：釋星拱★★★,拆解：遊星掌★★★
EXCHANGE.INI,changed,3169,進化→市樓棍☆,Material1,28375,28369
EXCHANGE.INI,changed,3169,進化→市樓棍☆,Name,進化→帛度斧☆,進化→市樓棍☆
EXCHANGE.INI,changed,3169,進化→市樓棍☆,Reward1,28835,28829
EXCHANGE.INI,changed,2885,秘笈：天劍三絕,Material1,29648,29646
EXCHANGE.INI,changed,2885,秘笈：天劍三絕,Name,秘笈：般若懺,秘笈：天劍三絕
EXCHANGE.INI,changed,3332,鬼兇冠☆☆☆,Material1,28958,28952
EXCHANGE.INI,changed,3332,鬼兇冠☆☆☆,Name,鬼兇手☆☆☆,鬼兇冠☆☆☆
EXCHANGE.INI,changed,3332,鬼兇冠☆☆☆,Reward1,28959,28953
EXCHANGE.INI,changed,3179,進化→戰煌鎧☆,Material1,28405,28399
EXCHANGE.INI,changed,3179,進化→戰煌鎧☆,Name,進化→道煌袍☆,進化→戰煌鎧☆
EXCHANGE.INI,changed,3179,進化→戰煌鎧☆,Reward1,28865,28859
EXCHANGE.INI,changed,1433,拆解：誅仙御鐸Ⅱ,Material1,31267,31257
EXCHANGE.INI,changed,1433,拆解：誅仙御鐸Ⅱ,Name,拆解：龍之印信Ⅱ,拆解：誅仙御鐸Ⅱ
EXCHANGE.INI,changed,1730,拆解：綻虹鳳棒Ⅰ,Material1,30241,30231
EXCHANGE.INI,changed,1730,拆解：綻虹鳳棒Ⅰ,Name,拆解：葬月梟斧Ⅰ,拆解：綻虹鳳棒Ⅰ
EXCHANGE.INI,changed,1819,拆解：絃霧靈拂Ⅱ,Material1,30227,30217
EXCHANGE.INI,changed,1819,拆解：絃霧靈拂Ⅱ,Name,拆解：赤鴉裂槍Ⅱ,拆解：絃霧靈拂Ⅱ
EXCHANGE.INI,changed,1410,拆解：方舟舵斧Ⅱ,Group,77,76
EXCHANGE.INI,changed,1410,拆解：方舟舵斧Ⅱ,Material1,31152,31142
EXCHANGE.INI,changed,1410,拆解：方舟舵斧Ⅱ,Name,拆解：宇鋒颺頂Ⅱ,拆解：方舟舵斧Ⅱ
EXCHANGE.INI,changed,1410,拆解：方舟舵斧Ⅱ,Reward1,29273,29272
EXCHANGE.INI,changed,2430,拆解：幻帝步★★★,Material1,29522,29510
EXCHANGE.INI,changed,2430,拆解：幻帝步★★★,Name,拆解：禪帝渡★★★,拆解：幻帝步★★★
EXCHANGE.INI,changed,2848,秘笈：天劍三絕,Material1,29648,29646
EXCHANGE.INI,changed,2848,秘笈：天劍三絕,Name,秘笈：般若懺,秘笈：天劍三絕
EXCHANGE.INI,changed,1486,凜月冪巾Ⅳ,Material1,31303,31293
EXCHANGE.INI,changed,1486,凜月冪巾Ⅳ,Name,凜月影束Ⅳ,凜月冪巾Ⅳ
EXCHANGE.INI,changed,1486,凜月冪巾Ⅳ,Reward1,31304,31294
EXCHANGE.INI,changed,2940,瞬光劃★★,Material1,28361,28355
EXCHANGE.INI,changed,2940,瞬光劃★★,Name,瀚辰杖★★,瞬光劃★★
EXCHANGE.INI,changed,2940,瞬光劃★★,Reward1,28362,28356
EXCHANGE.INI,changed,2239,武帝胄★★☆,Material1,29454,29442
EXCHANGE.INI,changed,2239,武帝胄★★☆,Name,道帝袍★★☆,武帝胄★★☆
EXCHANGE.INI,changed,2239,武帝胄★★☆,Reward1,29455,29443
EXCHANGE.INI,changed,2144,武帝盔★★,Material1,29423,29411
EXCHANGE.INI,changed,2144,武帝盔★★,Name,道帝簪★★,武帝盔★★
EXCHANGE.INI,changed,2144,武帝盔★★,Reward1,29424,29412
EXCHANGE.INI,changed,2814,霹靂葉小釵錦囊,Group,170,169
EXCHANGE.INI,changed,2814,霹靂葉小釵錦囊,Material1,23070,29273
EXCHANGE.INI,changed,2814,霹靂葉小釵錦囊,Material1Count,1,10
EXCHANGE.INI,changed,2814,霹靂葉小釵錦囊,Name,武魂：素還真,霹靂葉小釵錦囊
EXCHANGE.INI,changed,2814,霹靂葉小釵錦囊,Reward1,29776,32161
EXCHANGE.INI,changed,2814,霹靂葉小釵錦囊,Reward1Count,32,1
EXCHANGE.INI,changed,2882,秘笈：天龍吼,Material1,29645,29643
EXCHANGE.INI,changed,2882,秘笈：天龍吼,Name,秘笈：蓮華聖路,秘笈：天龍吼
EXCHANGE.INI,changed,3401,拆解：道煌面☆☆☆,Material1,28858,28852
EXCHANGE.INI,changed,3401,拆解：道煌面☆☆☆,Name,拆解：烈煌冑☆☆☆,拆解：道煌面☆☆☆
EXCHANGE.INI,changed,3207,進化→碧星靴☆,Group,194,193
EXCHANGE.INI,changed,3207,進化→碧星靴☆,Material1,28814,28561
EXCHANGE.INI,changed,3207,進化→碧星靴☆,Material2,29053,27978
EXCHANGE.INI,changed,3207,進化→碧星靴☆,Material2Count,3,27
EXCHANGE.INI,changed,3207,進化→碧星靴☆,Material3,,29053
EXCHANGE.INI,changed,3207,進化→碧星靴☆,Material3Count,,9
EXCHANGE.INI,changed,3207,進化→碧星靴☆,Name,武座刃☆☆,進化→碧星靴☆
EXCHANGE.INI,changed,3207,進化→碧星靴☆,Reward1,28815,28981
EXCHANGE.INI,changed,2117,拆解：禪帝渡★,Material1,29530,29518
EXCHANGE.INI,changed,2117,拆解：禪帝渡★,Name,拆解：羲帝綴★,拆解：禪帝渡★
EXCHANGE.INI,changed,819,長刀〔銀霞〕,Name,星光引導者,長刀〔銀霞〕
EXCHANGE.INI,changed,819,長刀〔銀霞〕,Reward1,31555,31553
EXCHANGE.INI,changed,2169,鬼帝臂★★,Material1,29573,29561
EXCHANGE.INI,changed,2169,鬼帝臂★★,Name,黃月巾★★,鬼帝臂★★
EXCHANGE.INI,changed,2169,鬼帝臂★★,Reward1,29574,29562
EXCHANGE.INI,changed,2931,進化→煌月巾★,Material1,27763,27755
EXCHANGE.INI,changed,2931,進化→煌月巾★,Name,進化→煌嗚腕★,進化→煌月巾★
EXCHANGE.INI,changed,2931,進化→煌月巾★,Reward1,28547,28541
EXCHANGE.INI,changed,1349,拆解：凜月霜襟Ⅰ,Material1,31306,31296
EXCHANGE.INI,changed,1349,拆解：凜月霜襟Ⅰ,Name,拆解：凜月漪纏Ⅰ,拆解：凜月霜襟Ⅰ
EXCHANGE.INI,changed,1147,真．玄宙特仕裝箱,Material1Count,300,500
EXCHANGE.INI,changed,1147,真．玄宙特仕裝箱,Name,真．玄宙劍裝錦囊,真．玄宙特仕裝箱
EXCHANGE.INI,changed,1147,真．玄宙特仕裝箱,Reward1,31344,31349
EXCHANGE.INI,changed,1795,劍豪旭靴Ⅲ,Material1,30337,30327
EXCHANGE.INI,changed,1795,劍豪旭靴Ⅲ,Name,術凌旭步Ⅲ,劍豪旭靴Ⅲ
EXCHANGE.INI,changed,1795,劍豪旭靴Ⅲ,Reward1,30338,30328
EXCHANGE.INI,changed,1561,天守宙臂Ⅴ,Material1,31219,31209
EXCHANGE.INI,changed,1561,天守宙臂Ⅴ,Name,辰道玄袖Ⅴ,天守宙臂Ⅴ
EXCHANGE.INI,changed,1561,天守宙臂Ⅴ,Reward1,31220,31210
EXCHANGE.INI,changed,2485,極．玄宙神兵寶箱,Material1Count,900,1350
EXCHANGE.INI,changed,2485,極．玄宙神兵寶箱,Name,極．玄宙勇裝錦囊,極．玄宙神兵寶箱
EXCHANGE.INI,changed,2485,極．玄宙神兵寶箱,Reward1,31367,31365
EXCHANGE.INI,changed,2097,拆解：疆嶽盾★,Group,122,121
EXCHANGE.INI,changed,2097,拆解：疆嶽盾★,Material1,29410,29398
EXCHANGE.INI,changed,2097,拆解：疆嶽盾★,Name,拆解：武帝盔★,拆解：疆嶽盾★
EXCHANGE.INI,changed,2097,拆解：疆嶽盾★,Reward1Count,2,5
EXCHANGE.INI,changed,3241,地煌珠☆☆,Group,196,195
EXCHANGE.INI,changed,3241,地煌珠☆☆,Material1,28954,28910
EXCHANGE.INI,changed,3241,地煌珠☆☆,Material2Count,18,1
EXCHANGE.INI,changed,3241,地煌珠☆☆,Name,鬼兇鎧☆☆,地煌珠☆☆
EXCHANGE.INI,changed,3241,地煌珠☆☆,Reward1,28955,28911
EXCHANGE.INI,changed,2656,素還真換雪兒降神,Name,素還真換韓凱蒂降神,素還真換雪兒降神
EXCHANGE.INI,changed,2656,素還真換雪兒降神,Reward1,31882,31880
EXCHANGE.INI,changed,2784,秘笈：蒼龍破雲關,Name,秘笈：君子風,秘笈：蒼龍破雲關
EXCHANGE.INI,changed,2784,秘笈：蒼龍破雲關,Reward1,29639,29637
EXCHANGE.INI,changed,1820,拆解：明露鴻杖Ⅱ,Material1,30232,30222
EXCHANGE.INI,changed,1820,拆解：明露鴻杖Ⅱ,Name,拆解：綻虹鳳棒Ⅱ,拆解：明露鴻杖Ⅱ
EXCHANGE.INI,changed,3245,鬼兇靴☆☆,Material1,28966,28960
EXCHANGE.INI,changed,3245,鬼兇靴☆☆,Name,柳天衣☆☆,鬼兇靴☆☆
EXCHANGE.INI,changed,3245,鬼兇靴☆☆,Reward1,28967,28961
EXCHANGE.INI,changed,2166,大帝鎮★★,Group,126,125
EXCHANGE.INI,changed,2166,大帝鎮★★,Material1,29555,29543
EXCHANGE.INI,changed,2166,大帝鎮★★,Material2Count,35,4
EXCHANGE.INI,changed,2166,大帝鎮★★,Name,鬼帝鎧★★,大帝鎮★★
EXCHANGE.INI,changed,2166,大帝鎮★★,Reward1,29556,29544
EXCHANGE.INI,changed,982,武烈春秋刀，消光,Material1,29916,29914
EXCHANGE.INI,changed,982,武烈春秋刀，消光,Name,太伯妙香晷，消光,武烈春秋刀，消光
EXCHANGE.INI,changed,982,武烈春秋刀，消光,Reward1,29926,29924
EXCHANGE.INI,changed,1223,絕天師符咒,Material1,28463,28767
EXCHANGE.INI,changed,1223,絕天師符咒,Name,極天神符咒,絕天師符咒
EXCHANGE.INI,changed,1223,絕天師符咒,Reward1,28194,28587
EXCHANGE.INI,changed,3278,拆解：烈煌靴☆,Material1,28892,28886
EXCHANGE.INI,changed,3278,拆解：烈煌靴☆,Name,拆解：燦煌足☆,拆解：烈煌靴☆
EXCHANGE.INI,changed,685,超．玄宙盛袋禮券,Material1,31874,31871
EXCHANGE.INI,changed,685,超．玄宙盛袋禮券,Name,真玄勇裝錦囊禮券,超．玄宙盛袋禮券
EXCHANGE.INI,changed,685,超．玄宙盛袋禮券,Reward1,31345,31353
EXCHANGE.INI,changed,2300,拆解：慧帝戒★★,Group,135,134
EXCHANGE.INI,changed,2300,拆解：慧帝戒★★,Material1,29550,29538
EXCHANGE.INI,changed,2300,拆解：慧帝戒★★,Name,拆解：鬼帝冠★★,拆解：慧帝戒★★
EXCHANGE.INI,changed,2300,拆解：慧帝戒★★,Reward1,29272,29273
EXCHANGE.INI,changed,2300,拆解：慧帝戒★★,Reward1Count,20,4
EXCHANGE.INI,changed,2314,君諭刀★★★,Material1,29365,29353
EXCHANGE.INI,changed,2314,君諭刀★★★,Name,皇麟扇★★★,君諭刀★★★
EXCHANGE.INI,changed,2314,君諭刀★★★,Reward1,29366,29354
EXCHANGE.INI,changed,2347,鬼帝冠★★★,Material1,29563,29551
EXCHANGE.INI,changed,2347,鬼帝冠★★★,Name,鬼帝臂★★★,鬼帝冠★★★
EXCHANGE.INI,changed,2347,鬼帝冠★★★,Reward1,29564,29552
EXCHANGE.INI,changed,1329,拆解：寂禪鎏裟Ⅰ,Material1,31206,31196
EXCHANGE.INI,changed,1329,拆解：寂禪鎏裟Ⅰ,Name,拆解：天守宙臂Ⅰ,拆解：寂禪鎏裟Ⅰ
EXCHANGE.INI,changed,914,尊號‧加拉爾，開光,Material1,28781,28779
EXCHANGE.INI,changed,914,尊號‧加拉爾，開光,Name,至槍‧岡古尼，開光,尊號‧加拉爾，開光
EXCHANGE.INI,changed,914,尊號‧加拉爾，開光,Reward1,28494,28492
EXCHANGE.INI,changed,1637,拆解：羅將烈槍Ⅴ,Material1,31140,31130
EXCHANGE.INI,changed,1637,拆解：羅將烈槍Ⅴ,Name,拆解：破魔獨錘Ⅴ,拆解：羅將烈槍Ⅴ
EXCHANGE.INI,changed,776,拆解：巽虛仙渦石,Material1,29731,29729
EXCHANGE.INI,changed,776,拆解：巽虛仙渦石,Name,拆解：乾虛仙渦石,拆解：巽虛仙渦石
EXCHANGE.INI,changed,2165,慧帝戒★★,Group,126,125
EXCHANGE.INI,changed,2165,慧帝戒★★,Material1,29549,29537
EXCHANGE.INI,changed,2165,慧帝戒★★,Material2Count,35,4
EXCHANGE.INI,changed,2165,慧帝戒★★,Name,鬼帝冠★★,慧帝戒★★
EXCHANGE.INI,changed,2165,慧帝戒★★,Reward1,29550,29538
EXCHANGE.INI,changed,3293,拆解：柳嗚腕☆,Material1,28975,28969
EXCHANGE.INI,changed,3293,拆解：柳嗚腕☆,Name,拆解：碧隱甲☆,拆解：柳嗚腕☆
EXCHANGE.INI,changed,839,無聲之狂，開光,Material1,29715,29625
EXCHANGE.INI,changed,839,無聲之狂，開光,Material2,23472,29776
EXCHANGE.INI,changed,839,無聲之狂，開光,Name,刁刀，開光,無聲之狂，開光
EXCHANGE.INI,changed,839,無聲之狂，開光,Reward1,29717,29634
EXCHANGE.INI,changed,2011,拆解：道帝簪☆,Material1,29433,29421
EXCHANGE.INI,changed,2011,拆解：道帝簪☆,Name,拆解：劍帝服☆,拆解：道帝簪☆
EXCHANGE.INI,changed,2670,六宇仙器配方錦囊,Material1,31769,31767
EXCHANGE.INI,changed,2670,六宇仙器配方錦囊,Material1Count,2000,200
EXCHANGE.INI,changed,2670,六宇仙器配方錦囊,Name,紫荊王令,六宇仙器配方錦囊
EXCHANGE.INI,changed,2670,六宇仙器配方錦囊,Reward1,31767,31444
EXCHANGE.INI,changed,2022,拆解：禪帝捻☆,Material1,29499,29487
EXCHANGE.INI,changed,2022,拆解：禪帝捻☆,Name,拆解：武帝踏☆,拆解：禪帝捻☆
EXCHANGE.INI,changed,1167,超．玄宙僧裝錦囊,Material1Count,700,1200
EXCHANGE.INI,changed,1167,超．玄宙僧裝錦囊,Name,真．玄宙神兵寶箱,超．玄宙僧裝錦囊
EXCHANGE.INI,changed,1167,超．玄宙僧裝錦囊,Reward1,31343,31359
EXCHANGE.INI,changed,3265,拆解：燦煌帽☆,Material1,28853,28847
EXCHANGE.INI,changed,3265,拆解：燦煌帽☆,Name,拆解：佛煌頂☆,拆解：燦煌帽☆
EXCHANGE.INI,changed,1493,舞星鋁行Ⅳ,Group,82,81
EXCHANGE.INI,changed,1493,舞星鋁行Ⅳ,Material1,31108,31328
EXCHANGE.INI,changed,1493,舞星鋁行Ⅳ,Material1Count,1,3
EXCHANGE.INI,changed,1493,舞星鋁行Ⅳ,Material2,,30673
EXCHANGE.INI,changed,1493,舞星鋁行Ⅳ,Material2Count,,40
EXCHANGE.INI,changed,1493,舞星鋁行Ⅳ,Name,拆解：泰源玉刀Ⅲ,舞星鋁行Ⅳ
EXCHANGE.INI,changed,1493,舞星鋁行Ⅳ,Reward1,29272,31329
EXCHANGE.INI,changed,1493,舞星鋁行Ⅳ,Reward1Count,40,1
EXCHANGE.INI,changed,2718,以太星核錦囊,Material1Count,1,35
EXCHANGE.INI,changed,2718,以太星核錦囊,Name,六道真元錦囊,以太星核錦囊
EXCHANGE.INI,changed,2718,以太星核錦囊,Reward1,26664,31468
EXCHANGE.INI,changed,1850,拆解：狂陽輝冕Ⅱ,Material1,30382,30372
EXCHANGE.INI,changed,1850,拆解：狂陽輝冕Ⅱ,Name,拆解：狂陽赤手Ⅱ,拆解：狂陽輝冕Ⅱ
EXCHANGE.INI,changed,1769,拆解：宿星閃靴Ⅰ,Group,100,99
EXCHANGE.INI,changed,1769,拆解：宿星閃靴Ⅰ,Material1,30207,30601
EXCHANGE.INI,changed,1769,拆解：宿星閃靴Ⅰ,Material1Count,3,1
EXCHANGE.INI,changed,1769,拆解：宿星閃靴Ⅰ,Material2,29272,
EXCHANGE.INI,changed,1769,拆解：宿星閃靴Ⅰ,Material2Count,50,
EXCHANGE.INI,changed,1769,拆解：宿星閃靴Ⅰ,Name,璇蟬鳴刀Ⅲ,拆解：宿星閃靴Ⅰ
EXCHANGE.INI,changed,1769,拆解：宿星閃靴Ⅰ,Reward1,30208,30673
EXCHANGE.INI,changed,2277,拆解：疆嶽盾★★,Group,134,133
EXCHANGE.INI,changed,2277,拆解：疆嶽盾★★,Material1,29412,29400
EXCHANGE.INI,changed,2277,拆解：疆嶽盾★★,Name,拆解：武帝盔★★,拆解：疆嶽盾★★
EXCHANGE.INI,changed,2277,拆解：疆嶽盾★★,Reward1Count,4,10
EXCHANGE.INI,changed,788,拆解：魔土仙法陣,Material1,29709,29707
EXCHANGE.INI,changed,788,拆解：魔土仙法陣,Name,拆解：魔風仙法陣,拆解：魔土仙法陣
EXCHANGE.INI,changed,3184,進化→戰煌臂☆,Material1,28420,28414
EXCHANGE.INI,changed,3184,進化→戰煌臂☆,Name,進化→道煌擎☆,進化→戰煌臂☆
EXCHANGE.INI,changed,3184,進化→戰煌臂☆,Reward1,28880,28874
EXCHANGE.INI,changed,2064,武帝掌★☆,Material1,29482,29470
EXCHANGE.INI,changed,2064,武帝掌★☆,Name,道帝袖★☆,武帝掌★☆
EXCHANGE.INI,changed,2064,武帝掌★☆,Reward1,29483,29471
EXCHANGE.INI,changed,1631,拆解：舞星鋁行Ⅳ,Group,91,90
EXCHANGE.INI,changed,1631,拆解：舞星鋁行Ⅳ,Material1,31110,31329
EXCHANGE.INI,changed,1631,拆解：舞星鋁行Ⅳ,Name,拆解：泰源玉刀Ⅴ,拆解：舞星鋁行Ⅳ
EXCHANGE.INI,changed,1631,拆解：舞星鋁行Ⅳ,Reward1,29272,30673
EXCHANGE.INI,changed,1631,拆解：舞星鋁行Ⅳ,Reward1Count,50,14
EXCHANGE.INI,changed,956,阿瑞斯霸槍，開光,Material1,26499,26497
EXCHANGE.INI,changed,956,阿瑞斯霸槍，開光,Name,赫菲煉炎錘，開光,阿瑞斯霸槍，開光
EXCHANGE.INI,changed,956,阿瑞斯霸槍，開光,Reward1,26294,26292
EXCHANGE.INI,changed,1659,拆解：光術疾履Ⅴ,Material1,31250,31240
EXCHANGE.INI,changed,1659,拆解：光術疾履Ⅴ,Name,拆解：寂禪矜足Ⅴ,拆解：光術疾履Ⅴ
EXCHANGE.INI,changed,3054,鬥星脛★★★,Material1,28434,28428
EXCHANGE.INI,changed,3054,鬥星脛★★★,Name,星蹤履★★★,鬥星脛★★★
EXCHANGE.INI,changed,3054,鬥星脛★★★,Reward1,28435,28429
EXCHANGE.INI,changed,3061,星玄卦★★★,Group,184,183
EXCHANGE.INI,changed,3061,星玄卦★★★,Material1,28533,28449
EXCHANGE.INI,changed,3061,星玄卦★★★,Material2Count,18,2
EXCHANGE.INI,changed,3061,星玄卦★★★,Name,星兇鎧★★★,星玄卦★★★
EXCHANGE.INI,changed,3061,星玄卦★★★,Reward1,28534,28450
EXCHANGE.INI,changed,3198,進化→鬼兇鎧☆,Material1,28540,28534
EXCHANGE.INI,changed,3198,進化→鬼兇鎧☆,Name,進化→鬼兇靴☆,進化→鬼兇鎧☆
EXCHANGE.INI,changed,3198,進化→鬼兇鎧☆,Reward1,28960,28954
EXCHANGE.INI,changed,719,禍世螟蝗錦囊禮券,Material1,31594,31603
EXCHANGE.INI,changed,719,禍世螟蝗錦囊禮券,Name,神旭勇裝錦囊禮券,禍世螟蝗錦囊禮券
EXCHANGE.INI,changed,719,禍世螟蝗錦囊禮券,Reward1,30473,31495
EXCHANGE.INI,changed,719,禍世螟蝗錦囊禮券,Reward1Count,1,5
EXCHANGE.INI,changed,1211,真．旭品特仕裝箱,Material1Count,3,5
EXCHANGE.INI,changed,1211,真．旭品特仕裝箱,Material2Count,3,5
EXCHANGE.INI,changed,1211,真．旭品特仕裝箱,Material3Count,25,50
EXCHANGE.INI,changed,1211,真．旭品特仕裝箱,Name,旭品特仕裝箱,真．旭品特仕裝箱
EXCHANGE.INI,changed,1211,真．旭品特仕裝箱,Reward1,30433,30444
EXCHANGE.INI,changed,1525,拆解：誅仙御鐸Ⅲ,Material1,31268,31258
EXCHANGE.INI,changed,1525,拆解：誅仙御鐸Ⅲ,Name,拆解：龍之印信Ⅲ,拆解：誅仙御鐸Ⅲ
EXCHANGE.INI,changed,1827,拆解：勇將旭盔Ⅱ,Material1,30267,30257
EXCHANGE.INI,changed,1827,拆解：勇將旭盔Ⅱ,Name,拆解：道清旭綸Ⅱ,拆解：勇將旭盔Ⅱ
EXCHANGE.INI,changed,1835,拆解：禪臺旭袈Ⅱ,Material1,30307,30297
EXCHANGE.INI,changed,1835,拆解：禪臺旭袈Ⅱ,Name,拆解：勇將旭掌Ⅱ,拆解：禪臺旭袈Ⅱ
EXCHANGE.INI,changed,3331,地煌珠☆☆☆,Group,202,201
EXCHANGE.INI,changed,3331,地煌珠☆☆☆,Material1,28955,28911
EXCHANGE.INI,changed,3331,地煌珠☆☆☆,Material2Count,36,2
EXCHANGE.INI,changed,3331,地煌珠☆☆☆,Name,鬼兇鎧☆☆☆,地煌珠☆☆☆
EXCHANGE.INI,changed,3331,地煌珠☆☆☆,Reward1,28956,28912
EXCHANGE.INI,changed,1566,天衛宙脛Ⅴ,Material1,31244,31234
EXCHANGE.INI,changed,1566,天衛宙脛Ⅴ,Name,辰道玄鞋Ⅴ,天衛宙脛Ⅴ
EXCHANGE.INI,changed,1566,天衛宙脛Ⅴ,Reward1,31245,31235
EXCHANGE.INI,changed,2549,交換虞小梅降神,Group,157,156
EXCHANGE.INI,changed,2549,交換虞小梅降神,Material1,31893,31827
EXCHANGE.INI,changed,2549,交換虞小梅降神,Material1Count,1,2
EXCHANGE.INI,changed,2549,交換虞小梅降神,Name,寂滅淨元交易,交換虞小梅降神
EXCHANGE.INI,changed,2549,交換虞小梅降神,Reward1,29271,31831
EXCHANGE.INI,changed,1022,煌刀瑟‧凱布，消光,Material1,29004,29002
EXCHANGE.INI,changed,1022,煌刀瑟‧凱布，消光,Name,冥鎌歐‧西斯，消光,煌刀瑟‧凱布，消光
EXCHANGE.INI,changed,1022,煌刀瑟‧凱布，消光,Reward1,29017,29015
EXCHANGE.INI,changed,3435,蠔油旋麵炒,Name,新市排骨飯,蠔油旋麵炒
EXCHANGE.INI,changed,3435,蠔油旋麵炒,Reward1,31414,31724
EXCHANGE.INI,changed,1670,拆解：凜月冪巾Ⅴ,Material1,31305,31295
EXCHANGE.INI,changed,1670,拆解：凜月冪巾Ⅴ,Name,拆解：凜月影束Ⅴ,拆解：凜月冪巾Ⅴ
EXCHANGE.INI,changed,1310,拆解：宮殤別劍Ⅰ,Material1,31111,31101
EXCHANGE.INI,changed,1310,拆解：宮殤別劍Ⅰ,Name,拆解：獵仙飛索Ⅰ,拆解：宮殤別劍Ⅰ
EXCHANGE.INI,changed,2315,龍掣爪★★★,Material1,29371,29359
EXCHANGE.INI,changed,2315,龍掣爪★★★,Name,御天杖★★★,龍掣爪★★★
EXCHANGE.INI,changed,2315,龍掣爪★★★,Reward1,29372,29360
EXCHANGE.INI,changed,2887,秘笈：般若懺,Material1,29650,29648
EXCHANGE.INI,changed,2887,秘笈：般若懺,Name,秘笈：刀以毀滅,秘笈：般若懺
EXCHANGE.INI,changed,2206,拆解：道帝行★☆,Material1,29525,29513
EXCHANGE.INI,changed,2206,拆解：道帝行★☆,Name,拆解：宇帝珮★☆,拆解：道帝行★☆
EXCHANGE.INI,changed,2089,拆解：君諭刀★,Material1,29362,29350
EXCHANGE.INI,changed,2089,拆解：君諭刀★,Name,拆解：皇麟扇★,拆解：君諭刀★
EXCHANGE.INI,changed,1986,大帝鎮★,Group,114,113
EXCHANGE.INI,changed,1986,大帝鎮★,Material1,29553,29541
EXCHANGE.INI,changed,1986,大帝鎮★,Material2Count,10,1
EXCHANGE.INI,changed,1986,大帝鎮★,Name,鬼帝鎧★,大帝鎮★
EXCHANGE.INI,changed,1986,大帝鎮★,Reward1,29554,29542
EXCHANGE.INI,changed,1892,拆解：龍韜簾綴Ⅲ,Material1,30363,30353
EXCHANGE.INI,changed,1892,拆解：龍韜簾綴Ⅲ,Name,拆解：七色蓮寶Ⅲ,拆解：龍韜簾綴Ⅲ
EXCHANGE.INI,changed,783,拆解：巽風仙太極,Material1,29723,29721
EXCHANGE.INI,changed,783,拆解：巽風仙太極,Name,拆解：乾天仙太極,拆解：巽風仙太極
EXCHANGE.INI,changed,1502,拆解：方舟舵斧Ⅲ,Group,83,82
EXCHANGE.INI,changed,1502,拆解：方舟舵斧Ⅲ,Material1,31153,31143
EXCHANGE.INI,changed,1502,拆解：方舟舵斧Ⅲ,Name,拆解：宇鋒颺頂Ⅲ,拆解：方舟舵斧Ⅲ
EXCHANGE.INI,changed,1502,拆解：方舟舵斧Ⅲ,Reward1,29273,29272
EXCHANGE.INI,changed,1703,劍豪旭靴Ⅱ,Material1,30336,30326
EXCHANGE.INI,changed,1703,劍豪旭靴Ⅱ,Name,術凌旭步Ⅱ,劍豪旭靴Ⅱ
EXCHANGE.INI,changed,1703,劍豪旭靴Ⅱ,Reward1,30337,30327
EXCHANGE.INI,changed,2216,拆解：黃月巾★☆,Material1,29585,29573
EXCHANGE.INI,changed,2216,拆解：黃月巾★☆,Name,拆解：黃鳴腕★☆,拆解：黃月巾★☆
EXCHANGE.INI,changed,2826,無心之痴,Material1,29617,29633
EXCHANGE.INI,changed,2826,無心之痴,Name,般若（消光）,無心之痴
EXCHANGE.INI,changed,2396,拆解：黃月巾★★☆,Material1,29587,29575
EXCHANGE.INI,changed,2396,拆解：黃月巾★★☆,Name,拆解：黃鳴腕★★☆,拆解：黃月巾★★☆
EXCHANGE.INI,changed,745,拆解：守一仙領域,Material1,29937,30971
EXCHANGE.INI,changed,745,拆解：守一仙領域,Name,拆解：普信仙鐘譜,拆解：守一仙領域
EXCHANGE.INI,changed,745,拆解：守一仙領域,Reward1Count,15,25
EXCHANGE.INI,changed,769,拆解：奇解仙氣域,Material1,23069,29833
EXCHANGE.INI,changed,769,拆解：奇解仙氣域,Name,拆解：溯時仙沙漏,拆解：奇解仙氣域
EXCHANGE.INI,changed,769,拆解：奇解仙氣域,Reward1Count,5,6
EXCHANGE.INI,changed,2859,三恆曌世,Material1,29631,29629
EXCHANGE.INI,changed,2859,三恆曌世,Name,斬魔錄拂塵,三恆曌世
EXCHANGE.INI,changed,1094,武魂：張飛,Group,55,54
EXCHANGE.INI,changed,1094,武魂：張飛,Material1,27236,31654
EXCHANGE.INI,changed,1094,武魂：張飛,Material1Count,1,30
EXCHANGE.INI,changed,1094,武魂：張飛,Name,拆解：新星之火魄刀,武魂：張飛
EXCHANGE.INI,changed,1094,武魂：張飛,Reward1,27198,30834
EXCHANGE.INI,changed,1094,武魂：張飛,Reward1Count,8,1
EXCHANGE.INI,changed,2981,奇行裟★★,Group,179,178
EXCHANGE.INI,changed,2981,奇行裟★★,Material1,28349,28556
EXCHANGE.INI,changed,2981,奇行裟★★,Material1Count,1,3
EXCHANGE.INI,changed,2981,奇行裟★★,Material2,,27978
EXCHANGE.INI,changed,2981,奇行裟★★,Material2Count,,9
EXCHANGE.INI,changed,2981,奇行裟★★,Name,拆解：星守劍★,奇行裟★★
EXCHANGE.INI,changed,2981,奇行裟★★,Reward1,28634,28557
EXCHANGE.INI,changed,2981,奇行裟★★,Reward1Count,3,1
EXCHANGE.INI,changed,2780,無心之痴,Material1Count,50,100
EXCHANGE.INI,changed,2780,無心之痴,Name,秘笈：天問三誓,無心之痴
EXCHANGE.INI,changed,2780,無心之痴,Reward1,29635,29633
EXCHANGE.INI,changed,2878,秘笈：君子風,Material1,29641,29639
EXCHANGE.INI,changed,2878,秘笈：君子風,Name,秘笈：一氣動山河,秘笈：君子風
EXCHANGE.INI,changed,2984,拆解：流螢斬★,Material1,28358,28352
EXCHANGE.INI,changed,2984,拆解：流螢斬★,Name,拆解：衡星斗★,拆解：流螢斬★
EXCHANGE.INI,changed,744,拆解：重力平衡器,Material1,30610,31574
EXCHANGE.INI,changed,744,拆解：重力平衡器,Name,拆解：六脈仙吟賦,拆解：重力平衡器
EXCHANGE.INI,changed,744,拆解：重力平衡器,Reward1Count,20,30
EXCHANGE.INI,changed,2400,拆解：皇影甲★★☆,Material1,29611,29599
EXCHANGE.INI,changed,2400,拆解：皇影甲★★☆,Name,拆解：君星靴★★☆,拆解：皇影甲★★☆
EXCHANGE.INI,changed,2189,拆解：武帝盔★☆,Material1,29423,29411
EXCHANGE.INI,changed,2189,拆解：武帝盔★☆,Name,拆解：道帝簪★☆,拆解：武帝盔★☆
EXCHANGE.INI,changed,2325,幻帝面★★★,Material1,29431,29419
EXCHANGE.INI,changed,2325,幻帝面★★★,Name,禪帝頂★★★,幻帝面★★★
EXCHANGE.INI,changed,2325,幻帝面★★★,Reward1,29432,29420
EXCHANGE.INI,changed,1241,附靈法紙轉天神符咒,Name,附靈法紙轉天師符咒,附靈法紙轉天神符咒
EXCHANGE.INI,changed,1241,附靈法紙轉天神符咒,Reward1,21828,27830
EXCHANGE.INI,changed,891,督都印信換錦囊,Group,43,42
EXCHANGE.INI,changed,891,督都印信換錦囊,Material1,21405,21407
EXCHANGE.INI,changed,891,督都印信換錦囊,Material1Count,5,1
EXCHANGE.INI,changed,891,督都印信換錦囊,Name,修羅鬼輪,督都印信換錦囊
EXCHANGE.INI,changed,891,督都印信換錦囊,Reward1,20979,21449
EXCHANGE.INI,changed,2952,釋星頂★★,Material1,28397,28391
EXCHANGE.INI,changed,2952,釋星頂★★,Name,鬥星鎧★★,釋星頂★★
EXCHANGE.INI,changed,2952,釋星頂★★,Reward1,28398,28392
EXCHANGE.INI,changed,2186,拆解：河山斧★☆,Group,128,127
EXCHANGE.INI,changed,2186,拆解：河山斧★☆,Material1,29405,29393
EXCHANGE.INI,changed,2186,拆解：河山斧★☆,Name,拆解：劍帝冕★☆,拆解：河山斧★☆
EXCHANGE.INI,changed,2186,拆解：河山斧★☆,Reward1Count,3,8
EXCHANGE.INI,changed,2273,拆解：權霸槍★★,Material1,29388,29376
EXCHANGE.INI,changed,2273,拆解：權霸槍★★,Name,拆解：界王錘★★,拆解：權霸槍★★
EXCHANGE.INI,changed,2683,神．玄宙特仕裝箱,Material1Count,1000,2000
EXCHANGE.INI,changed,2683,神．玄宙特仕裝箱,Name,神．玄宙劍裝錦囊,神．玄宙特仕裝箱
EXCHANGE.INI,changed,2683,神．玄宙特仕裝箱,Reward1,31377,31382
EXCHANGE.INI,changed,3008,拆解：星鋒靴★,Material1,28430,28424
EXCHANGE.INI,changed,3008,拆解：星鋒靴★,Name,拆解：遊星足★,拆解：星鋒靴★
EXCHANGE.INI,changed,2131,拆解：神無袈★,Group,124,123
EXCHANGE.INI,changed,2131,拆解：神無袈★,Material1,29345,29602
EXCHANGE.INI,changed,2131,拆解：神無袈★,Material1Count,3,1
EXCHANGE.INI,changed,2131,拆解：神無袈★,Material2,29272,
EXCHANGE.INI,changed,2131,拆解：神無袈★,Material2Count,10,
EXCHANGE.INI,changed,2131,拆解：神無袈★,Name,帝詔劍★★,拆解：神無袈★
EXCHANGE.INI,changed,2131,拆解：神無袈★,Reward1,29346,29272
EXCHANGE.INI,changed,2131,拆解：神無袈★,Reward1Count,1,10
EXCHANGE.INI,changed,1745,拆解：勇將旭掌Ⅰ,Material1,30316,30306
EXCHANGE.INI,changed,1745,拆解：勇將旭掌Ⅰ,Name,拆解：道清旭袖Ⅰ,拆解：勇將旭掌Ⅰ
EXCHANGE.INI,changed,1297,龍之印信Ⅱ,Group,69,68
EXCHANGE.INI,changed,1297,龍之印信Ⅱ,Material1,31276,31266
EXCHANGE.INI,changed,1297,龍之印信Ⅱ,Material2,30673,29272
EXCHANGE.INI,changed,1297,龍之印信Ⅱ,Material2Count,20,45
EXCHANGE.INI,changed,1297,龍之印信Ⅱ,Name,騰陽雄鎧Ⅱ,龍之印信Ⅱ
EXCHANGE.INI,changed,1297,龍之印信Ⅱ,Reward1,31277,31267
EXCHANGE.INI,changed,1541,泰源玉刀Ⅴ,Material1,31119,31109
EXCHANGE.INI,changed,1541,泰源玉刀Ⅴ,Name,塹淵幽柄Ⅴ,泰源玉刀Ⅴ
EXCHANGE.INI,changed,1541,泰源玉刀Ⅴ,Reward1,31120,31110
EXCHANGE.INI,changed,2274,拆解：傾城棍★★,Material1,29394,29382
EXCHANGE.INI,changed,2274,拆解：傾城棍★★,Name,拆解：河山斧★★,拆解：傾城棍★★
EXCHANGE.INI,changed,3343,拆解：北冕劍☆☆,Material1,28818,28812
EXCHANGE.INI,changed,3343,拆解：北冕劍☆☆,Name,拆解：宗正裁☆☆,拆解：北冕劍☆☆
EXCHANGE.INI,changed,2033,拆解：鬼帝鎧☆,Material1,29565,29553
EXCHANGE.INI,changed,2033,拆解：鬼帝鎧☆,Name,拆解：鬼帝道☆,拆解：鬼帝鎧☆
EXCHANGE.INI,changed,3445,紅蟳珍米糕,Name,羡燙香魚丸,紅蟳珍米糕
EXCHANGE.INI,changed,3445,紅蟳珍米糕,Reward1,30660,30550
EXCHANGE.INI,changed,2249,武帝踏★★☆,Material1,29514,29502
EXCHANGE.INI,changed,2249,武帝踏★★☆,Name,道帝行★★☆,武帝踏★★☆
EXCHANGE.INI,changed,2249,武帝踏★★☆,Reward1,29515,29503
EXCHANGE.INI,changed,1735,拆解：勇將旭盔Ⅰ,Material1,30266,30256
EXCHANGE.INI,changed,1735,拆解：勇將旭盔Ⅰ,Name,拆解：道清旭綸Ⅰ,拆解：勇將旭盔Ⅰ
EXCHANGE.INI,changed,3090,拆解：遊星衣★★,Material1,28407,28401
EXCHANGE.INI,changed,3090,拆解：遊星衣★★,Name,拆解：釋星袈★★,拆解：遊星衣★★
EXCHANGE.INI,changed,1166,超．玄宙道裝錦囊,Material1Count,1000,1200
EXCHANGE.INI,changed,1166,超．玄宙道裝錦囊,Name,真．玄宙特仕裝箱,超．玄宙道裝錦囊
EXCHANGE.INI,changed,1166,超．玄宙道裝錦囊,Reward1,31349,31358
EXCHANGE.INI,changed,1634,拆解：獵仙飛索Ⅴ,Material1,31125,31115
EXCHANGE.INI,changed,1634,拆解：獵仙飛索Ⅴ,Name,拆解：渡鴉瞳杖Ⅴ,拆解：獵仙飛索Ⅴ
EXCHANGE.INI,changed,1424,拆解：光術快手Ⅱ,Material1,31222,31212
EXCHANGE.INI,changed,1424,拆解：光術快手Ⅱ,Name,拆解：寂禪若持Ⅱ,拆解：光術快手Ⅱ
EXCHANGE.INI,changed,1261,真宗白符轉戰神戰符,Name,真宗白符轉修羅戰符,真宗白符轉戰神戰符
EXCHANGE.INI,changed,1261,真宗白符轉戰神戰符,Reward1,24298,24297
EXCHANGE.INI,changed,692,姬風錦囊禮券,Material1,31703,31705
EXCHANGE.INI,changed,692,姬風錦囊禮券,Name,蘇童顏錦囊禮券,姬風錦囊禮券
EXCHANGE.INI,changed,692,姬風錦囊禮券,Reward1,31697,31699
EXCHANGE.INI,changed,1931,進化→道帝袖☆,Material1,28888,28882
EXCHANGE.INI,changed,1931,進化→道帝袖☆,Name,進化→劍帝履☆,進化→道帝袖☆
EXCHANGE.INI,changed,1931,進化→道帝袖☆,Reward1,29493,29481
EXCHANGE.INI,changed,1345,拆解：騰陽雄鎧Ⅰ,Material1,31286,31276
EXCHANGE.INI,changed,1345,拆解：騰陽雄鎧Ⅰ,Name,拆解：騰陽巍立Ⅰ,拆解：騰陽雄鎧Ⅰ
EXCHANGE.INI,changed,2107,拆解：禪帝衲★,Material1,29470,29458
EXCHANGE.INI,changed,2107,拆解：禪帝衲★,Name,拆解：武帝掌★,拆解：禪帝衲★
EXCHANGE.INI,changed,2478,創神聖鑽錦囊,Material1Count,1,4
EXCHANGE.INI,changed,2478,創神聖鑽錦囊,Name,武冠兵甲摸彩券,創神聖鑽錦囊
EXCHANGE.INI,changed,2478,創神聖鑽錦囊,Reward1,29971,29054
EXCHANGE.INI,changed,2074,羲帝綴★☆,Material1,29542,29530
EXCHANGE.INI,changed,2074,羲帝綴★☆,Name,大帝鎮★☆,羲帝綴★☆
EXCHANGE.INI,changed,2074,羲帝綴★☆,Reward1,29543,29531
EXCHANGE.INI,changed,1042,滅裂曉光刀，消光,Material1,30614,30612
EXCHANGE.INI,changed,1042,滅裂曉光刀，消光,Name,冰輪夢蜃扇，消光,滅裂曉光刀，消光
EXCHANGE.INI,changed,1042,滅裂曉光刀，消光,Reward1,30624,30622
EXCHANGE.INI,changed,1477,寂禪矜足Ⅳ,Material1,31258,31248
EXCHANGE.INI,changed,1477,寂禪矜足Ⅳ,Name,誅仙御鐸Ⅳ,寂禪矜足Ⅳ
EXCHANGE.INI,changed,1477,寂禪矜足Ⅳ,Reward1,31259,31249
EXCHANGE.INI,changed,2745,明源雷棲紋,Name,赫居新羅結,明源雷棲紋
EXCHANGE.INI,changed,2745,明源雷棲紋,Reward1,29936,30609
EXCHANGE.INI,changed,1988,鬼帝鎧★,Material1,29565,29553
EXCHANGE.INI,changed,1988,鬼帝鎧★,Name,鬼帝道★,鬼帝鎧★
EXCHANGE.INI,changed,1988,鬼帝鎧★,Reward1,29566,29554
EXCHANGE.INI,changed,1405,拆解：塹淵幽柄Ⅱ,Material1,31127,31117
EXCHANGE.INI,changed,1405,拆解：塹淵幽柄Ⅱ,Name,拆解：羅將烈槍Ⅱ,拆解：塹淵幽柄Ⅱ
EXCHANGE.INI,changed,2978,煌嗚腕★★,Material1,28553,28547
EXCHANGE.INI,changed,2978,煌嗚腕★★,Name,奇隱甲★★,煌嗚腕★★
EXCHANGE.INI,changed,2978,煌嗚腕★★,Reward1,28554,28548
EXCHANGE.INI,changed,948,六爻初陽錘，消光,Material1,26793,26791
EXCHANGE.INI,changed,948,六爻初陽錘，消光,Name,八卦形意盾，消光,六爻初陽錘，消光
EXCHANGE.INI,changed,948,六爻初陽錘，消光,Reward1,26967,26965
EXCHANGE.INI,changed,1663,拆解：誅仙御鐸Ⅴ,Material1,31270,31260
EXCHANGE.INI,changed,1663,拆解：誅仙御鐸Ⅴ,Name,拆解：龍之印信Ⅴ,拆解：誅仙御鐸Ⅴ
EXCHANGE.INI,changed,1695,術凌旭服Ⅱ,Material1,30296,30286
EXCHANGE.INI,changed,1695,術凌旭服Ⅱ,Name,禪臺旭袈Ⅱ,術凌旭服Ⅱ
EXCHANGE.INI,changed,1695,術凌旭服Ⅱ,Reward1,30297,30287
EXCHANGE.INI,changed,3141,拆解：星蹤手★★★,Material1,28426,28420
EXCHANGE.INI,changed,3141,拆解：星蹤手★★★,Name,拆解：星鋒靴★★★,拆解：星蹤手★★★
EXCHANGE.INI,changed,3387,拆解：碧星靴☆☆,Group,206,205
EXCHANGE.INI,changed,3387,拆解：碧星靴☆☆,Material1,28816,28982
EXCHANGE.INI,changed,3387,拆解：碧星靴☆☆,Name,拆解：武座刃☆☆☆,拆解：碧星靴☆☆
EXCHANGE.INI,changed,3387,拆解：碧星靴☆☆,Reward1Count,9,18
EXCHANGE.INI,changed,2382,拆解：禪帝捻★★☆,Material1,29503,29491
EXCHANGE.INI,changed,2382,拆解：禪帝捻★★☆,Name,拆解：武帝踏★★☆,拆解：禪帝捻★★☆
EXCHANGE.INI,changed,2794,秘笈：心劍,Name,秘笈：劍以創生,秘笈：心劍
EXCHANGE.INI,changed,2794,秘笈：心劍,Reward1,29649,29647
EXCHANGE.INI,changed,2057,禪帝頂★☆,Material1,29440,29428
EXCHANGE.INI,changed,2057,禪帝頂★☆,Name,武帝胄★☆,禪帝頂★☆
EXCHANGE.INI,changed,2057,禪帝頂★☆,Reward1,29441,29429
EXCHANGE.INI,changed,1086,武魂：白樺,Name,武魂：關羽,武魂：白樺
EXCHANGE.INI,changed,1086,武魂：白樺,Reward1,30833,30831
EXCHANGE.INI,changed,3153,拆解：星兇鎧★★★,Material1,28540,28534
EXCHANGE.INI,changed,3153,拆解：星兇鎧★★★,Name,拆解：星兇靴★★★,拆解：星兇鎧★★★
EXCHANGE.INI,changed,3130,拆解：遊星箍★★★,Material1,28393,28387
EXCHANGE.INI,changed,3130,拆解：遊星箍★★★,Name,拆解：釋星頂★★★,拆解：遊星箍★★★
EXCHANGE.INI,changed,3263,拆解：烈煌兜☆,Material1,28847,28841
EXCHANGE.INI,changed,3263,拆解：烈煌兜☆,Name,拆解：燦煌帽☆,拆解：烈煌兜☆
EXCHANGE.INI,changed,705,燕起錦囊禮券,Material1,31591,31598
EXCHANGE.INI,changed,705,燕起錦囊禮券,Name,玉旭紀念裝箱禮券,燕起錦囊禮券
EXCHANGE.INI,changed,705,燕起錦囊禮券,Reward1,31592,30912
EXCHANGE.INI,changed,705,燕起錦囊禮券,Reward1Count,1,5
EXCHANGE.INI,changed,3222,佛煌頂☆☆,Material1,28859,28853
EXCHANGE.INI,changed,3222,佛煌頂☆☆,Name,戰煌鎧☆☆,佛煌頂☆☆
EXCHANGE.INI,changed,3222,佛煌頂☆☆,Reward1,28860,28854
EXCHANGE.INI,changed,2921,進化→星蹤履★,Material1,27732,27718
EXCHANGE.INI,changed,2921,進化→星蹤履★,Name,進化→星龍珠★,進化→星蹤履★
EXCHANGE.INI,changed,2921,進化→星蹤履★,Reward1,28439,28433
EXCHANGE.INI,changed,2068,劍帝履★☆,Material1,29506,29494
EXCHANGE.INI,changed,2068,劍帝履★☆,Name,幻帝步★☆,劍帝履★☆
EXCHANGE.INI,changed,2068,劍帝履★☆,Reward1,29507,29495
EXCHANGE.INI,changed,2334,武帝掌★★★,Material1,29485,29473
EXCHANGE.INI,changed,2334,武帝掌★★★,Name,道帝袖★★★,武帝掌★★★
EXCHANGE.INI,changed,2334,武帝掌★★★,Reward1,29486,29474
EXCHANGE.INI,changed,2618,降神：趙活之魂,Name,降神：唐默鈴之魂,降神：趙活之魂
EXCHANGE.INI,changed,2618,降神：趙活之魂,Reward1,31829,31827
EXCHANGE.INI,changed,2345,慧帝戒★★★,Group,138,137
EXCHANGE.INI,changed,2345,慧帝戒★★★,Material1,29551,29539
EXCHANGE.INI,changed,2345,慧帝戒★★★,Material2Count,70,6
EXCHANGE.INI,changed,2345,慧帝戒★★★,Name,鬼帝冠★★★,慧帝戒★★★
EXCHANGE.INI,changed,2345,慧帝戒★★★,Reward1,29552,29540
EXCHANGE.INI,changed,1727,拆解：絃霧靈拂Ⅰ,Material1,30226,30216
EXCHANGE.INI,changed,1727,拆解：絃霧靈拂Ⅰ,Name,拆解：赤鴉裂槍Ⅰ,拆解：絃霧靈拂Ⅰ
EXCHANGE.INI,changed,1641,拆解：古主臨盾Ⅴ,Group,92,91
EXCHANGE.INI,changed,1641,拆解：古主臨盾Ⅴ,Material1,31160,31150
EXCHANGE.INI,changed,1641,拆解：古主臨盾Ⅴ,Name,拆解：天衛宙盔Ⅴ,拆解：古主臨盾Ⅴ
EXCHANGE.INI,changed,1641,拆解：古主臨盾Ⅴ,Reward1,29273,29272
EXCHANGE.INI,changed,3223,烈煌冑☆☆,Material1,28862,28856
EXCHANGE.INI,changed,3223,烈煌冑☆☆,Name,燦煌衣☆☆,烈煌冑☆☆
EXCHANGE.INI,changed,3223,烈煌冑☆☆,Reward1,28863,28857
EXCHANGE.INI,changed,910,怪物斥侯石牌,Group,46,45
EXCHANGE.INI,changed,910,怪物斥侯石牌,Material1,28777,21401
EXCHANGE.INI,changed,910,怪物斥侯石牌,Material2,28634,
EXCHANGE.INI,changed,910,怪物斥侯石牌,Material2Count,50,
EXCHANGE.INI,changed,910,怪物斥侯石牌,Material3,26368,
EXCHANGE.INI,changed,910,怪物斥侯石牌,Material3Count,200,
EXCHANGE.INI,changed,910,怪物斥侯石牌,Name,滅刃‧達因斯，開光,怪物斥侯石牌
EXCHANGE.INI,changed,910,怪物斥侯石牌,Reward1,28490,21400
EXCHANGE.INI,changed,910,怪物斥侯石牌,Reward1Count,1,4
EXCHANGE.INI,changed,2209,拆解：羲帝綴★☆,Material1,29543,29531
EXCHANGE.INI,changed,2209,拆解：羲帝綴★☆,Name,拆解：大帝鎮★☆,拆解：羲帝綴★☆
EXCHANGE.INI,changed,1125,拆解：新星之龍戒,Material1,27346,27344
EXCHANGE.INI,changed,1125,拆解：新星之龍戒,Name,拆解：新星之雀環,拆解：新星之龍戒
EXCHANGE.INI,changed,688,真玄術裝錦囊禮券,Material1,31877,31875
EXCHANGE.INI,changed,688,真玄術裝錦囊禮券,Name,真玄僧裝錦囊禮券,真玄術裝錦囊禮券
EXCHANGE.INI,changed,688,真玄術裝錦囊禮券,Reward1,31348,31346
EXCHANGE.INI,changed,1350,拆解：凜月影束Ⅰ,Material1,31311,31301
EXCHANGE.INI,changed,1350,拆解：凜月影束Ⅰ,Name,拆解：舞星釩兜Ⅰ,拆解：凜月影束Ⅰ
EXCHANGE.INI,changed,894,惡鬼鼎,Group,44,43
EXCHANGE.INI,changed,894,惡鬼鼎,Material1,29198,21405
EXCHANGE.INI,changed,894,惡鬼鼎,Material1Count,3,5
EXCHANGE.INI,changed,894,惡鬼鼎,Material2,29272,
EXCHANGE.INI,changed,894,惡鬼鼎,Material2Count,30,
EXCHANGE.INI,changed,894,惡鬼鼎,Name,神州真勁頭巾,惡鬼鼎
EXCHANGE.INI,changed,894,惡鬼鼎,Reward1,29781,21596
EXCHANGE.INI,changed,1615,拆解：寂禪矜足Ⅳ,Material1,31259,31249
EXCHANGE.INI,changed,1615,拆解：寂禪矜足Ⅳ,Name,拆解：誅仙御鐸Ⅳ,拆解：寂禪矜足Ⅳ
EXCHANGE.INI,changed,1222,絕狂戰符咒,Name,絕幻煞符咒,絕狂戰符咒
EXCHANGE.INI,changed,1222,絕狂戰符咒,Reward1,28588,28586
EXCHANGE.INI,changed,2500,創神聖鑽錦囊,Material1Count,2,8
EXCHANGE.INI,changed,2500,創神聖鑽錦囊,Name,武冠兵甲摸彩券,創神聖鑽錦囊
EXCHANGE.INI,changed,2500,創神聖鑽錦囊,Reward1,29971,29054
EXCHANGE.INI,changed,3258,拆解：貫索槍☆,Material1,28832,28826
EXCHANGE.INI,changed,3258,拆解：貫索槍☆,Name,拆解：侯欽錘☆,拆解：貫索槍☆
EXCHANGE.INI,changed,1485,騰陽巍立Ⅳ,Material1,31298,31288
EXCHANGE.INI,changed,1485,騰陽巍立Ⅳ,Name,凜月霜襟Ⅳ,騰陽巍立Ⅳ
EXCHANGE.INI,changed,1485,騰陽巍立Ⅳ,Reward1,31299,31289
EXCHANGE.INI,changed,2617,秘笈：蒼龍吟,Material1Count,1,50
EXCHANGE.INI,changed,2617,秘笈：蒼龍吟,Name,降神：唐布衣之魂,秘笈：蒼龍吟
EXCHANGE.INI,changed,2617,秘笈：蒼龍吟,Reward1,31828,31825
EXCHANGE.INI,changed,2617,秘笈：蒼龍吟,Reward1Count,30,1
EXCHANGE.INI,changed,2703,千江神謳章,Material1Count,550,650
EXCHANGE.INI,changed,2703,千江神謳章,Name,項莊蓋世令,千江神謳章
EXCHANGE.INI,changed,2703,千江神謳章,Reward1,29676,29935
EXCHANGE.INI,changed,2719,創神聖鑽錦囊,Material1Count,1,4
EXCHANGE.INI,changed,2719,創神聖鑽錦囊,Name,武冠兵甲摸彩券,創神聖鑽錦囊
EXCHANGE.INI,changed,2719,創神聖鑽錦囊,Reward1,29971,29054
EXCHANGE.INI,changed,1210,超．旭品武防綢袋,Material1Count,100,200
EXCHANGE.INI,changed,1210,超．旭品武防綢袋,Material2Count,100,200
EXCHANGE.INI,changed,1210,超．旭品武防綢袋,Material3Count,100,200
EXCHANGE.INI,changed,1210,超．旭品武防綢袋,Material4Count,10,20
EXCHANGE.INI,changed,1210,超．旭品武防綢袋,Name,真．旭品武防綢袋,超．旭品武防綢袋
EXCHANGE.INI,changed,1210,超．旭品武防綢袋,Reward1,30437,30448
EXCHANGE.INI,changed,1825,拆解：鋼鵬衛盾Ⅱ,Group,104,103
EXCHANGE.INI,changed,1825,拆解：鋼鵬衛盾Ⅱ,Material1,30257,30247
EXCHANGE.INI,changed,1825,拆解：鋼鵬衛盾Ⅱ,Name,拆解：勇將旭盔Ⅱ,拆解：鋼鵬衛盾Ⅱ
EXCHANGE.INI,changed,1825,拆解：鋼鵬衛盾Ⅱ,Reward1,29273,29272
EXCHANGE.INI,changed,2750,太陽神翼‧拉,Material1Count,800,900
EXCHANGE.INI,changed,2750,太陽神翼‧拉,Name,麗環布里希嘉,太陽神翼‧拉
EXCHANGE.INI,changed,2750,太陽神翼‧拉,Reward1,28499,29011
EXCHANGE.INI,changed,1784,禪臺旭笠Ⅲ,Material1,30282,30272
EXCHANGE.INI,changed,1784,禪臺旭笠Ⅲ,Name,勇將旭甲Ⅲ,禪臺旭笠Ⅲ
EXCHANGE.INI,changed,1784,禪臺旭笠Ⅲ,Reward1,30283,30273
EXCHANGE.INI,changed,2394,拆解：鬼帝臂★★☆,Material1,29575,29563
EXCHANGE.INI,changed,2394,拆解：鬼帝臂★★☆,Name,拆解：黃月巾★★☆,拆解：鬼帝臂★★☆
EXCHANGE.INI,changed,3253,拆解：北冕劍☆,Material1,28817,28811
EXCHANGE.INI,changed,3253,拆解：北冕劍☆,Name,拆解：宗正裁☆,拆解：北冕劍☆
EXCHANGE.INI,changed,2743,南華題命譜,Material1Count,1000,1200
EXCHANGE.INI,changed,2743,南華題命譜,Name,明源雷棲紋,南華題命譜
EXCHANGE.INI,changed,2743,南華題命譜,Reward1,30609,30970
EXCHANGE.INI,changed,3395,拆解：侯欽錘☆☆☆,Material1,28840,28834
EXCHANGE.INI,changed,3395,拆解：侯欽錘☆☆☆,Name,拆解：天紀盾☆☆☆,拆解：侯欽錘☆☆☆
EXCHANGE.INI,changed,1526,拆解：獨眼慧珠Ⅲ,Group,84,83
EXCHANGE.INI,changed,1526,拆解：獨眼慧珠Ⅲ,Material1,31273,31263
EXCHANGE.INI,changed,1526,拆解：獨眼慧珠Ⅲ,Name,拆解：騰陽威冕Ⅲ,拆解：獨眼慧珠Ⅲ
EXCHANGE.INI,changed,1526,拆解：獨眼慧珠Ⅲ,Reward1,30673,29273
EXCHANGE.INI,changed,1526,拆解：獨眼慧珠Ⅲ,Reward1Count,12,40
EXCHANGE.INI,changed,2385,拆解：幻帝步★★☆,Material1,29521,29509
EXCHANGE.INI,changed,2385,拆解：幻帝步★★☆,Name,拆解：禪帝渡★★☆,拆解：幻帝步★★☆
EXCHANGE.INI,changed,2044,君諭刀★☆,Material1,29362,29350
EXCHANGE.INI,changed,2044,君諭刀★☆,Name,皇麟扇★☆,君諭刀★☆
EXCHANGE.INI,changed,2044,君諭刀★☆,Reward1,29363,29351
EXCHANGE.INI,changed,2781,無聲之狂,Material1Count,50,100
EXCHANGE.INI,changed,2781,無聲之狂,Name,秘笈：怒火九重天,無聲之狂
EXCHANGE.INI,changed,2781,無聲之狂,Reward1,29636,29634
EXCHANGE.INI,changed,796,拆解：地劫仙劍印,Material1,29267,29265
EXCHANGE.INI,changed,796,拆解：地劫仙劍印,Name,拆解：陀羅仙劍印,拆解：地劫仙劍印
EXCHANGE.INI,changed,3170,進化→侯欽錘☆,Material1,28378,28372
EXCHANGE.INI,changed,3170,進化→侯欽錘☆,Name,進化→天紀盾☆,進化→侯欽錘☆
EXCHANGE.INI,changed,3170,進化→侯欽錘☆,Reward1,28838,28832
EXCHANGE.INI,changed,1336,拆解：天衛宙脛Ⅰ,Material1,31241,31231
EXCHANGE.INI,changed,1336,拆解：天衛宙脛Ⅰ,Name,拆解：辰道玄鞋Ⅰ,拆解：天衛宙脛Ⅰ
EXCHANGE.INI,changed,3175,進化→燦煌帽☆,Material1,28393,28387
EXCHANGE.INI,changed,3175,進化→燦煌帽☆,Name,進化→佛煌頂☆,進化→燦煌帽☆
EXCHANGE.INI,changed,3175,進化→燦煌帽☆,Reward1,28853,28847
EXCHANGE.INI,changed,1328,拆解：辰道玄袍Ⅰ,Material1,31201,31191
EXCHANGE.INI,changed,1328,拆解：辰道玄袍Ⅰ,Name,拆解：宇鋒飄腕Ⅰ,拆解：辰道玄袍Ⅰ
EXCHANGE.INI,changed,762,拆解：絢華仙櫻陣,Material1,30169,30167
EXCHANGE.INI,changed,762,拆解：絢華仙櫻陣,Name,拆解：絕凜仙雪陣,拆解：絢華仙櫻陣
EXCHANGE.INI,changed,2536,武魂：姬風,Name,武魂：蘇童顏,武魂：姬風
EXCHANGE.INI,changed,2536,武魂：姬風,Reward1,30835,30837
EXCHANGE.INI,changed,1870,拆解：葬月梟斧Ⅲ,Group,107,106
EXCHANGE.INI,changed,1870,拆解：葬月梟斧Ⅲ,Material1,30253,30243
EXCHANGE.INI,changed,1870,拆解：葬月梟斧Ⅲ,Name,拆解：劍豪旭冠Ⅲ,拆解：葬月梟斧Ⅲ
EXCHANGE.INI,changed,1870,拆解：葬月梟斧Ⅲ,Reward1,29273,29272
EXCHANGE.INI,changed,2028,拆解：宇帝珮☆,Material1,29535,29523
EXCHANGE.INI,changed,2028,拆解：宇帝珮☆,Name,拆解：慧帝戒☆,拆解：宇帝珮☆
EXCHANGE.INI,changed,2343,宇帝珮★★★,Material1,29539,29527
EXCHANGE.INI,changed,2343,宇帝珮★★★,Name,慧帝戒★★★,宇帝珮★★★
EXCHANGE.INI,changed,2343,宇帝珮★★★,Reward1,29540,29528
EXCHANGE.INI,changed,2790,秘笈：天龍吼,Name,秘笈：蓮華聖路,秘笈：天龍吼
EXCHANGE.INI,changed,2790,秘笈：天龍吼,Reward1,29645,29643
EXCHANGE.INI,changed,3363,拆解：烈煌腕☆☆,Material1,28878,28872
EXCHANGE.INI,changed,3363,拆解：烈煌腕☆☆,Name,拆解：燦煌掌☆☆,拆解：烈煌腕☆☆
EXCHANGE.INI,changed,1234,真狂戰符咒,Name,真幻煞符咒,真狂戰符咒
EXCHANGE.INI,changed,1234,真狂戰符咒,Reward1,26924,26922
EXCHANGE.INI,changed,2084,黃韋足★☆,Material1,29602,29590
EXCHANGE.INI,changed,2084,黃韋足★☆,Name,神無袈★☆,黃韋足★☆
EXCHANGE.INI,changed,2084,黃韋足★☆,Reward1,29603,29591
EXCHANGE.INI,changed,3418,拆解：火煌珠☆☆☆,Material1,28909,28903
EXCHANGE.INI,changed,3418,拆解：火煌珠☆☆☆,Name,拆解：風煌珠☆☆☆,拆解：火煌珠☆☆☆
EXCHANGE.INI,changed,1783,道清旭綸Ⅲ,Material1,30277,30267
EXCHANGE.INI,changed,1783,道清旭綸Ⅲ,Name,劍豪旭裝Ⅲ,道清旭綸Ⅲ
EXCHANGE.INI,changed,1783,道清旭綸Ⅲ,Reward1,30278,30268
EXCHANGE.INI,changed,2666,葉小釵換雪兒降神,Name,葉小釵換韓凱蒂降神,葉小釵換雪兒降神
EXCHANGE.INI,changed,2666,葉小釵換雪兒降神,Reward1,31882,31880
EXCHANGE.INI,changed,1580,凜月影束Ⅴ,Material1,31314,31304
EXCHANGE.INI,changed,1580,凜月影束Ⅴ,Name,舞星釩兜Ⅴ,凜月影束Ⅴ
EXCHANGE.INI,changed,1580,凜月影束Ⅴ,Reward1,31315,31305
EXCHANGE.INI,changed,2344,羲帝綴★★★,Material1,29545,29533
EXCHANGE.INI,changed,2344,羲帝綴★★★,Name,大帝鎮★★★,羲帝綴★★★
EXCHANGE.INI,changed,2344,羲帝綴★★★,Reward1,29546,29534
EXCHANGE.INI,changed,2338,劍帝履★★★,Material1,29509,29497
EXCHANGE.INI,changed,2338,劍帝履★★★,Name,幻帝步★★★,劍帝履★★★
EXCHANGE.INI,changed,2338,劍帝履★★★,Reward1,29510,29498
EXCHANGE.INI,changed,2651,活俠夏侯蘭錦囊,Material1,29274,29272
EXCHANGE.INI,changed,2651,活俠夏侯蘭錦囊,Material1Count,3,2
EXCHANGE.INI,changed,3403,拆解：烈煌冑☆☆☆,Material1,28864,28858
EXCHANGE.INI,changed,3403,拆解：烈煌冑☆☆☆,Name,拆解：燦煌衣☆☆☆,拆解：烈煌冑☆☆☆
EXCHANGE.INI,changed,2250,幻帝步★★☆,Material1,29520,29508
EXCHANGE.INI,changed,2250,幻帝步★★☆,Name,禪帝渡★★☆,幻帝步★★☆
EXCHANGE.INI,changed,2250,幻帝步★★☆,Reward1,29521,29509
EXCHANGE.INI,changed,2761,以太星核錦囊,Material1Count,3,70
EXCHANGE.INI,changed,2761,以太星核錦囊,Name,六道真元錦囊,以太星核錦囊
EXCHANGE.INI,changed,2761,以太星核錦囊,Reward1,26664,31468
EXCHANGE.INI,changed,2187,拆解：疆嶽盾★☆,Group,128,127
EXCHANGE.INI,changed,2187,拆解：疆嶽盾★☆,Material1,29411,29399
EXCHANGE.INI,changed,2187,拆解：疆嶽盾★☆,Name,拆解：武帝盔★☆,拆解：疆嶽盾★☆
EXCHANGE.INI,changed,2187,拆解：疆嶽盾★☆,Reward1Count,3,8
EXCHANGE.INI,changed,2132,拆解：君星靴★,Group,124,123
EXCHANGE.INI,changed,2132,拆解：君星靴★,Material1,29351,29608
EXCHANGE.INI,changed,2132,拆解：君星靴★,Material1Count,3,1
EXCHANGE.INI,changed,2132,拆解：君星靴★,Material2,29272,
EXCHANGE.INI,changed,2132,拆解：君星靴★,Material2Count,10,
EXCHANGE.INI,changed,2132,拆解：君星靴★,Name,君諭刀★★,拆解：君星靴★
EXCHANGE.INI,changed,2132,拆解：君星靴★,Reward1,29352,29272
EXCHANGE.INI,changed,2132,拆解：君星靴★,Reward1Count,1,10
EXCHANGE.INI,changed,1000,蘭陵破陣盾，開光,Material1,29655,29673
EXCHANGE.INI,changed,1000,蘭陵破陣盾，開光,Name,千古一帝刀，消光,蘭陵破陣盾，開光
EXCHANGE.INI,changed,1000,蘭陵破陣盾，開光,Reward1,29665,29663
EXCHANGE.INI,changed,1729,拆解：赤鴉裂槍Ⅰ,Material1,30236,30226
EXCHANGE.INI,changed,1729,拆解：赤鴉裂槍Ⅰ,Name,拆解：鵑雪傾錘Ⅰ,拆解：赤鴉裂槍Ⅰ
EXCHANGE.INI,changed,2184,拆解：傾城棍★☆,Material1,29393,29381
EXCHANGE.INI,changed,2184,拆解：傾城棍★☆,Name,拆解：河山斧★☆,拆解：傾城棍★☆
EXCHANGE.INI,changed,3053,星鋒靴★★★,Material1,28431,28425
EXCHANGE.INI,changed,3053,星鋒靴★★★,Name,遊星足★★★,星鋒靴★★★
EXCHANGE.INI,changed,3053,星鋒靴★★★,Reward1,28432,28426
EXCHANGE.INI,changed,2605,秘笈：飛燕流星翎,Name,秘笈：金錢鏢,秘笈：飛燕流星翎
EXCHANGE.INI,changed,2605,秘笈：飛燕流星翎,Reward1,31813,31815
EXCHANGE.INI,changed,2738,極．玄宙道裝錦囊,Material1Count,1200,800
EXCHANGE.INI,changed,2738,極．玄宙道裝錦囊,Name,謙卑集,極．玄宙道裝錦囊
EXCHANGE.INI,changed,2738,極．玄宙道裝錦囊,Reward1,31572,31369
EXCHANGE.INI,changed,1852,拆解：狂陽赤手Ⅱ,Material1,30392,30382
EXCHANGE.INI,changed,1852,拆解：狂陽赤手Ⅱ,Name,拆解：靜月幕巾Ⅱ,拆解：狂陽赤手Ⅱ
EXCHANGE.INI,changed,1029,闢斧烏‧涅特，消光,Group,48,47
EXCHANGE.INI,changed,1029,闢斧烏‧涅特，消光,Material1,30621,29009
EXCHANGE.INI,changed,1029,闢斧烏‧涅特，消光,Material2,29272,29053
EXCHANGE.INI,changed,1029,闢斧烏‧涅特，消光,Material2Count,75,150
EXCHANGE.INI,changed,1029,闢斧烏‧涅特，消光,Material3,29273,26368
EXCHANGE.INI,changed,1029,闢斧烏‧涅特，消光,Material3Count,150,600
EXCHANGE.INI,changed,1029,闢斧烏‧涅特，消光,Material4,26368,
EXCHANGE.INI,changed,1029,闢斧烏‧涅特，消光,Material4Count,250,
EXCHANGE.INI,changed,1029,闢斧烏‧涅特，消光,Name,赫絕緋暮劍，開光,闢斧烏‧涅特，消光
EXCHANGE.INI,changed,1029,闢斧烏‧涅特，消光,Reward1,30611,29022
EXCHANGE.INI,changed,3362,拆解：佛煌裟☆☆,Material1,28875,28869
EXCHANGE.INI,changed,3362,拆解：佛煌裟☆☆,Name,拆解：戰煌臂☆☆,拆解：佛煌裟☆☆
EXCHANGE.INI,changed,1303,凜月霜襟Ⅱ,Material1,31306,31296
EXCHANGE.INI,changed,1303,凜月霜襟Ⅱ,Name,凜月漪纏Ⅱ,凜月霜襟Ⅱ
EXCHANGE.INI,changed,1303,凜月霜襟Ⅱ,Reward1,31307,31297
EXCHANGE.INI,changed,2503,悟心降魂玉,Group,148,147
EXCHANGE.INI,changed,2503,悟心降魂玉,Material1,30544,31709
EXCHANGE.INI,changed,2503,悟心降魂玉,Material1Count,150,2
EXCHANGE.INI,changed,2503,悟心降魂玉,Name,旭品武防綢袋,悟心降魂玉
EXCHANGE.INI,changed,2503,悟心降魂玉,Reward1,30426,28179
EXCHANGE.INI,changed,1811,靜月織足Ⅲ,Material1,30417,30407
EXCHANGE.INI,changed,1811,靜月織足Ⅲ,Name,宿星燦甲Ⅲ,靜月織足Ⅲ
EXCHANGE.INI,changed,1811,靜月織足Ⅲ,Reward1,30418,30408
EXCHANGE.INI,changed,903,怪物頭目石牌,Material1,21402,21403
EXCHANGE.INI,changed,903,怪物頭目石牌,Name,怪物仟長石牌,怪物頭目石牌
EXCHANGE.INI,changed,903,怪物頭目石牌,Reward1,21403,21404
EXCHANGE.INI,changed,1396,凜月影束Ⅲ,Material1,31312,31302
EXCHANGE.INI,changed,1396,凜月影束Ⅲ,Name,舞星釩兜Ⅲ,凜月影束Ⅲ
EXCHANGE.INI,changed,1396,凜月影束Ⅲ,Reward1,31313,31303
EXCHANGE.INI,changed,2138,權霸槍★★,Material1,29387,29375
EXCHANGE.INI,changed,2138,權霸槍★★,Name,界王錘★★,權霸槍★★
EXCHANGE.INI,changed,2138,權霸槍★★,Reward1,29388,29376
EXCHANGE.INI,changed,1461,辰道玄冠Ⅳ,Material1,31178,31168
EXCHANGE.INI,changed,1461,辰道玄冠Ⅳ,Name,宇鋒颯衣Ⅳ,辰道玄冠Ⅳ
EXCHANGE.INI,changed,1461,辰道玄冠Ⅳ,Reward1,31179,31169
EXCHANGE.INI,changed,1452,渡鴉瞳杖Ⅳ,Material1,31133,31123
EXCHANGE.INI,changed,1452,渡鴉瞳杖Ⅳ,Name,血腥屠夫Ⅳ,渡鴉瞳杖Ⅳ
EXCHANGE.INI,changed,1452,渡鴉瞳杖Ⅳ,Reward1,31134,31124
EXCHANGE.INI,changed,1392,騰陽烈釬Ⅲ,Material1,31292,31282
EXCHANGE.INI,changed,1392,騰陽烈釬Ⅲ,Name,凜月冪巾Ⅲ,騰陽烈釬Ⅲ
EXCHANGE.INI,changed,1392,騰陽烈釬Ⅲ,Reward1,31293,31283
EXCHANGE.INI,changed,1863,拆解：璇蟬鳴刀Ⅲ,Material1,30218,30208
EXCHANGE.INI,changed,1863,拆解：璇蟬鳴刀Ⅲ,Name,拆解：絃霧靈拂Ⅲ,拆解：璇蟬鳴刀Ⅲ
EXCHANGE.INI,changed,3056,星蹤履★★★,Material1,28440,28434
EXCHANGE.INI,changed,3056,星蹤履★★★,Name,星龍珠★★★,星蹤履★★★
EXCHANGE.INI,changed,3056,星蹤履★★★,Reward1,28441,28435
EXCHANGE.INI,changed,1312,拆解：獵仙飛索Ⅰ,Material1,31121,31111
EXCHANGE.INI,changed,1312,拆解：獵仙飛索Ⅰ,Name,拆解：渡鴉瞳杖Ⅰ,拆解：獵仙飛索Ⅰ
EXCHANGE.INI,changed,1119,拆解：新星之禪照握,Material1,27340,27323
EXCHANGE.INI,changed,1119,拆解：新星之禪照握,Name,拆解：新星之武豪踏,拆解：新星之禪照握
EXCHANGE.INI,changed,3079,拆解：太微棍★★,Material1,28374,28368
EXCHANGE.INI,changed,3079,拆解：太微棍★★,Name,拆解：瑤月斧★★,拆解：太微棍★★
EXCHANGE.INI,changed,3439,國寶鱔合餐,Name,精釀小米酒,國寶鱔合餐
EXCHANGE.INI,changed,3439,國寶鱔合餐,Reward1,30750,31416
EXCHANGE.INI,changed,3415,拆解：燦煌足☆☆☆,Material1,28900,28894
EXCHANGE.INI,changed,3415,拆解：燦煌足☆☆☆,Name,拆解：佛煌行☆☆☆,拆解：燦煌足☆☆☆
EXCHANGE.INI,changed,1655,拆解：辰道玄袖Ⅴ,Material1,31230,31220
EXCHANGE.INI,changed,1655,拆解：辰道玄袖Ⅴ,Name,拆解：宇鋒飆靴Ⅴ,拆解：辰道玄袖Ⅴ
EXCHANGE.INI,changed,2116,拆解：道帝行★,Material1,29524,29512
EXCHANGE.INI,changed,2116,拆解：道帝行★,Name,拆解：宇帝珮★,拆解：道帝行★
EXCHANGE.INI,changed,1458,宇鋒颺頂Ⅳ,Material1,31163,31153
EXCHANGE.INI,changed,1458,宇鋒颺頂Ⅳ,Name,光術覆面Ⅳ,宇鋒颺頂Ⅳ
EXCHANGE.INI,changed,1458,宇鋒颺頂Ⅳ,Reward1,31164,31154
EXCHANGE.INI,changed,3118,拆解：星守劍★★★,Material1,28357,28351
EXCHANGE.INI,changed,3118,拆解：星守劍★★★,Name,拆解：瞬光劃★★★,拆解：星守劍★★★
EXCHANGE.INI,changed,3110,拆解：星兇靴★★,Material1,28545,28539
EXCHANGE.INI,changed,3110,拆解：星兇靴★★,Name,拆解：煌天衣★★,拆解：星兇靴★★
EXCHANGE.INI,changed,723,神旭道裝錦囊禮券,Material1,30987,31596
EXCHANGE.INI,changed,723,神旭道裝錦囊禮券,Name,超旭品武防綢袋券,神旭道裝錦囊禮券
EXCHANGE.INI,changed,723,神旭道裝錦囊禮券,Reward1,30448,30475
EXCHANGE.INI,changed,1182,六宇仙器配方錦囊,Material1,31424,31481
EXCHANGE.INI,changed,1182,六宇仙器配方錦囊,Material1Count,2000,250
EXCHANGE.INI,changed,1182,六宇仙器配方錦囊,Name,ID卡,六宇仙器配方錦囊
EXCHANGE.INI,changed,1182,六宇仙器配方錦囊,Reward1,31481,31444
EXCHANGE.INI,changed,2323,劍帝冕★★★,Material1,29419,29407
EXCHANGE.INI,changed,2323,劍帝冕★★★,Name,幻帝面★★★,劍帝冕★★★
EXCHANGE.INI,changed,2323,劍帝冕★★★,Reward1,29420,29408
EXCHANGE.INI,changed,2998,拆解：星鋒冑★,Material1,28400,28394
EXCHANGE.INI,changed,2998,拆解：星鋒冑★,Name,拆解：遊星衣★,拆解：星鋒冑★
EXCHANGE.INI,changed,1657,拆解：宇鋒飆靴Ⅴ,Material1,31240,31230
EXCHANGE.INI,changed,1657,拆解：宇鋒飆靴Ⅴ,Name,拆解：光術疾履Ⅴ,拆解：宇鋒飆靴Ⅴ
EXCHANGE.INI,changed,2911,進化→星蹤袍★,Material1,27695,27678
EXCHANGE.INI,changed,2911,進化→星蹤袍★,Name,進化→星鋒腕★,進化→星蹤袍★
EXCHANGE.INI,changed,2911,進化→星蹤袍★,Reward1,28409,28403
EXCHANGE.INI,changed,753,拆解：八卦仙天鏡,Material1,31446,29696
EXCHANGE.INI,changed,753,拆解：八卦仙天鏡,Name,拆解：九日仙海環,拆解：八卦仙天鏡
EXCHANGE.INI,changed,753,拆解：八卦仙天鏡,Reward1Count,15,6
EXCHANGE.INI,changed,3373,拆解：火煌珠☆☆,Material1,28908,28902
EXCHANGE.INI,changed,3373,拆解：火煌珠☆☆,Name,拆解：風煌珠☆☆,拆解：火煌珠☆☆
EXCHANGE.INI,changed,1858,拆解：宿星銀兜Ⅱ,Material1,30422,30412
EXCHANGE.INI,changed,1858,拆解：宿星銀兜Ⅱ,Name,拆解：宿星爍臂Ⅱ,拆解：宿星銀兜Ⅱ
EXCHANGE.INI,changed,1259,戰符繪紙轉武神符咒,Material1,24296,22888
EXCHANGE.INI,changed,1259,戰符繪紙轉武神符咒,Name,真宗白符轉戰神戰符,戰符繪紙轉武神符咒
EXCHANGE.INI,changed,1259,戰符繪紙轉武神符咒,Reward1,24297,22708
EXCHANGE.INI,changed,1259,戰符繪紙轉武神符咒,Reward1Count,5,20
EXCHANGE.INI,changed,2753,豐戒德羅普尼,Material1Count,700,800
EXCHANGE.INI,changed,2753,豐戒德羅普尼,Name,尋奇鍊‧洪荒,豐戒德羅普尼
EXCHANGE.INI,changed,2753,豐戒德羅普尼,Reward1,28163,28500
EXCHANGE.INI,changed,2684,神．玄宙神兵寶箱,Material1Count,1000,1500
EXCHANGE.INI,changed,2684,神．玄宙神兵寶箱,Name,神．玄宙勇裝錦囊,神．玄宙神兵寶箱
EXCHANGE.INI,changed,2684,神．玄宙神兵寶箱,Reward1,31378,31376
EXCHANGE.INI,changed,1513,拆解：寂禪鎏裟Ⅲ,Material1,31208,31198
EXCHANGE.INI,changed,1513,拆解：寂禪鎏裟Ⅲ,Name,拆解：天守宙臂Ⅲ,拆解：寂禪鎏裟Ⅲ
EXCHANGE.INI,changed,2110,拆解：幻帝手★,Material1,29488,29476
EXCHANGE.INI,changed,2110,拆解：幻帝手★,Name,拆解：禪帝捻★,拆解：幻帝手★
EXCHANGE.INI,changed,1646,拆解：寂禪靜觀Ⅴ,Material1,31185,31175
EXCHANGE.INI,changed,1646,拆解：寂禪靜觀Ⅴ,Name,拆解：天衛宙甲Ⅴ,拆解：寂禪靜觀Ⅴ
EXCHANGE.INI,changed,737,神帝道裝錦囊禮券,Material1,30669,30666
EXCHANGE.INI,changed,737,神帝道裝錦囊禮券,Name,新南武魂碎片禮券,神帝道裝錦囊禮券
EXCHANGE.INI,changed,737,神帝道裝錦囊禮券,Reward1,27537,29337
EXCHANGE.INI,changed,947,四海蓬萊棍，消光,Material1,26792,26790
EXCHANGE.INI,changed,947,四海蓬萊棍，消光,Name,七政太歲斧，消光,四海蓬萊棍，消光
EXCHANGE.INI,changed,947,四海蓬萊棍，消光,Reward1,26966,26964
EXCHANGE.INI,changed,1649,拆解：光術旋披Ⅴ,Material1,31200,31190
EXCHANGE.INI,changed,1649,拆解：光術旋披Ⅴ,Name,拆解：寂禪鎏裟Ⅴ,拆解：光術旋披Ⅴ
EXCHANGE.INI,changed,2613,秘笈：仙鶴迷蹤,Name,秘笈：雪山心法,秘笈：仙鶴迷蹤
EXCHANGE.INI,changed,2613,秘笈：仙鶴迷蹤,Reward1,31823,31821
EXCHANGE.INI,changed,1186,玄宙特仕裝箱,Material1Count,150,500
EXCHANGE.INI,changed,1186,玄宙特仕裝箱,Name,玄宙武防盛袋,玄宙特仕裝箱
EXCHANGE.INI,changed,1186,玄宙特仕裝箱,Reward1,31331,31338
EXCHANGE.INI,changed,677,花無缺錦囊禮券,Material1,32164,32845
EXCHANGE.INI,changed,677,花無缺錦囊禮券,Name,一頁書錦囊禮券,花無缺錦囊禮券
EXCHANGE.INI,changed,677,花無缺錦囊禮券,Reward1,32160,32838
EXCHANGE.INI,changed,813,拆解：妄史虛誕志,Material1,27473,30701
EXCHANGE.INI,changed,813,拆解：妄史虛誕志,Name,拆解：邪說虛王誌,拆解：妄史虛誕志
EXCHANGE.INI,changed,3291,拆解：柳月巾☆,Material1,28969,28963
EXCHANGE.INI,changed,3291,拆解：柳月巾☆,Name,拆解：柳嗚腕☆,拆解：柳月巾☆
EXCHANGE.INI,changed,1430,拆解：辰道玄鞋Ⅱ,Material1,31252,31242
EXCHANGE.INI,changed,1430,拆解：辰道玄鞋Ⅱ,Name,拆解：諾亞航令Ⅱ,拆解：辰道玄鞋Ⅱ
EXCHANGE.INI,changed,1639,拆解：破魔獨錘Ⅴ,Material1,31150,31140
EXCHANGE.INI,changed,1639,拆解：破魔獨錘Ⅴ,Name,拆解：古主臨盾Ⅴ,拆解：破魔獨錘Ⅴ
EXCHANGE.INI,changed,1889,拆解：術凌旭步Ⅲ,Material1,30348,30338
EXCHANGE.INI,changed,1889,拆解：術凌旭步Ⅲ,Name,拆解：禪臺旭足Ⅲ,拆解：術凌旭步Ⅲ
EXCHANGE.INI,changed,1355,拆解：舞星鋁行Ⅰ,Group,73,72
EXCHANGE.INI,changed,1355,拆解：舞星鋁行Ⅰ,Material1,31107,31326
EXCHANGE.INI,changed,1355,拆解：舞星鋁行Ⅰ,Material1Count,3,1
EXCHANGE.INI,changed,1355,拆解：舞星鋁行Ⅰ,Material2,29272,
EXCHANGE.INI,changed,1355,拆解：舞星鋁行Ⅰ,Material2Count,175,
EXCHANGE.INI,changed,1355,拆解：舞星鋁行Ⅰ,Name,泰源玉刀Ⅲ,拆解：舞星鋁行Ⅰ
EXCHANGE.INI,changed,1355,拆解：舞星鋁行Ⅰ,Reward1,31108,30673
EXCHANGE.INI,changed,1355,拆解：舞星鋁行Ⅰ,Reward1Count,1,8
EXCHANGE.INI,changed,3247,柳天衣☆☆,Material1,28972,28966
EXCHANGE.INI,changed,3247,柳天衣☆☆,Name,柳韋足☆☆,柳天衣☆☆
EXCHANGE.INI,changed,3247,柳天衣☆☆,Reward1,28973,28967
EXCHANGE.INI,changed,1720,宿星銀兜Ⅱ,Material1,30421,30411
EXCHANGE.INI,changed,1720,宿星銀兜Ⅱ,Name,宿星爍臂Ⅱ,宿星銀兜Ⅱ
EXCHANGE.INI,changed,1720,宿星銀兜Ⅱ,Reward1,30422,30412
EXCHANGE.INI,changed,843,如是我斬燄霞，開光,Material1,29627,29775
EXCHANGE.INI,changed,843,如是我斬燄霞，開光,Material2,29776,23472
EXCHANGE.INI,changed,843,如是我斬燄霞，開光,Name,滄耳刀，消光,如是我斬燄霞，開光
EXCHANGE.INI,changed,843,如是我斬燄霞，開光,Reward1,29618,29778
EXCHANGE.INI,changed,1676,拆解：舞星鎢掌Ⅴ,Group,94,93
EXCHANGE.INI,changed,1676,拆解：舞星鎢掌Ⅴ,Material1,30201,31325
EXCHANGE.INI,changed,1676,拆解：舞星鎢掌Ⅴ,Material1Count,3,1
EXCHANGE.INI,changed,1676,拆解：舞星鎢掌Ⅴ,Material2,29272,
EXCHANGE.INI,changed,1676,拆解：舞星鎢掌Ⅴ,Material2Count,35,
EXCHANGE.INI,changed,1676,拆解：舞星鎢掌Ⅴ,Name,光翼翔劍Ⅱ,拆解：舞星鎢掌Ⅴ
EXCHANGE.INI,changed,1676,拆解：舞星鎢掌Ⅴ,Reward1,30202,30673
EXCHANGE.INI,changed,1676,拆解：舞星鎢掌Ⅴ,Reward1Count,1,16
EXCHANGE.INI,changed,814,拆解：虛幽邪龍陣,Material1,29269,27538
EXCHANGE.INI,changed,814,拆解：虛幽邪龍陣,Name,拆解：玄謎虛淵局,拆解：虛幽邪龍陣
EXCHANGE.INI,changed,2426,拆解：道帝袖★★★,Material1,29498,29486
EXCHANGE.INI,changed,2426,拆解：道帝袖★★★,Name,拆解：劍帝履★★★,拆解：道帝袖★★★
EXCHANGE.INI,changed,3288,拆解：鬼兇鎧☆,Material1,28960,28954
EXCHANGE.INI,changed,3288,拆解：鬼兇鎧☆,Name,拆解：鬼兇靴☆,拆解：鬼兇鎧☆
EXCHANGE.INI,changed,2460,恆山仙重鎮,Material1Count,1350,2000
EXCHANGE.INI,changed,2460,恆山仙重鎮,Name,極．玄宙特仕裝箱,恆山仙重鎮
EXCHANGE.INI,changed,2460,恆山仙重鎮,Reward1,31371,31617
EXCHANGE.INI,changed,878,煙月，消光,Material1,31514,31512
EXCHANGE.INI,changed,878,煙月，消光,Name,聆牙，消光,煙月，消光
EXCHANGE.INI,changed,878,煙月，消光,Reward1,31524,31522
EXCHANGE.INI,changed,2610,秘笈：很是用力踢,Name,秘笈：玄玄如意指,秘笈：很是用力踢
EXCHANGE.INI,changed,2610,秘笈：很是用力踢,Reward1,31820,31818
EXCHANGE.INI,changed,2675,六宇仙器配方錦囊,Group,165,164
EXCHANGE.INI,changed,2675,六宇仙器配方錦囊,Material1,32133,31768
EXCHANGE.INI,changed,2675,六宇仙器配方錦囊,Material1Count,20,150
EXCHANGE.INI,changed,2675,六宇仙器配方錦囊,Name,銀蹄鐵,六宇仙器配方錦囊
EXCHANGE.INI,changed,2675,六宇仙器配方錦囊,Reward1,32134,31444
EXCHANGE.INI,changed,2237,禪帝頂★★☆,Material1,29442,29430
EXCHANGE.INI,changed,2237,禪帝頂★★☆,Name,武帝胄★★☆,禪帝頂★★☆
EXCHANGE.INI,changed,2237,禪帝頂★★☆,Reward1,29443,29431
EXCHANGE.INI,changed,2739,極．玄宙僧裝錦囊,Material1Count,1200,800
EXCHANGE.INI,changed,2739,極．玄宙僧裝錦囊,Name,萬用鑰匙,極．玄宙僧裝錦囊
EXCHANGE.INI,changed,2739,極．玄宙僧裝錦囊,Reward1,31573,31370
EXCHANGE.INI,changed,2031,拆解：大帝鎮☆,Group,117,116
EXCHANGE.INI,changed,2031,拆解：大帝鎮☆,Material1,29553,29541
EXCHANGE.INI,changed,2031,拆解：大帝鎮☆,Name,拆解：鬼帝鎧☆,拆解：大帝鎮☆
EXCHANGE.INI,changed,2031,拆解：大帝鎮☆,Reward1,29272,29273
EXCHANGE.INI,changed,2031,拆解：大帝鎮☆,Reward1Count,6,1
EXCHANGE.INI,changed,2317,御天杖★★★,Material1,29383,29371
EXCHANGE.INI,changed,2317,御天杖★★★,Name,傾城棍★★★,御天杖★★★
EXCHANGE.INI,changed,2317,御天杖★★★,Reward1,29384,29372
EXCHANGE.INI,changed,2995,拆解：遊星箍★,Material1,28391,28385
EXCHANGE.INI,changed,2995,拆解：遊星箍★,Name,拆解：釋星頂★,拆解：遊星箍★
EXCHANGE.INI,changed,2278,拆解：劍帝冕★★,Material1,29418,29406
EXCHANGE.INI,changed,2278,拆解：劍帝冕★★,Name,拆解：幻帝面★★,拆解：劍帝冕★★
EXCHANGE.INI,changed,2164,羲帝綴★★,Material1,29543,29531
EXCHANGE.INI,changed,2164,羲帝綴★★,Name,大帝鎮★★,羲帝綴★★
EXCHANGE.INI,changed,2164,羲帝綴★★,Reward1,29544,29532
EXCHANGE.INI,changed,1535,拆解：凜月漪纏Ⅲ,Material1,31318,31308
EXCHANGE.INI,changed,1535,拆解：凜月漪纏Ⅲ,Name,拆解：舞星鈦甲Ⅲ,拆解：凜月漪纏Ⅲ
EXCHANGE.INI,changed,1576,騰陽烈釬Ⅴ,Material1,31294,31284
EXCHANGE.INI,changed,1576,騰陽烈釬Ⅴ,Name,凜月冪巾Ⅴ,騰陽烈釬Ⅴ
EXCHANGE.INI,changed,1576,騰陽烈釬Ⅴ,Reward1,31295,31285
EXCHANGE.INI,changed,1098,拆解：新星之露霜絲,Material1,27252,27244
EXCHANGE.INI,changed,1098,拆解：新星之露霜絲,Name,拆解：新星之冰爵槍,拆解：新星之露霜絲
EXCHANGE.INI,changed,3012,拆解：釋星行★,Material1,28442,28436
EXCHANGE.INI,changed,3012,拆解：釋星行★,Name,拆解：星虎披★,拆解：釋星行★
EXCHANGE.INI,changed,3433,醬汁燒臘飯,Name,蠔油旋麵炒,醬汁燒臘飯
EXCHANGE.INI,changed,3433,醬汁燒臘飯,Reward1,31724,31722
EXCHANGE.INI,changed,2949,鬥星盔★★,Material1,28388,28382
EXCHANGE.INI,changed,2949,鬥星盔★★,Name,星蹤綸★★,鬥星盔★★
EXCHANGE.INI,changed,2949,鬥星盔★★,Reward1,28389,28383
EXCHANGE.INI,changed,3094,拆解：鬥星臂★★,Material1,28419,28413
EXCHANGE.INI,changed,3094,拆解：鬥星臂★★,Name,拆解：星蹤手★★,拆解：鬥星臂★★
EXCHANGE.INI,changed,1989,鬼帝臂★,Material1,29571,29559
EXCHANGE.INI,changed,1989,鬼帝臂★,Name,黃月巾★,鬼帝臂★
EXCHANGE.INI,changed,1989,鬼帝臂★,Reward1,29572,29560
EXCHANGE.INI,changed,2513,天宇導標,Group,151,150
EXCHANGE.INI,changed,2513,天宇導標,Material1,30872,30758
EXCHANGE.INI,changed,2513,天宇導標,Material1Count,600,2000
EXCHANGE.INI,changed,2513,天宇導標,Name,極．旭品特仕裝箱,天宇導標
EXCHANGE.INI,changed,2513,天宇導標,Reward1,30466,30871
EXCHANGE.INI,changed,2637,活俠唐布衣錦囊,Material1,29272,29274
EXCHANGE.INI,changed,2637,活俠唐布衣錦囊,Material1Count,2,3
EXCHANGE.INI,changed,2637,活俠唐布衣錦囊,Name,活俠唐默鈴錦囊,活俠唐布衣錦囊
EXCHANGE.INI,changed,2637,活俠唐布衣錦囊,Reward1,31727,31726
EXCHANGE.INI,changed,2850,秘笈：般若懺,Material1,29650,29648
EXCHANGE.INI,changed,2850,秘笈：般若懺,Name,秘笈：刀以毀滅,秘笈：般若懺
EXCHANGE.INI,changed,924,尊號‧加拉爾，消光,Material1,28494,28492
EXCHANGE.INI,changed,924,尊號‧加拉爾，消光,Name,至槍‧岡古尼，消光,尊號‧加拉爾，消光
EXCHANGE.INI,changed,924,尊號‧加拉爾，消光,Reward1,28781,28779
EXCHANGE.INI,changed,1027,獅棍泰‧芙努，消光,Material1,29009,29007
EXCHANGE.INI,changed,1027,獅棍泰‧芙努，消光,Name,闢斧烏‧涅特，消光,獅棍泰‧芙努，消光
EXCHANGE.INI,changed,1027,獅棍泰‧芙努，消光,Reward1,29022,29020
EXCHANGE.INI,changed,985,日月五峰杖，消光,Material1,29919,29917
EXCHANGE.INI,changed,985,日月五峰杖，消光,Name,龍飛御天棍，消光,日月五峰杖，消光
EXCHANGE.INI,changed,985,日月五峰杖，消光,Reward1,29929,29927
EXCHANGE.INI,changed,1818,拆解：霜羽連珠Ⅱ,Material1,30222,30212
EXCHANGE.INI,changed,1818,拆解：霜羽連珠Ⅱ,Name,拆解：明露鴻杖Ⅱ,拆解：霜羽連珠Ⅱ
EXCHANGE.INI,changed,2525,星光小禮包,Group,155,154
EXCHANGE.INI,changed,2525,星光小禮包,Material1,31746,31806
EXCHANGE.INI,changed,2525,星光小禮包,Material1Count,1,45
EXCHANGE.INI,changed,2525,星光小禮包,Name,唐布衣封魂晶,星光小禮包
EXCHANGE.INI,changed,2525,星光小禮包,Reward1,31812,31804
EXCHANGE.INI,changed,3417,拆解：佛煌行☆☆☆,Material1,28906,28900
EXCHANGE.INI,changed,3417,拆解：佛煌行☆☆☆,Name,拆解：水煌珠☆☆☆,拆解：佛煌行☆☆☆
EXCHANGE.INI,changed,1854,拆解：靜月幕巾Ⅱ,Material1,30402,30392
EXCHANGE.INI,changed,1854,拆解：靜月幕巾Ⅱ,Name,拆解：靜月帷腕Ⅱ,拆解：靜月幕巾Ⅱ
EXCHANGE.INI,changed,2139,傾城棍★★,Material1,29393,29381
EXCHANGE.INI,changed,2139,傾城棍★★,Name,河山斧★★,傾城棍★★
EXCHANGE.INI,changed,2139,傾城棍★★,Reward1,29394,29382
EXCHANGE.INI,changed,1582,舞星釩兜Ⅴ,Material1,31324,31314
EXCHANGE.INI,changed,1582,舞星釩兜Ⅴ,Name,舞星鎢掌Ⅴ,舞星釩兜Ⅴ
EXCHANGE.INI,changed,1582,舞星釩兜Ⅴ,Reward1,31325,31315
EXCHANGE.INI,changed,1614,拆解：辰道玄鞋Ⅳ,Material1,31254,31244
EXCHANGE.INI,changed,1614,拆解：辰道玄鞋Ⅳ,Name,拆解：諾亞航令Ⅳ,拆解：辰道玄鞋Ⅳ
EXCHANGE.INI,changed,2205,拆解：幻帝步★☆,Material1,29519,29507
EXCHANGE.INI,changed,2205,拆解：幻帝步★☆,Name,拆解：禪帝渡★☆,拆解：幻帝步★☆
EXCHANGE.INI,changed,1656,拆解：寂禪若持Ⅴ,Material1,31235,31225
EXCHANGE.INI,changed,1656,拆解：寂禪若持Ⅴ,Name,拆解：天衛宙脛Ⅴ,拆解：寂禪若持Ⅴ
EXCHANGE.INI,changed,2926,進化→星玄卦★,Group,175,174
EXCHANGE.INI,changed,2926,進化→星玄卦★,Material1,27743,27735
EXCHANGE.INI,changed,2926,進化→星玄卦★,Material2,27978,28634
EXCHANGE.INI,changed,2926,進化→星玄卦★,Material2Count,3,1
EXCHANGE.INI,changed,2926,進化→星玄卦★,Material3,28634,
EXCHANGE.INI,changed,2926,進化→星玄卦★,Material3Count,9,
EXCHANGE.INI,changed,2926,進化→星玄卦★,Name,進化→星兇鎧★,進化→星玄卦★
EXCHANGE.INI,changed,2926,進化→星玄卦★,Reward1,28532,28448
EXCHANGE.INI,changed,1412,拆解：宇鋒颺頂Ⅱ,Material1,31162,31152
EXCHANGE.INI,changed,1412,拆解：宇鋒颺頂Ⅱ,Name,拆解：光術覆面Ⅱ,拆解：宇鋒颺頂Ⅱ
EXCHANGE.INI,changed,2256,大帝鎮★★☆,Group,132,131
EXCHANGE.INI,changed,2256,大帝鎮★★☆,Material1,29556,29544
EXCHANGE.INI,changed,2256,大帝鎮★★☆,Material2Count,50,5
EXCHANGE.INI,changed,2256,大帝鎮★★☆,Name,鬼帝鎧★★☆,大帝鎮★★☆
EXCHANGE.INI,changed,2256,大帝鎮★★☆,Reward1,29557,29545
EXCHANGE.INI,changed,2914,進化→鬥星臂★,Material1,27698,27696
EXCHANGE.INI,changed,2914,進化→鬥星臂★,Name,進化→星蹤手★,進化→鬥星臂★
EXCHANGE.INI,changed,2914,進化→鬥星臂★,Reward1,28418,28412
EXCHANGE.INI,changed,2853,武魂：素還真,Material1,23072,23070
EXCHANGE.INI,changed,2853,武魂：素還真,Name,武魂：葉小釵,武魂：素還真
EXCHANGE.INI,changed,2770,武魂：素還真,Name,武魂：葉小釵,武魂：素還真
EXCHANGE.INI,changed,2770,武魂：素還真,Reward1,23072,23070
EXCHANGE.INI,changed,2962,釋星拱★★,Material1,28427,28421
EXCHANGE.INI,changed,2962,釋星拱★★,Name,鬥星脛★★,釋星拱★★
EXCHANGE.INI,changed,2962,釋星拱★★,Reward1,28428,28422
EXCHANGE.INI,changed,2358,拆解：帝詔劍★★☆,Material1,29359,29347
EXCHANGE.INI,changed,2358,拆解：帝詔劍★★☆,Name,拆解：龍掣爪★★☆,拆解：帝詔劍★★☆
EXCHANGE.INI,changed,2611,秘笈：翻浪刀法,Name,秘笈：仙鶴迷蹤,秘笈：翻浪刀法
EXCHANGE.INI,changed,2611,秘笈：翻浪刀法,Reward1,31821,31819
EXCHANGE.INI,changed,3430,拆解：碧隱甲☆☆☆,Material1,28983,28977
EXCHANGE.INI,changed,3430,拆解：碧隱甲☆☆☆,Name,拆解：碧星靴☆☆☆,拆解：碧隱甲☆☆☆
EXCHANGE.INI,changed,1114,拆解：新星之禪照衣,Material1,27320,27308
EXCHANGE.INI,changed,1114,拆解：新星之禪照衣,Name,拆解：新星之武豪臂,拆解：新星之禪照衣
EXCHANGE.INI,changed,2674,超．玄宙特仕裝箱,Material1Count,150,750
EXCHANGE.INI,changed,2674,超．玄宙特仕裝箱,Name,超．玄宙武防盛袋,超．玄宙特仕裝箱
EXCHANGE.INI,changed,2674,超．玄宙特仕裝箱,Reward1,31353,31360
EXCHANGE.INI,changed,1839,拆解：道清旭袖Ⅱ,Material1,30327,30317
EXCHANGE.INI,changed,1839,拆解：道清旭袖Ⅱ,Name,拆解：劍豪旭靴Ⅱ,拆解：道清旭袖Ⅱ
EXCHANGE.INI,changed,2333,劍帝握★★★,Material1,29479,29467
EXCHANGE.INI,changed,2333,劍帝握★★★,Name,幻帝手★★★,劍帝握★★★
EXCHANGE.INI,changed,2333,劍帝握★★★,Reward1,29480,29468
EXCHANGE.INI,changed,2093,拆解：權霸槍★,Material1,29386,29374
EXCHANGE.INI,changed,2093,拆解：權霸槍★,Name,拆解：界王錘★,拆解：權霸槍★
EXCHANGE.INI,changed,2523,清音抹茶月餅,Group,154,153
EXCHANGE.INI,changed,2523,清音抹茶月餅,Material1,31806,31808
EXCHANGE.INI,changed,2523,清音抹茶月餅,Material1Count,45,1
EXCHANGE.INI,changed,2523,清音抹茶月餅,Name,星光小禮包,清音抹茶月餅
EXCHANGE.INI,changed,2523,清音抹茶月餅,Reward1,31804,31803
EXCHANGE.INI,changed,1668,拆解：騰陽烈釬Ⅴ,Material1,31295,31285
EXCHANGE.INI,changed,1668,拆解：騰陽烈釬Ⅴ,Name,拆解：凜月冪巾Ⅴ,拆解：騰陽烈釬Ⅴ
EXCHANGE.INI,changed,987,龍飛御天棍，消光,Material1,29921,29919
EXCHANGE.INI,changed,987,龍飛御天棍，消光,Name,尼師今尊斧，消光,龍飛御天棍，消光
EXCHANGE.INI,changed,987,龍飛御天棍，消光,Reward1,29931,29929
EXCHANGE.INI,changed,701,貂芷錦囊禮券,Material1,31010,31008
EXCHANGE.INI,changed,701,貂芷錦囊禮券,Name,虞冰錦囊禮券,貂芷錦囊禮券
EXCHANGE.INI,changed,701,貂芷錦囊禮券,Reward1,30911,30909
EXCHANGE.INI,changed,971,釋提桓因劍，開光,Material1,29925,29923
EXCHANGE.INI,changed,971,釋提桓因劍，開光,Name,樓寒末仇藜，開光,釋提桓因劍，開光
EXCHANGE.INI,changed,971,釋提桓因劍，開光,Reward1,29915,29913
EXCHANGE.INI,changed,2105,拆解：幻帝裘★,Material1,29458,29446
EXCHANGE.INI,changed,2105,拆解：幻帝裘★,Name,拆解：禪帝衲★,拆解：幻帝裘★
EXCHANGE.INI,changed,2555,唐布衣封魂晶,Name,武魂：龍湘,唐布衣封魂晶
EXCHANGE.INI,changed,2555,唐布衣封魂晶,Reward1,30844,31812
EXCHANGE.INI,changed,2741,萬用鑰匙,Name,南華題命譜,萬用鑰匙
EXCHANGE.INI,changed,2741,萬用鑰匙,Reward1,30970,31573
EXCHANGE.INI,changed,746,拆解：六脈仙吟賦,Material1,29678,30610
EXCHANGE.INI,changed,746,拆解：六脈仙吟賦,Name,拆解：光武仙宮幃,拆解：六脈仙吟賦
EXCHANGE.INI,changed,746,拆解：六脈仙吟賦,Reward1Count,10,20
EXCHANGE.INI,changed,1406,拆解：渡鴉瞳杖Ⅱ,Material1,31132,31122
EXCHANGE.INI,changed,1406,拆解：渡鴉瞳杖Ⅱ,Name,拆解：血腥屠夫Ⅱ,拆解：渡鴉瞳杖Ⅱ
EXCHANGE.INI,changed,912,滅刃‧達因斯，開光,Material1,28779,28777
EXCHANGE.INI,changed,912,滅刃‧達因斯，開光,Name,尊號‧加拉爾，開光,滅刃‧達因斯，開光
EXCHANGE.INI,changed,912,滅刃‧達因斯，開光,Reward1,28492,28490
EXCHANGE.INI,changed,1447,拆解：舞星鋁行Ⅱ,Group,79,78
EXCHANGE.INI,changed,1447,拆解：舞星鋁行Ⅱ,Material1,31108,31327
EXCHANGE.INI,changed,1447,拆解：舞星鋁行Ⅱ,Material1Count,3,1
EXCHANGE.INI,changed,1447,拆解：舞星鋁行Ⅱ,Material2,29272,
EXCHANGE.INI,changed,1447,拆解：舞星鋁行Ⅱ,Material2Count,200,
EXCHANGE.INI,changed,1447,拆解：舞星鋁行Ⅱ,Name,泰源玉刀Ⅳ,拆解：舞星鋁行Ⅱ
EXCHANGE.INI,changed,1447,拆解：舞星鋁行Ⅱ,Reward1,31109,30673
EXCHANGE.INI,changed,1447,拆解：舞星鋁行Ⅱ,Reward1Count,1,10
EXCHANGE.INI,changed,1181,神．旭品特仕裝箱,Material1Count,150,500
EXCHANGE.INI,changed,1181,神．旭品特仕裝箱,Name,神．旭品武防綢袋,神．旭品特仕裝箱
EXCHANGE.INI,changed,1181,神．旭品特仕裝箱,Reward1,30470,30477
EXCHANGE.INI,changed,1590,拆解：渡鴉瞳杖Ⅳ,Material1,31134,31124
EXCHANGE.INI,changed,1590,拆解：渡鴉瞳杖Ⅳ,Name,拆解：血腥屠夫Ⅳ,拆解：渡鴉瞳杖Ⅳ
EXCHANGE.INI,changed,3421,拆解：地煌珠☆☆☆,Group,208,207
EXCHANGE.INI,changed,3421,拆解：地煌珠☆☆☆,Material1,28956,28912
EXCHANGE.INI,changed,3421,拆解：地煌珠☆☆☆,Name,拆解：鬼兇鎧☆☆☆,拆解：地煌珠☆☆☆
EXCHANGE.INI,changed,3421,拆解：地煌珠☆☆☆,Reward1Count,27,3
EXCHANGE.INI,changed,1031,赫絕緋暮劍，開光,Material1,30623,30621
EXCHANGE.INI,changed,1031,赫絕緋暮劍，開光,Name,鳳仙赭霞砲，開光,赫絕緋暮劍，開光
EXCHANGE.INI,changed,1031,赫絕緋暮劍，開光,Reward1,30613,30611
EXCHANGE.INI,changed,2122,拆解：鬼帝冠★,Material1,29560,29548
EXCHANGE.INI,changed,2122,拆解：鬼帝冠★,Name,拆解：鬼帝臂★,拆解：鬼帝冠★
EXCHANGE.INI,changed,2326,道帝簪★★★,Material1,29437,29425
EXCHANGE.INI,changed,2326,道帝簪★★★,Name,劍帝服★★★,道帝簪★★★
EXCHANGE.INI,changed,2326,道帝簪★★★,Reward1,29438,29426
EXCHANGE.INI,changed,2231,河山斧★★☆,Group,131,130
EXCHANGE.INI,changed,2231,河山斧★★☆,Material1,29406,29394
EXCHANGE.INI,changed,2231,河山斧★★☆,Material2Count,5,15
EXCHANGE.INI,changed,2231,河山斧★★☆,Name,劍帝冕★★☆,河山斧★★☆
EXCHANGE.INI,changed,2231,河山斧★★☆,Reward1,29407,29395
EXCHANGE.INI,changed,2591,梭羅強化配方錦囊,Material1Count,10,20
EXCHANGE.INI,changed,2591,梭羅強化配方錦囊,Material2Count,30,40
EXCHANGE.INI,changed,2591,梭羅強化配方錦囊,Material3Count,30,55
EXCHANGE.INI,changed,2591,梭羅強化配方錦囊,Material4,29274,29272
EXCHANGE.INI,changed,2591,梭羅強化配方錦囊,Material4Count,30,55
EXCHANGE.INI,changed,2591,梭羅強化配方錦囊,Material5,,29274
EXCHANGE.INI,changed,2591,梭羅強化配方錦囊,Material5Count,,55
EXCHANGE.INI,changed,2591,梭羅強化配方錦囊,Name,太武屬性配方錦囊,梭羅強化配方錦囊
EXCHANGE.INI,changed,2591,梭羅強化配方錦囊,Reward1,28018,31605
EXCHANGE.INI,changed,1545,羅將烈槍Ⅴ,Material1,31139,31129
EXCHANGE.INI,changed,1545,羅將烈槍Ⅴ,Name,破魔獨錘Ⅴ,羅將烈槍Ⅴ
EXCHANGE.INI,changed,1545,羅將烈槍Ⅴ,Reward1,31140,31130
EXCHANGE.INI,changed,1606,拆解：宇鋒飄腕Ⅳ,Material1,31214,31204
EXCHANGE.INI,changed,1606,拆解：宇鋒飄腕Ⅳ,Name,拆解：光術快手Ⅳ,拆解：宇鋒飄腕Ⅳ
EXCHANGE.INI,changed,2225,龍掣爪★★☆,Material1,29370,29358
EXCHANGE.INI,changed,2225,龍掣爪★★☆,Name,御天杖★★☆,龍掣爪★★☆
EXCHANGE.INI,changed,2225,龍掣爪★★☆,Reward1,29371,29359
EXCHANGE.INI,changed,871,吟雷聆牙，開光,Material1,31527,31525
EXCHANGE.INI,changed,871,吟雷聆牙，開光,Name,天刑劍，開光,吟雷聆牙，開光
EXCHANGE.INI,changed,871,吟雷聆牙，開光,Reward1,31517,31515
EXCHANGE.INI,changed,1109,拆解：新星之禪照帽,Material1,27305,27288
EXCHANGE.INI,changed,1109,拆解：新星之禪照帽,Name,拆解：新星之武豪鎧,拆解：新星之禪照帽
EXCHANGE.INI,changed,2146,道帝簪★★,Material1,29435,29423
EXCHANGE.INI,changed,2146,道帝簪★★,Name,劍帝服★★,道帝簪★★
EXCHANGE.INI,changed,2146,道帝簪★★,Reward1,29436,29424
EXCHANGE.INI,changed,2409,拆解：傾城棍★★★,Material1,29396,29384
EXCHANGE.INI,changed,2409,拆解：傾城棍★★★,Name,拆解：河山斧★★★,拆解：傾城棍★★★
EXCHANGE.INI,changed,1003,陳橋燭影殲，消光,Material1,29658,29656
EXCHANGE.INI,changed,1003,陳橋燭影殲，消光,Name,夏禹九鼎杖，消光,陳橋燭影殲，消光
EXCHANGE.INI,changed,1003,陳橋燭影殲，消光,Reward1,29668,29666
EXCHANGE.INI,changed,2066,道帝袖★☆,Material1,29494,29482
EXCHANGE.INI,changed,2066,道帝袖★☆,Name,劍帝履★☆,道帝袖★☆
EXCHANGE.INI,changed,2066,道帝袖★☆,Reward1,29495,29483
EXCHANGE.INI,changed,2551,寂滅淨元交易,Name,工坊速成軸交易,寂滅淨元交易
EXCHANGE.INI,changed,2551,寂滅淨元交易,Reward1,30658,29271
EXCHANGE.INI,changed,2551,寂滅淨元交易,Reward1Count,3,1
EXCHANGE.INI,changed,2726,神．玄宙特仕裝箱,Material1Count,1500,2500
EXCHANGE.INI,changed,2726,神．玄宙特仕裝箱,Name,神．玄宙劍裝錦囊,神．玄宙特仕裝箱
EXCHANGE.INI,changed,2726,神．玄宙特仕裝箱,Reward1,31377,31382
EXCHANGE.INI,changed,3384,拆解：柳韋足☆☆,Material1,28979,28973
EXCHANGE.INI,changed,3384,拆解：柳韋足☆☆,Name,拆解：碧行裟☆☆,拆解：柳韋足☆☆
EXCHANGE.INI,changed,861,世話女房，開光,Material1,30158,30600
EXCHANGE.INI,changed,861,世話女房，開光,Name,寶刀齊齊烏西，消光,世話女房，開光
EXCHANGE.INI,changed,861,世話女房，開光,Reward1,30579,30161
EXCHANGE.INI,changed,3167,進化→列肆杖☆,Material1,28369,28363
EXCHANGE.INI,changed,3167,進化→列肆杖☆,Name,進化→市樓棍☆,進化→列肆杖☆
EXCHANGE.INI,changed,3167,進化→列肆杖☆,Reward1,28829,28823
EXCHANGE.INI,changed,896,神州真勁頭巾,Material1,29200,29198
EXCHANGE.INI,changed,896,神州真勁頭巾,Name,神州真勁護肘,神州真勁頭巾
EXCHANGE.INI,changed,896,神州真勁頭巾,Reward1,29783,29781
EXCHANGE.INI,changed,908,怪物什長石牌,Material1,21401,21402
EXCHANGE.INI,changed,908,怪物什長石牌,Name,怪物斥侯石牌,怪物什長石牌
EXCHANGE.INI,changed,908,怪物什長石牌,Reward1,21400,21401
EXCHANGE.INI,changed,1403,拆解：泰源玉刀Ⅱ,Material1,31117,31107
EXCHANGE.INI,changed,1403,拆解：泰源玉刀Ⅱ,Name,拆解：塹淵幽柄Ⅱ,拆解：泰源玉刀Ⅱ
EXCHANGE.INI,changed,3210,宗正裁☆☆,Material1,28823,28817
EXCHANGE.INI,changed,3210,宗正裁☆☆,Name,列肆杖☆☆,宗正裁☆☆
EXCHANGE.INI,changed,3210,宗正裁☆☆,Reward1,28824,28818
EXCHANGE.INI,changed,3059,星虎披★★★,Material1,28449,28443
EXCHANGE.INI,changed,3059,星虎披★★★,Name,星玄卦★★★,星虎披★★★
EXCHANGE.INI,changed,3059,星虎披★★★,Reward1,28450,28444
EXCHANGE.INI,changed,2841,秘笈：君子風,Material1,29641,29639
EXCHANGE.INI,changed,2841,秘笈：君子風,Name,秘笈：一氣動山河,秘笈：君子風
EXCHANGE.INI,changed,1099,拆解：新星之菩釋杖,Material1,27256,27248
EXCHANGE.INI,changed,1099,拆解：新星之菩釋杖,Name,拆解：新星之紡霧棍,拆解：新星之菩釋杖
EXCHANGE.INI,changed,2522,節奏芝麻月餅,Material1Count,20,1
EXCHANGE.INI,changed,2522,節奏芝麻月餅,Name,銀濤御膳,節奏芝麻月餅
EXCHANGE.INI,changed,2522,節奏芝麻月餅,Reward1,31807,31802
EXCHANGE.INI,changed,721,神旭勇裝錦囊禮券,Material1,31596,31594
EXCHANGE.INI,changed,721,神旭勇裝錦囊禮券,Name,神旭道裝錦囊禮券,神旭勇裝錦囊禮券
EXCHANGE.INI,changed,721,神旭勇裝錦囊禮券,Reward1,30475,30473
EXCHANGE.INI,changed,2804,素還真錦囊禮券,Material1,29273,30673
EXCHANGE.INI,changed,2804,素還真錦囊禮券,Material1Count,10,1
EXCHANGE.INI,changed,2804,素還真錦囊禮券,Name,霹靂素還真錦囊,素還真錦囊禮券
EXCHANGE.INI,changed,2804,素還真錦囊禮券,Reward1,32159,32163
EXCHANGE.INI,changed,2804,素還真錦囊禮券,Reward1Count,1,2
EXCHANGE.INI,changed,869,拙劍，開光,Material1,31525,31523
EXCHANGE.INI,changed,869,拙劍，開光,Name,吟雷聆牙，開光,拙劍，開光
EXCHANGE.INI,changed,869,拙劍，開光,Reward1,31515,31513
EXCHANGE.INI,changed,2928,進化→星兇鎧★,Material1,27751,27743
EXCHANGE.INI,changed,2928,進化→星兇鎧★,Name,進化→星兇靴★,進化→星兇鎧★
EXCHANGE.INI,changed,2928,進化→星兇鎧★,Reward1,28538,28532
EXCHANGE.INI,changed,1623,拆解：騰陽巍立Ⅳ,Material1,31299,31289
EXCHANGE.INI,changed,1623,拆解：騰陽巍立Ⅳ,Name,拆解：凜月霜襟Ⅳ,拆解：騰陽巍立Ⅳ
EXCHANGE.INI,changed,781,拆解：艮山仙太極,Material1,29721,29719
EXCHANGE.INI,changed,781,拆解：艮山仙太極,Name,拆解：巽風仙太極,拆解：艮山仙太極
EXCHANGE.INI,changed,2948,星鋒冠★★,Material1,28385,28379
EXCHANGE.INI,changed,2948,星鋒冠★★,Name,遊星箍★★,星鋒冠★★
EXCHANGE.INI,changed,2948,星鋒冠★★,Reward1,28386,28380
EXCHANGE.INI,changed,2701,神淵風息瓠,Name,千江神謳章,神淵風息瓠
EXCHANGE.INI,changed,2701,神淵風息瓠,Reward1,29935,30608
EXCHANGE.INI,changed,2854,武魂：一頁書,Material1,29626,23071
EXCHANGE.INI,changed,2854,武魂：一頁書,Name,般若,武魂：一頁書
EXCHANGE.INI,changed,2854,武魂：一頁書,Reward1Count,6,12
EXCHANGE.INI,changed,1975,幻帝手★,Material1,29487,29475
EXCHANGE.INI,changed,1975,幻帝手★,Name,禪帝捻★,幻帝手★
EXCHANGE.INI,changed,1975,幻帝手★,Reward1,29488,29476
EXCHANGE.INI,changed,3178,進化→烈煌冑☆,Material1,28402,28396
EXCHANGE.INI,changed,3178,進化→烈煌冑☆,Name,進化→燦煌衣☆,進化→烈煌冑☆
EXCHANGE.INI,changed,3178,進化→烈煌冑☆,Reward1,28862,28856
EXCHANGE.INI,changed,1822,拆解：綻虹鳳棒Ⅱ,Material1,30242,30232
EXCHANGE.INI,changed,1822,拆解：綻虹鳳棒Ⅱ,Name,拆解：葬月梟斧Ⅱ,拆解：綻虹鳳棒Ⅱ
EXCHANGE.INI,changed,730,超玉僧裝錦囊禮券,Material1,30662,30993
EXCHANGE.INI,changed,730,超玉僧裝錦囊禮券,Name,帝星啟後裝箱禮券,超玉僧裝錦囊禮券
EXCHANGE.INI,changed,730,超玉僧裝錦囊禮券,Reward1,30643,30454
EXCHANGE.INI,changed,2880,秘笈：一氣動山河,Material1,29643,29641
EXCHANGE.INI,changed,2880,秘笈：一氣動山河,Name,秘笈：天龍吼,秘笈：一氣動山河
EXCHANGE.INI,changed,1415,拆解：辰道玄冠Ⅱ,Material1,31177,31167
EXCHANGE.INI,changed,1415,拆解：辰道玄冠Ⅱ,Name,拆解：宇鋒颯衣Ⅱ,拆解：辰道玄冠Ⅱ
EXCHANGE.INI,changed,3069,煌韋足★★★,Material1,28557,28551
EXCHANGE.INI,changed,3069,煌韋足★★★,Name,奇行裟★★★,煌韋足★★★
EXCHANGE.INI,changed,3069,煌韋足★★★,Reward1,28558,28552
EXCHANGE.INI,changed,1991,黃月巾★,Material1,29583,29571
EXCHANGE.INI,changed,1991,黃月巾★,Name,黃鳴腕★,黃月巾★
EXCHANGE.INI,changed,1991,黃月巾★,Reward1,29584,29572
EXCHANGE.INI,changed,2731,神．玄宙道裝錦囊,Material1Count,1650,1500
EXCHANGE.INI,changed,2731,神．玄宙道裝錦囊,Name,極．玄宙特仕裝箱,神．玄宙道裝錦囊
EXCHANGE.INI,changed,2731,神．玄宙道裝錦囊,Reward1,31371,31380
EXCHANGE.INI,changed,1380,寂禪若持Ⅲ,Material1,31232,31222
EXCHANGE.INI,changed,1380,寂禪若持Ⅲ,Name,天衛宙脛Ⅲ,寂禪若持Ⅲ
EXCHANGE.INI,changed,1380,寂禪若持Ⅲ,Reward1,31233,31223
EXCHANGE.INI,changed,920,恆盾‧梅吉奧，開光,Material1,28490,28785
EXCHANGE.INI,changed,920,恆盾‧梅吉奧，開光,Name,滅刃‧達因斯，消光,恆盾‧梅吉奧，開光
EXCHANGE.INI,changed,920,恆盾‧梅吉奧，開光,Reward1,28777,28498
EXCHANGE.INI,changed,1872,拆解：劍豪旭冠Ⅲ,Material1,30263,30253
EXCHANGE.INI,changed,1872,拆解：劍豪旭冠Ⅲ,Name,拆解：術凌旭巾Ⅲ,拆解：劍豪旭冠Ⅲ
EXCHANGE.INI,changed,3412,拆解：佛煌纏☆☆☆,Material1,28891,28885
EXCHANGE.INI,changed,3412,拆解：佛煌纏☆☆☆,Name,拆解：戰煌脛☆☆☆,拆解：佛煌纏☆☆☆
EXCHANGE.INI,changed,2658,素還真換韓凱蒂降神,Material1,29652,29651
EXCHANGE.INI,changed,2658,素還真換韓凱蒂降神,Name,一頁書換楊鐵降神,素還真換韓凱蒂降神
EXCHANGE.INI,changed,2658,素還真換韓凱蒂降神,Reward1,31879,31882
EXCHANGE.INI,changed,1772,霜羽連珠Ⅲ,Material1,30222,30212
EXCHANGE.INI,changed,1772,霜羽連珠Ⅲ,Name,明露鴻杖Ⅲ,霜羽連珠Ⅲ
EXCHANGE.INI,changed,1772,霜羽連珠Ⅲ,Reward1,30223,30213
EXCHANGE.INI,changed,3098,拆解：星鋒靴★★,Material1,28431,28425
EXCHANGE.INI,changed,3098,拆解：星鋒靴★★,Name,拆解：遊星足★★,拆解：星鋒靴★★
EXCHANGE.INI,changed,1466,辰道玄袍Ⅳ,Material1,31203,31193
EXCHANGE.INI,changed,1466,辰道玄袍Ⅳ,Name,宇鋒飄腕Ⅳ,辰道玄袍Ⅳ
EXCHANGE.INI,changed,1466,辰道玄袍Ⅳ,Reward1,31204,31194
EXCHANGE.INI,changed,1192,武魂：太陰之女,Material1Count,200,300
EXCHANGE.INI,changed,1192,武魂：太陰之女,Name,武魂：莫千千,武魂：太陰之女
EXCHANGE.INI,changed,1192,武魂：太陰之女,Reward1,30836,30840
EXCHANGE.INI,changed,1423,拆解：天守宙臂Ⅱ,Material1,31217,31207
EXCHANGE.INI,changed,1423,拆解：天守宙臂Ⅱ,Name,拆解：辰道玄袖Ⅱ,拆解：天守宙臂Ⅱ
EXCHANGE.INI,changed,2182,拆解：御天杖★☆,Material1,29381,29369
EXCHANGE.INI,changed,2182,拆解：御天杖★☆,Name,拆解：傾城棍★☆,拆解：御天杖★☆
EXCHANGE.INI,changed,1965,幻帝面★,Material1,29427,29415
EXCHANGE.INI,changed,1965,幻帝面★,Name,禪帝頂★,幻帝面★
EXCHANGE.INI,changed,1965,幻帝面★,Reward1,29428,29416
EXCHANGE.INI,changed,1981,道帝行★,Material1,29523,29511
EXCHANGE.INI,changed,1981,道帝行★,Name,宇帝珮★,道帝行★
EXCHANGE.INI,changed,1981,道帝行★,Reward1,29524,29512
EXCHANGE.INI,changed,2699,九鼎太清經,Material1Count,650,750
EXCHANGE.INI,changed,2699,九鼎太清經,Name,神淵風息瓠,九鼎太清經
EXCHANGE.INI,changed,2699,九鼎太清經,Reward1,30608,30969
EXCHANGE.INI,changed,1151,真．玄宙術裝錦囊,Name,真．玄宙僧裝錦囊,真．玄宙術裝錦囊
EXCHANGE.INI,changed,1151,真．玄宙術裝錦囊,Reward1,31348,31346
EXCHANGE.INI,changed,691,紀元裂片禮券,Material1,31706,30657
EXCHANGE.INI,changed,691,紀元裂片禮券,Name,姜秀錦囊禮券,紀元裂片禮券
EXCHANGE.INI,changed,691,紀元裂片禮券,Reward1,31700,27189
EXCHANGE.INI,changed,691,紀元裂片禮券,Reward1Count,5,10
EXCHANGE.INI,changed,2650,夏侯蘭錦囊禮券,Material1,29273,30673
EXCHANGE.INI,changed,2650,夏侯蘭錦囊禮券,Material1Count,10,1
EXCHANGE.INI,changed,2650,夏侯蘭錦囊禮券,Name,活俠夏侯蘭錦囊,夏侯蘭錦囊禮券
EXCHANGE.INI,changed,2650,夏侯蘭錦囊禮券,Reward1,31729,31735
EXCHANGE.INI,changed,2650,夏侯蘭錦囊禮券,Reward1Count,1,2
EXCHANGE.INI,changed,1168,真．玄宙特仕裝箱,Material1Count,600,1000
EXCHANGE.INI,changed,1168,真．玄宙特仕裝箱,Name,真．玄宙劍裝錦囊,真．玄宙特仕裝箱
EXCHANGE.INI,changed,1168,真．玄宙特仕裝箱,Reward1,31344,31349
EXCHANGE.INI,changed,2889,秘笈：刀以毀滅,Group,172,171
EXCHANGE.INI,changed,2889,秘笈：刀以毀滅,Material1,32168,29650
EXCHANGE.INI,changed,2889,秘笈：刀以毀滅,Material1Count,145,1
EXCHANGE.INI,changed,2889,秘笈：刀以毀滅,Name,武魂：亂世狂刀,秘笈：刀以毀滅
EXCHANGE.INI,changed,2889,秘笈：刀以毀滅,Reward1,30849,32168
EXCHANGE.INI,changed,2889,秘笈：刀以毀滅,Reward1Count,1,3
EXCHANGE.INI,changed,2775,長柄滄耳刀,Name,如是我斬,長柄滄耳刀
EXCHANGE.INI,changed,2775,長柄滄耳刀,Reward1,29630,29628
EXCHANGE.INI,changed,1043,鳳仙赭霞砲，消光,Material1,30615,30613
EXCHANGE.INI,changed,1043,鳳仙赭霞砲，消光,Name,正見天機杖，消光,鳳仙赭霞砲，消光
EXCHANGE.INI,changed,1043,鳳仙赭霞砲，消光,Reward1,30625,30623
EXCHANGE.INI,changed,1176,以太星核錦囊,Material1Count,4,80
EXCHANGE.INI,changed,1176,以太星核錦囊,Name,六道真元錦囊,以太星核錦囊
EXCHANGE.INI,changed,1176,以太星核錦囊,Reward1,26664,31468
EXCHANGE.INI,changed,2589,六宇仙器配方錦囊,Name,梭羅強化配方錦囊,六宇仙器配方錦囊
EXCHANGE.INI,changed,2589,六宇仙器配方錦囊,Reward1,31605,31444
EXCHANGE.INI,changed,2840,秘笈：天地根,Material1,29640,29638
EXCHANGE.INI,changed,2840,秘笈：天地根,Name,秘笈：大梵聖掌,秘笈：天地根
EXCHANGE.INI,changed,3379,拆解：鬼兇手☆☆,Material1,28964,28958
EXCHANGE.INI,changed,3379,拆解：鬼兇手☆☆,Name,拆解：柳月巾☆☆,拆解：鬼兇手☆☆
EXCHANGE.INI,changed,2056,道帝簪★☆,Material1,29434,29422
EXCHANGE.INI,changed,2056,道帝簪★☆,Name,劍帝服★☆,道帝簪★☆
EXCHANGE.INI,changed,2056,道帝簪★☆,Reward1,29435,29423
EXCHANGE.INI,changed,2373,拆解：劍帝服★★☆,Material1,29449,29437
EXCHANGE.INI,changed,2373,拆解：劍帝服★★☆,Name,拆解：幻帝裘★★☆,拆解：劍帝服★★☆
EXCHANGE.INI,changed,2661,一頁書換雪兒降神,Name,一頁書換韓凱蒂降神,一頁書換雪兒降神
EXCHANGE.INI,changed,2661,一頁書換雪兒降神,Reward1,31882,31880
EXCHANGE.INI,changed,2324,武帝盔★★★,Material1,29425,29413
EXCHANGE.INI,changed,2324,武帝盔★★★,Name,道帝簪★★★,武帝盔★★★
EXCHANGE.INI,changed,2324,武帝盔★★★,Reward1,29426,29414
EXCHANGE.INI,changed,2979,煌韋足★★,Material1,28556,28550
EXCHANGE.INI,changed,2979,煌韋足★★,Name,奇行裟★★,煌韋足★★
EXCHANGE.INI,changed,2979,煌韋足★★,Reward1,28557,28551
EXCHANGE.INI,changed,1802,七色蓮寶Ⅲ,Group,102,101
EXCHANGE.INI,changed,1802,七色蓮寶Ⅲ,Material1,30372,30362
EXCHANGE.INI,changed,1802,七色蓮寶Ⅲ,Material2,30673,29272
EXCHANGE.INI,changed,1802,七色蓮寶Ⅲ,Material2Count,6,15
EXCHANGE.INI,changed,1802,七色蓮寶Ⅲ,Name,狂陽輝冕Ⅲ,七色蓮寶Ⅲ
EXCHANGE.INI,changed,1802,七色蓮寶Ⅲ,Reward1,30373,30363
EXCHANGE.INI,changed,1690,術凌旭巾Ⅱ,Material1,30271,30261
EXCHANGE.INI,changed,1690,術凌旭巾Ⅱ,Name,禪臺旭笠Ⅱ,術凌旭巾Ⅱ
EXCHANGE.INI,changed,1690,術凌旭巾Ⅱ,Reward1,30272,30262
EXCHANGE.INI,changed,1974,武帝掌★,Material1,29481,29469
EXCHANGE.INI,changed,1974,武帝掌★,Name,道帝袖★,武帝掌★
EXCHANGE.INI,changed,1974,武帝掌★,Reward1,29482,29470
EXCHANGE.INI,changed,2630,趙活錦囊禮券,Material1,29273,30673
EXCHANGE.INI,changed,2630,趙活錦囊禮券,Material1Count,10,1
EXCHANGE.INI,changed,2630,趙活錦囊禮券,Name,活俠趙活錦囊,趙活錦囊禮券
EXCHANGE.INI,changed,2630,趙活錦囊禮券,Reward1,31725,31731
EXCHANGE.INI,changed,2630,趙活錦囊禮券,Reward1Count,1,2
EXCHANGE.INI,changed,1949,進化→黃韋足☆,Material1,28980,28974
EXCHANGE.INI,changed,1949,進化→黃韋足☆,Name,進化→神無袈☆,進化→黃韋足☆
EXCHANGE.INI,changed,1949,進化→黃韋足☆,Reward1,29601,29589
EXCHANGE.INI,changed,3065,星兇靴★★★,Material1,28545,28539
EXCHANGE.INI,changed,3065,星兇靴★★★,Name,煌天衣★★★,星兇靴★★★
EXCHANGE.INI,changed,3065,星兇靴★★★,Reward1,28546,28540
EXCHANGE.INI,changed,820,火神砲,Name,沉思之杖,火神砲
EXCHANGE.INI,changed,820,火神砲,Reward1,31556,31554
EXCHANGE.INI,changed,1049,八裂叛伐斧，消光,Group,51,48
EXCHANGE.INI,changed,1049,八裂叛伐斧，消光,Material1,31642,30619
EXCHANGE.INI,changed,1049,八裂叛伐斧，消光,Material1Count,650,1
EXCHANGE.INI,changed,1049,八裂叛伐斧，消光,Material2,31643,29272
EXCHANGE.INI,changed,1049,八裂叛伐斧，消光,Material2Count,300,75
EXCHANGE.INI,changed,1049,八裂叛伐斧，消光,Material3,,29273
EXCHANGE.INI,changed,1049,八裂叛伐斧，消光,Material3Count,,150
EXCHANGE.INI,changed,1049,八裂叛伐斧，消光,Material4,,26368
EXCHANGE.INI,changed,1049,八裂叛伐斧，消光,Material4Count,,250
EXCHANGE.INI,changed,1049,八裂叛伐斧，消光,Name,雙蛇賀春禮包,八裂叛伐斧，消光
EXCHANGE.INI,changed,1049,八裂叛伐斧，消光,Reward1,31638,30629
EXCHANGE.INI,changed,3171,進化→帛度斧☆,Group,192,191
EXCHANGE.INI,changed,3171,進化→帛度斧☆,Material1,28381,28375
EXCHANGE.INI,changed,3171,進化→帛度斧☆,Material2Count,3,9
EXCHANGE.INI,changed,3171,進化→帛度斧☆,Material3Count,1,3
EXCHANGE.INI,changed,3171,進化→帛度斧☆,Name,進化→烈煌兜☆,進化→帛度斧☆
EXCHANGE.INI,changed,3171,進化→帛度斧☆,Reward1,28841,28835
EXCHANGE.INI,changed,1024,冥鎌歐‧西斯，消光,Material1,29006,29004
EXCHANGE.INI,changed,1024,冥鎌歐‧西斯，消光,Name,泣槍奈‧芙蒂，消光,冥鎌歐‧西斯，消光
EXCHANGE.INI,changed,1024,冥鎌歐‧西斯，消光,Reward1,29019,29017
EXCHANGE.INI,changed,950,八卦形意盾，消光,Material1,26493,26793
EXCHANGE.INI,changed,950,八卦形意盾，消光,Name,波塞頓聖刀，開光,八卦形意盾，消光
EXCHANGE.INI,changed,950,八卦形意盾，消光,Reward1,26288,26967
EXCHANGE.INI,changed,3255,拆解：宗正裁☆,Material1,28823,28817
EXCHANGE.INI,changed,3255,拆解：宗正裁☆,Name,拆解：列肆杖☆,拆解：宗正裁☆
EXCHANGE.INI,changed,2372,拆解：禪帝頂★★☆,Material1,29443,29431
EXCHANGE.INI,changed,2372,拆解：禪帝頂★★☆,Name,拆解：武帝胄★★☆,拆解：禪帝頂★★☆
EXCHANGE.INI,changed,2265,皇影甲★★☆,Material1,29610,29598
EXCHANGE.INI,changed,2265,皇影甲★★☆,Name,君星靴★★☆,皇影甲★★☆
EXCHANGE.INI,changed,2265,皇影甲★★☆,Reward1,29611,29599
EXCHANGE.INI,changed,2339,武帝踏★★★,Material1,29515,29503
EXCHANGE.INI,changed,2339,武帝踏★★★,Name,道帝行★★★,武帝踏★★★
EXCHANGE.INI,changed,2339,武帝踏★★★,Reward1,29516,29504
EXCHANGE.INI,changed,713,虞小梅錦囊禮券,Material1,31599,31734
EXCHANGE.INI,changed,713,虞小梅錦囊禮券,Name,凜雪鴉錦囊禮券,虞小梅錦囊禮券
EXCHANGE.INI,changed,713,虞小梅錦囊禮券,Reward1,31491,31728
EXCHANGE.INI,changed,3309,戰煌盔☆☆☆,Material1,28851,28845
EXCHANGE.INI,changed,3309,戰煌盔☆☆☆,Name,道煌面☆☆☆,戰煌盔☆☆☆
EXCHANGE.INI,changed,3309,戰煌盔☆☆☆,Reward1,28852,28846
EXCHANGE.INI,changed,1121,拆解：新星之武豪踏,Material1,27342,27340
EXCHANGE.INI,changed,1121,拆解：新星之武豪踏,Name,拆解：新星之道明步,拆解：新星之武豪踏
EXCHANGE.INI,changed,2883,秘笈：天關雙煉,Material1,29646,29644
EXCHANGE.INI,changed,2883,秘笈：天關雙煉,Name,秘笈：天劍三絕,秘笈：天關雙煉
EXCHANGE.INI,changed,3185,進化→燦煌掌☆,Material1,28423,28417
EXCHANGE.INI,changed,3185,進化→燦煌掌☆,Name,進化→佛煌纏☆,進化→燦煌掌☆
EXCHANGE.INI,changed,3185,進化→燦煌掌☆,Reward1,28883,28877
EXCHANGE.INI,changed,3007,拆解：釋星拱★,Material1,28427,28421
EXCHANGE.INI,changed,3007,拆解：釋星拱★,Name,拆解：鬥星脛★,拆解：釋星拱★
EXCHANGE.INI,changed,3025,拆解：奇隱甲★,Material1,28559,28553
EXCHANGE.INI,changed,3025,拆解：奇隱甲★,Name,拆解：奇星靴★,拆解：奇隱甲★
EXCHANGE.INI,changed,1701,道清旭袖Ⅱ,Material1,30326,30316
EXCHANGE.INI,changed,1701,道清旭袖Ⅱ,Name,劍豪旭靴Ⅱ,道清旭袖Ⅱ
EXCHANGE.INI,changed,1701,道清旭袖Ⅱ,Reward1,30327,30317
EXCHANGE.INI,changed,996,天汗蒼狼槍，開光,Material1,29671,29669
EXCHANGE.INI,changed,996,天汗蒼狼槍，開光,Name,莽王新朝錘，開光,天汗蒼狼槍，開光
EXCHANGE.INI,changed,996,天汗蒼狼槍，開光,Reward1,29661,29659
EXCHANGE.INI,changed,1190,清暑小香包,Group,63,62
EXCHANGE.INI,changed,1190,清暑小香包,Material1,29776,31675
EXCHANGE.INI,changed,1190,清暑小香包,Material1Count,300,15
EXCHANGE.INI,changed,1190,清暑小香包,Material2,,31676
EXCHANGE.INI,changed,1190,清暑小香包,Material2Count,,15
EXCHANGE.INI,changed,1190,清暑小香包,Material3,,31677
EXCHANGE.INI,changed,1190,清暑小香包,Material3Count,,15
EXCHANGE.INI,changed,1190,清暑小香包,Material4,,31678
EXCHANGE.INI,changed,1190,清暑小香包,Material4Count,,15
EXCHANGE.INI,changed,1190,清暑小香包,Material5,,31679
EXCHANGE.INI,changed,1190,清暑小香包,Material5Count,,15
EXCHANGE.INI,changed,1190,清暑小香包,Name,武魂：太陰之女,清暑小香包
EXCHANGE.INI,changed,1190,清暑小香包,Reward1,30840,31681
EXCHANGE.INI,changed,1882,拆解：劍豪旭腕Ⅲ,Material1,30313,30303
EXCHANGE.INI,changed,1882,拆解：劍豪旭腕Ⅲ,Name,拆解：術凌旭指Ⅲ,拆解：劍豪旭腕Ⅲ
EXCHANGE.INI,changed,2305,拆解：鬼帝道★★,Material1,29580,29568
EXCHANGE.INI,changed,2305,拆解：鬼帝道★★,Name,拆解：黃天衣★★,拆解：鬼帝道★★
EXCHANGE.INI,changed,1689,勇將旭盔Ⅱ,Material1,30266,30256
EXCHANGE.INI,changed,1689,勇將旭盔Ⅱ,Name,道清旭綸Ⅱ,勇將旭盔Ⅱ
EXCHANGE.INI,changed,1689,勇將旭盔Ⅱ,Reward1,30267,30257
EXCHANGE.INI,changed,1075,秘笈：魔劍目錄,Name,秘笈：九鳳蒼穹,秘笈：魔劍目錄
EXCHANGE.INI,changed,1075,秘笈：魔劍目錄,Reward1,31540,31537
EXCHANGE.INI,changed,2368,拆解：劍帝冕★★☆,Material1,29419,29407
EXCHANGE.INI,changed,2368,拆解：劍帝冕★★☆,Name,拆解：幻帝面★★☆,拆解：劍帝冕★★☆
EXCHANGE.INI,changed,3389,拆解：武座刃☆☆☆,Material1,28822,28816
EXCHANGE.INI,changed,3389,拆解：武座刃☆☆☆,Name,拆解：七公扇☆☆☆,拆解：武座刃☆☆☆
EXCHANGE.INI,changed,991,龍熙軒轅劍，開光,Material1,29666,29664
EXCHANGE.INI,changed,991,龍熙軒轅劍，開光,Name,陳橋燭影殲，開光,龍熙軒轅劍，開光
EXCHANGE.INI,changed,991,龍熙軒轅劍，開光,Reward1,29656,29654
EXCHANGE.INI,changed,1515,拆解：天守宙臂Ⅲ,Material1,31218,31208
EXCHANGE.INI,changed,1515,拆解：天守宙臂Ⅲ,Name,拆解：辰道玄袖Ⅲ,拆解：天守宙臂Ⅲ
EXCHANGE.INI,changed,3249,柳韋足☆☆,Material1,28978,28972
EXCHANGE.INI,changed,3249,柳韋足☆☆,Name,碧行裟☆☆,柳韋足☆☆
EXCHANGE.INI,changed,3249,柳韋足☆☆,Reward1,28979,28973
EXCHANGE.INI,changed,3086,拆解：星蹤綸★★,Material1,28395,28389
EXCHANGE.INI,changed,3086,拆解：星蹤綸★★,Name,拆解：星鋒冑★★,拆解：星蹤綸★★
EXCHANGE.INI,changed,3368,拆解：烈煌靴☆☆,Material1,28893,28887
EXCHANGE.INI,changed,3368,拆解：烈煌靴☆☆,Name,拆解：燦煌足☆☆,拆解：烈煌靴☆☆
EXCHANGE.INI,changed,3410,拆解：燦煌掌☆☆☆,Material1,28885,28879
EXCHANGE.INI,changed,3410,拆解：燦煌掌☆☆☆,Name,拆解：佛煌纏☆☆☆,拆解：燦煌掌☆☆☆
EXCHANGE.INI,changed,929,冥斧‧提爾鋒，消光,Material1,27436,28497
EXCHANGE.INI,changed,929,冥斧‧提爾鋒，消光,Material2,27198,28634
EXCHANGE.INI,changed,929,冥斧‧提爾鋒，消光,Material2Count,25,50
EXCHANGE.INI,changed,929,冥斧‧提爾鋒，消光,Material3Count,100,200
EXCHANGE.INI,changed,929,冥斧‧提爾鋒，消光,Name,五帝太昊劍，開光,冥斧‧提爾鋒，消光
EXCHANGE.INI,changed,929,冥斧‧提爾鋒，消光,Reward1,26784,28784
EXCHANGE.INI,changed,1435,拆解：龍之印信Ⅱ,Group,78,77
EXCHANGE.INI,changed,1435,拆解：龍之印信Ⅱ,Material1,31277,31267
EXCHANGE.INI,changed,1435,拆解：龍之印信Ⅱ,Name,拆解：騰陽雄鎧Ⅱ,拆解：龍之印信Ⅱ
EXCHANGE.INI,changed,1435,拆解：龍之印信Ⅱ,Reward1,30673,29273
EXCHANGE.INI,changed,1435,拆解：龍之印信Ⅱ,Reward1Count,10,35
EXCHANGE.INI,changed,2112,拆解：禪帝捻★,Material1,29500,29488
EXCHANGE.INI,changed,2112,拆解：禪帝捻★,Name,拆解：武帝踏★,拆解：禪帝捻★
EXCHANGE.INI,changed,774,拆解：艮虛仙渦石,Material1,29729,29727
EXCHANGE.INI,changed,774,拆解：艮虛仙渦石,Name,拆解：巽虛仙渦石,拆解：艮虛仙渦石
EXCHANGE.INI,changed,1480,獨眼慧珠Ⅳ,Group,81,80
EXCHANGE.INI,changed,1480,獨眼慧珠Ⅳ,Material1,31273,31263
EXCHANGE.INI,changed,1480,獨眼慧珠Ⅳ,Material2,30673,29272
EXCHANGE.INI,changed,1480,獨眼慧珠Ⅳ,Material2Count,40,75
EXCHANGE.INI,changed,1480,獨眼慧珠Ⅳ,Name,騰陽威冕Ⅳ,獨眼慧珠Ⅳ
EXCHANGE.INI,changed,1480,獨眼慧珠Ⅳ,Reward1,31274,31264
EXCHANGE.INI,changed,1674,拆解：舞星釩兜Ⅴ,Material1,31325,31315
EXCHANGE.INI,changed,1674,拆解：舞星釩兜Ⅴ,Name,拆解：舞星鎢掌Ⅴ,拆解：舞星釩兜Ⅴ
EXCHANGE.INI,changed,803,拆解：銀靈仙狼牙,Material1,29253,29261
EXCHANGE.INI,changed,803,拆解：銀靈仙狼牙,Name,拆解：玄蛇仙戒,拆解：銀靈仙狼牙
EXCHANGE.INI,changed,1159,悟心降魂玉,Group,59,58
EXCHANGE.INI,changed,1159,悟心降魂玉,Material1Count,1750,1
EXCHANGE.INI,changed,1159,悟心降魂玉,Name,超．玄宙特仕裝箱,悟心降魂玉
EXCHANGE.INI,changed,1159,悟心降魂玉,Reward1,31360,28179
EXCHANGE.INI,changed,986,南解雲帝槍，消光,Material1,29920,29918
EXCHANGE.INI,changed,986,南解雲帝槍，消光,Name,首露伽耶錘，消光,南解雲帝槍，消光
EXCHANGE.INI,changed,986,南解雲帝槍，消光,Reward1,29930,29928
EXCHANGE.INI,changed,794,拆解：天空仙劍印,Material1,29265,29263
EXCHANGE.INI,changed,794,拆解：天空仙劍印,Name,拆解：地劫仙劍印,拆解：天空仙劍印
EXCHANGE.INI,changed,1778,葬月梟斧Ⅲ,Group,101,100
EXCHANGE.INI,changed,1778,葬月梟斧Ⅲ,Material1,30252,30242
EXCHANGE.INI,changed,1778,葬月梟斧Ⅲ,Material2Count,15,50
EXCHANGE.INI,changed,1778,葬月梟斧Ⅲ,Name,劍豪旭冠Ⅲ,葬月梟斧Ⅲ
EXCHANGE.INI,changed,1778,葬月梟斧Ⅲ,Reward1,30253,30243
EXCHANGE.INI,changed,3352,拆解：天紀盾☆☆,Group,204,203
EXCHANGE.INI,changed,3352,拆解：天紀盾☆☆,Material1,28845,28839
EXCHANGE.INI,changed,3352,拆解：天紀盾☆☆,Name,拆解：戰煌盔☆☆,拆解：天紀盾☆☆
EXCHANGE.INI,changed,3352,拆解：天紀盾☆☆,Reward1Count,2,6
EXCHANGE.INI,changed,1129,大將軍印信,Material1,21403,21405
EXCHANGE.INI,changed,1129,大將軍印信,Material2,21408,21410
EXCHANGE.INI,changed,1129,大將軍印信,Name,輕車將軍印信,大將軍印信
EXCHANGE.INI,changed,1129,大將軍印信,Reward1,21409,21411
EXCHANGE.INI,changed,1083,降神：阿爾貝盧法之魂,Group,53,52
EXCHANGE.INI,changed,1083,降神：阿爾貝盧法之魂,Material1,31654,29776
EXCHANGE.INI,changed,1083,降神：阿爾貝盧法之魂,Material1Count,15,1
EXCHANGE.INI,changed,1083,降神：阿爾貝盧法之魂,Name,武魂：紅夜,降神：阿爾貝盧法之魂
EXCHANGE.INI,changed,1083,降神：阿爾貝盧法之魂,Reward1,30830,31504
EXCHANGE.INI,changed,1083,降神：阿爾貝盧法之魂,Reward1Count,1,15
EXCHANGE.INI,changed,3099,拆解：鬥星脛★★,Material1,28434,28428
EXCHANGE.INI,changed,3099,拆解：鬥星脛★★,Name,拆解：星蹤履★★,拆解：鬥星脛★★
EXCHANGE.INI,changed,3422,拆解：鬼兇冠☆☆☆,Material1,28959,28953
EXCHANGE.INI,changed,3422,拆解：鬼兇冠☆☆☆,Name,拆解：鬼兇手☆☆☆,拆解：鬼兇冠☆☆☆
EXCHANGE.INI,changed,2944,太微棍★★,Material1,28373,28367
EXCHANGE.INI,changed,2944,太微棍★★,Name,瑤月斧★★,太微棍★★
EXCHANGE.INI,changed,2944,太微棍★★,Reward1,28374,28368
EXCHANGE.INI,changed,1304,凜月影束Ⅱ,Material1,31311,31301
EXCHANGE.INI,changed,1304,凜月影束Ⅱ,Name,舞星釩兜Ⅱ,凜月影束Ⅱ
EXCHANGE.INI,changed,1304,凜月影束Ⅱ,Reward1,31312,31302
EXCHANGE.INI,changed,1354,拆解：舞星鎢掌Ⅰ,Group,73,72
EXCHANGE.INI,changed,1354,拆解：舞星鎢掌Ⅰ,Material1,31102,31321
EXCHANGE.INI,changed,1354,拆解：舞星鎢掌Ⅰ,Material1Count,3,1
EXCHANGE.INI,changed,1354,拆解：舞星鎢掌Ⅰ,Material2,29272,
EXCHANGE.INI,changed,1354,拆解：舞星鎢掌Ⅰ,Material2Count,175,
EXCHANGE.INI,changed,1354,拆解：舞星鎢掌Ⅰ,Name,宮殤別劍Ⅲ,拆解：舞星鎢掌Ⅰ
EXCHANGE.INI,changed,1354,拆解：舞星鎢掌Ⅰ,Reward1,31103,30673
EXCHANGE.INI,changed,1354,拆解：舞星鎢掌Ⅰ,Reward1Count,1,8
EXCHANGE.INI,changed,2621,降神：龍湘之魂,Name,降神：夏侯蘭之魂,降神：龍湘之魂
EXCHANGE.INI,changed,2621,降神：龍湘之魂,Reward1,31832,31830
EXCHANGE.INI,changed,1327,拆解：光術旋披Ⅰ,Material1,31196,31186
EXCHANGE.INI,changed,1327,拆解：光術旋披Ⅰ,Name,拆解：寂禪鎏裟Ⅰ,拆解：光術旋披Ⅰ
EXCHANGE.INI,changed,1547,破魔獨錘Ⅴ,Material1,31149,31139
EXCHANGE.INI,changed,1547,破魔獨錘Ⅴ,Name,古主臨盾Ⅴ,破魔獨錘Ⅴ
EXCHANGE.INI,changed,1547,破魔獨錘Ⅴ,Reward1,31150,31140
EXCHANGE.INI,changed,2652,活俠夏侯蘭錦囊,Group,162,161
EXCHANGE.INI,changed,2652,活俠夏侯蘭錦囊,Material1,29651,29273
EXCHANGE.INI,changed,2652,活俠夏侯蘭錦囊,Material1Count,1,10
EXCHANGE.INI,changed,2652,活俠夏侯蘭錦囊,Name,素還真換孟祈降神,活俠夏侯蘭錦囊
EXCHANGE.INI,changed,2652,活俠夏侯蘭錦囊,Reward1,31883,31729
EXCHANGE.INI,changed,2791,秘笈：天關雙煉,Name,秘笈：天劍三絕,秘笈：天關雙煉
EXCHANGE.INI,changed,2791,秘笈：天關雙煉,Reward1,29646,29644
EXCHANGE.INI,changed,1158,武冠兵甲摸彩券,Group,59,58
EXCHANGE.INI,changed,1158,武冠兵甲摸彩券,Material1Count,2000,1
EXCHANGE.INI,changed,1158,武冠兵甲摸彩券,Name,超時空聖降神禮券,武冠兵甲摸彩券
EXCHANGE.INI,changed,1158,武冠兵甲摸彩券,Reward1,31463,29971
EXCHANGE.INI,changed,2404,拆解：君諭刀★★★,Material1,29366,29354
EXCHANGE.INI,changed,2404,拆解：君諭刀★★★,Name,拆解：皇麟扇★★★,拆解：君諭刀★★★
EXCHANGE.INI,changed,2547,交換唐默鈴降神,Name,交換虞小梅降神,交換唐默鈴降神
EXCHANGE.INI,changed,2547,交換唐默鈴降神,Reward1,31831,31829
EXCHANGE.INI,changed,3298,北冕劍☆☆☆,Material1,28818,28812
EXCHANGE.INI,changed,3298,北冕劍☆☆☆,Name,宗正裁☆☆☆,北冕劍☆☆☆
EXCHANGE.INI,changed,3298,北冕劍☆☆☆,Reward1,28819,28813
EXCHANGE.INI,changed,1459,天衛宙盔Ⅳ,Material1,31168,31158
EXCHANGE.INI,changed,1459,天衛宙盔Ⅳ,Name,辰道玄冠Ⅳ,天衛宙盔Ⅳ
EXCHANGE.INI,changed,1459,天衛宙盔Ⅳ,Reward1,31169,31159
EXCHANGE.INI,changed,1907,拆解：宿星閃靴Ⅲ,Group,109,108
EXCHANGE.INI,changed,1907,拆解：宿星閃靴Ⅲ,Material1,28816,30603
EXCHANGE.INI,changed,1907,拆解：宿星閃靴Ⅲ,Material1Count,3,1
EXCHANGE.INI,changed,1907,拆解：宿星閃靴Ⅲ,Material2,29272,
EXCHANGE.INI,changed,1907,拆解：宿星閃靴Ⅲ,Material2Count,3,
EXCHANGE.INI,changed,1907,拆解：宿星閃靴Ⅲ,Name,進化→君諭刀☆,拆解：宿星閃靴Ⅲ
EXCHANGE.INI,changed,1907,拆解：宿星閃靴Ⅲ,Reward1,29349,30673
EXCHANGE.INI,changed,1907,拆解：宿星閃靴Ⅲ,Reward1Count,1,3
EXCHANGE.INI,changed,2899,進化→太微棍★,Material1,27631,27627
EXCHANGE.INI,changed,2899,進化→太微棍★,Name,進化→瑤月斧★,進化→太微棍★
EXCHANGE.INI,changed,2899,進化→太微棍★,Reward1,28373,28367
EXCHANGE.INI,changed,2263,黃鳴腕★★☆,Material1,29598,29586
EXCHANGE.INI,changed,2263,黃鳴腕★★☆,Name,皇影甲★★☆,黃鳴腕★★☆
EXCHANGE.INI,changed,2263,黃鳴腕★★☆,Reward1,29599,29587
EXCHANGE.INI,changed,1767,拆解：宿星燦甲Ⅰ,Material1,30601,30416
EXCHANGE.INI,changed,1767,拆解：宿星燦甲Ⅰ,Name,拆解：宿星閃靴Ⅰ,拆解：宿星燦甲Ⅰ
EXCHANGE.INI,changed,1180,悟心降魂玉,Group,60,59
EXCHANGE.INI,changed,1180,悟心降魂玉,Material1,31481,28755
EXCHANGE.INI,changed,1180,悟心降魂玉,Material1Count,250,2
EXCHANGE.INI,changed,1180,悟心降魂玉,Name,六宇仙器配方錦囊,悟心降魂玉
EXCHANGE.INI,changed,1180,悟心降魂玉,Reward1,31444,28179
EXCHANGE.INI,changed,1357,泰源玉刀Ⅲ,Material1,31117,31107
EXCHANGE.INI,changed,1357,泰源玉刀Ⅲ,Name,塹淵幽柄Ⅲ,泰源玉刀Ⅲ
EXCHANGE.INI,changed,1357,泰源玉刀Ⅲ,Reward1,31118,31108
EXCHANGE.INI,changed,3244,鬼兇手☆☆,Material1,28963,28957
EXCHANGE.INI,changed,3244,鬼兇手☆☆,Name,柳月巾☆☆,鬼兇手☆☆
EXCHANGE.INI,changed,3244,鬼兇手☆☆,Reward1,28964,28958
EXCHANGE.INI,changed,3188,進化→烈煌靴☆,Material1,28432,28426
EXCHANGE.INI,changed,3188,進化→烈煌靴☆,Name,進化→燦煌足☆,進化→烈煌靴☆
EXCHANGE.INI,changed,3188,進化→烈煌靴☆,Reward1,28892,28886
EXCHANGE.INI,changed,682,蚩呂錦囊禮券,Material1,32178,32176
EXCHANGE.INI,changed,682,蚩呂錦囊禮券,Name,魔黃錦囊禮券,蚩呂錦囊禮券
EXCHANGE.INI,changed,682,蚩呂錦囊禮券,Reward1,32174,32172
EXCHANGE.INI,changed,1131,輕車將軍印信,Material1,21401,21403
EXCHANGE.INI,changed,1131,輕車將軍印信,Material2,21406,21408
EXCHANGE.INI,changed,1131,輕車將軍印信,Name,都督印信,輕車將軍印信
EXCHANGE.INI,changed,1131,輕車將軍印信,Reward1,21407,21409
EXCHANGE.INI,changed,2226,皇麟扇★★☆,Material1,29376,29364
EXCHANGE.INI,changed,2226,皇麟扇★★☆,Name,權霸槍★★☆,皇麟扇★★☆
EXCHANGE.INI,changed,2226,皇麟扇★★☆,Reward1,29377,29365
EXCHANGE.INI,changed,979,尼師今尊斧，開光,Material1,29913,29931
EXCHANGE.INI,changed,979,尼師今尊斧，開光,Name,釋提桓因劍，消光,尼師今尊斧，開光
EXCHANGE.INI,changed,979,尼師今尊斧，開光,Reward1,29923,29921
EXCHANGE.INI,changed,1034,冰輪夢蜃扇，開光,Material1,30626,30624
EXCHANGE.INI,changed,1034,冰輪夢蜃扇，開光,Name,袚燈笠雲槍，開光,冰輪夢蜃扇，開光
EXCHANGE.INI,changed,1034,冰輪夢蜃扇，開光,Reward1,30616,30614
EXCHANGE.INI,changed,3146,拆解：星蹤履★★★,Material1,28441,28435
EXCHANGE.INI,changed,3146,拆解：星蹤履★★★,Name,拆解：星龍珠★★★,拆解：星蹤履★★★
EXCHANGE.INI,changed,988,首露伽耶錘，消光,Material1,29922,29920
EXCHANGE.INI,changed,988,首露伽耶錘，消光,Name,東極通鑑盾，消光,首露伽耶錘，消光
EXCHANGE.INI,changed,988,首露伽耶錘，消光,Reward1,29932,29930
EXCHANGE.INI,changed,1033,鳳仙赭霞砲，開光,Material1,30625,30623
EXCHANGE.INI,changed,1033,鳳仙赭霞砲，開光,Name,正見天機杖，開光,鳳仙赭霞砲，開光
EXCHANGE.INI,changed,1033,鳳仙赭霞砲，開光,Reward1,30615,30613
EXCHANGE.INI,changed,862,名刀．河豚毒，消光,Material1,30159,30157
EXCHANGE.INI,changed,862,名刀．河豚毒，消光,Name,自作．無銘，消光,名刀．河豚毒，消光
EXCHANGE.INI,changed,862,名刀．河豚毒，消光,Reward1,30582,30130
EXCHANGE.INI,changed,2700,南華題命譜,Material1Count,650,750
EXCHANGE.INI,changed,2700,南華題命譜,Name,明源雷棲紋,南華題命譜
EXCHANGE.INI,changed,2700,南華題命譜,Reward1,30609,30970
EXCHANGE.INI,changed,2644,活俠龍湘錦囊,Material1,30673,29273
EXCHANGE.INI,changed,2644,活俠龍湘錦囊,Material1Count,1,10
EXCHANGE.INI,changed,2644,活俠龍湘錦囊,Name,虞小梅錦囊禮券,活俠龍湘錦囊
EXCHANGE.INI,changed,2644,活俠龍湘錦囊,Reward1,31734,31730
EXCHANGE.INI,changed,2644,活俠龍湘錦囊,Reward1Count,2,1
EXCHANGE.INI,changed,1391,騰陽雄鎧Ⅲ,Material1,31287,31277
EXCHANGE.INI,changed,1391,騰陽雄鎧Ⅲ,Name,騰陽巍立Ⅲ,騰陽雄鎧Ⅲ
EXCHANGE.INI,changed,1391,騰陽雄鎧Ⅲ,Reward1,31288,31278
EXCHANGE.INI,changed,1390,騰陽威冕Ⅲ,Material1,31282,31272
EXCHANGE.INI,changed,1390,騰陽威冕Ⅲ,Name,騰陽烈釬Ⅲ,騰陽威冕Ⅲ
EXCHANGE.INI,changed,1390,騰陽威冕Ⅲ,Reward1,31283,31273
EXCHANGE.INI,changed,1063,【吟雷聆牙】,Name,【天刑劍】,【吟雷聆牙】
EXCHANGE.INI,changed,1063,【吟雷聆牙】,Reward1,31517,31515
EXCHANGE.INI,changed,2129,拆解：黃韋足★,Material1,29602,29590
EXCHANGE.INI,changed,2129,拆解：黃韋足★,Name,拆解：神無袈★,拆解：黃韋足★
EXCHANGE.INI,changed,1873,拆解：勇將旭盔Ⅲ,Material1,30268,30258
EXCHANGE.INI,changed,1873,拆解：勇將旭盔Ⅲ,Name,拆解：道清旭綸Ⅲ,拆解：勇將旭盔Ⅲ
EXCHANGE.INI,changed,1470,光術快手Ⅳ,Material1,31223,31213
EXCHANGE.INI,changed,1470,光術快手Ⅳ,Name,寂禪若持Ⅳ,光術快手Ⅳ
EXCHANGE.INI,changed,1470,光術快手Ⅳ,Reward1,31224,31214
EXCHANGE.INI,changed,3348,拆解：貫索槍☆☆,Material1,28833,28827
EXCHANGE.INI,changed,3348,拆解：貫索槍☆☆,Name,拆解：侯欽錘☆☆,拆解：貫索槍☆☆
EXCHANGE.INI,changed,2291,拆解：道帝袖★★,Material1,29496,29484
EXCHANGE.INI,changed,2291,拆解：道帝袖★★,Name,拆解：劍帝履★★,拆解：道帝袖★★
EXCHANGE.INI,changed,3342,碧星靴☆☆☆,Group,203,202
EXCHANGE.INI,changed,3342,碧星靴☆☆☆,Material1,28815,28982
EXCHANGE.INI,changed,3342,碧星靴☆☆☆,Material1Count,1,3
EXCHANGE.INI,changed,3342,碧星靴☆☆☆,Material2,,29053
EXCHANGE.INI,changed,3342,碧星靴☆☆☆,Material2Count,,36
EXCHANGE.INI,changed,3342,碧星靴☆☆☆,Name,拆解：武座刃☆☆,碧星靴☆☆☆
EXCHANGE.INI,changed,3342,碧星靴☆☆☆,Reward1,29053,28983
EXCHANGE.INI,changed,3342,碧星靴☆☆☆,Reward1Count,6,1
EXCHANGE.INI,changed,1958,權霸槍★,Material1,29385,29373
EXCHANGE.INI,changed,1958,權霸槍★,Name,界王錘★,權霸槍★
EXCHANGE.INI,changed,1958,權霸槍★,Reward1,29386,29374
EXCHANGE.INI,changed,1622,拆解：騰陽烈釬Ⅳ,Material1,31294,31284
EXCHANGE.INI,changed,1622,拆解：騰陽烈釬Ⅳ,Name,拆解：凜月冪巾Ⅳ,拆解：騰陽烈釬Ⅳ
EXCHANGE.INI,changed,1980,幻帝步★,Material1,29517,29505
EXCHANGE.INI,changed,1980,幻帝步★,Name,禪帝渡★,幻帝步★
EXCHANGE.INI,changed,1980,幻帝步★,Reward1,29518,29506
EXCHANGE.INI,changed,2583,椒圖長風拂,Name,囚牛月弦槍,椒圖長風拂
EXCHANGE.INI,changed,2583,椒圖長風拂,Reward1,31840,31838
EXCHANGE.INI,changed,807,拆解：青蛇仙戒,Material1,29257,29255
EXCHANGE.INI,changed,807,拆解：青蛇仙戒,Name,拆解：螣蛇仙戒,拆解：青蛇仙戒
EXCHANGE.INI,changed,1951,進化→神無袈☆,Group,112,111
EXCHANGE.INI,changed,1951,進化→神無袈☆,Material1,29343,28980
EXCHANGE.INI,changed,1951,進化→神無袈☆,Material2Count,3,10
EXCHANGE.INI,changed,1951,進化→神無袈☆,Name,帝詔劍★,進化→神無袈☆
EXCHANGE.INI,changed,1951,進化→神無袈☆,Reward1,29344,29601
EXCHANGE.INI,changed,2766,彩泉端午香包,Material1,32821,32828
EXCHANGE.INI,changed,2766,彩泉端午香包,Material1Count,35,12
EXCHANGE.INI,changed,2766,彩泉端午香包,Material2,32826,32829
EXCHANGE.INI,changed,2766,彩泉端午香包,Material2Count,15,1
EXCHANGE.INI,changed,2766,彩泉端午香包,Material3,32823,32830
EXCHANGE.INI,changed,2766,彩泉端午香包,Material3Count,12,1
EXCHANGE.INI,changed,2766,彩泉端午香包,Material4,32824,32831
EXCHANGE.INI,changed,2766,彩泉端午香包,Material4Count,3,1
EXCHANGE.INI,changed,2766,彩泉端午香包,Name,小芋圓日出,彩泉端午香包
EXCHANGE.INI,changed,2766,彩泉端午香包,Reward1,32830,32827
EXCHANGE.INI,changed,919,冥斧‧提爾鋒，開光,Material1,28489,28784
EXCHANGE.INI,changed,919,冥斧‧提爾鋒，開光,Name,焱劍‧雷瓦汀，消光,冥斧‧提爾鋒，開光
EXCHANGE.INI,changed,919,冥斧‧提爾鋒，開光,Reward1,28776,28497
EXCHANGE.INI,changed,1998,拆解：帝詔劍☆,Material1,29355,29343
EXCHANGE.INI,changed,1998,拆解：帝詔劍☆,Name,拆解：龍掣爪☆,拆解：帝詔劍☆
EXCHANGE.INI,changed,2994,拆解：鬥星盔★,Material1,28388,28382
EXCHANGE.INI,changed,2994,拆解：鬥星盔★,Name,拆解：星蹤綸★,拆解：鬥星盔★
EXCHANGE.INI,changed,887,大將軍印信換錦囊,Material1,21409,21411
EXCHANGE.INI,changed,887,大將軍印信換錦囊,Name,輕車將軍印信換錦囊,大將軍印信換錦囊
EXCHANGE.INI,changed,887,大將軍印信換錦囊,Reward1,21451,21453
EXCHANGE.INI,changed,969,蓋亞碎界斧，消光,Group,47,46
EXCHANGE.INI,changed,969,蓋亞碎界斧，消光,Material1,29923,26295
EXCHANGE.INI,changed,969,蓋亞碎界斧，消光,Material2,29272,27198
EXCHANGE.INI,changed,969,蓋亞碎界斧，消光,Material2Count,50,25
EXCHANGE.INI,changed,969,蓋亞碎界斧，消光,Material3,29273,26368
EXCHANGE.INI,changed,969,蓋亞碎界斧，消光,Material4,26368,
EXCHANGE.INI,changed,969,蓋亞碎界斧，消光,Material4Count,200,
EXCHANGE.INI,changed,969,蓋亞碎界斧，消光,Name,釋提桓因劍，開光,蓋亞碎界斧，消光
EXCHANGE.INI,changed,969,蓋亞碎界斧，消光,Reward1,29913,26500
EXCHANGE.INI,changed,2032,拆解：鬼帝冠☆,Material1,29559,29547
EXCHANGE.INI,changed,2032,拆解：鬼帝冠☆,Name,拆解：鬼帝臂☆,拆解：鬼帝冠☆
EXCHANGE.INI,changed,2823,如是我斬,Material1,29632,29630
EXCHANGE.INI,changed,2823,如是我斬,Name,千年一擊,如是我斬
EXCHANGE.INI,changed,735,神帝勇裝錦囊禮券,Material1,30666,30664
EXCHANGE.INI,changed,735,神帝勇裝錦囊禮券,Name,神帝道裝錦囊禮券,神帝勇裝錦囊禮券
EXCHANGE.INI,changed,735,神帝勇裝錦囊禮券,Reward1,29337,29335
EXCHANGE.INI,changed,1052,金蛇小福袋,Group,52,51
EXCHANGE.INI,changed,1052,金蛇小福袋,Material1,29776,31642
EXCHANGE.INI,changed,1052,金蛇小福袋,Material2,,31643
EXCHANGE.INI,changed,1052,金蛇小福袋,Material2Count,,10
EXCHANGE.INI,changed,1052,金蛇小福袋,Name,武魂：凜雪鴉,金蛇小福袋
EXCHANGE.INI,changed,1052,金蛇小福袋,Reward1,30825,31639
EXCHANGE.INI,changed,755,拆解：九日仙海環,Material1,31448,31446
EXCHANGE.INI,changed,755,拆解：九日仙海環,Name,拆解：九日仙幽環,拆解：九日仙海環
EXCHANGE.INI,changed,1683,赤鴉裂槍Ⅱ,Material1,30236,30226
EXCHANGE.INI,changed,1683,赤鴉裂槍Ⅱ,Name,鵑雪傾錘Ⅱ,赤鴉裂槍Ⅱ
EXCHANGE.INI,changed,1683,赤鴉裂槍Ⅱ,Reward1,30237,30227
EXCHANGE.INI,changed,766,拆解：千兩仙花陣,Material1,29832,30171
EXCHANGE.INI,changed,766,拆解：千兩仙花陣,Name,拆解：奇解仙命域,拆解：千兩仙花陣
EXCHANGE.INI,changed,766,拆解：千兩仙花陣,Reward1Count,6,10
EXCHANGE.INI,changed,1387,誅仙御鐸Ⅲ,Material1,31267,31257
EXCHANGE.INI,changed,1387,誅仙御鐸Ⅲ,Name,龍之印信Ⅲ,誅仙御鐸Ⅲ
EXCHANGE.INI,changed,1387,誅仙御鐸Ⅲ,Reward1,31268,31258
EXCHANGE.INI,changed,1417,拆解：宇鋒颯衣Ⅱ,Material1,31187,31177
EXCHANGE.INI,changed,1417,拆解：宇鋒颯衣Ⅱ,Name,拆解：光術旋披Ⅱ,拆解：宇鋒颯衣Ⅱ
EXCHANGE.INI,changed,1833,拆解：術凌旭服Ⅱ,Material1,30297,30287
EXCHANGE.INI,changed,1833,拆解：術凌旭服Ⅱ,Name,拆解：禪臺旭袈Ⅱ,拆解：術凌旭服Ⅱ
EXCHANGE.INI,changed,2154,武帝掌★★,Material1,29483,29471
EXCHANGE.INI,changed,2154,武帝掌★★,Name,道帝袖★★,武帝掌★★
EXCHANGE.INI,changed,2154,武帝掌★★,Reward1,29484,29472
EXCHANGE.INI,changed,2685,神．玄宙劍裝錦囊,Name,神．玄宙術裝錦囊,神．玄宙劍裝錦囊
EXCHANGE.INI,changed,2685,神．玄宙劍裝錦囊,Reward1,31379,31377
EXCHANGE.INI,changed,3106,拆解：星玄卦★★,Group,187,186
EXCHANGE.INI,changed,3106,拆解：星玄卦★★,Material1,28533,28449
EXCHANGE.INI,changed,3106,拆解：星玄卦★★,Name,拆解：星兇鎧★★,拆解：星玄卦★★
EXCHANGE.INI,changed,3106,拆解：星玄卦★★,Reward1Count,18,2
EXCHANGE.INI,changed,3414,拆解：戰煌脛☆☆☆,Material1,28897,28891
EXCHANGE.INI,changed,3414,拆解：戰煌脛☆☆☆,Name,拆解：道煌履☆☆☆,拆解：戰煌脛☆☆☆
EXCHANGE.INI,changed,2071,道帝行★☆,Material1,29524,29512
EXCHANGE.INI,changed,2071,道帝行★☆,Name,宇帝珮★☆,道帝行★☆
EXCHANGE.INI,changed,2071,道帝行★☆,Reward1,29525,29513
EXCHANGE.INI,changed,2687,神．玄宙術裝錦囊,Name,神．玄宙僧裝錦囊,神．玄宙術裝錦囊
EXCHANGE.INI,changed,2687,神．玄宙術裝錦囊,Reward1,31381,31379
EXCHANGE.INI,changed,2966,星蹤履★★,Material1,28439,28433
EXCHANGE.INI,changed,2966,星蹤履★★,Name,星龍珠★★,星蹤履★★
EXCHANGE.INI,changed,2966,星蹤履★★,Reward1,28440,28434
EXCHANGE.INI,changed,880,聆牙，消光,Material1,31516,31514
EXCHANGE.INI,changed,880,聆牙，消光,Name,虎嘯山河，消光,聆牙，消光
EXCHANGE.INI,changed,880,聆牙，消光,Reward1,31526,31524
EXCHANGE.INI,changed,1334,拆解：寂禪若持Ⅰ,Material1,31231,31221
EXCHANGE.INI,changed,1334,拆解：寂禪若持Ⅰ,Name,拆解：天衛宙脛Ⅰ,拆解：寂禪若持Ⅰ
EXCHANGE.INI,changed,1457,古主臨盾Ⅳ,Group,80,79
EXCHANGE.INI,changed,1457,古主臨盾Ⅳ,Material1,31158,31148
EXCHANGE.INI,changed,1457,古主臨盾Ⅳ,Material2Count,75,200
EXCHANGE.INI,changed,1457,古主臨盾Ⅳ,Name,天衛宙盔Ⅳ,古主臨盾Ⅳ
EXCHANGE.INI,changed,1457,古主臨盾Ⅳ,Reward1,31159,31149
EXCHANGE.INI,changed,1036,袚燈笠雲槍，開光,Material1,30628,30626
EXCHANGE.INI,changed,1036,袚燈笠雲槍，開光,Name,六仙流轉錘，開光,袚燈笠雲槍，開光
EXCHANGE.INI,changed,1036,袚燈笠雲槍，開光,Reward1,30618,30616
EXCHANGE.INI,changed,2831,三恆曌世（消光）,Material1,29622,29620
EXCHANGE.INI,changed,2831,三恆曌世（消光）,Name,斬魔錄拂塵（消光）,三恆曌世（消光）
EXCHANGE.INI,changed,2845,秘笈：天龍吼,Material1,29645,29643
EXCHANGE.INI,changed,2845,秘笈：天龍吼,Name,秘笈：蓮華聖路,秘笈：天龍吼
EXCHANGE.INI,changed,1338,拆解：辰道玄鞋Ⅰ,Material1,31251,31241
EXCHANGE.INI,changed,1338,拆解：辰道玄鞋Ⅰ,Name,拆解：諾亞航令Ⅰ,拆解：辰道玄鞋Ⅰ
EXCHANGE.INI,changed,1362,血腥屠夫Ⅲ,Material1,31142,31132
EXCHANGE.INI,changed,1362,血腥屠夫Ⅲ,Name,方舟舵斧Ⅲ,血腥屠夫Ⅲ
EXCHANGE.INI,changed,1362,血腥屠夫Ⅲ,Reward1,31143,31133
EXCHANGE.INI,changed,1450,獵仙飛索Ⅳ,Material1,31123,31113
EXCHANGE.INI,changed,1450,獵仙飛索Ⅳ,Name,渡鴉瞳杖Ⅳ,獵仙飛索Ⅳ
EXCHANGE.INI,changed,1450,獵仙飛索Ⅳ,Reward1,31124,31114
EXCHANGE.INI,changed,1963,劍帝冕★,Material1,29415,29403
EXCHANGE.INI,changed,1963,劍帝冕★,Name,幻帝面★,劍帝冕★
EXCHANGE.INI,changed,1963,劍帝冕★,Reward1,29416,29404
EXCHANGE.INI,changed,2852,秘笈：刀以毀滅,Group,171,170
EXCHANGE.INI,changed,2852,秘笈：刀以毀滅,Material1,23071,29650
EXCHANGE.INI,changed,2852,秘笈：刀以毀滅,Name,武魂：一頁書,秘笈：刀以毀滅
EXCHANGE.INI,changed,2852,秘笈：刀以毀滅,Reward1,32168,29776
EXCHANGE.INI,changed,2852,秘笈：刀以毀滅,Reward1Count,12,8
EXCHANGE.INI,changed,1806,狂陽赤手Ⅲ,Material1,30392,30382
EXCHANGE.INI,changed,1806,狂陽赤手Ⅲ,Name,靜月幕巾Ⅲ,狂陽赤手Ⅲ
EXCHANGE.INI,changed,1806,狂陽赤手Ⅲ,Reward1,30393,30383
EXCHANGE.INI,changed,2457,地獄守門者,Name,無極天靈擋,地獄守門者
EXCHANGE.INI,changed,2457,地獄守門者,Reward1,31561,31559
EXCHANGE.INI,changed,1252,大虎霸戰符,Name,大武神符咒,大虎霸戰符
EXCHANGE.INI,changed,1252,大虎霸戰符,Reward1,24397,24395
EXCHANGE.INI,changed,763,拆解：淨流仙葉陣,Material1,30170,30168
EXCHANGE.INI,changed,763,拆解：淨流仙葉陣,Name,拆解：瀧激仙電陣,拆解：淨流仙葉陣
EXCHANGE.INI,changed,2045,龍掣爪★☆,Material1,29368,29356
EXCHANGE.INI,changed,2045,龍掣爪★☆,Name,御天杖★☆,龍掣爪★☆
EXCHANGE.INI,changed,2045,龍掣爪★☆,Reward1,29369,29357
EXCHANGE.INI,changed,1860,拆解：宿星爍臂Ⅱ,Group,106,105
EXCHANGE.INI,changed,1860,拆解：宿星爍臂Ⅱ,Material1,30203,30422
EXCHANGE.INI,changed,1860,拆解：宿星爍臂Ⅱ,Name,拆解：光翼翔劍Ⅲ,拆解：宿星爍臂Ⅱ
EXCHANGE.INI,changed,1860,拆解：宿星爍臂Ⅱ,Reward1,29272,30673
EXCHANGE.INI,changed,1860,拆解：宿星爍臂Ⅱ,Reward1Count,13,2
EXCHANGE.INI,changed,779,拆解：坤虛仙渦石,Material1,29719,29732
EXCHANGE.INI,changed,779,拆解：坤虛仙渦石,Name,拆解：艮山仙太極,拆解：坤虛仙渦石
EXCHANGE.INI,changed,1867,拆解：赤鴉裂槍Ⅲ,Material1,30238,30228
EXCHANGE.INI,changed,1867,拆解：赤鴉裂槍Ⅲ,Name,拆解：鵑雪傾錘Ⅲ,拆解：赤鴉裂槍Ⅲ
EXCHANGE.INI,changed,1964,武帝盔★,Material1,29421,29409
EXCHANGE.INI,changed,1964,武帝盔★,Name,道帝簪★,武帝盔★
EXCHANGE.INI,changed,1964,武帝盔★,Reward1,29422,29410
EXCHANGE.INI,changed,2527,唐布衣封魂晶,Name,武魂：龍湘,唐布衣封魂晶
EXCHANGE.INI,changed,2527,唐布衣封魂晶,Reward1,30844,31812
EXCHANGE.INI,changed,2825,千年一擊,Material1,29634,29632
EXCHANGE.INI,changed,2825,千年一擊,Name,無聲之狂,千年一擊
EXCHANGE.INI,changed,3071,奇行裟★★★,Group,185,184
EXCHANGE.INI,changed,3071,奇行裟★★★,Material1,28350,28557
EXCHANGE.INI,changed,3071,奇行裟★★★,Material1Count,1,3
EXCHANGE.INI,changed,3071,奇行裟★★★,Material2,,27978
EXCHANGE.INI,changed,3071,奇行裟★★★,Material2Count,,18
EXCHANGE.INI,changed,3071,奇行裟★★★,Name,拆解：星守劍★★,奇行裟★★★
EXCHANGE.INI,changed,3071,奇行裟★★★,Reward1,28634,28558
EXCHANGE.INI,changed,3071,奇行裟★★★,Reward1Count,6,1
EXCHANGE.INI,changed,1570,諾亞航令Ⅴ,Material1,31264,31254
EXCHANGE.INI,changed,1570,諾亞航令Ⅴ,Name,獨眼慧珠Ⅴ,諾亞航令Ⅴ
EXCHANGE.INI,changed,1570,諾亞航令Ⅴ,Reward1,31265,31255
EXCHANGE.INI,changed,1638,拆解：血腥屠夫Ⅴ,Material1,31145,31135
EXCHANGE.INI,changed,1638,拆解：血腥屠夫Ⅴ,Name,拆解：方舟舵斧Ⅴ,拆解：血腥屠夫Ⅴ
EXCHANGE.INI,changed,1506,拆解：光術覆面Ⅲ,Material1,31173,31163
EXCHANGE.INI,changed,1506,拆解：光術覆面Ⅲ,Name,拆解：寂禪靜觀Ⅲ,拆解：光術覆面Ⅲ
EXCHANGE.INI,changed,2744,神淵風息瓠,Name,千江神謳章,神淵風息瓠
EXCHANGE.INI,changed,2744,神淵風息瓠,Reward1,29935,30608
EXCHANGE.INI,changed,1917,進化→疆嶽盾☆,Group,110,109
EXCHANGE.INI,changed,1917,進化→疆嶽盾☆,Material1,28846,28840
EXCHANGE.INI,changed,1917,進化→疆嶽盾☆,Material2Count,1,3
EXCHANGE.INI,changed,1917,進化→疆嶽盾☆,Name,進化→武帝盔☆,進化→疆嶽盾☆
EXCHANGE.INI,changed,1917,進化→疆嶽盾☆,Reward1,29409,29397
EXCHANGE.INI,changed,3123,拆解：商宿槍★★★,Material1,28372,28366
EXCHANGE.INI,changed,3123,拆解：商宿槍★★★,Name,拆解：九河錘★★★,拆解：商宿槍★★★
EXCHANGE.INI,changed,2421,拆解：道帝袍★★★,Material1,29468,29456
EXCHANGE.INI,changed,2421,拆解：道帝袍★★★,Name,拆解：劍帝握★★★,拆解：道帝袍★★★
EXCHANGE.INI,changed,851,無心之痴，消光,Material1,29716,29633
EXCHANGE.INI,changed,851,無心之痴，消光,Material2,23472,29776
EXCHANGE.INI,changed,851,無心之痴，消光,Name,西疆神劍，消光,無心之痴，消光
EXCHANGE.INI,changed,851,無心之痴，消光,Reward1,29714,29624
EXCHANGE.INI,changed,1342,拆解：獨眼慧珠Ⅰ,Group,72,71
EXCHANGE.INI,changed,1342,拆解：獨眼慧珠Ⅰ,Material1,31271,31261
EXCHANGE.INI,changed,1342,拆解：獨眼慧珠Ⅰ,Name,拆解：騰陽威冕Ⅰ,拆解：獨眼慧珠Ⅰ
EXCHANGE.INI,changed,1342,拆解：獨眼慧珠Ⅰ,Reward1,30673,29273
EXCHANGE.INI,changed,1342,拆解：獨眼慧珠Ⅰ,Reward1Count,8,30
EXCHANGE.INI,changed,2999,拆解：鬥星鎧★,Material1,28403,28397
EXCHANGE.INI,changed,2999,拆解：鬥星鎧★,Name,拆解：星蹤袍★,拆解：鬥星鎧★
EXCHANGE.INI,changed,2331,道帝袍★★★,Material1,29467,29455
EXCHANGE.INI,changed,2331,道帝袍★★★,Name,劍帝握★★★,道帝袍★★★
EXCHANGE.INI,changed,2331,道帝袍★★★,Reward1,29468,29456
EXCHANGE.INI,changed,1950,進化→皇影甲☆,Material1,28983,28977
EXCHANGE.INI,changed,1950,進化→皇影甲☆,Name,進化→君星靴☆,進化→皇影甲☆
EXCHANGE.INI,changed,1950,進化→皇影甲☆,Reward1,29607,29595
EXCHANGE.INI,changed,1212,真．旭品武防綢袋,Material1Count,60,100
EXCHANGE.INI,changed,1212,真．旭品武防綢袋,Material2Count,60,100
EXCHANGE.INI,changed,1212,真．旭品武防綢袋,Material3Count,60,100
EXCHANGE.INI,changed,1212,真．旭品武防綢袋,Material4Count,6,10
EXCHANGE.INI,changed,1212,真．旭品武防綢袋,Name,旭品武防綢袋,真．旭品武防綢袋
EXCHANGE.INI,changed,1212,真．旭品武防綢袋,Reward1,30426,30437
EXCHANGE.INI,changed,1793,道清旭袖Ⅲ,Material1,30327,30317
EXCHANGE.INI,changed,1793,道清旭袖Ⅲ,Name,劍豪旭靴Ⅲ,道清旭袖Ⅲ
EXCHANGE.INI,changed,1793,道清旭袖Ⅲ,Reward1,30328,30318
EXCHANGE.INI,changed,873,天刑劍，開光,Material1,31529,31527
EXCHANGE.INI,changed,873,天刑劍，開光,Name,七殺天凌，開光,天刑劍，開光
EXCHANGE.INI,changed,873,天刑劍，開光,Reward1,31519,31517
EXCHANGE.INI,changed,2546,交換唐布衣降神,Name,交換龍湘降神,交換唐布衣降神
EXCHANGE.INI,changed,2546,交換唐布衣降神,Reward1,31830,31828
EXCHANGE.INI,changed,2664,葉小釵換孟祈降神,Name,葉小釵換雪兒降神,葉小釵換孟祈降神
EXCHANGE.INI,changed,2664,葉小釵換孟祈降神,Reward1,31880,31883
EXCHANGE.INI,changed,3013,拆解：星龍珠★,Material1,28445,28439
EXCHANGE.INI,changed,3013,拆解：星龍珠★,Name,拆解：星鳳徽★,拆解：星龍珠★
EXCHANGE.INI,changed,2749,沛邦風雲旨,Name,聰慧神碑‧舒,沛邦風雲旨
EXCHANGE.INI,changed,2749,沛邦風雲旨,Reward1,29012,29677
EXCHANGE.INI,changed,3108,拆解：星兇鎧★★,Material1,28539,28533
EXCHANGE.INI,changed,3108,拆解：星兇鎧★★,Name,拆解：星兇靴★★,拆解：星兇鎧★★
EXCHANGE.INI,changed,3272,拆解：佛煌裟☆,Material1,28874,28868
EXCHANGE.INI,changed,3272,拆解：佛煌裟☆,Name,拆解：戰煌臂☆,拆解：佛煌裟☆
EXCHANGE.INI,changed,3104,拆解：星虎披★★,Material1,28449,28443
EXCHANGE.INI,changed,3104,拆解：星虎披★★,Name,拆解：星玄卦★★,拆解：星虎披★★
EXCHANGE.INI,changed,3035,九河錘★★★,Material1,28377,28371
EXCHANGE.INI,changed,3035,九河錘★★★,Name,傾天盾★★★,九河錘★★★
EXCHANGE.INI,changed,3035,九河錘★★★,Reward1,28378,28372
EXCHANGE.INI,changed,1464,天衛宙甲Ⅳ,Material1,31193,31183
EXCHANGE.INI,changed,1464,天衛宙甲Ⅳ,Name,辰道玄袍Ⅳ,天衛宙甲Ⅳ
EXCHANGE.INI,changed,1464,天衛宙甲Ⅳ,Reward1,31194,31184
EXCHANGE.INI,changed,2316,皇麟扇★★★,Material1,29377,29365
EXCHANGE.INI,changed,2316,皇麟扇★★★,Name,權霸槍★★★,皇麟扇★★★
EXCHANGE.INI,changed,2316,皇麟扇★★★,Reward1,29378,29366
EXCHANGE.INI,changed,3038,星鋒冠★★★,Material1,28386,28380
EXCHANGE.INI,changed,3038,星鋒冠★★★,Name,遊星箍★★★,星鋒冠★★★
EXCHANGE.INI,changed,3038,星鋒冠★★★,Reward1,28387,28381
EXCHANGE.INI,changed,1143,超．玄宙勇裝錦囊,Name,超．玄宙道裝錦囊,超．玄宙勇裝錦囊
EXCHANGE.INI,changed,1143,超．玄宙勇裝錦囊,Reward1,31358,31356
EXCHANGE.INI,changed,2077,鬼帝冠★☆,Material1,29560,29548
EXCHANGE.INI,changed,2077,鬼帝冠★☆,Name,鬼帝臂★☆,鬼帝冠★☆
EXCHANGE.INI,changed,2077,鬼帝冠★☆,Reward1,29561,29549
EXCHANGE.INI,changed,2925,進化→星鳳徽★,Group,175,174
EXCHANGE.INI,changed,2925,進化→星鳳徽★,Material1,27739,27734
EXCHANGE.INI,changed,2925,進化→星鳳徽★,Material2,27978,28634
EXCHANGE.INI,changed,2925,進化→星鳳徽★,Material2Count,3,1
EXCHANGE.INI,changed,2925,進化→星鳳徽★,Material3,28634,
EXCHANGE.INI,changed,2925,進化→星鳳徽★,Material3Count,9,
EXCHANGE.INI,changed,2925,進化→星鳳徽★,Name,進化→星兇冠★,進化→星鳳徽★
EXCHANGE.INI,changed,2925,進化→星鳳徽★,Reward1,28529,28445
EXCHANGE.INI,changed,3392,拆解：列肆杖☆☆☆,Material1,28831,28825
EXCHANGE.INI,changed,3392,拆解：列肆杖☆☆☆,Name,拆解：市樓棍☆☆☆,拆解：列肆杖☆☆☆
EXCHANGE.INI,changed,3425,拆解：鬼兇靴☆☆☆,Material1,28968,28962
EXCHANGE.INI,changed,3425,拆解：鬼兇靴☆☆☆,Name,拆解：柳天衣☆☆☆,拆解：鬼兇靴☆☆☆
EXCHANGE.INI,changed,3132,拆解：釋星頂★★★,Material1,28399,28393
EXCHANGE.INI,changed,3132,拆解：釋星頂★★★,Name,拆解：鬥星鎧★★★,拆解：釋星頂★★★
EXCHANGE.INI,changed,3404,拆解：戰煌鎧☆☆☆,Material1,28867,28861
EXCHANGE.INI,changed,3404,拆解：戰煌鎧☆☆☆,Name,拆解：道煌袍☆☆☆,拆解：戰煌鎧☆☆☆
EXCHANGE.INI,changed,1255,戰符繪紙轉劍仙戰符,Name,戰符繪紙轉虎霸戰符,戰符繪紙轉劍仙戰符
EXCHANGE.INI,changed,1255,戰符繪紙轉劍仙戰符,Reward1,22860,22706
EXCHANGE.INI,changed,3295,拆解：碧隱甲☆,Material1,28981,28975
EXCHANGE.INI,changed,3295,拆解：碧隱甲☆,Name,拆解：碧星靴☆,拆解：碧隱甲☆
EXCHANGE.INI,changed,1815,宿星閃靴Ⅲ,Group,103,102
EXCHANGE.INI,changed,1815,宿星閃靴Ⅲ,Material1,30207,30602
EXCHANGE.INI,changed,1815,宿星閃靴Ⅲ,Material1Count,1,3
EXCHANGE.INI,changed,1815,宿星閃靴Ⅲ,Material2,,30673
EXCHANGE.INI,changed,1815,宿星閃靴Ⅲ,Material2Count,,6
EXCHANGE.INI,changed,1815,宿星閃靴Ⅲ,Name,拆解：璇蟬鳴刀Ⅱ,宿星閃靴Ⅲ
EXCHANGE.INI,changed,1815,宿星閃靴Ⅲ,Reward1,29272,30603
EXCHANGE.INI,changed,1815,宿星閃靴Ⅲ,Reward1Count,11,1
EXCHANGE.INI,changed,1596,拆解：宇鋒颺頂Ⅳ,Material1,31164,31154
EXCHANGE.INI,changed,1596,拆解：宇鋒颺頂Ⅳ,Name,拆解：光術覆面Ⅳ,拆解：宇鋒颺頂Ⅳ
EXCHANGE.INI,changed,2622,降神：虞小梅之魂,Name,趙活錦囊禮券,降神：虞小梅之魂
EXCHANGE.INI,changed,2622,降神：虞小梅之魂,Reward1,31731,31831
EXCHANGE.INI,changed,2622,降神：虞小梅之魂,Reward1Count,2,30
EXCHANGE.INI,changed,1500,拆解：血腥屠夫Ⅲ,Material1,31143,31133
EXCHANGE.INI,changed,1500,拆解：血腥屠夫Ⅲ,Name,拆解：方舟舵斧Ⅲ,拆解：血腥屠夫Ⅲ
EXCHANGE.INI,changed,2356,神無袈★★★,Group,139,138
EXCHANGE.INI,changed,2356,神無袈★★★,Material1,29347,29605
EXCHANGE.INI,changed,2356,神無袈★★★,Material1Count,1,3
EXCHANGE.INI,changed,2356,神無袈★★★,Material2,,29272
EXCHANGE.INI,changed,2356,神無袈★★★,Material2Count,,70
EXCHANGE.INI,changed,2356,神無袈★★★,Name,拆解：帝詔劍★★☆,神無袈★★★
EXCHANGE.INI,changed,2356,神無袈★★★,Reward1,29273,29606
EXCHANGE.INI,changed,2356,神無袈★★★,Reward1Count,12,1
EXCHANGE.INI,changed,1057,武魂：阿爾貝盧法,Material1Count,100,300
EXCHANGE.INI,changed,1057,武魂：阿爾貝盧法,Name,【煙月（劍）】,武魂：阿爾貝盧法
EXCHANGE.INI,changed,1057,武魂：阿爾貝盧法,Reward1,31511,30828
EXCHANGE.INI,changed,1281,光術旋披Ⅱ,Material1,31196,31186
EXCHANGE.INI,changed,1281,光術旋披Ⅱ,Name,寂禪鎏裟Ⅱ,光術旋披Ⅱ
EXCHANGE.INI,changed,1281,光術旋披Ⅱ,Reward1,31197,31187
EXCHANGE.INI,changed,2752,麗環布里希嘉,Material1Count,700,800
EXCHANGE.INI,changed,2752,麗環布里希嘉,Name,御妖戒‧八歧,麗環布里希嘉
EXCHANGE.INI,changed,2752,麗環布里希嘉,Reward1,28162,28499
EXCHANGE.INI,changed,2281,拆解：道帝簪★★,Material1,29436,29424
EXCHANGE.INI,changed,2281,拆解：道帝簪★★,Name,拆解：劍帝服★★,拆解：道帝簪★★
EXCHANGE.INI,changed,1171,真．玄宙勇裝錦囊,Name,真．玄宙道裝錦囊,真．玄宙勇裝錦囊
EXCHANGE.INI,changed,1171,真．玄宙勇裝錦囊,Reward1,31347,31345
EXCHANGE.INI,changed,951,宙斯神雷劍，開光,Material1,26494,26492
EXCHANGE.INI,changed,951,宙斯神雷劍，開光,Name,哈帝斯魔銃，開光,宙斯神雷劍，開光
EXCHANGE.INI,changed,951,宙斯神雷劍，開光,Reward1,26289,26287
EXCHANGE.INI,changed,1905,拆解：宿星燦甲Ⅲ,Material1,30603,30418
EXCHANGE.INI,changed,1905,拆解：宿星燦甲Ⅲ,Name,拆解：宿星閃靴Ⅲ,拆解：宿星燦甲Ⅲ
EXCHANGE.INI,changed,2518,恆山仙重鎮,EndTime,,2025-10-02 11:00
EXCHANGE.INI,changed,2518,恆山仙重鎮,Group,153,152
EXCHANGE.INI,changed,2518,恆山仙重鎮,Limit,,2
EXCHANGE.INI,changed,2518,恆山仙重鎮,LimitVer,,5
EXCHANGE.INI,changed,2518,恆山仙重鎮,Material1,31808,30673
EXCHANGE.INI,changed,2518,恆山仙重鎮,Material1Count,1,315
EXCHANGE.INI,changed,2518,恆山仙重鎮,Material2,,29272
EXCHANGE.INI,changed,2518,恆山仙重鎮,Material2Count,,1750
EXCHANGE.INI,changed,2518,恆山仙重鎮,Material3,,29273
EXCHANGE.INI,changed,2518,恆山仙重鎮,Material3Count,,3000
EXCHANGE.INI,changed,2518,恆山仙重鎮,Material4,,29271
EXCHANGE.INI,changed,2518,恆山仙重鎮,Material4Count,,185
EXCHANGE.INI,changed,2518,恆山仙重鎮,Material5,,29052
EXCHANGE.INI,changed,2518,恆山仙重鎮,Material5Count,,625
EXCHANGE.INI,changed,2518,恆山仙重鎮,Name,開嗓柚香月餅,恆山仙重鎮
EXCHANGE.INI,changed,2518,恆山仙重鎮,Reward1,31800,31617
EXCHANGE.INI,changed,761,拆解：王狼千風檄,Material1,30168,30904
EXCHANGE.INI,changed,761,拆解：王狼千風檄,Name,拆解：淨流仙葉陣,拆解：王狼千風檄
EXCHANGE.INI,changed,761,拆解：王狼千風檄,Reward1Count,10,12
EXCHANGE.INI,changed,1409,拆解：破魔獨錘Ⅱ,Material1,31147,31137
EXCHANGE.INI,changed,1409,拆解：破魔獨錘Ⅱ,Name,拆解：古主臨盾Ⅱ,拆解：破魔獨錘Ⅱ
EXCHANGE.INI,changed,1709,紫雨璃戒Ⅱ,Material1,30366,30356
EXCHANGE.INI,changed,1709,紫雨璃戒Ⅱ,Name,億載機軸Ⅱ,紫雨璃戒Ⅱ
EXCHANGE.INI,changed,1709,紫雨璃戒Ⅱ,Reward1,30367,30357
EXCHANGE.INI,changed,1160,超時空聖降神禮券,Material1Count,1500,2000
EXCHANGE.INI,changed,1160,超時空聖降神禮券,Name,超．玄宙神兵寶箱,超時空聖降神禮券
EXCHANGE.INI,changed,1160,超時空聖降神禮券,Reward1,31354,31463
EXCHANGE.INI,changed,1491,舞星鈦甲Ⅳ,Material1,31328,31318
EXCHANGE.INI,changed,1491,舞星鈦甲Ⅳ,Name,舞星鋁行Ⅳ,舞星鈦甲Ⅳ
EXCHANGE.INI,changed,1491,舞星鈦甲Ⅳ,Reward1,31329,31319
EXCHANGE.INI,changed,1531,拆解：騰陽巍立Ⅲ,Material1,31298,31288
EXCHANGE.INI,changed,1531,拆解：騰陽巍立Ⅲ,Name,拆解：凜月霜襟Ⅲ,拆解：騰陽巍立Ⅲ
EXCHANGE.INI,changed,1881,拆解：禪臺旭袈Ⅲ,Material1,30308,30298
EXCHANGE.INI,changed,1881,拆解：禪臺旭袈Ⅲ,Name,拆解：勇將旭掌Ⅲ,拆解：禪臺旭袈Ⅲ
EXCHANGE.INI,changed,2030,拆解：慧帝戒☆,Group,117,116
EXCHANGE.INI,changed,2030,拆解：慧帝戒☆,Material1,29547,29535
EXCHANGE.INI,changed,2030,拆解：慧帝戒☆,Name,拆解：鬼帝冠☆,拆解：慧帝戒☆
EXCHANGE.INI,changed,2030,拆解：慧帝戒☆,Reward1,29272,29273
EXCHANGE.INI,changed,2030,拆解：慧帝戒☆,Reward1Count,6,1
EXCHANGE.INI,changed,2438,拆解：鬼帝鎧★★★,Material1,29570,29558
EXCHANGE.INI,changed,2438,拆解：鬼帝鎧★★★,Name,拆解：鬼帝道★★★,拆解：鬼帝鎧★★★
EXCHANGE.INI,changed,1836,拆解：劍豪旭腕Ⅱ,Material1,30312,30302
EXCHANGE.INI,changed,1836,拆解：劍豪旭腕Ⅱ,Name,拆解：術凌旭指Ⅱ,拆解：劍豪旭腕Ⅱ
EXCHANGE.INI,changed,1153,真．玄宙僧裝錦囊,Material1Count,40,300
EXCHANGE.INI,changed,1153,真．玄宙僧裝錦囊,Name,以太星核錦囊,真．玄宙僧裝錦囊
EXCHANGE.INI,changed,1153,真．玄宙僧裝錦囊,Reward1,31468,31348
EXCHANGE.INI,changed,3318,烈煌腕☆☆☆,Material1,28878,28872
EXCHANGE.INI,changed,3318,烈煌腕☆☆☆,Name,燦煌掌☆☆☆,烈煌腕☆☆☆
EXCHANGE.INI,changed,3318,烈煌腕☆☆☆,Reward1,28879,28873
EXCHANGE.INI,changed,2242,禪帝衲★★☆,Material1,29472,29460
EXCHANGE.INI,changed,2242,禪帝衲★★☆,Name,武帝掌★★☆,禪帝衲★★☆
EXCHANGE.INI,changed,2242,禪帝衲★★☆,Reward1,29473,29461
EXCHANGE.INI,changed,1734,拆解：劍豪旭冠Ⅰ,Material1,30261,30251
EXCHANGE.INI,changed,1734,拆解：劍豪旭冠Ⅰ,Name,拆解：術凌旭巾Ⅰ,拆解：劍豪旭冠Ⅰ
EXCHANGE.INI,changed,1047,神翔萬雷棍，消光,Material1,30619,30617
EXCHANGE.INI,changed,1047,神翔萬雷棍，消光,Name,八裂叛伐斧，消光,神翔萬雷棍，消光
EXCHANGE.INI,changed,1047,神翔萬雷棍，消光,Reward1,30629,30627
EXCHANGE.INI,changed,2947,傾天盾★★,Group,177,176
EXCHANGE.INI,changed,2947,傾天盾★★,Material1,28382,28376
EXCHANGE.INI,changed,2947,傾天盾★★,Material2Count,1,3
EXCHANGE.INI,changed,2947,傾天盾★★,Name,鬥星盔★★,傾天盾★★
EXCHANGE.INI,changed,2947,傾天盾★★,Reward1,28383,28377
EXCHANGE.INI,changed,1247,真虎霸戰符,Name,真武神符咒,真虎霸戰符
EXCHANGE.INI,changed,1247,真虎霸戰符,Reward1,26975,26973
EXCHANGE.INI,changed,1400,舞星鎢掌Ⅲ,Group,76,75
EXCHANGE.INI,changed,1400,舞星鎢掌Ⅲ,Material1,31102,31322
EXCHANGE.INI,changed,1400,舞星鎢掌Ⅲ,Material1Count,1,3
EXCHANGE.INI,changed,1400,舞星鎢掌Ⅲ,Material2,,30673
EXCHANGE.INI,changed,1400,舞星鎢掌Ⅲ,Material2Count,,30
EXCHANGE.INI,changed,1400,舞星鎢掌Ⅲ,Name,拆解：宮殤別劍Ⅱ,舞星鎢掌Ⅲ
EXCHANGE.INI,changed,1400,舞星鎢掌Ⅲ,Reward1,29272,31323
EXCHANGE.INI,changed,1400,舞星鎢掌Ⅲ,Reward1Count,35,1
EXCHANGE.INI,changed,981,釋提桓因劍，消光,Material1,29915,29913
EXCHANGE.INI,changed,981,釋提桓因劍，消光,Name,樓寒末仇藜，消光,釋提桓因劍，消光
EXCHANGE.INI,changed,981,釋提桓因劍，消光,Reward1,29925,29923
EXCHANGE.INI,changed,2037,拆解：黃天衣☆,Material1,29589,29577
EXCHANGE.INI,changed,2037,拆解：黃天衣☆,Name,拆解：黃韋足☆,拆解：黃天衣☆
EXCHANGE.INI,changed,3360,拆解：燦煌衣☆☆,Material1,28869,28863
EXCHANGE.INI,changed,3360,拆解：燦煌衣☆☆,Name,拆解：佛煌裟☆☆,拆解：燦煌衣☆☆
EXCHANGE.INI,changed,1019,闢斧烏‧涅特，開光,Material1,29001,29022
EXCHANGE.INI,changed,1019,闢斧烏‧涅特，開光,Name,歿劍迪‧亞特，消光,闢斧烏‧涅特，開光
EXCHANGE.INI,changed,1019,闢斧烏‧涅特，開光,Reward1,29014,29009
EXCHANGE.INI,changed,1766,拆解：宿星銀兜Ⅰ,Material1,30421,30411
EXCHANGE.INI,changed,1766,拆解：宿星銀兜Ⅰ,Name,拆解：宿星爍臂Ⅰ,拆解：宿星銀兜Ⅰ
EXCHANGE.INI,changed,2447,拆解：君星靴★★★,EndTime,2025-08-21 11:00,
EXCHANGE.INI,changed,2447,拆解：君星靴★★★,Group,145,144
EXCHANGE.INI,changed,2447,拆解：君星靴★★★,Limit,3,
EXCHANGE.INI,changed,2447,拆解：君星靴★★★,LimitVer,2,
EXCHANGE.INI,changed,2447,拆解：君星靴★★★,Material1,30673,29612
EXCHANGE.INI,changed,2447,拆解：君星靴★★★,Material1Count,150,1
EXCHANGE.INI,changed,2447,拆解：君星靴★★★,Material2,29272,
EXCHANGE.INI,changed,2447,拆解：君星靴★★★,Material2Count,750,
EXCHANGE.INI,changed,2447,拆解：君星靴★★★,Material3,29273,
EXCHANGE.INI,changed,2447,拆解：君星靴★★★,Material3Count,2000,
EXCHANGE.INI,changed,2447,拆解：君星靴★★★,Material4,29271,
EXCHANGE.INI,changed,2447,拆解：君星靴★★★,Material4Count,50,
EXCHANGE.INI,changed,2447,拆解：君星靴★★★,Material5,29052,
EXCHANGE.INI,changed,2447,拆解：君星靴★★★,Material5Count,300,
EXCHANGE.INI,changed,2447,拆解：君星靴★★★,Name,2025武魂禮券,拆解：君星靴★★★
EXCHANGE.INI,changed,2447,拆解：君星靴★★★,Reward1,31746,29272
EXCHANGE.INI,changed,2447,拆解：君星靴★★★,Reward1Count,1,30
EXCHANGE.INI,changed,2441,拆解：黃月巾★★★,Material1,29588,29576
EXCHANGE.INI,changed,2441,拆解：黃月巾★★★,Name,拆解：黃鳴腕★★★,拆解：黃月巾★★★
EXCHANGE.INI,changed,2667,葉小釵換無雙降神,Group,163,162
EXCHANGE.INI,changed,2667,葉小釵換無雙降神,Material1,31767,29653
EXCHANGE.INI,changed,2667,葉小釵換無雙降神,Material1Count,550,1
EXCHANGE.INI,changed,2667,葉小釵換無雙降神,Name,真．玄宙特仕裝箱,葉小釵換無雙降神
EXCHANGE.INI,changed,2667,葉小釵換無雙降神,Reward1,31349,31881
EXCHANGE.INI,changed,784,拆解：震雷仙太極,Material1,29724,29722
EXCHANGE.INI,changed,784,拆解：震雷仙太極,Name,拆解：坤地仙太極,拆解：震雷仙太極
EXCHANGE.INI,changed,2640,活俠唐默鈴錦囊,Material1,30673,29273
EXCHANGE.INI,changed,2640,活俠唐默鈴錦囊,Material1Count,1,10
EXCHANGE.INI,changed,2640,活俠唐默鈴錦囊,Name,龍湘錦囊禮券,活俠唐默鈴錦囊
EXCHANGE.INI,changed,2640,活俠唐默鈴錦囊,Reward1,31736,31727
EXCHANGE.INI,changed,2640,活俠唐默鈴錦囊,Reward1Count,2,1
EXCHANGE.INI,changed,1496,拆解：獵仙飛索Ⅲ,Material1,31123,31113
EXCHANGE.INI,changed,1496,拆解：獵仙飛索Ⅲ,Name,拆解：渡鴉瞳杖Ⅲ,拆解：獵仙飛索Ⅲ
EXCHANGE.INI,changed,2829,滄耳刀（消光）,Material1,29620,29618
EXCHANGE.INI,changed,2829,滄耳刀（消光）,Name,三恆曌世（消光）,滄耳刀（消光）
EXCHANGE.INI,changed,1082,降神：浪巫謠之魂,Name,降神：禍世螟蝗之魂,降神：浪巫謠之魂
EXCHANGE.INI,changed,1082,降神：浪巫謠之魂,Reward1,31505,31503
EXCHANGE.INI,changed,1082,降神：浪巫謠之魂,Reward1Count,15,30
EXCHANGE.INI,changed,3356,拆解：道煌面☆☆,Material1,28857,28851
EXCHANGE.INI,changed,3356,拆解：道煌面☆☆,Name,拆解：烈煌冑☆☆,拆解：道煌面☆☆
EXCHANGE.INI,changed,2602,武魂：虞小梅,Material1Count,50,200
EXCHANGE.INI,changed,2602,武魂：虞小梅,Name,秘笈：天地無聲勢,武魂：虞小梅
EXCHANGE.INI,changed,2602,武魂：虞小梅,Reward1,31816,30846
EXCHANGE.INI,changed,980,東極通鑑盾，開光,Material1,29914,29932
EXCHANGE.INI,changed,980,東極通鑑盾，開光,Name,武烈春秋刀，消光,東極通鑑盾，開光
EXCHANGE.INI,changed,980,東極通鑑盾，開光,Reward1,29924,29922
EXCHANGE.INI,changed,984,太伯妙香晷，消光,Material1,29918,29916
EXCHANGE.INI,changed,984,太伯妙香晷，消光,Name,南解雲帝槍，消光,太伯妙香晷，消光
EXCHANGE.INI,changed,984,太伯妙香晷，消光,Reward1,29928,29926
EXCHANGE.INI,changed,2270,拆解：龍掣爪★★,Material1,29370,29358
EXCHANGE.INI,changed,2270,拆解：龍掣爪★★,Name,拆解：御天杖★★,拆解：龍掣爪★★
EXCHANGE.INI,changed,2519,方舟翼虎禮券,EndTime,,2025-10-02 11:00
EXCHANGE.INI,changed,2519,方舟翼虎禮券,Group,153,152
EXCHANGE.INI,changed,2519,方舟翼虎禮券,Limit,,2
EXCHANGE.INI,changed,2519,方舟翼虎禮券,LimitVer,,5
EXCHANGE.INI,changed,2519,方舟翼虎禮券,Material1,31808,30673
EXCHANGE.INI,changed,2519,方舟翼虎禮券,Material1Count,1,120
EXCHANGE.INI,changed,2519,方舟翼虎禮券,Material2,,29272
EXCHANGE.INI,changed,2519,方舟翼虎禮券,Material2Count,,600
EXCHANGE.INI,changed,2519,方舟翼虎禮券,Material3,,29273
EXCHANGE.INI,changed,2519,方舟翼虎禮券,Material3Count,,1500
EXCHANGE.INI,changed,2519,方舟翼虎禮券,Material4,,29271
EXCHANGE.INI,changed,2519,方舟翼虎禮券,Material4Count,,40
EXCHANGE.INI,changed,2519,方舟翼虎禮券,Material5,,29052
EXCHANGE.INI,changed,2519,方舟翼虎禮券,Material5Count,,250
EXCHANGE.INI,changed,2519,方舟翼虎禮券,Name,高音泡菜月餅,方舟翼虎禮券
EXCHANGE.INI,changed,2519,方舟翼虎禮券,Reward1,31801,31585
EXCHANGE.INI,changed,2167,鬼帝冠★★,Material1,29561,29549
EXCHANGE.INI,changed,2167,鬼帝冠★★,Name,鬼帝臂★★,鬼帝冠★★
EXCHANGE.INI,changed,2167,鬼帝冠★★,Reward1,29562,29550
EXCHANGE.INI,changed,1878,拆解：勇將旭甲Ⅲ,Material1,30293,30283
EXCHANGE.INI,changed,1878,拆解：勇將旭甲Ⅲ,Name,拆解：道清旭袍Ⅲ,拆解：勇將旭甲Ⅲ
EXCHANGE.INI,changed,3382,拆解：柳天衣☆☆,Material1,28973,28967
EXCHANGE.INI,changed,3382,拆解：柳天衣☆☆,Name,拆解：柳韋足☆☆,拆解：柳天衣☆☆
EXCHANGE.INI,changed,2489,極．玄宙道裝錦囊,Material1Count,1000,900
EXCHANGE.INI,changed,2489,極．玄宙道裝錦囊,Name,超．玄宙特仕裝箱,極．玄宙道裝錦囊
EXCHANGE.INI,changed,2489,極．玄宙道裝錦囊,Reward1,31360,31369
EXCHANGE.INI,changed,2704,赫居新羅結,Material1Count,550,650
EXCHANGE.INI,changed,2704,赫居新羅結,Name,沛邦風雲旨,赫居新羅結
EXCHANGE.INI,changed,2704,赫居新羅結,Reward1,29677,29936
EXCHANGE.INI,changed,2746,千江神謳章,Material1Count,900,1000
EXCHANGE.INI,changed,2746,千江神謳章,Name,項莊蓋世令,千江神謳章
EXCHANGE.INI,changed,2746,千江神謳章,Reward1,29676,29935
EXCHANGE.INI,changed,2377,拆解：禪帝衲★★☆,Material1,29473,29461
EXCHANGE.INI,changed,2377,拆解：禪帝衲★★☆,Name,拆解：武帝掌★★☆,拆解：禪帝衲★★☆
EXCHANGE.INI,changed,1407,拆解：羅將烈槍Ⅱ,Material1,31137,31127
EXCHANGE.INI,changed,1407,拆解：羅將烈槍Ⅱ,Name,拆解：破魔獨錘Ⅱ,拆解：羅將烈槍Ⅱ
EXCHANGE.INI,changed,3316,道煌袍☆☆☆,Material1,28872,28866
EXCHANGE.INI,changed,3316,道煌袍☆☆☆,Name,烈煌腕☆☆☆,道煌袍☆☆☆
EXCHANGE.INI,changed,3316,道煌袍☆☆☆,Reward1,28873,28867
EXCHANGE.INI,changed,2255,慧帝戒★★☆,Group,132,131
EXCHANGE.INI,changed,2255,慧帝戒★★☆,Material1,29550,29538
EXCHANGE.INI,changed,2255,慧帝戒★★☆,Material2Count,50,5
EXCHANGE.INI,changed,2255,慧帝戒★★☆,Name,鬼帝冠★★☆,慧帝戒★★☆
EXCHANGE.INI,changed,2255,慧帝戒★★☆,Reward1,29551,29539
EXCHANGE.INI,changed,2815,霹靂葉小釵錦囊,Group,170,169
EXCHANGE.INI,changed,2815,霹靂葉小釵錦囊,Material1,23071,29274
EXCHANGE.INI,changed,2815,霹靂葉小釵錦囊,Material1Count,1,3
EXCHANGE.INI,changed,2815,霹靂葉小釵錦囊,Name,武魂：一頁書,霹靂葉小釵錦囊
EXCHANGE.INI,changed,2815,霹靂葉小釵錦囊,Reward1,29776,32161
EXCHANGE.INI,changed,2815,霹靂葉小釵錦囊,Reward1Count,32,1
EXCHANGE.INI,changed,2388,拆解：宇帝珮★★☆,Material1,29539,29527
EXCHANGE.INI,changed,2388,拆解：宇帝珮★★☆,Name,拆解：慧帝戒★★☆,拆解：宇帝珮★★☆
EXCHANGE.INI,changed,2846,秘笈：天關雙煉,Material1,29646,29644
EXCHANGE.INI,changed,2846,秘笈：天關雙煉,Name,秘笈：天劍三絕,秘笈：天關雙煉
EXCHANGE.INI,changed,3097,拆解：釋星拱★★,Material1,28428,28422
EXCHANGE.INI,changed,3097,拆解：釋星拱★★,Name,拆解：鬥星脛★★,拆解：釋星拱★★
EXCHANGE.INI,changed,1110,拆解：新星之劍英冑,Material1,27306,27304
EXCHANGE.INI,changed,1110,拆解：新星之劍英冑,Name,拆解：新星之術潛裳,拆解：新星之劍英冑
EXCHANGE.INI,changed,2955,遊星衣★★,Material1,28406,28400
EXCHANGE.INI,changed,2955,遊星衣★★,Name,釋星袈★★,遊星衣★★
EXCHANGE.INI,changed,2955,遊星衣★★,Reward1,28407,28401
EXCHANGE.INI,changed,1708,龍韜簾綴Ⅱ,Material1,30361,30351
EXCHANGE.INI,changed,1708,龍韜簾綴Ⅱ,Name,七色蓮寶Ⅱ,龍韜簾綴Ⅱ
EXCHANGE.INI,changed,1708,龍韜簾綴Ⅱ,Reward1,30362,30352
EXCHANGE.INI,changed,3390,拆解：宗正裁☆☆☆,Material1,28825,28819
EXCHANGE.INI,changed,3390,拆解：宗正裁☆☆☆,Name,拆解：列肆杖☆☆☆,拆解：宗正裁☆☆☆
EXCHANGE.INI,changed,3034,太微棍★★★,Material1,28374,28368
EXCHANGE.INI,changed,3034,太微棍★★★,Name,瑤月斧★★★,太微棍★★★
EXCHANGE.INI,changed,3034,太微棍★★★,Reward1,28375,28369
EXCHANGE.INI,changed,2449,2025武魂禮券,Limit,1,3
EXCHANGE.INI,changed,2449,2025武魂禮券,Material1Count,75,150
EXCHANGE.INI,changed,2449,2025武魂禮券,Material2,27978,29272
EXCHANGE.INI,changed,2449,2025武魂禮券,Material2Count,150,750
EXCHANGE.INI,changed,2449,2025武魂禮券,Material3,29052,29273
EXCHANGE.INI,changed,2449,2025武魂禮券,Material3Count,350,2000
EXCHANGE.INI,changed,2449,2025武魂禮券,Material4,29274,29271
EXCHANGE.INI,changed,2449,2025武魂禮券,Material4Count,350,50
EXCHANGE.INI,changed,2449,2025武魂禮券,Material5,,29052
EXCHANGE.INI,changed,2449,2025武魂禮券,Material5Count,,300
EXCHANGE.INI,changed,2449,2025武魂禮券,Name,長刀〔銀霞〕,2025武魂禮券
EXCHANGE.INI,changed,2449,2025武魂禮券,Reward1,31553,31746
EXCHANGE.INI,changed,2972,星兇冠★★,Material1,28535,28529
EXCHANGE.INI,changed,2972,星兇冠★★,Name,星兇手★★,星兇冠★★
EXCHANGE.INI,changed,2972,星兇冠★★,Reward1,28536,28530
EXCHANGE.INI,changed,2782,秘笈：天問三誓,Name,秘笈：蒼龍破雲關,秘笈：天問三誓
EXCHANGE.INI,changed,2782,秘笈：天問三誓,Reward1,29637,29635
EXCHANGE.INI,changed,834,三恆曌世，開光,Material1,29622,29620
EXCHANGE.INI,changed,834,三恆曌世，開光,Name,斬魔錄拂塵，開光,三恆曌世，開光
EXCHANGE.INI,changed,834,三恆曌世，開光,Reward1,29631,29629
EXCHANGE.INI,changed,1665,拆解：龍之印信Ⅴ,Group,93,92
EXCHANGE.INI,changed,1665,拆解：龍之印信Ⅴ,Material1,31280,31270
EXCHANGE.INI,changed,1665,拆解：龍之印信Ⅴ,Name,拆解：騰陽雄鎧Ⅴ,拆解：龍之印信Ⅴ
EXCHANGE.INI,changed,1665,拆解：龍之印信Ⅴ,Reward1,30673,29273
EXCHANGE.INI,changed,1665,拆解：龍之印信Ⅴ,Reward1Count,16,50
EXCHANGE.INI,changed,2427,拆解：禪帝捻★★★,Material1,29504,29492
EXCHANGE.INI,changed,2427,拆解：禪帝捻★★★,Name,拆解：武帝踏★★★,拆解：禪帝捻★★★
EXCHANGE.INI,changed,2366,拆解：河山斧★★☆,Group,140,139
EXCHANGE.INI,changed,2366,拆解：河山斧★★☆,Material1,29407,29395
EXCHANGE.INI,changed,2366,拆解：河山斧★★☆,Name,拆解：劍帝冕★★☆,拆解：河山斧★★☆
EXCHANGE.INI,changed,2366,拆解：河山斧★★☆,Reward1Count,5,12
EXCHANGE.INI,changed,3114,拆解：煌韋足★★,Material1,28557,28551
EXCHANGE.INI,changed,3114,拆解：煌韋足★★,Name,拆解：奇行裟★★,拆解：煌韋足★★
EXCHANGE.INI,changed,1743,拆解：禪臺旭袈Ⅰ,Material1,30306,30296
EXCHANGE.INI,changed,1743,拆解：禪臺旭袈Ⅰ,Name,拆解：勇將旭掌Ⅰ,拆解：禪臺旭袈Ⅰ
EXCHANGE.INI,changed,3310,燦煌帽☆☆☆,Material1,28854,28848
EXCHANGE.INI,changed,3310,燦煌帽☆☆☆,Name,佛煌頂☆☆☆,燦煌帽☆☆☆
EXCHANGE.INI,changed,3310,燦煌帽☆☆☆,Reward1,28855,28849
EXCHANGE.INI,changed,1930,進化→幻帝手☆,Material1,28885,28879
EXCHANGE.INI,changed,1930,進化→幻帝手☆,Name,進化→禪帝捻☆,進化→幻帝手☆
EXCHANGE.INI,changed,1930,進化→幻帝手☆,Reward1,29487,29475
EXCHANGE.INI,changed,1227,極天師符咒,Material1,27893,28463
EXCHANGE.INI,changed,1227,極天師符咒,Name,超天神符咒,極天師符咒
EXCHANGE.INI,changed,1227,極天師符咒,Reward1,27888,28196
EXCHANGE.INI,changed,2578,降神：虞小梅之魂,Group,159,158
EXCHANGE.INI,changed,2578,降神：虞小梅之魂,Material1,30673,31739
EXCHANGE.INI,changed,2578,降神：虞小梅之魂,Material1Count,125,1
EXCHANGE.INI,changed,2578,降神：虞小梅之魂,Material2,27978,
EXCHANGE.INI,changed,2578,降神：虞小梅之魂,Material2Count,200,
EXCHANGE.INI,changed,2578,降神：虞小梅之魂,Material3,29052,
EXCHANGE.INI,changed,2578,降神：虞小梅之魂,Material3Count,375,
EXCHANGE.INI,changed,2578,降神：虞小梅之魂,Material4,29273,
EXCHANGE.INI,changed,2578,降神：虞小梅之魂,Material4Count,375,
EXCHANGE.INI,changed,2578,降神：虞小梅之魂,Material5,29274,
EXCHANGE.INI,changed,2578,降神：虞小梅之魂,Material5Count,375,
EXCHANGE.INI,changed,2578,降神：虞小梅之魂,Name,睚眥龍吞劍,降神：虞小梅之魂
EXCHANGE.INI,changed,2578,降神：虞小梅之魂,Reward1,31835,31831
EXCHANGE.INI,changed,2578,降神：虞小梅之魂,Reward1Count,1,10
EXCHANGE.INI,changed,907,怪物佰長石牌,Material1,21400,21401
EXCHANGE.INI,changed,907,怪物佰長石牌,Name,怪物什長石牌,怪物佰長石牌
EXCHANGE.INI,changed,907,怪物佰長石牌,Reward1,21401,21402
EXCHANGE.INI,changed,2528,武魂：唐默鈴,Name,武魂：夏侯蘭,武魂：唐默鈴
EXCHANGE.INI,changed,2528,武魂：唐默鈴,Reward1,30845,30843
EXCHANGE.INI,changed,2497,超．玄宙僧裝錦囊,Material1Count,70,650
EXCHANGE.INI,changed,2497,超．玄宙僧裝錦囊,Name,以太星核錦囊,超．玄宙僧裝錦囊
EXCHANGE.INI,changed,2497,超．玄宙僧裝錦囊,Reward1,31468,31359
EXCHANGE.INI,changed,1782,術凌旭巾Ⅲ,Material1,30272,30262
EXCHANGE.INI,changed,1782,術凌旭巾Ⅲ,Name,禪臺旭笠Ⅲ,術凌旭巾Ⅲ
EXCHANGE.INI,changed,1782,術凌旭巾Ⅲ,Reward1,30273,30263
EXCHANGE.INI,changed,3162,拆解：奇星靴★★★,Group,191,190
EXCHANGE.INI,changed,3162,拆解：奇星靴★★★,Material1,28354,28561
EXCHANGE.INI,changed,3162,拆解：奇星靴★★★,Material1Count,3,1
EXCHANGE.INI,changed,3162,拆解：奇星靴★★★,Material2,27978,
EXCHANGE.INI,changed,3162,拆解：奇星靴★★★,Material2Count,9,
EXCHANGE.INI,changed,3162,拆解：奇星靴★★★,Material3,29053,
EXCHANGE.INI,changed,3162,拆解：奇星靴★★★,Material3Count,3,
EXCHANGE.INI,changed,3162,拆解：奇星靴★★★,Name,進化→武座刃☆,拆解：奇星靴★★★
EXCHANGE.INI,changed,3162,拆解：奇星靴★★★,Reward1,28814,28634
EXCHANGE.INI,changed,3162,拆解：奇星靴★★★,Reward1Count,1,27
EXCHANGE.INI,changed,1394,凜月冪巾Ⅲ,Material1,31302,31292
EXCHANGE.INI,changed,1394,凜月冪巾Ⅲ,Name,凜月影束Ⅲ,凜月冪巾Ⅲ
EXCHANGE.INI,changed,1394,凜月冪巾Ⅲ,Reward1,31303,31293
EXCHANGE.INI,changed,2544,張飛封魂晶,Group,156,155
EXCHANGE.INI,changed,2544,張飛封魂晶,Material1,31827,31746
EXCHANGE.INI,changed,2544,張飛封魂晶,Material1Count,2,1
EXCHANGE.INI,changed,2544,張飛封魂晶,Name,交換唐布衣降神,張飛封魂晶
EXCHANGE.INI,changed,2544,張飛封魂晶,Reward1,31828,31659
EXCHANGE.INI,changed,1983,宇帝珮★,Material1,29535,29523
EXCHANGE.INI,changed,1983,宇帝珮★,Name,慧帝戒★,宇帝珮★
EXCHANGE.INI,changed,1983,宇帝珮★,Reward1,29536,29524
EXCHANGE.INI,changed,2217,拆解：黃天衣★☆,Material1,29591,29579
EXCHANGE.INI,changed,2217,拆解：黃天衣★☆,Name,拆解：黃韋足★☆,拆解：黃天衣★☆
EXCHANGE.INI,changed,2458,斧〔魔神破〕,EndTime,,2025-08-21 11:00
EXCHANGE.INI,changed,2458,斧〔魔神破〕,Group,146,145
EXCHANGE.INI,changed,2458,斧〔魔神破〕,Limit,,1
EXCHANGE.INI,changed,2458,斧〔魔神破〕,LimitVer,,2
EXCHANGE.INI,changed,2458,斧〔魔神破〕,Material1,31709,30673
EXCHANGE.INI,changed,2458,斧〔魔神破〕,Material1Count,2000,75
EXCHANGE.INI,changed,2458,斧〔魔神破〕,Material2,,27978
EXCHANGE.INI,changed,2458,斧〔魔神破〕,Material2Count,,150
EXCHANGE.INI,changed,2458,斧〔魔神破〕,Material3,,29052
EXCHANGE.INI,changed,2458,斧〔魔神破〕,Material3Count,,350
EXCHANGE.INI,changed,2458,斧〔魔神破〕,Material4,,29274
EXCHANGE.INI,changed,2458,斧〔魔神破〕,Material4Count,,350
EXCHANGE.INI,changed,2458,斧〔魔神破〕,Name,恆山仙重鎮,斧〔魔神破〕
EXCHANGE.INI,changed,2458,斧〔魔神破〕,Reward1,31617,31560
EXCHANGE.INI,changed,2412,拆解：疆嶽盾★★★,Group,143,142
EXCHANGE.INI,changed,2412,拆解：疆嶽盾★★★,Material1,29414,29402
EXCHANGE.INI,changed,2412,拆解：疆嶽盾★★★,Name,拆解：武帝盔★★★,拆解：疆嶽盾★★★
EXCHANGE.INI,changed,2412,拆解：疆嶽盾★★★,Reward1Count,6,15
EXCHANGE.INI,changed,2351,黃月巾★★★,Material1,29587,29575
EXCHANGE.INI,changed,2351,黃月巾★★★,Name,黃鳴腕★★★,黃月巾★★★
EXCHANGE.INI,changed,2351,黃月巾★★★,Reward1,29588,29576
EXCHANGE.INI,changed,2579,降神：夏侯蘭之魂,Group,159,158
EXCHANGE.INI,changed,2579,降神：夏侯蘭之魂,Material1,30673,31739
EXCHANGE.INI,changed,2579,降神：夏侯蘭之魂,Material1Count,125,1
EXCHANGE.INI,changed,2579,降神：夏侯蘭之魂,Material2,27978,
EXCHANGE.INI,changed,2579,降神：夏侯蘭之魂,Material2Count,200,
EXCHANGE.INI,changed,2579,降神：夏侯蘭之魂,Material3,29052,
EXCHANGE.INI,changed,2579,降神：夏侯蘭之魂,Material3Count,375,
EXCHANGE.INI,changed,2579,降神：夏侯蘭之魂,Material4,29273,
EXCHANGE.INI,changed,2579,降神：夏侯蘭之魂,Material4Count,375,
EXCHANGE.INI,changed,2579,降神：夏侯蘭之魂,Material5,29274,
EXCHANGE.INI,changed,2579,降神：夏侯蘭之魂,Material5Count,375,
EXCHANGE.INI,changed,2579,降神：夏侯蘭之魂,Name,金猊晉殿刀,降神：夏侯蘭之魂
EXCHANGE.INI,changed,2579,降神：夏侯蘭之魂,Reward1,31836,31832
EXCHANGE.INI,changed,2579,降神：夏侯蘭之魂,Reward1Count,1,10
EXCHANGE.INI,changed,3297,拆解：碧星靴☆,Group,200,199
EXCHANGE.INI,changed,3297,拆解：碧星靴☆,Material1,28815,28981
EXCHANGE.INI,changed,3297,拆解：碧星靴☆,Material1Count,3,1
EXCHANGE.INI,changed,3297,拆解：碧星靴☆,Material2,29053,
EXCHANGE.INI,changed,3297,拆解：碧星靴☆,Material2Count,6,
EXCHANGE.INI,changed,3297,拆解：碧星靴☆,Name,武座刃☆☆☆,拆解：碧星靴☆
EXCHANGE.INI,changed,3297,拆解：碧星靴☆,Reward1,28816,29053
EXCHANGE.INI,changed,3297,拆解：碧星靴☆,Reward1Count,1,9
EXCHANGE.INI,changed,2971,星玄卦★★,Group,178,177
EXCHANGE.INI,changed,2971,星玄卦★★,Material1,28532,28448
EXCHANGE.INI,changed,2971,星玄卦★★,Material2Count,9,1
EXCHANGE.INI,changed,2971,星玄卦★★,Name,星兇鎧★★,星玄卦★★
EXCHANGE.INI,changed,2971,星玄卦★★,Reward1,28533,28449
EXCHANGE.INI,changed,892,校尉印信換錦囊,Group,43,42
EXCHANGE.INI,changed,892,校尉印信換錦囊,Material1,21405,21406
EXCHANGE.INI,changed,892,校尉印信換錦囊,Material1Count,5,1
EXCHANGE.INI,changed,892,校尉印信換錦囊,Name,惡鬼鼎,校尉印信換錦囊
EXCHANGE.INI,changed,892,校尉印信換錦囊,Reward1,21596,21448
EXCHANGE.INI,changed,2537,武魂：姜秀,Name,武魂：莫千千,武魂：姜秀
EXCHANGE.INI,changed,2537,武魂：姜秀,Reward1,30836,30838
EXCHANGE.INI,changed,1809,靜月簾衣Ⅲ,Material1,30407,30397
EXCHANGE.INI,changed,1809,靜月簾衣Ⅲ,Name,靜月織足Ⅲ,靜月簾衣Ⅲ
EXCHANGE.INI,changed,1809,靜月簾衣Ⅲ,Reward1,30408,30398
EXCHANGE.INI,changed,3031,衡星斗★★★,Material1,28365,28359
EXCHANGE.INI,changed,3031,衡星斗★★★,Name,商宿槍★★★,衡星斗★★★
EXCHANGE.INI,changed,3031,衡星斗★★★,Reward1,28366,28360
EXCHANGE.INI,changed,1800,龍韜簾綴Ⅲ,Material1,30362,30352
EXCHANGE.INI,changed,1800,龍韜簾綴Ⅲ,Name,七色蓮寶Ⅲ,龍韜簾綴Ⅲ
EXCHANGE.INI,changed,1800,龍韜簾綴Ⅲ,Reward1,30363,30353
EXCHANGE.INI,changed,2657,素還真換無雙降神,Material1,29652,29651
EXCHANGE.INI,changed,2657,素還真換無雙降神,Name,一頁書換孟祈降神,素還真換無雙降神
EXCHANGE.INI,changed,2657,素還真換無雙降神,Reward1,31883,31881
EXCHANGE.INI,changed,1088,武魂：關羽,Group,54,53
EXCHANGE.INI,changed,1088,武魂：關羽,Material1Count,30,15
EXCHANGE.INI,changed,1088,武魂：關羽,Name,武魂：紅夜,武魂：關羽
EXCHANGE.INI,changed,1088,武魂：關羽,Reward1,30830,30833
FACEWND.INI,added,2649,,,,ID=2649
FACEWND.INI,added,2646,,,,ID=2646
FACEWND.INI,added,2645,,,,ID=2645
FACEWND.INI,added,2648,,,,ID=2648
FACEWND.INI,added,2644,,,,ID=2644
FACEWND.INI,added,2647,,,,ID=2647
FACEWND.INI,added,2642,,,,ID=2642
FACEWND.INI,added,2643,,,,ID=2643
HERODEVELOPDROUP.INI,added,1128,花無缺,,,"ID=1128, Name=花無缺"
HERODEVELOPDROUP.INI,added,1132,？？？,,,"ID=1132, Name=？？？"
HERODEVELOPDROUP.INI,added,1133,？？？,,,"ID=1133, Name=？？？"
HERODEVELOPDROUP.INI,added,1127,江小魚,,,"ID=1127, Name=江小魚"
HERODEVELOPDROUP.INI,added,1129,？？？,,,"ID=1129, Name=？？？"
HERODEVELOPDROUP.INI,added,1130,？？？,,,"ID=1130, Name=？？？"
HERODEVELOPDROUP.INI,added,1131,？？？,,,"ID=1131, Name=？？？"
HERODEVELOPITEM_C.INI,added,125,？？？,,,"ID=125, Name=？？？, Group=4, Head=6137"
HERODEVELOPITEM_C.INI,added,126,？？？,,,"ID=126, Name=？？？, Group=4, Head=6137"
HERODEVELOPITEM_C.INI,added,127,？？？,,,"ID=127, Name=？？？, Group=4, Head=6137"
HERODEVELOPITEM_C.INI,added,128,？？？,,,"ID=128, Name=？？？, Group=4, Head=6137"
HERODEVELOPITEM_C.INI,added,123,花無缺,,,"ID=123, Name=花無缺, Group=4, Head=6197"
HERODEVELOPITEM_C.INI,added,124,？？？,,,"ID=124, Name=？？？, Group=4, Head=6137"
HERODEVELOPITEM_C.INI,added,122,江小魚,,,"ID=122, Name=江小魚, Group=4, Head=6196"
HERODEVELOPVICE.INI,added,83,蝦兵蟹將,,,"ID=83, Name=蝦兵蟹將"
HERODEVELOPVICE.INI,changed,76,蒼狼三傑,Base_Con,255,180
HERODEVELOPVICE.INI,changed,76,蒼狼三傑,Base_Dex,160,220
HERODEVELOPVICE.INI,changed,76,蒼狼三傑,Base_Int,145,170
HERODEVELOPVICE.INI,changed,76,蒼狼三傑,Base_Str,210,190
HERODEVELOPVICE.INI,changed,76,蒼狼三傑,Extra_Def,285,260
HERODEVELOPVICE.INI,changed,76,蒼狼三傑,Hero1,30,27
HERODEVELOPVICE.INI,changed,76,蒼狼三傑,Hero2,16,26
HERODEVELOPVICE.INI,changed,76,蒼狼三傑,Hero3,7,25
HERODEVELOPVICE.INI,changed,76,蒼狼三傑,Magic_Def,210,255
HERODEVELOPVICE.INI,changed,76,蒼狼三傑,Max_HP,900,780
HERODEVELOPVICE.INI,changed,76,蒼狼三傑,Max_MP,550,740
HERODEVELOPVICE.INI,changed,76,蒼狼三傑,Name,大群主,蒼狼三傑
HERODEVELOPVICE.INI,changed,18,莫名因緣,Base_Dex,725,730
HERODEVELOPVICE.INI,changed,18,莫名因緣,Base_Str,710,720
HERODEVELOPVICE.INI,changed,18,莫名因緣,Extra_Def,930,960
HERODEVELOPVICE.INI,changed,18,莫名因緣,Hero1,96,104
HERODEVELOPVICE.INI,changed,18,莫名因緣,Hero2,97,105
HERODEVELOPVICE.INI,changed,18,莫名因緣,Max_HP,4650,4700
HERODEVELOPVICE.INI,changed,18,莫名因緣,Max_MP,4200,4400
HERODEVELOPVICE.INI,changed,18,莫名因緣,Name,鳳凰誓,莫名因緣
HERODEVELOPVICE.INI,changed,43,北應江雨,Base_Dex,410,525
HERODEVELOPVICE.INI,changed,43,北應江雨,Base_Int,425,430
HERODEVELOPVICE.INI,changed,43,北應江雨,Base_Str,390,425
HERODEVELOPVICE.INI,changed,43,北應江雨,Extra_Def,510,540
HERODEVELOPVICE.INI,changed,43,北應江雨,Hero1,47,46
HERODEVELOPVICE.INI,changed,43,北應江雨,Hero2,41,56
HERODEVELOPVICE.INI,changed,43,北應江雨,Magic_Def,560,570
HERODEVELOPVICE.INI,changed,43,北應江雨,Max_HP,1800,1900
HERODEVELOPVICE.INI,changed,43,北應江雨,Max_MP,2200,2300
HERODEVELOPVICE.INI,changed,43,北應江雨,Name,神與惡魔,北應江雨
HERODEVELOPVICE.INI,changed,64,天授神煉,Base_Con,300,325
HERODEVELOPVICE.INI,changed,64,天授神煉,Base_Dex,250,320
HERODEVELOPVICE.INI,changed,64,天授神煉,Base_Int,280,295
HERODEVELOPVICE.INI,changed,64,天授神煉,Base_Str,320,305
HERODEVELOPVICE.INI,changed,64,天授神煉,Extra_Def,390,480
HERODEVELOPVICE.INI,changed,64,天授神煉,Hero1,41,43
HERODEVELOPVICE.INI,changed,64,天授神煉,Hero2,38,42
HERODEVELOPVICE.INI,changed,64,天授神煉,Magic_Def,425,360
HERODEVELOPVICE.INI,changed,64,天授神煉,Max_HP,1500,1300
HERODEVELOPVICE.INI,changed,64,天授神煉,Max_MP,1500,1400
HERODEVELOPVICE.INI,changed,64,天授神煉,Name,帝國並立,天授神煉
HERODEVELOPVICE.INI,changed,51,雙頭死神1,Base_Con,580,360
HERODEVELOPVICE.INI,changed,51,雙頭死神1,Base_Dex,570,410
HERODEVELOPVICE.INI,changed,51,雙頭死神1,Base_Int,615,350
HERODEVELOPVICE.INI,changed,51,雙頭死神1,Base_Str,550,400
HERODEVELOPVICE.INI,changed,51,雙頭死神1,Extra_Def,840,480
HERODEVELOPVICE.INI,changed,51,雙頭死神1,Hero1,59,61
HERODEVELOPVICE.INI,changed,51,雙頭死神1,Hero2,57,64
HERODEVELOPVICE.INI,changed,51,雙頭死神1,Hero3,58,
HERODEVELOPVICE.INI,changed,51,雙頭死神1,Magic_Def,870,460
HERODEVELOPVICE.INI,changed,51,雙頭死神1,Max_HP,2100,1500
HERODEVELOPVICE.INI,changed,51,雙頭死神1,Max_MP,2900,1750
HERODEVELOPVICE.INI,changed,51,雙頭死神1,Name,三角之盟,雙頭死神1
HERODEVELOPVICE.INI,changed,37,幻世命定者3,Base_Con,460,425
HERODEVELOPVICE.INI,changed,37,幻世命定者3,Base_Dex,510,485
HERODEVELOPVICE.INI,changed,37,幻世命定者3,Base_Int,450,520
HERODEVELOPVICE.INI,changed,37,幻世命定者3,Base_Str,500,470
HERODEVELOPVICE.INI,changed,37,幻世命定者3,Extra_Def,630,620
HERODEVELOPVICE.INI,changed,37,幻世命定者3,Hero2,71,85
HERODEVELOPVICE.INI,changed,37,幻世命定者3,Magic_Def,610,690
HERODEVELOPVICE.INI,changed,37,幻世命定者3,Max_HP,2450,2250
HERODEVELOPVICE.INI,changed,37,幻世命定者3,Max_MP,2700,3000
HERODEVELOPVICE.INI,changed,37,幻世命定者3,Name,雙頭死神3,幻世命定者3
HERODEVELOPVICE.INI,changed,26,一別無期,Base_Con,1400,600
HERODEVELOPVICE.INI,changed,26,一別無期,Base_Dex,1450,0
HERODEVELOPVICE.INI,changed,26,一別無期,Base_Int,1300,600
HERODEVELOPVICE.INI,changed,26,一別無期,Base_Str,1200,0
HERODEVELOPVICE.INI,changed,26,一別無期,Extra_Def,1900,0
HERODEVELOPVICE.INI,changed,26,一別無期,Hero1,60,102
HERODEVELOPVICE.INI,changed,26,一別無期,Hero2,54,55
HERODEVELOPVICE.INI,changed,26,一別無期,Hero3,56,
HERODEVELOPVICE.INI,changed,26,一別無期,Hero4,46,
HERODEVELOPVICE.INI,changed,26,一別無期,Magic_Def,1900,0
HERODEVELOPVICE.INI,changed,26,一別無期,Max_HP,9500,0
HERODEVELOPVICE.INI,changed,26,一別無期,Max_MP,8800,0
HERODEVELOPVICE.INI,changed,26,一別無期,Name,統幻之神,一別無期
HERODEVELOPVICE.INI,changed,40,幻世命定者2,Base_Con,440,380
HERODEVELOPVICE.INI,changed,40,幻世命定者2,Base_Dex,390,435
HERODEVELOPVICE.INI,changed,40,幻世命定者2,Base_Int,405,460
HERODEVELOPVICE.INI,changed,40,幻世命定者2,Base_Str,370,425
HERODEVELOPVICE.INI,changed,40,幻世命定者2,Extra_Def,685,540
HERODEVELOPVICE.INI,changed,40,幻世命定者2,Hero1,72,68
HERODEVELOPVICE.INI,changed,40,幻世命定者2,Hero2,73,69
HERODEVELOPVICE.INI,changed,40,幻世命定者2,Magic_Def,700,590
HERODEVELOPVICE.INI,changed,40,幻世命定者2,Max_HP,2250,1850
HERODEVELOPVICE.INI,changed,40,幻世命定者2,Max_MP,2500,2350
HERODEVELOPVICE.INI,changed,40,幻世命定者2,Name,天翼奇情2,幻世命定者2
HERODEVELOPVICE.INI,changed,8,雪山蘭蹤,Base_Con,900,0
HERODEVELOPVICE.INI,changed,8,雪山蘭蹤,Base_Dex,915,1950
HERODEVELOPVICE.INI,changed,8,雪山蘭蹤,Base_Int,940,0
HERODEVELOPVICE.INI,changed,8,雪山蘭蹤,Base_Str,950,0
HERODEVELOPVICE.INI,changed,8,雪山蘭蹤,Extra_Def,1250,600
HERODEVELOPVICE.INI,changed,8,雪山蘭蹤,Hero1,103,112
HERODEVELOPVICE.INI,changed,8,雪山蘭蹤,Hero2,118,113
HERODEVELOPVICE.INI,changed,8,雪山蘭蹤,Hero3,,114
HERODEVELOPVICE.INI,changed,8,雪山蘭蹤,Hero4,,117
HERODEVELOPVICE.INI,changed,8,雪山蘭蹤,Magic_Def,1180,700
HERODEVELOPVICE.INI,changed,8,雪山蘭蹤,Max_HP,5000,7750
HERODEVELOPVICE.INI,changed,8,雪山蘭蹤,Max_MP,4500,8000
HERODEVELOPVICE.INI,changed,8,雪山蘭蹤,Name,超時空知交,雪山蘭蹤
HERODEVELOPVICE.INI,changed,29,浴血長阪坡,Base_Con,1100,880
HERODEVELOPVICE.INI,changed,29,浴血長阪坡,Base_Dex,1200,950
HERODEVELOPVICE.INI,changed,29,浴血長阪坡,Base_Int,1050,800
HERODEVELOPVICE.INI,changed,29,浴血長阪坡,Base_Str,1150,990
HERODEVELOPVICE.INI,changed,29,浴血長阪坡,Extra_Def,1650,1300
HERODEVELOPVICE.INI,changed,29,浴血長阪坡,Hero1,87,96
HERODEVELOPVICE.INI,changed,29,浴血長阪坡,Hero2,86,51
HERODEVELOPVICE.INI,changed,29,浴血長阪坡,Hero3,89,52
HERODEVELOPVICE.INI,changed,29,浴血長阪坡,Hero4,88,
HERODEVELOPVICE.INI,changed,29,浴血長阪坡,Magic_Def,1600,1100
HERODEVELOPVICE.INI,changed,29,浴血長阪坡,Max_HP,6750,4500
HERODEVELOPVICE.INI,changed,29,浴血長阪坡,Max_MP,6250,3600
HERODEVELOPVICE.INI,changed,29,浴血長阪坡,Name,四魔將,浴血長阪坡
HERODEVELOPVICE.INI,changed,69,問頂仙途,Base_Con,210,220
HERODEVELOPVICE.INI,changed,69,問頂仙途,Base_Dex,255,190
HERODEVELOPVICE.INI,changed,69,問頂仙途,Base_Int,200,240
HERODEVELOPVICE.INI,changed,69,問頂仙途,Base_Str,225,210
HERODEVELOPVICE.INI,changed,69,問頂仙途,Extra_Def,310,300
HERODEVELOPVICE.INI,changed,69,問頂仙途,Hero1,39,44
HERODEVELOPVICE.INI,changed,69,問頂仙途,Hero2,3,21
HERODEVELOPVICE.INI,changed,69,問頂仙途,Magic_Def,290,400
HERODEVELOPVICE.INI,changed,69,問頂仙途,Max_HP,950,700
HERODEVELOPVICE.INI,changed,69,問頂仙途,Max_MP,650,1150
HERODEVELOPVICE.INI,changed,69,問頂仙途,Name,修羅境,問頂仙途
HERODEVELOPVICE.INI,changed,31,對立父女2,Base_Con,840,490
HERODEVELOPVICE.INI,changed,31,對立父女2,Base_Dex,925,570
HERODEVELOPVICE.INI,changed,31,對立父女2,Base_Int,975,600
HERODEVELOPVICE.INI,changed,31,對立父女2,Base_Str,900,510
HERODEVELOPVICE.INI,changed,31,對立父女2,Extra_Def,1300,500
HERODEVELOPVICE.INI,changed,31,對立父女2,Hero1,80,90
HERODEVELOPVICE.INI,changed,31,對立父女2,Hero2,90,73
HERODEVELOPVICE.INI,changed,31,對立父女2,Hero3,89,
HERODEVELOPVICE.INI,changed,31,對立父女2,Magic_Def,1400,1000
HERODEVELOPVICE.INI,changed,31,對立父女2,Max_HP,4800,2700
HERODEVELOPVICE.INI,changed,31,對立父女2,Max_MP,5600,3150
HERODEVELOPVICE.INI,changed,31,對立父女2,Name,三方終局,對立父女2
HERODEVELOPVICE.INI,changed,65,帝國並立,Base_Con,460,300
HERODEVELOPVICE.INI,changed,65,帝國並立,Base_Dex,410,250
HERODEVELOPVICE.INI,changed,65,帝國並立,Base_Int,425,280
HERODEVELOPVICE.INI,changed,65,帝國並立,Base_Str,475,320
HERODEVELOPVICE.INI,changed,65,帝國並立,Extra_Def,635,390
HERODEVELOPVICE.INI,changed,65,帝國並立,Hero1,40,41
HERODEVELOPVICE.INI,changed,65,帝國並立,Hero2,17,38
HERODEVELOPVICE.INI,changed,65,帝國並立,Hero3,18,
HERODEVELOPVICE.INI,changed,65,帝國並立,Magic_Def,555,425
HERODEVELOPVICE.INI,changed,65,帝國並立,Max_HP,2300,1500
HERODEVELOPVICE.INI,changed,65,帝國並立,Max_MP,1900,1500
HERODEVELOPVICE.INI,changed,65,帝國並立,Name,無間煉獄,帝國並立
HERODEVELOPVICE.INI,changed,7,鶴立梅嶺,Base_Dex,1950,0
HERODEVELOPVICE.INI,changed,7,鶴立梅嶺,Base_Int,0,1950
HERODEVELOPVICE.INI,changed,7,鶴立梅嶺,Extra_Def,600,0
HERODEVELOPVICE.INI,changed,7,鶴立梅嶺,Hero4,117,116
HERODEVELOPVICE.INI,changed,7,鶴立梅嶺,Magic_Def,700,1000
HERODEVELOPVICE.INI,changed,7,鶴立梅嶺,Max_HP,7750,5500
HERODEVELOPVICE.INI,changed,7,鶴立梅嶺,Max_MP,8000,8500
HERODEVELOPVICE.INI,changed,7,鶴立梅嶺,Name,雪山蘭蹤,鶴立梅嶺
HERODEVELOPVICE.INI,changed,52,三角之盟,Base_Con,395,580
HERODEVELOPVICE.INI,changed,52,三角之盟,Base_Dex,410,570
HERODEVELOPVICE.INI,changed,52,三角之盟,Base_Int,390,615
HERODEVELOPVICE.INI,changed,52,三角之盟,Base_Str,405,550
HERODEVELOPVICE.INI,changed,52,三角之盟,Extra_Def,475,840
HERODEVELOPVICE.INI,changed,52,三角之盟,Hero2,56,57
HERODEVELOPVICE.INI,changed,52,三角之盟,Hero3,,58
HERODEVELOPVICE.INI,changed,52,三角之盟,Magic_Def,475,870
HERODEVELOPVICE.INI,changed,52,三角之盟,Max_HP,1700,2100
HERODEVELOPVICE.INI,changed,52,三角之盟,Max_MP,1600,2900
HERODEVELOPVICE.INI,changed,52,三角之盟,Name,贖罪轉生,三角之盟
HERODEVELOPVICE.INI,changed,67,麒麟傳說,Base_Con,200,365
HERODEVELOPVICE.INI,changed,67,麒麟傳說,Base_Dex,400,330
HERODEVELOPVICE.INI,changed,67,麒麟傳說,Base_Int,500,335
HERODEVELOPVICE.INI,changed,67,麒麟傳說,Base_Str,300,320
HERODEVELOPVICE.INI,changed,67,麒麟傳說,Extra_Def,250,505
HERODEVELOPVICE.INI,changed,67,麒麟傳說,Hero1,48,22
HERODEVELOPVICE.INI,changed,67,麒麟傳說,Hero2,19,23
HERODEVELOPVICE.INI,changed,67,麒麟傳說,Hero3,20,24
HERODEVELOPVICE.INI,changed,67,麒麟傳說,Hero4,4,
HERODEVELOPVICE.INI,changed,67,麒麟傳說,Magic_Def,600,520
HERODEVELOPVICE.INI,changed,67,麒麟傳說,Max_HP,1500,2360
HERODEVELOPVICE.INI,changed,67,麒麟傳說,Max_MP,2000,1680
HERODEVELOPVICE.INI,changed,67,麒麟傳說,Name,邊緣鬥法,麒麟傳說
HERODEVELOPVICE.INI,changed,77,大群主,Base_Con,110,255
HERODEVELOPVICE.INI,changed,77,大群主,Base_Dex,110,160
HERODEVELOPVICE.INI,changed,77,大群主,Base_Int,110,145
HERODEVELOPVICE.INI,changed,77,大群主,Base_Str,110,210
HERODEVELOPVICE.INI,changed,77,大群主,Extra_Def,135,285
HERODEVELOPVICE.INI,changed,77,大群主,Hero1,8,30
HERODEVELOPVICE.INI,changed,77,大群主,Hero2,10,16
HERODEVELOPVICE.INI,changed,77,大群主,Hero3,11,7
HERODEVELOPVICE.INI,changed,77,大群主,Hero4,9,
HERODEVELOPVICE.INI,changed,77,大群主,Magic_Def,135,210
HERODEVELOPVICE.INI,changed,77,大群主,Max_HP,600,900
HERODEVELOPVICE.INI,changed,77,大群主,Max_MP,400,550
HERODEVELOPVICE.INI,changed,77,大群主,Name,四元素說,大群主
HERODEVELOPVICE.INI,changed,46,情難訴2,Base_Con,245,300
HERODEVELOPVICE.INI,changed,46,情難訴2,Base_Dex,320,440
HERODEVELOPVICE.INI,changed,46,情難訴2,Base_Int,290,430
HERODEVELOPVICE.INI,changed,46,情難訴2,Base_Str,265,340
HERODEVELOPVICE.INI,changed,46,情難訴2,Extra_Def,580,440
HERODEVELOPVICE.INI,changed,46,情難訴2,Hero1,89,69
HERODEVELOPVICE.INI,changed,46,情難訴2,Hero2,72,75
HERODEVELOPVICE.INI,changed,46,情難訴2,Magic_Def,270,600
HERODEVELOPVICE.INI,changed,46,情難訴2,Max_HP,1650,1600
HERODEVELOPVICE.INI,changed,46,情難訴2,Max_MP,1700,1900
HERODEVELOPVICE.INI,changed,46,情難訴2,Name,黑翼之血2,情難訴2
HERODEVELOPVICE.INI,changed,74,摩羅神話,Base_Con,140,500
HERODEVELOPVICE.INI,changed,74,摩羅神話,Base_Dex,185,340
HERODEVELOPVICE.INI,changed,74,摩羅神話,Base_Int,215,400
HERODEVELOPVICE.INI,changed,74,摩羅神話,Base_Str,160,475
HERODEVELOPVICE.INI,changed,74,摩羅神話,Extra_Def,225,735
HERODEVELOPVICE.INI,changed,74,摩羅神話,Hero1,31,37
HERODEVELOPVICE.INI,changed,74,摩羅神話,Hero2,1,30
HERODEVELOPVICE.INI,changed,74,摩羅神話,Hero3,2,16
HERODEVELOPVICE.INI,changed,74,摩羅神話,Hero4,,7
HERODEVELOPVICE.INI,changed,74,摩羅神話,Magic_Def,290,640
HERODEVELOPVICE.INI,changed,74,摩羅神話,Max_HP,620,1100
HERODEVELOPVICE.INI,changed,74,摩羅神話,Max_MP,850,900
HERODEVELOPVICE.INI,changed,74,摩羅神話,Name,東海龍宮,摩羅神話
HERODEVELOPVICE.INI,changed,20,途歸仙湖,Base_Dex,0,925
HERODEVELOPVICE.INI,changed,20,途歸仙湖,Base_Str,925,0
HERODEVELOPVICE.INI,changed,20,途歸仙湖,Hero2,99,98
HERODEVELOPVICE.INI,changed,20,途歸仙湖,Name,天縱驕情,途歸仙湖
HERODEVELOPVICE.INI,changed,14,鳳行天涯,Base_Con,850,1290
HERODEVELOPVICE.INI,changed,14,鳳行天涯,Base_Dex,840,1295
HERODEVELOPVICE.INI,changed,14,鳳行天涯,Base_Int,825,1270
HERODEVELOPVICE.INI,changed,14,鳳行天涯,Base_Str,790,1220
HERODEVELOPVICE.INI,changed,14,鳳行天涯,Extra_Def,850,1500
HERODEVELOPVICE.INI,changed,14,鳳行天涯,Hero1,109,97
HERODEVELOPVICE.INI,changed,14,鳳行天涯,Hero2,110,109
HERODEVELOPVICE.INI,changed,14,鳳行天涯,Hero3,,110
HERODEVELOPVICE.INI,changed,14,鳳行天涯,Magic_Def,950,1525
HERODEVELOPVICE.INI,changed,14,鳳行天涯,Max_HP,5000,8800
HERODEVELOPVICE.INI,changed,14,鳳行天涯,Max_MP,5500,8600
HERODEVELOPVICE.INI,changed,14,鳳行天涯,Name,樺夜長守,鳳行天涯
HERODEVELOPVICE.INI,changed,16,天命宿怨,Base_Con,650,1000
HERODEVELOPVICE.INI,changed,16,天命宿怨,Base_Dex,910,1400
HERODEVELOPVICE.INI,changed,16,天命宿怨,Base_Int,925,1200
HERODEVELOPVICE.INI,changed,16,天命宿怨,Base_Str,880,1350
HERODEVELOPVICE.INI,changed,16,天命宿怨,Extra_Def,600,1500
HERODEVELOPVICE.INI,changed,16,天命宿怨,Hero1,106,105
HERODEVELOPVICE.INI,changed,16,天命宿怨,Hero2,107,106
HERODEVELOPVICE.INI,changed,16,天命宿怨,Hero3,,108
HERODEVELOPVICE.INI,changed,16,天命宿怨,Magic_Def,950,1250
HERODEVELOPVICE.INI,changed,16,天命宿怨,Max_HP,4000,9250
HERODEVELOPVICE.INI,changed,16,天命宿怨,Max_MP,6000,7700
HERODEVELOPVICE.INI,changed,16,天命宿怨,Name,魔眷血脈,天命宿怨
HERODEVELOPVICE.INI,changed,30,四魔將,Base_Con,490,1100
HERODEVELOPVICE.INI,changed,30,四魔將,Base_Dex,570,1200
HERODEVELOPVICE.INI,changed,30,四魔將,Base_Int,600,1050
HERODEVELOPVICE.INI,changed,30,四魔將,Base_Str,510,1150
HERODEVELOPVICE.INI,changed,30,四魔將,Extra_Def,500,1650
HERODEVELOPVICE.INI,changed,30,四魔將,Hero1,90,87
HERODEVELOPVICE.INI,changed,30,四魔將,Hero2,73,86
HERODEVELOPVICE.INI,changed,30,四魔將,Hero3,,89
HERODEVELOPVICE.INI,changed,30,四魔將,Hero4,,88
HERODEVELOPVICE.INI,changed,30,四魔將,Magic_Def,1000,1600
HERODEVELOPVICE.INI,changed,30,四魔將,Max_HP,2700,6750
HERODEVELOPVICE.INI,changed,30,四魔將,Max_MP,3150,6250
HERODEVELOPVICE.INI,changed,30,四魔將,Name,對立父女2,四魔將
HERODEVELOPVICE.INI,changed,68,邊緣鬥法,Base_Con,220,200
HERODEVELOPVICE.INI,changed,68,邊緣鬥法,Base_Dex,190,400
HERODEVELOPVICE.INI,changed,68,邊緣鬥法,Base_Int,240,500
HERODEVELOPVICE.INI,changed,68,邊緣鬥法,Base_Str,210,300
HERODEVELOPVICE.INI,changed,68,邊緣鬥法,Extra_Def,300,250
HERODEVELOPVICE.INI,changed,68,邊緣鬥法,Hero1,44,48
HERODEVELOPVICE.INI,changed,68,邊緣鬥法,Hero2,21,19
HERODEVELOPVICE.INI,changed,68,邊緣鬥法,Hero3,,20
HERODEVELOPVICE.INI,changed,68,邊緣鬥法,Hero4,,4
HERODEVELOPVICE.INI,changed,68,邊緣鬥法,Magic_Def,400,600
HERODEVELOPVICE.INI,changed,68,邊緣鬥法,Max_HP,700,1500
HERODEVELOPVICE.INI,changed,68,邊緣鬥法,Max_MP,1150,2000
HERODEVELOPVICE.INI,changed,68,邊緣鬥法,Name,問頂仙途,邊緣鬥法
HERODEVELOPVICE.INI,changed,6,白衣俠行,Base_Int,1950,0
HERODEVELOPVICE.INI,changed,6,白衣俠行,Base_Str,0,1950
HERODEVELOPVICE.INI,changed,6,白衣俠行,Extra_Def,0,900
HERODEVELOPVICE.INI,changed,6,白衣俠行,Hero4,116,115
HERODEVELOPVICE.INI,changed,6,白衣俠行,Magic_Def,1000,0
HERODEVELOPVICE.INI,changed,6,白衣俠行,Max_HP,5500,8000
HERODEVELOPVICE.INI,changed,6,白衣俠行,Max_MP,8500,7000
HERODEVELOPVICE.INI,changed,6,白衣俠行,Name,鶴立梅嶺,白衣俠行
HERODEVELOPVICE.INI,changed,54,北海雙神,Base_Con,675,380
HERODEVELOPVICE.INI,changed,54,北海雙神,Base_Dex,620,435
HERODEVELOPVICE.INI,changed,54,北海雙神,Base_Int,560,385
HERODEVELOPVICE.INI,changed,54,北海雙神,Base_Str,660,430
HERODEVELOPVICE.INI,changed,54,北海雙神,Extra_Def,850,480
HERODEVELOPVICE.INI,changed,54,北海雙神,Hero1,49,54
HERODEVELOPVICE.INI,changed,54,北海雙神,Hero2,50,56
HERODEVELOPVICE.INI,changed,54,北海雙神,Hero3,51,
HERODEVELOPVICE.INI,changed,54,北海雙神,Magic_Def,800,520
HERODEVELOPVICE.INI,changed,54,北海雙神,Max_HP,3100,1800
HERODEVELOPVICE.INI,changed,54,北海雙神,Max_MP,2600,1950
HERODEVELOPVICE.INI,changed,54,北海雙神,Name,桃園三結義,北海雙神
HERODEVELOPVICE.INI,changed,62,大哥小弟,Base_Con,310,330
HERODEVELOPVICE.INI,changed,62,大哥小弟,Base_Dex,300,310
HERODEVELOPVICE.INI,changed,62,大哥小弟,Base_Int,340,300
HERODEVELOPVICE.INI,changed,62,大哥小弟,Base_Str,295,305
HERODEVELOPVICE.INI,changed,62,大哥小弟,Extra_Def,350,420
HERODEVELOPVICE.INI,changed,62,大哥小弟,Hero1,44,59
HERODEVELOPVICE.INI,changed,62,大哥小弟,Hero2,43,53
HERODEVELOPVICE.INI,changed,62,大哥小弟,Magic_Def,460,390
HERODEVELOPVICE.INI,changed,62,大哥小弟,Max_HP,1600,1550
HERODEVELOPVICE.INI,changed,62,大哥小弟,Max_MP,1500,1200
HERODEVELOPVICE.INI,changed,62,大哥小弟,Name,九天聖尊,大哥小弟
HERODEVELOPVICE.INI,changed,41,天翼奇情2,Base_Con,410,440
HERODEVELOPVICE.INI,changed,41,天翼奇情2,Base_Dex,460,390
HERODEVELOPVICE.INI,changed,41,天翼奇情2,Base_Int,400,405
HERODEVELOPVICE.INI,changed,41,天翼奇情2,Base_Str,450,370
HERODEVELOPVICE.INI,changed,41,天翼奇情2,Extra_Def,560,685
HERODEVELOPVICE.INI,changed,41,天翼奇情2,Hero1,68,72
HERODEVELOPVICE.INI,changed,41,天翼奇情2,Hero2,71,73
HERODEVELOPVICE.INI,changed,41,天翼奇情2,Magic_Def,540,700
HERODEVELOPVICE.INI,changed,41,天翼奇情2,Max_HP,2000,2250
HERODEVELOPVICE.INI,changed,41,天翼奇情2,Max_MP,2250,2500
HERODEVELOPVICE.INI,changed,41,天翼奇情2,Name,雙頭死神2,天翼奇情2
HERODEVELOPVICE.INI,changed,49,幻世命定者1,Base_Con,390,340
HERODEVELOPVICE.INI,changed,49,幻世命定者1,Base_Dex,350,395
HERODEVELOPVICE.INI,changed,49,幻世命定者1,Base_Int,360,410
HERODEVELOPVICE.INI,changed,49,幻世命定者1,Base_Str,330,380
HERODEVELOPVICE.INI,changed,49,幻世命定者1,Extra_Def,580,445
HERODEVELOPVICE.INI,changed,49,幻世命定者1,Hero1,65,61
HERODEVELOPVICE.INI,changed,49,幻世命定者1,Hero2,66,63
HERODEVELOPVICE.INI,changed,49,幻世命定者1,Magic_Def,590,490
HERODEVELOPVICE.INI,changed,49,幻世命定者1,Max_HP,1900,1400
HERODEVELOPVICE.INI,changed,49,幻世命定者1,Max_MP,2100,1900
HERODEVELOPVICE.INI,changed,49,幻世命定者1,Name,天翼奇情1,幻世命定者1
HERODEVELOPVICE.INI,changed,22,靜流常伴,Base_Con,900,0
HERODEVELOPVICE.INI,changed,22,靜流常伴,Base_Int,0,900
HERODEVELOPVICE.INI,changed,22,靜流常伴,Hero2,101,100
HERODEVELOPVICE.INI,changed,22,靜流常伴,Name,松煦冰心,靜流常伴
HERODEVELOPVICE.INI,changed,75,東海龍宮,Base_Con,180,140
HERODEVELOPVICE.INI,changed,75,東海龍宮,Base_Dex,220,185
HERODEVELOPVICE.INI,changed,75,東海龍宮,Base_Int,170,215
HERODEVELOPVICE.INI,changed,75,東海龍宮,Base_Str,190,160
HERODEVELOPVICE.INI,changed,75,東海龍宮,Extra_Def,260,225
HERODEVELOPVICE.INI,changed,75,東海龍宮,Hero1,27,31
HERODEVELOPVICE.INI,changed,75,東海龍宮,Hero2,26,1
HERODEVELOPVICE.INI,changed,75,東海龍宮,Hero3,25,2
HERODEVELOPVICE.INI,changed,75,東海龍宮,Magic_Def,255,290
HERODEVELOPVICE.INI,changed,75,東海龍宮,Max_HP,780,620
HERODEVELOPVICE.INI,changed,75,東海龍宮,Max_MP,740,850
HERODEVELOPVICE.INI,changed,75,東海龍宮,Name,蒼狼三傑,東海龍宮
HERODEVELOPVICE.INI,changed,59,情難訴1,Base_Con,185,200
HERODEVELOPVICE.INI,changed,59,情難訴1,Base_Dex,260,340
HERODEVELOPVICE.INI,changed,59,情難訴1,Base_Int,230,330
HERODEVELOPVICE.INI,changed,59,情難訴1,Base_Str,205,240
HERODEVELOPVICE.INI,changed,59,情難訴1,Extra_Def,475,310
HERODEVELOPVICE.INI,changed,59,情難訴1,Hero1,89,63
HERODEVELOPVICE.INI,changed,59,情難訴1,Hero2,65,74
HERODEVELOPVICE.INI,changed,59,情難訴1,Magic_Def,160,470
HERODEVELOPVICE.INI,changed,59,情難訴1,Max_HP,1000,1200
HERODEVELOPVICE.INI,changed,59,情難訴1,Max_MP,1100,1450
HERODEVELOPVICE.INI,changed,59,情難訴1,Name,黑翼之血1,情難訴1
HERODEVELOPVICE.INI,changed,15,樺夜長守,Base_Con,1000,850
HERODEVELOPVICE.INI,changed,15,樺夜長守,Base_Dex,1400,840
HERODEVELOPVICE.INI,changed,15,樺夜長守,Base_Int,1200,825
HERODEVELOPVICE.INI,changed,15,樺夜長守,Base_Str,1350,790
HERODEVELOPVICE.INI,changed,15,樺夜長守,Extra_Def,1500,850
HERODEVELOPVICE.INI,changed,15,樺夜長守,Hero1,105,109
HERODEVELOPVICE.INI,changed,15,樺夜長守,Hero2,106,110
HERODEVELOPVICE.INI,changed,15,樺夜長守,Hero3,108,
HERODEVELOPVICE.INI,changed,15,樺夜長守,Magic_Def,1250,950
HERODEVELOPVICE.INI,changed,15,樺夜長守,Max_HP,9250,5000
HERODEVELOPVICE.INI,changed,15,樺夜長守,Max_MP,7700,5500
HERODEVELOPVICE.INI,changed,15,樺夜長守,Name,天命宿怨,樺夜長守
HERODEVELOPVICE.INI,changed,36,對立父女1,Base_Con,425,400
HERODEVELOPVICE.INI,changed,36,對立父女1,Base_Dex,485,470
HERODEVELOPVICE.INI,changed,36,對立父女1,Base_Int,520,500
HERODEVELOPVICE.INI,changed,36,對立父女1,Base_Str,470,420
HERODEVELOPVICE.INI,changed,36,對立父女1,Extra_Def,620,400
HERODEVELOPVICE.INI,changed,36,對立父女1,Hero1,84,90
HERODEVELOPVICE.INI,changed,36,對立父女1,Hero2,85,66
HERODEVELOPVICE.INI,changed,36,對立父女1,Magic_Def,690,800
HERODEVELOPVICE.INI,changed,36,對立父女1,Max_HP,2250,2300
HERODEVELOPVICE.INI,changed,36,對立父女1,Max_MP,3000,2750
HERODEVELOPVICE.INI,changed,36,對立父女1,Name,幻世命定者3,對立父女1
HERODEVELOPVICE.INI,changed,32,三方終局,Base_Con,975,840
HERODEVELOPVICE.INI,changed,32,三方終局,Base_Dex,935,925
HERODEVELOPVICE.INI,changed,32,三方終局,Base_Int,920,975
HERODEVELOPVICE.INI,changed,32,三方終局,Base_Str,990,900
HERODEVELOPVICE.INI,changed,32,三方終局,Extra_Def,1400,1300
HERODEVELOPVICE.INI,changed,32,三方終局,Hero2,79,90
HERODEVELOPVICE.INI,changed,32,三方終局,Hero3,78,89
HERODEVELOPVICE.INI,changed,32,三方終局,Magic_Def,1480,1400
HERODEVELOPVICE.INI,changed,32,三方終局,Max_HP,5500,4800
HERODEVELOPVICE.INI,changed,32,三方終局,Max_MP,5250,5600
HERODEVELOPVICE.INI,changed,32,三方終局,Name,魔神系譜,三方終局
HERODEVELOPVICE.INI,changed,47,黑翼之血2,Base_Con,440,245
HERODEVELOPVICE.INI,changed,47,黑翼之血2,Base_Dex,350,320
HERODEVELOPVICE.INI,changed,47,黑翼之血2,Base_Int,385,290
HERODEVELOPVICE.INI,changed,47,黑翼之血2,Base_Str,425,265
HERODEVELOPVICE.INI,changed,47,黑翼之血2,Extra_Def,570,580
HERODEVELOPVICE.INI,changed,47,黑翼之血2,Hero1,88,89
HERODEVELOPVICE.INI,changed,47,黑翼之血2,Hero2,77,72
HERODEVELOPVICE.INI,changed,47,黑翼之血2,Magic_Def,485,270
HERODEVELOPVICE.INI,changed,47,黑翼之血2,Max_HP,2050,1650
HERODEVELOPVICE.INI,changed,47,黑翼之血2,Max_MP,1250,1700
HERODEVELOPVICE.INI,changed,47,黑翼之血2,Name,冀羅戰雄2,黑翼之血2
HERODEVELOPVICE.INI,changed,12,科隆多女傑,Base_Con,900,1400
HERODEVELOPVICE.INI,changed,12,科隆多女傑,Base_Dex,900,1450
HERODEVELOPVICE.INI,changed,12,科隆多女傑,Base_Int,900,1550
HERODEVELOPVICE.INI,changed,12,科隆多女傑,Base_Str,900,1500
HERODEVELOPVICE.INI,changed,12,科隆多女傑,Extra_Def,1500,1850
HERODEVELOPVICE.INI,changed,12,科隆多女傑,Hero1,102,119
HERODEVELOPVICE.INI,changed,12,科隆多女傑,Hero2,111,120
HERODEVELOPVICE.INI,changed,12,科隆多女傑,Hero3,,121
HERODEVELOPVICE.INI,changed,12,科隆多女傑,Magic_Def,1500,1950
HERODEVELOPVICE.INI,changed,12,科隆多女傑,Max_HP,7200,9000
HERODEVELOPVICE.INI,changed,12,科隆多女傑,Max_MP,7150,8000
HERODEVELOPVICE.INI,changed,12,科隆多女傑,Name,神魔盡我,科隆多女傑
HERODEVELOPVICE.INI,changed,48,冀羅戰雄2,Base_Con,340,440
HERODEVELOPVICE.INI,changed,48,冀羅戰雄2,Base_Dex,395,350
HERODEVELOPVICE.INI,changed,48,冀羅戰雄2,Base_Int,410,385
HERODEVELOPVICE.INI,changed,48,冀羅戰雄2,Base_Str,380,425
HERODEVELOPVICE.INI,changed,48,冀羅戰雄2,Extra_Def,445,570
HERODEVELOPVICE.INI,changed,48,冀羅戰雄2,Hero1,61,88
HERODEVELOPVICE.INI,changed,48,冀羅戰雄2,Hero2,63,77
HERODEVELOPVICE.INI,changed,48,冀羅戰雄2,Magic_Def,490,485
HERODEVELOPVICE.INI,changed,48,冀羅戰雄2,Max_HP,1400,2050
HERODEVELOPVICE.INI,changed,48,冀羅戰雄2,Max_MP,1900,1250
HERODEVELOPVICE.INI,changed,48,冀羅戰雄2,Name,幻世命定者1,冀羅戰雄2
HERODEVELOPVICE.INI,changed,81,佛國衛侍,Base_Con,10,20
HERODEVELOPVICE.INI,changed,81,佛國衛侍,Base_Dex,15,20
HERODEVELOPVICE.INI,changed,81,佛國衛侍,Base_Int,20,10
HERODEVELOPVICE.INI,changed,81,佛國衛侍,Base_Str,10,15
HERODEVELOPVICE.INI,changed,81,佛國衛侍,Extra_Def,10,25
HERODEVELOPVICE.INI,changed,81,佛國衛侍,Hero1,5,16
HERODEVELOPVICE.INI,changed,81,佛國衛侍,Hero2,6,7
HERODEVELOPVICE.INI,changed,81,佛國衛侍,Magic_Def,25,10
HERODEVELOPVICE.INI,changed,81,佛國衛侍,Max_HP,50,80
HERODEVELOPVICE.INI,changed,81,佛國衛侍,Max_MP,100,80
HERODEVELOPVICE.INI,changed,81,佛國衛侍,Name,東瀛怪談,佛國衛侍
HERODEVELOPVICE.INI,changed,17,魔眷血脈,Base_Con,700,650
HERODEVELOPVICE.INI,changed,17,魔眷血脈,Base_Dex,730,910
HERODEVELOPVICE.INI,changed,17,魔眷血脈,Base_Int,750,925
HERODEVELOPVICE.INI,changed,17,魔眷血脈,Base_Str,720,880
HERODEVELOPVICE.INI,changed,17,魔眷血脈,Extra_Def,960,600
HERODEVELOPVICE.INI,changed,17,魔眷血脈,Hero1,104,106
HERODEVELOPVICE.INI,changed,17,魔眷血脈,Hero2,105,107
HERODEVELOPVICE.INI,changed,17,魔眷血脈,Max_HP,4700,4000
HERODEVELOPVICE.INI,changed,17,魔眷血脈,Max_MP,4400,6000
HERODEVELOPVICE.INI,changed,17,魔眷血脈,Name,莫名因緣,魔眷血脈
HERODEVELOPVICE.INI,changed,58,真知飛昇,Base_Con,200,700
HERODEVELOPVICE.INI,changed,58,真知飛昇,Base_Dex,340,700
HERODEVELOPVICE.INI,changed,58,真知飛昇,Base_Int,330,700
HERODEVELOPVICE.INI,changed,58,真知飛昇,Base_Str,240,700
HERODEVELOPVICE.INI,changed,58,真知飛昇,Extra_Def,310,1000
HERODEVELOPVICE.INI,changed,58,真知飛昇,Hero1,63,38
HERODEVELOPVICE.INI,changed,58,真知飛昇,Hero2,74,8
HERODEVELOPVICE.INI,changed,58,真知飛昇,Hero3,,10
HERODEVELOPVICE.INI,changed,58,真知飛昇,Hero4,,11
HERODEVELOPVICE.INI,changed,58,真知飛昇,Hero5,,9
HERODEVELOPVICE.INI,changed,58,真知飛昇,Magic_Def,470,1000
HERODEVELOPVICE.INI,changed,58,真知飛昇,Max_HP,1200,3600
HERODEVELOPVICE.INI,changed,58,真知飛昇,Max_MP,1450,3600
HERODEVELOPVICE.INI,changed,58,真知飛昇,Name,情難訴1,真知飛昇
HERODEVELOPVICE.INI,changed,11,赤子雄心,Base_Con,1400,850
HERODEVELOPVICE.INI,changed,11,赤子雄心,Base_Dex,1450,930
HERODEVELOPVICE.INI,changed,11,赤子雄心,Base_Int,1550,930
HERODEVELOPVICE.INI,changed,11,赤子雄心,Base_Str,1500,910
HERODEVELOPVICE.INI,changed,11,赤子雄心,Extra_Def,1850,850
HERODEVELOPVICE.INI,changed,11,赤子雄心,Hero1,119,118
HERODEVELOPVICE.INI,changed,11,赤子雄心,Hero3,121,
HERODEVELOPVICE.INI,changed,11,赤子雄心,Magic_Def,1950,900
HERODEVELOPVICE.INI,changed,11,赤子雄心,Max_HP,9000,4800
HERODEVELOPVICE.INI,changed,11,赤子雄心,Max_MP,8000,5400
HERODEVELOPVICE.INI,changed,11,赤子雄心,Name,科隆多女傑,赤子雄心
HERODEVELOPVICE.INI,changed,39,異族戀情,Base_Con,380,320
HERODEVELOPVICE.INI,changed,39,異族戀情,Base_Dex,435,380
HERODEVELOPVICE.INI,changed,39,異族戀情,Base_Int,460,280
HERODEVELOPVICE.INI,changed,39,異族戀情,Base_Str,425,420
HERODEVELOPVICE.INI,changed,39,異族戀情,Extra_Def,540,575
HERODEVELOPVICE.INI,changed,39,異族戀情,Hero1,68,87
HERODEVELOPVICE.INI,changed,39,異族戀情,Hero2,69,86
HERODEVELOPVICE.INI,changed,39,異族戀情,Magic_Def,590,520
HERODEVELOPVICE.INI,changed,39,異族戀情,Max_HP,1850,2000
HERODEVELOPVICE.INI,changed,39,異族戀情,Max_MP,2350,1800
HERODEVELOPVICE.INI,changed,39,異族戀情,Name,幻世命定者2,異族戀情
HERODEVELOPVICE.INI,changed,50,天翼奇情1,Base_Con,360,390
HERODEVELOPVICE.INI,changed,50,天翼奇情1,Base_Dex,410,350
HERODEVELOPVICE.INI,changed,50,天翼奇情1,Base_Int,350,360
HERODEVELOPVICE.INI,changed,50,天翼奇情1,Base_Str,400,330
HERODEVELOPVICE.INI,changed,50,天翼奇情1,Extra_Def,480,580
HERODEVELOPVICE.INI,changed,50,天翼奇情1,Hero1,61,65
HERODEVELOPVICE.INI,changed,50,天翼奇情1,Hero2,64,66
HERODEVELOPVICE.INI,changed,50,天翼奇情1,Magic_Def,460,590
HERODEVELOPVICE.INI,changed,50,天翼奇情1,Max_HP,1500,1900
HERODEVELOPVICE.INI,changed,50,天翼奇情1,Max_MP,1750,2100
HERODEVELOPVICE.INI,changed,50,天翼奇情1,Name,雙頭死神1,天翼奇情1
HERODEVELOPVICE.INI,changed,21,天縱驕情,Base_Int,900,0
HERODEVELOPVICE.INI,changed,21,天縱驕情,Base_Str,0,925
HERODEVELOPVICE.INI,changed,21,天縱驕情,Hero2,100,99
HERODEVELOPVICE.INI,changed,21,天縱驕情,Name,靜流常伴,天縱驕情
HERODEVELOPVICE.INI,changed,33,魔神系譜,Base_Con,950,975
HERODEVELOPVICE.INI,changed,33,魔神系譜,Base_Dex,1000,935
HERODEVELOPVICE.INI,changed,33,魔神系譜,Base_Int,1150,920
HERODEVELOPVICE.INI,changed,33,魔神系譜,Base_Str,1050,990
HERODEVELOPVICE.INI,changed,33,魔神系譜,Extra_Def,1600,1400
HERODEVELOPVICE.INI,changed,33,魔神系譜,Hero1,59,80
HERODEVELOPVICE.INI,changed,33,魔神系譜,Hero2,57,79
HERODEVELOPVICE.INI,changed,33,魔神系譜,Hero3,58,78
HERODEVELOPVICE.INI,changed,33,魔神系譜,Hero4,55,
HERODEVELOPVICE.INI,changed,33,魔神系譜,Hero5,53,
HERODEVELOPVICE.INI,changed,33,魔神系譜,Magic_Def,1700,1480
HERODEVELOPVICE.INI,changed,33,魔神系譜,Max_HP,4500,5500
HERODEVELOPVICE.INI,changed,33,魔神系譜,Max_MP,4900,5250
HERODEVELOPVICE.INI,changed,33,魔神系譜,Name,蜀漢五俠,魔神系譜
HERODEVELOPVICE.INI,changed,27,統幻之神,Base_Con,650,1400
HERODEVELOPVICE.INI,changed,27,統幻之神,Base_Dex,650,1450
HERODEVELOPVICE.INI,changed,27,統幻之神,Base_Int,850,1300
HERODEVELOPVICE.INI,changed,27,統幻之神,Base_Str,750,1200
HERODEVELOPVICE.INI,changed,27,統幻之神,Extra_Def,1100,1900
HERODEVELOPVICE.INI,changed,27,統幻之神,Hero1,67,60
HERODEVELOPVICE.INI,changed,27,統幻之神,Hero2,90,54
HERODEVELOPVICE.INI,changed,27,統幻之神,Hero3,,56
HERODEVELOPVICE.INI,changed,27,統幻之神,Hero4,,46
HERODEVELOPVICE.INI,changed,27,統幻之神,Magic_Def,1200,1900
HERODEVELOPVICE.INI,changed,27,統幻之神,Max_HP,5500,9500
HERODEVELOPVICE.INI,changed,27,統幻之神,Max_MP,6500,8800
HERODEVELOPVICE.INI,changed,27,統幻之神,Name,雙界靈王,統幻之神
HERODEVELOPVICE.INI,changed,38,雙頭死神3,Base_Con,320,460
HERODEVELOPVICE.INI,changed,38,雙頭死神3,Base_Dex,380,510
HERODEVELOPVICE.INI,changed,38,雙頭死神3,Base_Int,280,450
HERODEVELOPVICE.INI,changed,38,雙頭死神3,Base_Str,420,500
HERODEVELOPVICE.INI,changed,38,雙頭死神3,Extra_Def,575,630
HERODEVELOPVICE.INI,changed,38,雙頭死神3,Hero1,87,84
HERODEVELOPVICE.INI,changed,38,雙頭死神3,Hero2,86,71
HERODEVELOPVICE.INI,changed,38,雙頭死神3,Magic_Def,520,610
HERODEVELOPVICE.INI,changed,38,雙頭死神3,Max_HP,2000,2450
HERODEVELOPVICE.INI,changed,38,雙頭死神3,Max_MP,1800,2700
HERODEVELOPVICE.INI,changed,38,雙頭死神3,Name,異族戀情,雙頭死神3
HERODEVELOPVICE.INI,changed,73,地火神兵,Base_Con,500,230
HERODEVELOPVICE.INI,changed,73,地火神兵,Base_Dex,340,190
HERODEVELOPVICE.INI,changed,73,地火神兵,Base_Int,400,195
HERODEVELOPVICE.INI,changed,73,地火神兵,Base_Str,475,245
HERODEVELOPVICE.INI,changed,73,地火神兵,Extra_Def,735,350
HERODEVELOPVICE.INI,changed,73,地火神兵,Hero1,37,33
HERODEVELOPVICE.INI,changed,73,地火神兵,Hero2,30,15
HERODEVELOPVICE.INI,changed,73,地火神兵,Hero3,16,
HERODEVELOPVICE.INI,changed,73,地火神兵,Hero4,7,
HERODEVELOPVICE.INI,changed,73,地火神兵,Magic_Def,640,280
HERODEVELOPVICE.INI,changed,73,地火神兵,Max_HP,1100,1050
HERODEVELOPVICE.INI,changed,73,地火神兵,Max_MP,900,800
HERODEVELOPVICE.INI,changed,73,地火神兵,Name,摩羅神話,地火神兵
HERODEVELOPVICE.INI,changed,55,桃園三結義,Base_Con,380,675
HERODEVELOPVICE.INI,changed,55,桃園三結義,Base_Dex,440,620
HERODEVELOPVICE.INI,changed,55,桃園三結義,Base_Int,400,560
HERODEVELOPVICE.INI,changed,55,桃園三結義,Base_Str,420,660
HERODEVELOPVICE.INI,changed,55,桃園三結義,Extra_Def,550,850
HERODEVELOPVICE.INI,changed,55,桃園三結義,Hero2,52,50
HERODEVELOPVICE.INI,changed,55,桃園三結義,Hero3,,51
HERODEVELOPVICE.INI,changed,55,桃園三結義,Magic_Def,575,800
HERODEVELOPVICE.INI,changed,55,桃園三結義,Max_HP,1900,3100
HERODEVELOPVICE.INI,changed,55,桃園三結義,Max_MP,1800,2600
HERODEVELOPVICE.INI,changed,55,桃園三結義,Name,肱股君臣,桃園三結義
HERODEVELOPVICE.INI,changed,34,蜀漢五俠,Base_Con,1000,950
HERODEVELOPVICE.INI,changed,34,蜀漢五俠,Base_Dex,950,1000
HERODEVELOPVICE.INI,changed,34,蜀漢五俠,Base_Int,700,1150
HERODEVELOPVICE.INI,changed,34,蜀漢五俠,Base_Str,1100,1050
HERODEVELOPVICE.INI,changed,34,蜀漢五俠,Extra_Def,1330,1600
HERODEVELOPVICE.INI,changed,34,蜀漢五俠,Hero1,49,59
HERODEVELOPVICE.INI,changed,34,蜀漢五俠,Hero2,50,57
HERODEVELOPVICE.INI,changed,34,蜀漢五俠,Hero3,51,58
HERODEVELOPVICE.INI,changed,34,蜀漢五俠,Hero4,45,55
HERODEVELOPVICE.INI,changed,34,蜀漢五俠,Hero5,,53
HERODEVELOPVICE.INI,changed,34,蜀漢五俠,Magic_Def,970,1700
HERODEVELOPVICE.INI,changed,34,蜀漢五俠,Max_HP,5000,4500
HERODEVELOPVICE.INI,changed,34,蜀漢五俠,Max_MP,4350,4900
HERODEVELOPVICE.INI,changed,34,蜀漢五俠,Name,三英戰呂布,蜀漢五俠
HERODEVELOPVICE.INI,changed,63,九天聖尊,Base_Con,325,310
HERODEVELOPVICE.INI,changed,63,九天聖尊,Base_Dex,320,300
HERODEVELOPVICE.INI,changed,63,九天聖尊,Base_Int,295,340
HERODEVELOPVICE.INI,changed,63,九天聖尊,Base_Str,305,295
HERODEVELOPVICE.INI,changed,63,九天聖尊,Extra_Def,480,350
HERODEVELOPVICE.INI,changed,63,九天聖尊,Hero1,43,44
HERODEVELOPVICE.INI,changed,63,九天聖尊,Hero2,42,43
HERODEVELOPVICE.INI,changed,63,九天聖尊,Magic_Def,360,460
HERODEVELOPVICE.INI,changed,63,九天聖尊,Max_HP,1300,1600
HERODEVELOPVICE.INI,changed,63,九天聖尊,Max_MP,1400,1500
HERODEVELOPVICE.INI,changed,63,九天聖尊,Name,天授神煉,九天聖尊
HERODEVELOPVICE.INI,changed,53,贖罪轉生,Base_Con,380,395
HERODEVELOPVICE.INI,changed,53,贖罪轉生,Base_Dex,435,410
HERODEVELOPVICE.INI,changed,53,贖罪轉生,Base_Int,385,390
HERODEVELOPVICE.INI,changed,53,贖罪轉生,Base_Str,430,405
HERODEVELOPVICE.INI,changed,53,贖罪轉生,Extra_Def,480,475
HERODEVELOPVICE.INI,changed,53,贖罪轉生,Hero1,54,59
HERODEVELOPVICE.INI,changed,53,贖罪轉生,Magic_Def,520,475
HERODEVELOPVICE.INI,changed,53,贖罪轉生,Max_HP,1800,1700
HERODEVELOPVICE.INI,changed,53,贖罪轉生,Max_MP,1950,1600
HERODEVELOPVICE.INI,changed,53,贖罪轉生,Name,北海雙神,贖罪轉生
HERODEVELOPVICE.INI,changed,9,超時空知交,Base_Con,830,900
HERODEVELOPVICE.INI,changed,9,超時空知交,Base_Dex,900,915
HERODEVELOPVICE.INI,changed,9,超時空知交,Base_Int,1000,940
HERODEVELOPVICE.INI,changed,9,超時空知交,Base_Str,875,950
HERODEVELOPVICE.INI,changed,9,超時空知交,Extra_Def,600,1250
HERODEVELOPVICE.INI,changed,9,超時空知交,Hero2,119,118
HERODEVELOPVICE.INI,changed,9,超時空知交,Magic_Def,1100,1180
HERODEVELOPVICE.INI,changed,9,超時空知交,Max_HP,3500,5000
HERODEVELOPVICE.INI,changed,9,超時空知交,Max_MP,6000,4500
HERODEVELOPVICE.INI,changed,9,超時空知交,Name,快筆綴雪,超時空知交
HERODEVELOPVICE.INI,changed,79,仙島三寶,Base_Con,75,85
HERODEVELOPVICE.INI,changed,79,仙島三寶,Base_Dex,40,80
HERODEVELOPVICE.INI,changed,79,仙島三寶,Base_Int,55,100
HERODEVELOPVICE.INI,changed,79,仙島三寶,Base_Str,50,70
HERODEVELOPVICE.INI,changed,79,仙島三寶,Extra_Def,80,45
HERODEVELOPVICE.INI,changed,79,仙島三寶,Hero1,17,13
HERODEVELOPVICE.INI,changed,79,仙島三寶,Hero2,18,14
HERODEVELOPVICE.INI,changed,79,仙島三寶,Hero3,,12
HERODEVELOPVICE.INI,changed,79,仙島三寶,Magic_Def,45,125
HERODEVELOPVICE.INI,changed,79,仙島三寶,Max_HP,340,275
HERODEVELOPVICE.INI,changed,79,仙島三寶,Max_MP,140,550
HERODEVELOPVICE.INI,changed,79,仙島三寶,Name,三更使者,仙島三寶
HERODEVELOPVICE.INI,changed,45,三劫災魁,Base_Con,300,570
HERODEVELOPVICE.INI,changed,45,三劫災魁,Base_Dex,440,570
HERODEVELOPVICE.INI,changed,45,三劫災魁,Base_Int,430,600
HERODEVELOPVICE.INI,changed,45,三劫災魁,Base_Str,340,580
HERODEVELOPVICE.INI,changed,45,三劫災魁,Extra_Def,440,800
HERODEVELOPVICE.INI,changed,45,三劫災魁,Hero1,69,39
HERODEVELOPVICE.INI,changed,45,三劫災魁,Hero2,75,40
HERODEVELOPVICE.INI,changed,45,三劫災魁,Hero3,,41
HERODEVELOPVICE.INI,changed,45,三劫災魁,Magic_Def,600,880
HERODEVELOPVICE.INI,changed,45,三劫災魁,Max_HP,1600,3300
HERODEVELOPVICE.INI,changed,45,三劫災魁,Max_MP,1900,3300
HERODEVELOPVICE.INI,changed,45,三劫災魁,Name,情難訴2,三劫災魁
HERODEVELOPVICE.INI,changed,28,雙界靈王,Base_Con,880,650
HERODEVELOPVICE.INI,changed,28,雙界靈王,Base_Dex,950,650
HERODEVELOPVICE.INI,changed,28,雙界靈王,Base_Int,800,850
HERODEVELOPVICE.INI,changed,28,雙界靈王,Base_Str,990,750
HERODEVELOPVICE.INI,changed,28,雙界靈王,Extra_Def,1300,1100
HERODEVELOPVICE.INI,changed,28,雙界靈王,Hero1,96,67
HERODEVELOPVICE.INI,changed,28,雙界靈王,Hero2,51,90
HERODEVELOPVICE.INI,changed,28,雙界靈王,Hero3,52,
HERODEVELOPVICE.INI,changed,28,雙界靈王,Magic_Def,1100,1200
HERODEVELOPVICE.INI,changed,28,雙界靈王,Max_HP,4500,5500
HERODEVELOPVICE.INI,changed,28,雙界靈王,Max_MP,3600,6500
HERODEVELOPVICE.INI,changed,28,雙界靈王,Name,浴血長阪坡,雙界靈王
HERODEVELOPVICE.INI,changed,60,黑翼之血1,Base_Con,340,185
HERODEVELOPVICE.INI,changed,60,黑翼之血1,Base_Dex,250,260
HERODEVELOPVICE.INI,changed,60,黑翼之血1,Base_Int,285,230
HERODEVELOPVICE.INI,changed,60,黑翼之血1,Base_Str,325,205
HERODEVELOPVICE.INI,changed,60,黑翼之血1,Extra_Def,440,475
HERODEVELOPVICE.INI,changed,60,黑翼之血1,Hero1,88,89
HERODEVELOPVICE.INI,changed,60,黑翼之血1,Hero2,76,65
HERODEVELOPVICE.INI,changed,60,黑翼之血1,Magic_Def,355,160
HERODEVELOPVICE.INI,changed,60,黑翼之血1,Max_HP,1650,1000
HERODEVELOPVICE.INI,changed,60,黑翼之血1,Max_MP,750,1100
HERODEVELOPVICE.INI,changed,60,黑翼之血1,Name,冀羅戰雄1,黑翼之血1
HERODEVELOPVICE.INI,changed,44,神與惡魔,Base_Con,570,400
HERODEVELOPVICE.INI,changed,44,神與惡魔,Base_Dex,570,410
HERODEVELOPVICE.INI,changed,44,神與惡魔,Base_Int,600,425
HERODEVELOPVICE.INI,changed,44,神與惡魔,Base_Str,580,390
HERODEVELOPVICE.INI,changed,44,神與惡魔,Extra_Def,800,510
HERODEVELOPVICE.INI,changed,44,神與惡魔,Hero1,39,47
HERODEVELOPVICE.INI,changed,44,神與惡魔,Hero2,40,41
HERODEVELOPVICE.INI,changed,44,神與惡魔,Hero3,41,
HERODEVELOPVICE.INI,changed,44,神與惡魔,Magic_Def,880,560
HERODEVELOPVICE.INI,changed,44,神與惡魔,Max_HP,3300,1800
HERODEVELOPVICE.INI,changed,44,神與惡魔,Max_MP,3300,2200
HERODEVELOPVICE.INI,changed,44,神與惡魔,Name,三劫災魁,神與惡魔
HERODEVELOPVICE.INI,changed,70,修羅境,Base_Con,340,210
HERODEVELOPVICE.INI,changed,70,修羅境,Base_Dex,340,255
HERODEVELOPVICE.INI,changed,70,修羅境,Base_Int,320,200
HERODEVELOPVICE.INI,changed,70,修羅境,Base_Str,360,225
HERODEVELOPVICE.INI,changed,70,修羅境,Extra_Def,430,310
HERODEVELOPVICE.INI,changed,70,修羅境,Hero1,36,39
HERODEVELOPVICE.INI,changed,70,修羅境,Hero2,28,3
HERODEVELOPVICE.INI,changed,70,修羅境,Hero3,29,
HERODEVELOPVICE.INI,changed,70,修羅境,Magic_Def,400,290
HERODEVELOPVICE.INI,changed,70,修羅境,Max_HP,1200,950
HERODEVELOPVICE.INI,changed,70,修羅境,Max_MP,1000,650
HERODEVELOPVICE.INI,changed,70,修羅境,Name,決戰東瀛,修羅境
HERODEVELOPVICE.INI,changed,66,無間煉獄,Base_Con,365,460
HERODEVELOPVICE.INI,changed,66,無間煉獄,Base_Dex,330,410
HERODEVELOPVICE.INI,changed,66,無間煉獄,Base_Int,335,425
HERODEVELOPVICE.INI,changed,66,無間煉獄,Base_Str,320,475
HERODEVELOPVICE.INI,changed,66,無間煉獄,Extra_Def,505,635
HERODEVELOPVICE.INI,changed,66,無間煉獄,Hero1,22,40
HERODEVELOPVICE.INI,changed,66,無間煉獄,Hero2,23,17
HERODEVELOPVICE.INI,changed,66,無間煉獄,Hero3,24,18
HERODEVELOPVICE.INI,changed,66,無間煉獄,Magic_Def,520,555
HERODEVELOPVICE.INI,changed,66,無間煉獄,Max_HP,2360,2300
HERODEVELOPVICE.INI,changed,66,無間煉獄,Max_MP,1680,1900
HERODEVELOPVICE.INI,changed,66,無間煉獄,Name,麒麟傳說,無間煉獄
HERODEVELOPVICE.INI,changed,5,絕代雙驕,Base_Con,0,950
HERODEVELOPVICE.INI,changed,5,絕代雙驕,Base_Dex,0,1040
HERODEVELOPVICE.INI,changed,5,絕代雙驕,Base_Int,0,990
HERODEVELOPVICE.INI,changed,5,絕代雙驕,Base_Str,1950,965
HERODEVELOPVICE.INI,changed,5,絕代雙驕,Extra_Def,900,1350
HERODEVELOPVICE.INI,changed,5,絕代雙驕,Hero1,112,122
HERODEVELOPVICE.INI,changed,5,絕代雙驕,Hero2,113,123
HERODEVELOPVICE.INI,changed,5,絕代雙驕,Hero3,114,
HERODEVELOPVICE.INI,changed,5,絕代雙驕,Hero4,115,
HERODEVELOPVICE.INI,changed,5,絕代雙驕,Magic_Def,0,1470
HERODEVELOPVICE.INI,changed,5,絕代雙驕,Max_HP,8000,6200
HERODEVELOPVICE.INI,changed,5,絕代雙驕,Max_MP,7000,6250
HERODEVELOPVICE.INI,changed,5,絕代雙驕,Name,白衣俠行,絕代雙驕
HERODEVELOPVICE.INI,changed,19,鳳凰誓,Base_Con,0,700
HERODEVELOPVICE.INI,changed,19,鳳凰誓,Base_Dex,925,725
HERODEVELOPVICE.INI,changed,19,鳳凰誓,Base_Int,0,750
HERODEVELOPVICE.INI,changed,19,鳳凰誓,Base_Str,0,710
HERODEVELOPVICE.INI,changed,19,鳳凰誓,Extra_Def,0,930
HERODEVELOPVICE.INI,changed,19,鳳凰誓,Hero2,98,97
HERODEVELOPVICE.INI,changed,19,鳳凰誓,Magic_Def,0,950
HERODEVELOPVICE.INI,changed,19,鳳凰誓,Max_HP,0,4650
HERODEVELOPVICE.INI,changed,19,鳳凰誓,Max_MP,0,4200
HERODEVELOPVICE.INI,changed,19,鳳凰誓,Name,途歸仙湖,鳳凰誓
HERODEVELOPVICE.INI,changed,23,松煦冰心,Base_Con,800,900
HERODEVELOPVICE.INI,changed,23,松煦冰心,Base_Dex,845,0
HERODEVELOPVICE.INI,changed,23,松煦冰心,Base_Int,810,0
HERODEVELOPVICE.INI,changed,23,松煦冰心,Base_Str,830,0
HERODEVELOPVICE.INI,changed,23,松煦冰心,Extra_Def,800,0
HERODEVELOPVICE.INI,changed,23,松煦冰心,Hero2,102,101
HERODEVELOPVICE.INI,changed,23,松煦冰心,Magic_Def,840,0
HERODEVELOPVICE.INI,changed,23,松煦冰心,Max_HP,5000,0
HERODEVELOPVICE.INI,changed,23,松煦冰心,Max_MP,5000,0
HERODEVELOPVICE.INI,changed,23,松煦冰心,Name,古帝良將,松煦冰心
HERODEVELOPVICE.INI,changed,71,決戰東瀛,Base_Con,190,340
HERODEVELOPVICE.INI,changed,71,決戰東瀛,Base_Dex,230,340
HERODEVELOPVICE.INI,changed,71,決戰東瀛,Base_Int,245,320
HERODEVELOPVICE.INI,changed,71,決戰東瀛,Base_Str,180,360
HERODEVELOPVICE.INI,changed,71,決戰東瀛,Extra_Def,240,430
HERODEVELOPVICE.INI,changed,71,決戰東瀛,Hero1,34,36
HERODEVELOPVICE.INI,changed,71,決戰東瀛,Hero2,35,28
HERODEVELOPVICE.INI,changed,71,決戰東瀛,Hero3,,29
HERODEVELOPVICE.INI,changed,71,決戰東瀛,Magic_Def,425,400
HERODEVELOPVICE.INI,changed,71,決戰東瀛,Max_HP,650,1200
HERODEVELOPVICE.INI,changed,71,決戰東瀛,Max_MP,1100,1000
HERODEVELOPVICE.INI,changed,71,決戰東瀛,Name,西域傳奇,決戰東瀛
HERODEVELOPVICE.INI,changed,56,肱股君臣,Base_Con,550,380
HERODEVELOPVICE.INI,changed,56,肱股君臣,Base_Dex,650,440
HERODEVELOPVICE.INI,changed,56,肱股君臣,Base_Str,600,420
HERODEVELOPVICE.INI,changed,56,肱股君臣,Extra_Def,850,550
HERODEVELOPVICE.INI,changed,56,肱股君臣,Hero1,32,49
HERODEVELOPVICE.INI,changed,56,肱股君臣,Hero2,27,52
HERODEVELOPVICE.INI,changed,56,肱股君臣,Hero3,26,
HERODEVELOPVICE.INI,changed,56,肱股君臣,Hero4,25,
HERODEVELOPVICE.INI,changed,56,肱股君臣,Magic_Def,700,575
HERODEVELOPVICE.INI,changed,56,肱股君臣,Max_HP,3000,1900
HERODEVELOPVICE.INI,changed,56,肱股君臣,Max_MP,2500,1800
HERODEVELOPVICE.INI,changed,56,肱股君臣,Name,天地可汗,肱股君臣
HERODEVELOPVICE.INI,changed,25,千年憂懷,Base_Con,600,0
HERODEVELOPVICE.INI,changed,25,千年憂懷,Base_Dex,0,600
HERODEVELOPVICE.INI,changed,25,千年憂懷,Base_Int,600,0
HERODEVELOPVICE.INI,changed,25,千年憂懷,Base_Str,0,600
HERODEVELOPVICE.INI,changed,25,千年憂懷,Hero2,55,46
HERODEVELOPVICE.INI,changed,25,千年憂懷,Name,一別無期,千年憂懷
HERODEVELOPVICE.INI,changed,10,快筆綴雪,Base_Con,850,830
HERODEVELOPVICE.INI,changed,10,快筆綴雪,Base_Dex,930,900
HERODEVELOPVICE.INI,changed,10,快筆綴雪,Base_Int,930,1000
HERODEVELOPVICE.INI,changed,10,快筆綴雪,Base_Str,910,875
HERODEVELOPVICE.INI,changed,10,快筆綴雪,Extra_Def,850,600
HERODEVELOPVICE.INI,changed,10,快筆綴雪,Hero1,118,103
HERODEVELOPVICE.INI,changed,10,快筆綴雪,Hero2,120,119
HERODEVELOPVICE.INI,changed,10,快筆綴雪,Magic_Def,900,1100
HERODEVELOPVICE.INI,changed,10,快筆綴雪,Max_HP,4800,3500
HERODEVELOPVICE.INI,changed,10,快筆綴雪,Max_MP,5400,6000
HERODEVELOPVICE.INI,changed,10,快筆綴雪,Name,赤子雄心,快筆綴雪
HERODEVELOPVICE.INI,changed,42,雙頭死神2,Base_Con,400,410
HERODEVELOPVICE.INI,changed,42,雙頭死神2,Base_Dex,525,460
HERODEVELOPVICE.INI,changed,42,雙頭死神2,Base_Int,430,400
HERODEVELOPVICE.INI,changed,42,雙頭死神2,Base_Str,425,450
HERODEVELOPVICE.INI,changed,42,雙頭死神2,Extra_Def,540,560
HERODEVELOPVICE.INI,changed,42,雙頭死神2,Hero1,46,68
HERODEVELOPVICE.INI,changed,42,雙頭死神2,Hero2,56,71
HERODEVELOPVICE.INI,changed,42,雙頭死神2,Magic_Def,570,540
HERODEVELOPVICE.INI,changed,42,雙頭死神2,Max_HP,1900,2000
HERODEVELOPVICE.INI,changed,42,雙頭死神2,Max_MP,2300,2250
HERODEVELOPVICE.INI,changed,42,雙頭死神2,Name,北應江雨,雙頭死神2
HERODEVELOPVICE.INI,changed,61,冀羅戰雄1,Base_Con,330,340
HERODEVELOPVICE.INI,changed,61,冀羅戰雄1,Base_Dex,310,250
HERODEVELOPVICE.INI,changed,61,冀羅戰雄1,Base_Int,300,285
HERODEVELOPVICE.INI,changed,61,冀羅戰雄1,Base_Str,305,325
HERODEVELOPVICE.INI,changed,61,冀羅戰雄1,Extra_Def,420,440
HERODEVELOPVICE.INI,changed,61,冀羅戰雄1,Hero1,59,88
HERODEVELOPVICE.INI,changed,61,冀羅戰雄1,Hero2,53,76
HERODEVELOPVICE.INI,changed,61,冀羅戰雄1,Magic_Def,390,355
HERODEVELOPVICE.INI,changed,61,冀羅戰雄1,Max_HP,1550,1650
HERODEVELOPVICE.INI,changed,61,冀羅戰雄1,Max_MP,1200,750
HERODEVELOPVICE.INI,changed,61,冀羅戰雄1,Name,大哥小弟,冀羅戰雄1
HERODEVELOPVICE.INI,changed,82,東瀛怪談,Base_Con,15,10
HERODEVELOPVICE.INI,changed,82,東瀛怪談,Base_Dex,10,15
HERODEVELOPVICE.INI,changed,82,東瀛怪談,Base_Int,15,20
HERODEVELOPVICE.INI,changed,82,東瀛怪談,Base_Str,20,10
HERODEVELOPVICE.INI,changed,82,東瀛怪談,Extra_Def,15,10
HERODEVELOPVICE.INI,changed,82,東瀛怪談,Hero1,1,5
HERODEVELOPVICE.INI,changed,82,東瀛怪談,Hero2,2,6
HERODEVELOPVICE.INI,changed,82,東瀛怪談,Magic_Def,15,25
HERODEVELOPVICE.INI,changed,82,東瀛怪談,Max_HP,100,50
HERODEVELOPVICE.INI,changed,82,東瀛怪談,Max_MP,50,100
HERODEVELOPVICE.INI,changed,82,東瀛怪談,Name,蝦兵蟹將,東瀛怪談
HERODEVELOPVICE.INI,changed,35,三英戰呂布,Base_Con,400,1000
HERODEVELOPVICE.INI,changed,35,三英戰呂布,Base_Dex,470,950
HERODEVELOPVICE.INI,changed,35,三英戰呂布,Base_Int,500,700
HERODEVELOPVICE.INI,changed,35,三英戰呂布,Base_Str,420,1100
HERODEVELOPVICE.INI,changed,35,三英戰呂布,Extra_Def,400,1330
HERODEVELOPVICE.INI,changed,35,三英戰呂布,Hero1,90,49
HERODEVELOPVICE.INI,changed,35,三英戰呂布,Hero2,66,50
HERODEVELOPVICE.INI,changed,35,三英戰呂布,Hero3,,51
HERODEVELOPVICE.INI,changed,35,三英戰呂布,Hero4,,45
HERODEVELOPVICE.INI,changed,35,三英戰呂布,Magic_Def,800,970
HERODEVELOPVICE.INI,changed,35,三英戰呂布,Max_HP,2300,5000
HERODEVELOPVICE.INI,changed,35,三英戰呂布,Max_MP,2750,4350
HERODEVELOPVICE.INI,changed,35,三英戰呂布,Name,對立父女1,三英戰呂布
HERODEVELOPVICE.INI,changed,57,天地可汗,Base_Con,700,550
HERODEVELOPVICE.INI,changed,57,天地可汗,Base_Dex,700,650
HERODEVELOPVICE.INI,changed,57,天地可汗,Base_Int,700,400
HERODEVELOPVICE.INI,changed,57,天地可汗,Base_Str,700,600
HERODEVELOPVICE.INI,changed,57,天地可汗,Extra_Def,1000,850
HERODEVELOPVICE.INI,changed,57,天地可汗,Hero1,38,32
HERODEVELOPVICE.INI,changed,57,天地可汗,Hero2,8,27
HERODEVELOPVICE.INI,changed,57,天地可汗,Hero3,10,26
HERODEVELOPVICE.INI,changed,57,天地可汗,Hero4,11,25
HERODEVELOPVICE.INI,changed,57,天地可汗,Hero5,9,
HERODEVELOPVICE.INI,changed,57,天地可汗,Magic_Def,1000,700
HERODEVELOPVICE.INI,changed,57,天地可汗,Max_HP,3600,3000
HERODEVELOPVICE.INI,changed,57,天地可汗,Max_MP,3600,2500
HERODEVELOPVICE.INI,changed,57,天地可汗,Name,真知飛昇,天地可汗
HERODEVELOPVICE.INI,changed,78,四元素說,Base_Con,85,110
HERODEVELOPVICE.INI,changed,78,四元素說,Base_Dex,80,110
HERODEVELOPVICE.INI,changed,78,四元素說,Base_Int,100,110
HERODEVELOPVICE.INI,changed,78,四元素說,Base_Str,70,110
HERODEVELOPVICE.INI,changed,78,四元素說,Extra_Def,45,135
HERODEVELOPVICE.INI,changed,78,四元素說,Hero1,13,8
HERODEVELOPVICE.INI,changed,78,四元素說,Hero2,14,10
HERODEVELOPVICE.INI,changed,78,四元素說,Hero3,12,11
HERODEVELOPVICE.INI,changed,78,四元素說,Hero4,,9
HERODEVELOPVICE.INI,changed,78,四元素說,Magic_Def,125,135
HERODEVELOPVICE.INI,changed,78,四元素說,Max_HP,275,600
HERODEVELOPVICE.INI,changed,78,四元素說,Max_MP,550,400
HERODEVELOPVICE.INI,changed,78,四元素說,Name,仙島三寶,四元素說
HERODEVELOPVICE.INI,changed,80,三更使者,Base_Con,20,75
HERODEVELOPVICE.INI,changed,80,三更使者,Base_Dex,20,40
HERODEVELOPVICE.INI,changed,80,三更使者,Base_Int,10,55
HERODEVELOPVICE.INI,changed,80,三更使者,Base_Str,15,50
HERODEVELOPVICE.INI,changed,80,三更使者,Extra_Def,25,80
HERODEVELOPVICE.INI,changed,80,三更使者,Hero1,16,17
HERODEVELOPVICE.INI,changed,80,三更使者,Hero2,7,18
HERODEVELOPVICE.INI,changed,80,三更使者,Magic_Def,10,45
HERODEVELOPVICE.INI,changed,80,三更使者,Max_HP,80,340
HERODEVELOPVICE.INI,changed,80,三更使者,Max_MP,80,140
HERODEVELOPVICE.INI,changed,80,三更使者,Name,佛國衛侍,三更使者
HERODEVELOPVICE.INI,changed,13,神魔盡我,Base_Con,1290,900
HERODEVELOPVICE.INI,changed,13,神魔盡我,Base_Dex,1295,900
HERODEVELOPVICE.INI,changed,13,神魔盡我,Base_Int,1270,900
HERODEVELOPVICE.INI,changed,13,神魔盡我,Base_Str,1220,900
HERODEVELOPVICE.INI,changed,13,神魔盡我,Hero1,97,102
HERODEVELOPVICE.INI,changed,13,神魔盡我,Hero2,109,111
HERODEVELOPVICE.INI,changed,13,神魔盡我,Hero3,110,
HERODEVELOPVICE.INI,changed,13,神魔盡我,Magic_Def,1525,1500
HERODEVELOPVICE.INI,changed,13,神魔盡我,Max_HP,8800,7200
HERODEVELOPVICE.INI,changed,13,神魔盡我,Max_MP,8600,7150
HERODEVELOPVICE.INI,changed,13,神魔盡我,Name,鳳行天涯,神魔盡我
HERODEVELOPVICE.INI,changed,24,古帝良將,Base_Con,0,800
HERODEVELOPVICE.INI,changed,24,古帝良將,Base_Dex,600,845
HERODEVELOPVICE.INI,changed,24,古帝良將,Base_Int,0,810
HERODEVELOPVICE.INI,changed,24,古帝良將,Base_Str,600,830
HERODEVELOPVICE.INI,changed,24,古帝良將,Extra_Def,0,800
HERODEVELOPVICE.INI,changed,24,古帝良將,Hero1,102,96
HERODEVELOPVICE.INI,changed,24,古帝良將,Hero2,46,102
HERODEVELOPVICE.INI,changed,24,古帝良將,Magic_Def,0,840
HERODEVELOPVICE.INI,changed,24,古帝良將,Max_HP,0,5000
HERODEVELOPVICE.INI,changed,24,古帝良將,Max_MP,0,5000
HERODEVELOPVICE.INI,changed,24,古帝良將,Name,千年憂懷,古帝良將
HERODEVELOPVICE.INI,changed,72,西域傳奇,Base_Con,230,190
HERODEVELOPVICE.INI,changed,72,西域傳奇,Base_Dex,190,230
HERODEVELOPVICE.INI,changed,72,西域傳奇,Base_Int,195,245
HERODEVELOPVICE.INI,changed,72,西域傳奇,Base_Str,245,180
HERODEVELOPVICE.INI,changed,72,西域傳奇,Extra_Def,350,240
HERODEVELOPVICE.INI,changed,72,西域傳奇,Hero1,33,34
HERODEVELOPVICE.INI,changed,72,西域傳奇,Hero2,15,35
HERODEVELOPVICE.INI,changed,72,西域傳奇,Magic_Def,280,425
HERODEVELOPVICE.INI,changed,72,西域傳奇,Max_HP,1050,650
HERODEVELOPVICE.INI,changed,72,西域傳奇,Max_MP,800,1100
HERODEVELOPVICE.INI,changed,72,西域傳奇,Name,地火神兵,西域傳奇
ITEM.INI,changed,32860,秘笈：明玉功,GIcon,36791,36876
ITEM.INI,changed,32860,秘笈：明玉功,Help,,記載著絕代雙驕武功「明玉功」的秘笈。請靜待開放學習之時…
ITEM.INI,changed,32860,秘笈：明玉功,Icon,26791,26876
ITEM.INI,changed,32860,秘笈：明玉功,Name,？？？,秘笈：明玉功
ITEM.INI,changed,30854,武魂：鐵心蘭,Flag,"ITEM_USE,ITEM_DEAD_NODROP","ITEM_USE,ITEM_NODROP,ITEM_DEAD_NODROP"
ITEM.INI,changed,30854,武魂：鐵心蘭,GIcon,35770,36874
ITEM.INI,changed,30854,武魂：鐵心蘭,Help,,絕代雙驕聯動限定武魂，使用後可獲得變身「鐵心蘭」武魂外觀之能力，變身期間主屬性將顯著增強！且習得武魂種類愈多時，各武魂之屬性加成也愈高。
ITEM.INI,changed,30854,武魂：鐵心蘭,Icon,25770,26874
ITEM.INI,changed,30854,武魂：鐵心蘭,Name,武魂：未登錄,武魂：鐵心蘭
ITEM.INI,changed,32846,？？？,GIcon,36792,36885
ITEM.INI,changed,32846,？？？,Icon,26792,26885
ITEM.INI,changed,32837,絕代江小魚錦囊,GIcon,36793,36879
ITEM.INI,changed,32837,絕代江小魚錦囊,Help,,以江小魚為主題的絕代雙驕聯動錦囊，開啟後將%drop%
ITEM.INI,changed,32837,絕代江小魚錦囊,Icon,26793,26879
ITEM.INI,changed,32837,絕代江小魚錦囊,Name,？？？,絕代江小魚錦囊
ITEM.INI,changed,32865,？？？,GIcon,36791,36876
ITEM.INI,changed,32865,？？？,Icon,26791,26876
ITEM.INI,changed,32864,？？？,GIcon,36791,36876
ITEM.INI,changed,32864,？？？,Icon,26791,26876
ITEM.INI,changed,32858,秘笈：移花接玉,GIcon,36791,36876
ITEM.INI,changed,32858,秘笈：移花接玉,Help,,記載著絕代雙驕武功「移花接玉」的秘笈。請靜待開放學習之時…
ITEM.INI,changed,32858,秘笈：移花接玉,Icon,26791,26876
ITEM.INI,changed,32858,秘笈：移花接玉,Name,？？？,秘笈：移花接玉
ITEM.INI,changed,32840,？？？,GIcon,36796,36880
ITEM.INI,changed,32840,？？？,Icon,26796,26880
ITEM.INI,changed,32867,？？？,GIcon,36791,36876
ITEM.INI,changed,32867,？？？,Icon,26791,26876
ITEM.INI,changed,32850,？？？,GIcon,36792,36885
ITEM.INI,changed,32850,？？？,Icon,26792,26885
ITEM.INI,changed,32847,？？？,GIcon,36792,36885
ITEM.INI,changed,32847,？？？,Icon,26792,26885
ITEM.INI,changed,32852,？？？,GIcon,36789,36875
ITEM.INI,changed,32852,？？？,Icon,26789,26875
ITEM.INI,changed,32861,？？？,GIcon,36791,36876
ITEM.INI,changed,32861,？？？,Icon,26791,26876
ITEM.INI,changed,32839,？？？,GIcon,36794,36884
ITEM.INI,changed,32839,？？？,Icon,26794,26884
ITEM.INI,changed,32848,？？？,GIcon,36792,36885
ITEM.INI,changed,32848,？？？,Icon,26792,26885
ITEM.INI,changed,30857,武魂：未登錄,GIcon,35770,36874
ITEM.INI,changed,30857,武魂：未登錄,Icon,25770,26874
ITEM.INI,changed,32853,？？？,GIcon,36789,36875
ITEM.INI,changed,32853,？？？,Icon,26789,26875
ITEM.INI,changed,32843,？？？,GIcon,36795,36883
ITEM.INI,changed,32843,？？？,Icon,26795,26883
ITEM.INI,changed,30860,武魂：未登錄,GIcon,35770,36874
ITEM.INI,changed,30860,武魂：未登錄,Icon,25770,26874
ITEM.INI,changed,31661,綠豆糕,Con,,70
ITEM.INI,changed,31661,綠豆糕,ConFlag,,AFFECT_NUMBER
ITEM.INI,changed,31661,綠豆糕,Dex,,70
ITEM.INI,changed,31661,綠豆糕,DexFlag,,AFFECT_NUMBER
ITEM.INI,changed,31661,綠豆糕,Effect,900,902
ITEM.INI,changed,31661,綠豆糕,ExtraDef,,525
ITEM.INI,changed,31661,綠豆糕,HP,100,
ITEM.INI,changed,31661,綠豆糕,HPFlag,AFFECT_NUMBER,
ITEM.INI,changed,31661,綠豆糕,Int,,70
ITEM.INI,changed,31661,綠豆糕,IntFlag,,AFFECT_NUMBER
ITEM.INI,changed,31661,綠豆糕,MP,80,
ITEM.INI,changed,31661,綠豆糕,MPFlag,AFFECT_NUMBER,
ITEM.INI,changed,31661,綠豆糕,MagicDef,,525
ITEM.INI,changed,31661,綠豆糕,Str,,70
ITEM.INI,changed,31661,綠豆糕,StrFlag,,AFFECT_NUMBER
ITEM.INI,changed,31661,綠豆糕,Time,,180
ITEM.INI,changed,32871,降神：花無缺之魂,GIcon,36808,36877
ITEM.INI,changed,32871,降神：花無缺之魂,Help,,封印著絕代雙驕限定版降神「花無缺」之魂的靈岩。找京城錢莊旁的「神州小福星」即可化煉一魂至自身降神仙術當中。　※注意：降神星級達到20以後請勿再使用
ITEM.INI,changed,32871,降神：花無缺之魂,Icon,26808,26877
ITEM.INI,changed,32871,降神：花無缺之魂,Name,？？？,降神：花無缺之魂
ITEM.INI,changed,32842,？？？,GIcon,36795,36882
ITEM.INI,changed,32842,？？？,Icon,26795,26882
ITEM.INI,changed,32859,秘笈：花神七式,GIcon,36791,36876
ITEM.INI,changed,32859,秘笈：花神七式,Help,,記載著絕代雙驕武功「花神七式」的秘笈。請靜待開放學習之時…
ITEM.INI,changed,32859,秘笈：花神七式,Icon,26791,26876
ITEM.INI,changed,32859,秘笈：花神七式,Name,？？？,秘笈：花神七式
ITEM.INI,changed,32856,秘笈：點血截脈,GIcon,36791,36876
ITEM.INI,changed,32856,秘笈：點血截脈,Help,,記載著絕代雙驕武功「點血截脈」的秘笈。請靜待開放學習之時…
ITEM.INI,changed,32856,秘笈：點血截脈,Icon,26791,26876
ITEM.INI,changed,32856,秘笈：點血截脈,Name,？？？,秘笈：點血截脈
ITEM.INI,changed,32855,秘笈：妙手,GIcon,36791,36876
ITEM.INI,changed,32855,秘笈：妙手,Help,,記載著絕代雙驕武功「妙手」的秘笈。請靜待開放學習之時…
ITEM.INI,changed,32855,秘笈：妙手,Icon,26791,26876
ITEM.INI,changed,32855,秘笈：妙手,Name,？？？,秘笈：妙手
ITEM.INI,changed,30851,武魂：江小魚,GIcon,35770,36874
ITEM.INI,changed,30851,武魂：江小魚,Help,,絕代雙驕聯動限定武魂，使用後可獲得變身「江小魚」武魂外觀之能力，變身期間主屬性將顯著增強！且習得武魂種類愈多時，各武魂之屬性加成也愈高。
ITEM.INI,changed,30851,武魂：江小魚,Icon,25770,26874
ITEM.INI,changed,30851,武魂：江小魚,Name,武魂：未登錄,武魂：江小魚
ITEM.INI,changed,30859,武魂：江小魚．壹,Flag,"ITEM_USE,ITEM_DEAD_NODROP","ITEM_USE,ITEM_NODROP,ITEM_DEAD_NODROP"
ITEM.INI,changed,30859,武魂：江小魚．壹,GIcon,35770,36874
ITEM.INI,changed,30859,武魂：江小魚．壹,Help,,絕代雙驕聯動限定武魂，使用後可獲得變身「江小魚（壹）」武魂外觀之能力，變身期間主屬性將顯著增強！且習得武魂種類愈多時，各武魂之屬性加成也愈高。
ITEM.INI,changed,30859,武魂：江小魚．壹,Icon,25770,26874
ITEM.INI,changed,30859,武魂：江小魚．壹,Name,武魂：未登錄,武魂：江小魚．壹
ITEM.INI,changed,30852,武魂：花無缺,GIcon,35770,36874
ITEM.INI,changed,30852,武魂：花無缺,Help,,絕代雙驕聯動限定武魂，使用後可獲得變身「花無缺」武魂外觀之能力，變身期間主屬性將顯著增強！且習得武魂種類愈多時，各武魂之屬性加成也愈高。
ITEM.INI,changed,30852,武魂：花無缺,Icon,25770,26874
ITEM.INI,changed,30852,武魂：花無缺,Name,武魂：未登錄,武魂：花無缺
ITEM.INI,changed,32838,絕代花無缺錦囊,GIcon,36793,36878
ITEM.INI,changed,32838,絕代花無缺錦囊,Help,,以花無缺為主題的絕代雙驕聯動錦囊，開啟後將%drop%
ITEM.INI,changed,32838,絕代花無缺錦囊,Icon,26793,26878
ITEM.INI,changed,32838,絕代花無缺錦囊,Name,？？？,絕代花無缺錦囊
ITEM.INI,changed,32878,藏寶圖殘片,GIcon,36744,36872
ITEM.INI,changed,32878,藏寶圖殘片,Help,,圖紙畫著歪歪扭扭的山水路線，隱約可見「燕南天寶藏在此」幾個大字。紙張邊緣沾著不知是茶水還是墨汁的污跡，右下角甚至有個吐舌頭的鬼臉。（新絕代雙驕聯動特別道具）
ITEM.INI,changed,32878,藏寶圖殘片,Icon,26744,26872
ITEM.INI,changed,32878,藏寶圖殘片,Name,？？？,藏寶圖殘片
ITEM.INI,changed,32874,？？？,GIcon,36808,36877
ITEM.INI,changed,32874,？？？,Icon,26808,26877
ITEM.INI,changed,32877,金葉子,GIcon,36741,36873
ITEM.INI,changed,32877,金葉子,Help,,為了江湖行走便利，將高價的黃金熔融打成薄片，可藏於衣物、書籍之中，需要的時候可兌換現銀。（新絕代雙驕聯動特別道具）
ITEM.INI,changed,32877,金葉子,Icon,26741,26873
ITEM.INI,changed,32877,金葉子,Name,？？？,金葉子
ITEM.INI,changed,32877,金葉子,Value,20,2000
ITEM.INI,changed,32857,秘笈：五絕神功,GIcon,36791,36876
ITEM.INI,changed,32857,秘笈：五絕神功,Help,,記載著絕代雙驕武功「五絕神功」的秘笈。請靜待開放學習之時…
ITEM.INI,changed,32857,秘笈：五絕神功,Icon,26791,26876
ITEM.INI,changed,32857,秘笈：五絕神功,Name,？？？,秘笈：五絕神功
ITEM.INI,changed,32845,花無缺錦囊禮券,GIcon,36792,36885
ITEM.INI,changed,32845,花無缺錦囊禮券,Help,,持卷可至京城錢莊旁尋「地火特派員」兌換【絕代花無缺錦囊】五個。
ITEM.INI,changed,32845,花無缺錦囊禮券,Icon,26792,26885
ITEM.INI,changed,32845,花無缺錦囊禮券,Name,？？？,花無缺錦囊禮券
ITEM.INI,changed,32863,？？？,GIcon,36791,36876
ITEM.INI,changed,32863,？？？,Icon,26791,26876
ITEM.INI,changed,32876,？？？,GIcon,36808,36877
ITEM.INI,changed,32876,？？？,Icon,26808,26877
ITEM.INI,changed,32866,？？？,GIcon,36791,36876
ITEM.INI,changed,32866,？？？,Icon,26791,26876
ITEM.INI,changed,32841,？？？,GIcon,36797,36881
ITEM.INI,changed,32841,？？？,Icon,26797,26881
ITEM.INI,changed,30853,武魂：燕南天,Flag,"ITEM_USE,ITEM_DEAD_NODROP","ITEM_USE,ITEM_NODROP,ITEM_DEAD_NODROP"
ITEM.INI,changed,30853,武魂：燕南天,GIcon,35770,36874
ITEM.INI,changed,30853,武魂：燕南天,Help,,絕代雙驕聯動限定武魂，使用後可獲得變身「燕南天」武魂外觀之能力，變身期間主屬性將顯著增強！且習得武魂種類愈多時，各武魂之屬性加成也愈高。
ITEM.INI,changed,30853,武魂：燕南天,Icon,25770,26874
ITEM.INI,changed,30853,武魂：燕南天,Name,武魂：未登錄,武魂：燕南天
ITEM.INI,changed,32870,降神：江小魚之魂,GIcon,36808,36877
ITEM.INI,changed,32870,降神：江小魚之魂,Help,,封印著絕代雙驕限定版降神「江小魚」之魂的靈岩。找京城錢莊旁的「神州小福星」即可化煉一魂至自身降神仙術當中。　※注意：降神星級達到20以後請勿再使用
ITEM.INI,changed,32870,降神：江小魚之魂,Icon,26808,26877
ITEM.INI,changed,32870,降神：江小魚之魂,Name,？？？,降神：江小魚之魂
ITEM.INI,changed,30861,武魂：未登錄,GIcon,35770,36874
ITEM.INI,changed,30861,武魂：未登錄,Icon,25770,26874
ITEM.INI,changed,32872,？？？,GIcon,36808,36877
ITEM.INI,changed,32872,？？？,Icon,26808,26877
ITEM.INI,changed,32862,？？？,GIcon,36791,36876
ITEM.INI,changed,32862,？？？,Icon,26791,26876
ITEM.INI,changed,32869,？？？,GIcon,36791,36876
ITEM.INI,changed,32869,？？？,Icon,26791,26876
ITEM.INI,changed,30858,武魂：未登錄,GIcon,35770,36874
ITEM.INI,changed,30858,武魂：未登錄,Icon,25770,26874
ITEM.INI,changed,30855,武魂：未登錄,GIcon,35770,36874
ITEM.INI,changed,30855,武魂：未登錄,Icon,25770,26874
ITEM.INI,changed,32873,？？？,GIcon,36808,36877
ITEM.INI,changed,32873,？？？,Icon,26808,26877
ITEM.INI,changed,32849,？？？,GIcon,36792,36885
ITEM.INI,changed,32849,？？？,Icon,26792,26885
ITEM.INI,changed,32854,秘笈：血殺刀,GIcon,36791,36876
ITEM.INI,changed,32854,秘笈：血殺刀,Help,,記載著絕代雙驕武功「血殺刀」的秘笈。請靜待開放學習之時…
ITEM.INI,changed,32854,秘笈：血殺刀,Icon,26791,26876
ITEM.INI,changed,32854,秘笈：血殺刀,Name,？？？,秘笈：血殺刀
ITEM.INI,changed,32875,？？？,GIcon,36808,36877
ITEM.INI,changed,32875,？？？,Icon,26808,26877
ITEM.INI,changed,32844,江小魚錦囊禮券,GIcon,36792,36885
ITEM.INI,changed,32844,江小魚錦囊禮券,Help,,持卷可至京城錢莊旁尋「地火特派員」兌換【絕代江小魚錦囊】五個。
ITEM.INI,changed,32844,江小魚錦囊禮券,Icon,26792,26885
ITEM.INI,changed,32844,江小魚錦囊禮券,Name,？？？,江小魚錦囊禮券
ITEM.INI,changed,32851,？？？,GIcon,36789,36875
ITEM.INI,changed,32851,？？？,Icon,26789,26875
ITEM.INI,changed,30856,武魂：未登錄,GIcon,35770,36874
ITEM.INI,changed,30856,武魂：未登錄,Icon,25770,26874
ITEM.INI,changed,32868,？？？,GIcon,36791,36876
ITEM.INI,changed,32868,？？？,Icon,26791,26876
MALL.INI,added,223,,,,ID=223
MALL.INI,added,238,,,,ID=238
MALL.INI,added,246,,,,ID=246
MALL.INI,added,225,,,,ID=225
MALL.INI,added,218,,,,ID=218
MALL.INI,added,222,,,,ID=222
MALL.INI,added,219,,,,ID=219
MALL.INI,added,247,,,,ID=247
MALL.INI,added,234,,,,ID=234
MALL.INI,added,241,,,,ID=241
MALL.INI,added,240,,,,ID=240
MALL.INI,added,244,,,,ID=244
MALL.INI,added,248,,,,ID=248
MALL.INI,added,226,,,,ID=226
MALL.INI,added,245,,,,ID=245
MALL.INI,added,235,,,,ID=235
MALL.INI,added,230,,,,ID=230
MALL.INI,added,227,,,,ID=227
MALL.INI,added,224,,,,ID=224
MALL.INI,added,221,,,,ID=221
MALL.INI,added,243,,,,ID=243
MALL.INI,added,236,,,,ID=236
MALL.INI,added,242,,,,ID=242
MALL.INI,added,229,,,,ID=229
MALL.INI,added,232,,,,ID=232
MALL.INI,added,231,,,,ID=231
MALL.INI,added,233,,,,ID=233
MALL.INI,added,239,,,,ID=239
MALL.INI,added,220,,,,ID=220
MALL.INI,added,228,,,,ID=228
MALL.INI,added,237,,,,ID=237
MALL.INI,changed,2,,SpecialPrice,,35
MALL.INI,changed,18,,SpecialPrice,,7
MALL.INI,changed,179,,SpecialPrice,,20
MALL.INI,changed,183,,SpecialPrice,,70
MALL.INI,changed,205,,SpecialPrice,499,399
MALL.INI,changed,97,,SpecialPrice,,300
MALL.INI,changed,209,,SpecialPrice,39,33
MALL.INI,changed,43,,SpecialPrice,,7
MALL.INI,changed,126,,SpecialPrice,,10
MALL.INI,changed,187,,SpecialPrice,,15
MALL.INI,changed,168,,SpecialPrice,,315
MALL.INI,changed,87,,SpecialPrice,,7
MALL.INI,changed,121,,SpecialPrice,,2
MALL.INI,changed,51,,SpecialPrice,,7
MALL.INI,changed,94,,SpecialPrice,,20
MALL.INI,changed,215,,SpecialPrice,,10
MALL.INI,changed,37,,SpecialPrice,,15
MALL.INI,changed,95,,SpecialPrice,,20
MALL.INI,changed,181,,SpecialPrice,,350
MALL.INI,changed,26,,SpecialPrice,,20
MALL.INI,changed,112,,SpecialPrice,,200
MALL.INI,changed,8,,SpecialPrice,,525
MALL.INI,changed,29,,SpecialPrice,,70
MALL.INI,changed,127,,SpecialPrice,,15
MALL.INI,changed,198,,SpecialPrice,,3
MALL.INI,changed,3,,SpecialPrice,,2
MALL.INI,changed,195,,SpecialPrice,,3
MALL.INI,changed,177,,SpecialPrice,,70
MALL.INI,changed,105,,SpecialPrice,,15
MALL.INI,changed,99,,SpecialPrice,,70
MALL.INI,changed,139,,SpecialPrice,,5
MALL.INI,changed,96,,SpecialPrice,,30
MALL.INI,changed,89,,SpecialPrice,,7
MALL.INI,changed,172,,SpecialPrice,,100
MALL.INI,changed,169,,SpecialPrice,,288
MALL.INI,changed,192,,SpecialPrice,,50
MALL.INI,changed,69,,SpecialPrice,,7
MALL.INI,changed,211,,SpecialPrice,,15
MALL.INI,changed,150,,SpecialPrice,,60
MALL.INI,changed,31,,SpecialPrice,,20
MALL.INI,changed,174,,SpecialPrice,,10
MALL.INI,changed,143,,SpecialPrice,,5
MALL.INI,changed,204,,SpecialPrice,,289
MALL.INI,changed,65,,SpecialPrice,,7
MALL.INI,changed,7,,SpecialPrice,,210
MALL.INI,changed,197,,SpecialPrice,,300
MALL.INI,changed,67,,SpecialPrice,,7
MALL.INI,changed,77,,SpecialPrice,,7
MALL.INI,changed,149,,SpecialPrice,,40
MALL.INI,changed,213,,SpecialPrice,,15
MALL.INI,changed,130,,SpecialPrice,,150
MALL.INI,changed,20,,SpecialPrice,,3
MALL.INI,changed,144,,SpecialPrice,,50
MALL.INI,changed,14,,SpecialPrice,,35
MALL.INI,changed,133,,SpecialPrice,,15
MALL.INI,changed,16,,SpecialPrice,,15
MALL.INI,changed,162,,SpecialPrice,,15
MALL.INI,changed,30,,SpecialPrice,,2
MALL.INI,changed,189,,SpecialPrice,,210
MALL.INI,changed,6,,SpecialPrice,,70
MALL.INI,changed,98,,SpecialPrice,,7
MALL.INI,changed,103,,SpecialPrice,,15
MALL.INI,changed,146,,SpecialPrice,,50
MALL.INI,changed,180,,SpecialPrice,,70
MALL.INI,changed,41,,SpecialPrice,,7
MALL.INI,changed,49,,SpecialPrice,,7
MALL.INI,changed,206,,SpecialPrice,,269
MALL.INI,changed,207,,SpecialPrice,,239
MALL.INI,changed,167,,SpecialPrice,,1550
MALL.INI,changed,120,,SpecialPrice,,15
MALL.INI,changed,75,,SpecialPrice,,7
MALL.INI,changed,59,,SpecialPrice,,7
MALL.INI,changed,166,,SpecialPrice,,7
MALL.INI,changed,175,,SpecialPrice,,100
MALL.INI,changed,115,,SpecialPrice,,3
MALL.INI,changed,210,,SpecialPrice,,15
MALL.INI,changed,158,,SpecialPrice,,15
MALL.INI,changed,118,,SpecialPrice,,3
MALL.INI,changed,128,,SpecialPrice,,150
MALL.INI,changed,47,,SpecialPrice,,7
MALL.INI,changed,12,,SpecialPrice,,7
MALL.INI,changed,81,,SpecialPrice,,7
MALL.INI,changed,92,,SpecialPrice,,3
MALL.INI,changed,182,,SpecialPrice,,700
MALL.INI,changed,136,,SpecialPrice,,50
MALL.INI,changed,142,,SpecialPrice,,50
MALL.INI,changed,216,,Flag,MALL_FLAG_HOT,MALL_FLAG_TIMELIMIT
MALL.INI,changed,216,,Item,24911,32833
MALL.INI,changed,216,,Price,300,299
MALL.INI,changed,216,,SpecialPrice,200,149
MALL.INI,changed,184,,SpecialPrice,,70
MALL.INI,changed,123,,SpecialPrice,,2
MALL.INI,changed,39,,SpecialPrice,,7
MALL.INI,changed,178,,SpecialPrice,,40
MALL.INI,changed,21,,SpecialPrice,,7
MALL.INI,changed,214,,SpecialPrice,,15
MALL.INI,changed,33,,SpecialPrice,,12
MALL.INI,changed,27,,SpecialPrice,,150
MALL.INI,changed,188,,SpecialPrice,,100
MALL.INI,changed,107,,SpecialPrice,,15
MALL.INI,changed,203,,SpecialPrice,,7
MALL.INI,changed,73,,SpecialPrice,,7
MALL.INI,changed,55,,SpecialPrice,,7
MALL.INI,changed,171,,SpecialPrice,,1488
MALL.INI,changed,34,,SpecialPrice,,2
MALL.INI,changed,93,,SpecialPrice,,3
MALL.INI,changed,190,,SpecialPrice,,140
MALL.INI,changed,100,,SpecialPrice,,20
MALL.INI,changed,114,,SpecialPrice,,15
MALL.INI,changed,106,,SpecialPrice,,35
MALL.INI,changed,135,,SpecialPrice,,5
MALL.INI,changed,63,,SpecialPrice,,7
MALL.INI,changed,83,,SpecialPrice,,7
MALL.INI,changed,201,,SpecialPrice,,7
MALL.INI,changed,124,,SpecialPrice,,20
MALL.INI,changed,148,,SpecialPrice,,7
MALL.INI,changed,53,,SpecialPrice,,7
MALL.INI,changed,4,,SpecialPrice,,20
MALL.INI,changed,104,,SpecialPrice,,35
MALL.INI,changed,79,,SpecialPrice,,7
MALL.INI,changed,45,,SpecialPrice,,7
MALL.INI,changed,28,,SpecialPrice,,7
MALL.INI,changed,101,,SpecialPrice,,15
MALL.INI,changed,1#2,,SpecialPrice,,3
MALL.INI,changed,102,,SpecialPrice,,35
MALL.INI,changed,191,,SpecialPrice,,20
MALL.INI,changed,145,,SpecialPrice,,5
MALL.INI,changed,132,,SpecialPrice,,150
MALL.INI,changed,5,,SpecialPrice,,7
MALL.INI,changed,19,,SpecialPrice,,3
MALL.INI,changed,154,,SpecialPrice,,15
MALL.INI,changed,164,,SpecialPrice,,7
MALL.INI,changed,176,,SpecialPrice,,175
MALL.INI,changed,212,,SpecialPrice,,15
MALL.INI,changed,23,,SpecialPrice,,7
MALL.INI,changed,208,,SpecialPrice,,69
MALL.INI,changed,71,,SpecialPrice,,7
MALL.INI,changed,122,,SpecialPrice,,20
MALL.INI,changed,160,,SpecialPrice,,15
MALL.INI,changed,116,,SpecialPrice,,12
MALL.INI,changed,193,,SpecialPrice,,3
MALL.INI,changed,217,,Flag,MALL_FLAG_HOT,MALL_FLAG_TIMELIMIT
MALL.INI,changed,217,,Item,24915,32836
MALL.INI,changed,217,,Price,300,499
MALL.INI,changed,217,,SpecialPrice,200,299
MALL.INI,changed,173,,SpecialPrice,,100
MALL.INI,changed,25,,SpecialPrice,,2
MALL.INI,changed,10,,SpecialPrice,,7
MALL.INI,changed,85,,SpecialPrice,,7
MALL.INI,changed,61,,SpecialPrice,,7
MALL.INI,changed,110,,SpecialPrice,,15
MALL.INI,changed,141,,SpecialPrice,,5
MALL.INI,changed,35,,SpecialPrice,,20
MALL.INI,changed,57,,SpecialPrice,,7
MALL.INI,changed,108,,SpecialPrice,,35
MALL.INI,changed,91,,SpecialPrice,,7
MALL.INI,changed,111,,SpecialPrice,,20
MALL.INI,changed,131,,SpecialPrice,,15
MALL.INI,changed,156,,SpecialPrice,,15
MALL.INI,changed,185,,SpecialPrice,,70
MALL.INI,changed,138,,SpecialPrice,,50
MALL.INI,changed,137,,SpecialPrice,,5
MALL.INI,changed,140,,SpecialPrice,,50
MALL.INI,changed,152,,SpecialPrice,,15
MALL.INI,changed,196,,SpecialPrice,,500
MALL.INI,changed,199,,SpecialPrice,,35
MALL.INI,changed,129,,SpecialPrice,,15
MALL.INI,changed,13,,SpecialPrice,,15
MALL.INI,changed,134,,SpecialPrice,,150
MALL.INI,changed,170,,SpecialPrice,,799
MALL.INI,changed,24,,SpecialPrice,,10
MISSION.INI,added,10406,新絕記事：惡人出谷,,,"ID=10406, Name=新絕記事：惡人出谷, Map=392"
MONSTER_C.INI,added,18135,？？？,,,"ID=18135, Name=？？？, Pic=5996"
MONSTER_C.INI,added,18131,絕代花無缺錦囊,,,"ID=18131, Name=絕代花無缺錦囊, Pic=5996"
MONSTER_C.INI,added,18129,江小魚．壹封魂晶,,,"ID=18129, Name=江小魚．壹封魂晶, Pic=5996"
MONSTER_C.INI,added,18134,？？？,,,"ID=18134, Name=？？？, Pic=5996"
MONSTER_C.INI,added,18127,燕南天封魂晶,,,"ID=18127, Name=燕南天封魂晶, Pic=5996"
MONSTER_C.INI,added,18137,綠林強盜,,,"ID=18137, Name=綠林強盜, Pic=5290"
MONSTER_C.INI,added,18139,蒙面盜賊,,,"ID=18139, Name=蒙面盜賊, Pic=5284"
MONSTER_C.INI,added,18128,鐵心蘭封魂晶,,,"ID=18128, Name=鐵心蘭封魂晶, Pic=5996"
MONSTER_C.INI,added,18136,？？？,,,"ID=18136, Name=？？？, Pic=5996"
MONSTER_C.INI,added,18138,尋寶無賴,,,"ID=18138, Name=尋寶無賴, Pic=5123"
MONSTER_C.INI,added,18130,絕代江小魚錦囊,,,"ID=18130, Name=絕代江小魚錦囊, Pic=5996"
MONSTER_C.INI,added,18133,？？？,,,"ID=18133, Name=？？？, Pic=5996"
MONSTER_C.INI,added,18132,？？？,,,"ID=18132, Name=？？？, Pic=5996"
MONSTER_C.INI,changed,18126,侯氏兵甲福袋2026,DropItem,,"1,20,31909,30,31855,75,31856,75,31843,100,31857,110,31859,230,31371,500,31551,1300,31360,1400,31375,1580,31892,1800,31349,2100,31364,2700,31338,4000,31353,10500,31342,14900,31331,21600,30708,27500,31592,54500,31743,55000"
MONSTER_C.INI,changed,18123,麻辣爆刃錦囊,DropItem,,"1,20,31842,5,31673,6,31376,17,31858,20,31872,117,31377,127,31378,127,31379,127,31380,127,31381,127,31893,250,30658,980,29223,1198,30892,1510,28141,1712,31468,1960,32879,2110,31064,2510,32198,3100,29974,3870"
MSG0.INI,changed,101841,30862,Name,30863,30862
MSG0.INI,changed,101830,30863,Name,30864,30863
MSG0.INI,changed,101923,30867,Name,30868,30867
MSG0.INI,changed,101859,30864,Name,30865,30864
MSG0.INI,changed,101972,30862,Name,30863,30862
MSG0.INI,changed,101892,30865,Name,30866,30865
MSG0.INI,changed,101931,30867,Name,30868,30867
MSG0.INI,changed,101907,30866,Name,30867,30866
MSG0.INI,changed,101791,30861,Face,2258,
MSG0.INI,changed,101791,30861,Jump,101792,
MSG0.INI,changed,101791,30861,Msg,你好呀！你也見過熊貓嗎？牠是團團，似乎是從南方的國家迷路到了這裡，我是這段時間負責照顧牠的保育員。,
MSG0.INI,changed,101791,30861,Name,30861,
MSG0.INI,changed,101983,30872,Name,30873,30872
MSG0.INI,changed,101982,30871,Name,30872,30871
MSG0.INI,changed,101914,30866,Name,30867,30866
MSG0.INI,changed,101944,30868,Name,30869,30868
MSG0.INI,changed,101955,30867,Name,30868,30867
MSG0.INI,changed,101828,30863,Name,30864,30863
MSG0.INI,changed,101898,30866,Name,30867,30866
MSG0.INI,changed,101842,30863,Name,30864,30863
MSG0.INI,changed,101835,30862,Name,30863,30862
MSG0.INI,changed,101895,30865,Name,30866,30865
MSG0.INI,changed,101789,30861,Face,2258,
MSG0.INI,changed,101789,30861,Msg,團團呀～好乖好乖～～,
MSG0.INI,changed,101789,30861,Name,30861,
MSG0.INI,changed,101789,30861,Trigger1,"2,29,True,1,21222,28,False,2,21222,15,1,12,1,101807",
MSG0.INI,changed,101789,30861,Trigger2,"5,29,True,1,21222,30,True,1,21222,27,False,2,21222,0,28,True,2,21222,0,31,False,3,30688,15,0,1,12,1,101803",
MSG0.INI,changed,101789,30861,Trigger3,"4,29,True,1,21222,30,True,1,21222,27,False,2,21222,0,28,True,2,21222,0,1,12,1,101801",
MSG0.INI,changed,101789,30861,Trigger4,"1,4,False,2,4,30,1,12,1,101790",
MSG0.INI,changed,101906,30866,Name,30867,30866
MSG0.INI,changed,101888,30865,Name,30866,30865
MSG0.INI,changed,101965,30870,Name,30871,30870
MSG0.INI,changed,101792,30861,Face,2258,
MSG0.INI,changed,101792,30861,Jump,101793,
MSG0.INI,changed,101792,30861,Msg,你是義軍的一員吧？久聞神州義軍的名號，其實我正有煩惱想請你們幫忙。,
MSG0.INI,changed,101792,30861,Name,30861,
MSG0.INI,changed,101887,30865,Name,30866,30865
MSG0.INI,changed,101804,30861,Face,2258,2551
MSG0.INI,changed,101804,30861,Jump,101805,
MSG0.INI,changed,101804,30861,Msg,真是太感謝你的幫忙，大熊貓每天的食量都很驚人，然而被劫走的竹葉仍有不少還在盜匪手上，若不介意希望你能常來幫忙！,少年仔你今天先幫我打20隻「草蜥蜴」回來吧！拿著將20條「蜥蜴尾」給我就行了。
MSG0.INI,changed,101968,30870,Name,30871,30870
MSG0.INI,changed,101844,30863,Name,30864,30863
MSG0.INI,changed,101850,30864,Name,30865,30864
MSG0.INI,changed,101809,,Msg,（毛髮摸起來好柔軟呀！）,
MSG0.INI,changed,101863,30864,Name,30865,30864
MSG0.INI,changed,101948,30868,Name,30869,30868
MSG0.INI,changed,101864,30864,Name,30865,30864
MSG0.INI,changed,101853,30864,Name,30865,30864
MSG0.INI,changed,101829,30862,Name,30863,30862
MSG0.INI,changed,101851,30864,Name,30865,30864
MSG0.INI,changed,101985,30872,Name,30873,30872
MSG0.INI,changed,101808,30861,Face,2562,2551
MSG0.INI,changed,101808,30861,Jump,101809,
MSG0.INI,changed,101808,30861,Msg,（慢慢地走過來讓你輕輕的摸摸頭）,啊明天要是能再來我就感激不盡啦！不然靠老伯我一個人，每天趕都趕不完！
MSG0.INI,changed,101808,30861,Name,30862,30861
MSG0.INI,changed,101849,30864,Name,30865,30864
MSG0.INI,changed,101992,30872,Name,30873,30872
MSG0.INI,changed,101846,30863,Name,30864,30863
MSG0.INI,changed,101838,30863,Name,30864,30863
MSG0.INI,changed,101970,30870,Name,30871,30870
MSG0.INI,changed,101832,30863,Name,30864,30863
MSG0.INI,changed,101911,30865,Name,30866,30865
MSG0.INI,changed,101937,30868,Name,30869,30868
MSG0.INI,changed,101984,30872,Name,30873,30872
MSG0.INI,changed,101929,30867,Name,30868,30867
MSG0.INI,changed,101933,30867,Name,30868,30867
MSG0.INI,changed,101915,30866,Name,30867,30866
MSG0.INI,changed,101942,30868,Name,30869,30868
MSG0.INI,changed,101936,30867,Name,30868,30867
MSG0.INI,changed,101857,30864,Name,30865,30864
MSG0.INI,changed,101950,30868,Name,30869,30868
MSG0.INI,changed,101963,30869,Name,30870,30869
MSG0.INI,changed,101848,30864,Name,30865,30864
MSG0.INI,changed,101807,30861,Face,2258,2551
MSG0.INI,changed,101807,30861,Msg,你會想摸摸牠嗎？我想團團也會很開心認識你的！,明天要是能再幫忙打蜥蜴就感激不盡啦！不然靠老伯我一個人，每天趕都趕不完，菜苗都被食了了！
MSG0.INI,changed,101807,30861,Opt1,0,
MSG0.INI,changed,101807,30861,Opt2,0,
MSG0.INI,changed,101807,30861,Opt3,0,
MSG0.INI,changed,101807,30861,Opt4,0,
MSG0.INI,changed,101807,30861,OptJump1,101808,
MSG0.INI,changed,101807,30861,OptJump2,101810,
MSG0.INI,changed,101807,30861,OptJump3,101813,
MSG0.INI,changed,101807,30861,OptStr1,【我想摸摸牠！】,
MSG0.INI,changed,101807,30861,OptStr2,【我想餵牠吃竹葉】,
MSG0.INI,changed,101807,30861,OptStr3,【我想跟牠說說話】,
MSG0.INI,changed,101807,30861,OptStr4,【沒關係，下次吧！】,
MSG0.INI,changed,101807,30861,Trigger1,,"1,31,True,3,31660,20,0,1,12,1,3"
MSG0.INI,changed,101807,30861,Trigger2,,"1,85,True,0,5,8,5,31661,3,1,0,0,13,2,21295,0,13,2,21295,15,35,2,21295,630,27,2,0,910"
MSG0.INI,changed,101807,30861,Trigger3,,"1,85,False,0,5,8,5,31661,1,1,0,0,13,2,21295,0,13,2,21295,15,35,2,21295,1380,27,2,0,305"
MSG0.INI,changed,101807,30861,Trigger4,,"0,1,37,3,31660,20,0"
MSG0.INI,changed,101899,30866,Name,30867,30866
MSG0.INI,changed,101884,30865,Name,30866,30865
MSG0.INI,changed,101860,30864,Name,30865,30864
MSG0.INI,changed,101810,30861,Face,2258,
MSG0.INI,changed,101810,30861,Jump,101811,
MSG0.INI,changed,101810,30861,Msg,這裡正好有你拿回來的玉竹，你拿著靠過去，團團很聰明會接過竹葉開始吃的！,
MSG0.INI,changed,101810,30861,Name,30861,
MSG0.INI,changed,101961,30869,Name,30870,30869
MSG0.INI,changed,101793,,Jump,101795,
MSG0.INI,changed,101793,,Msg,只要力所能及，必定傾力相助，你說說是發生了什麼？,
MSG0.INI,changed,101939,30868,Name,30869,30868
MSG0.INI,changed,101854,30864,Name,30865,30864
MSG0.INI,changed,101858,30864,Name,30865,30864
MSG0.INI,changed,101941,30868,Name,30869,30868
MSG0.INI,changed,101958,30869,Name,30870,30869
MSG0.INI,changed,101943,30868,Name,30869,30868
MSG0.INI,changed,101886,30865,Name,30866,30865
MSG0.INI,changed,101957,30869,Name,30870,30869
MSG0.INI,changed,101861,30864,Name,30865,30864
MSG0.INI,changed,101831,30862,Name,30863,30862
MSG0.INI,changed,101986,30872,Name,30873,30872
MSG0.INI,changed,101977,30871,Name,30872,30871
MSG0.INI,changed,101852,30864,Name,30865,30864
MSG0.INI,changed,101927,30867,Name,30868,30867
MSG0.INI,changed,101991,30872,Name,30873,30872
MSG0.INI,changed,101824,30863,Name,30864,30863
MSG0.INI,changed,101990,30872,Name,30873,30872
MSG0.INI,changed,101924,30867,Name,30868,30867
MSG0.INI,changed,101822,30863,Name,30864,30863
MSG0.INI,changed,101964,30869,Name,30870,30869
MSG0.INI,changed,101928,30867,Name,30868,30867
MSG0.INI,changed,101981,30871,Name,30872,30871
MSG0.INI,changed,101816,30862,Face,2562,
MSG0.INI,changed,101816,30862,Msg,（用圓滾滾的眼睛看著你）,
MSG0.INI,changed,101816,30862,Name,30862,
MSG0.INI,changed,101971,30870,Name,30871,30870
MSG0.INI,changed,101979,30871,Name,30872,30871
MSG0.INI,changed,101935,30867,Name,30868,30867
MSG0.INI,changed,101904,30866,Name,30867,30866
MSG0.INI,changed,101845,30862,Name,30863,30862
MSG0.INI,changed,101882,30865,Name,30866,30865
MSG0.INI,changed,101966,30870,Name,30871,30870
MSG0.INI,changed,101949,30868,Name,30869,30868
MSG0.INI,changed,101813,,Jump,101814,
MSG0.INI,changed,101813,,Msg,團團～你好嗎？,
MSG0.INI,changed,101797,30861,Face,2258,
MSG0.INI,changed,101797,30861,Jump,101800,
MSG0.INI,changed,101797,30861,Msg,我想請你幫忙前往【平西關】從「玉竹盜匪」身上奪回15個「翡翠玉竹」，這樣團團今天的三餐就有著落了！,
MSG0.INI,changed,101797,30861,Name,30861,
MSG0.INI,changed,101881,30865,Name,30866,30865
MSG0.INI,changed,101862,30864,Name,30865,30864
MSG0.INI,changed,101897,30865,Name,30866,30865
MSG0.INI,changed,101945,30868,Name,30869,30868
MSG0.INI,changed,101856,30864,Name,30865,30864
MSG0.INI,changed,101821,30862,Name,30863,30862
MSG0.INI,changed,101932,30867,Name,30868,30867
MSG0.INI,changed,101946,30868,Name,30869,30868
MSG0.INI,changed,101998,30872,Name,30873,30872
MSG0.INI,changed,101967,30870,Name,30871,30870
MSG0.INI,changed,101805,30861,Face,2258,2551
MSG0.INI,changed,101805,30861,Msg,這些是我的一點心意，希望你收下，另外我也親手做了點寵物專用的點心，這顆「翠竹團子」若你有寵物可以讓牠嚐嚐看喜不喜歡！,厚！你看，打了滿滿一袋回來，結果路邊還是有草蜥蜴在走路。
MSG0.INI,changed,101836,30863,Name,30864,30863
MSG0.INI,changed,101802,30861,Face,2258,2551
MSG0.INI,changed,101802,30861,Jump,,101803
MSG0.INI,changed,101802,30861,Msg,翡翠玉竹似乎不夠15個，這樣團團今天會吃不飽的。,這些吃菜的草蜥蜴不知道從哪裡爬來的，我們塞北關附近沒有能捉他們的動物，鳥啊貓啊都不抓，結果就繁殖了一大堆。
MSG0.INI,changed,101922,30867,Name,30868,30867
MSG0.INI,changed,101909,30866,Name,30867,30866
MSG0.INI,changed,101817,30862,Name,30863,30862
MSG0.INI,changed,101908,30866,Name,30867,30866
MSG0.INI,changed,101795,30861,Face,2258,
MSG0.INI,changed,101795,30861,Jump,101796,
MSG0.INI,changed,101795,30861,Msg,其實前陣子為了讓團團暫時安頓在京城，我訂了一批上好的「翡翠玉竹」作為牠的飼料。,
MSG0.INI,changed,101795,30861,Name,30861,
MSG0.INI,changed,101910,30865,Name,30866,30865
MSG0.INI,changed,101823,30862,Name,30863,30862
MSG0.INI,changed,101921,30867,Name,30868,30867
MSG0.INI,changed,101806,30861,Face,,2551
MSG0.INI,changed,101806,30861,Msg,舉手之勞的小事，我也很喜歡動物，很高興能幫上忙！,少年仔，灰熊甘蝦你今仔日來鬥相共，來來，這綠豆糕請呷。
MSG0.INI,changed,101806,30861,Name,,30861
MSG0.INI,changed,101806,30861,Trigger1,"1,31,True,3,30688,15,0,1,12,1,101802",
MSG0.INI,changed,101806,30861,Trigger2,"1,85,True,0,4,8,5,30689,3,101815,0,0,27,2,0,575,103,1,150,37,3,30688,15,0",
MSG0.INI,changed,101806,30861,Trigger3,"1,85,False,0,4,8,5,30689,1,101815,0,0,27,2,0,190,103,1,50,37,3,30688,15,0",
MSG0.INI,changed,101806,30861,Trigger4,"0,4,13,2,21222,0,13,2,21222,15,35,2,21222,1380,36,2,21222,-1",
MSG0.INI,changed,101811,30862,Face,2562,
MSG0.INI,changed,101811,30862,Jump,101812,
MSG0.INI,changed,101811,30862,Msg,（走了過來開始開心的吃竹葉）,
MSG0.INI,changed,101811,30862,Name,30862,
MSG0.INI,changed,101894,30865,Name,30866,30865
MSG0.INI,changed,101938,30868,Name,30869,30868
MSG0.INI,changed,101997,30872,Name,30873,30872
MSG0.INI,changed,101956,30869,Name,30870,30869
MSG0.INI,changed,101934,30867,Name,30868,30867
MSG0.INI,changed,101800,30861,Face,,2551
MSG0.INI,changed,101800,30861,Msg,這些偷熊貓飼料的小賊就由我來懲罰！,菜園裡到處都被草蜥蜴啃的亂七八糟，根本種不下去了。
MSG0.INI,changed,101800,30861,Name,,30861
MSG0.INI,changed,101800,30861,Trigger1,"0,4,34,1,21222,33,3,21222,0,2,35,2,21222,-1,36,2,21222,-1","2,29,True,1,21295,28,False,2,21295,15,1,12,1,101808"
MSG0.INI,changed,101800,30861,Trigger2,,"5,29,True,1,21295,30,True,1,21295,28,True,2,21295,0,27,False,2,21295,0,31,False,3,31660,20,0,1,12,1,101805"
MSG0.INI,changed,101800,30861,Trigger3,,"4,29,True,1,21295,30,True,1,21295,28,True,2,21295,0,27,False,2,21295,0,1,12,1,101804"
MSG0.INI,changed,101800,30861,Trigger4,,"1,4,False,2,4,30,1,12,1,101801"
MSG0.INI,changed,101843,30862,Name,30863,30862
MSG0.INI,changed,101803,30861,Face,2258,2551
MSG0.INI,changed,101803,30861,Jump,101804,
MSG0.INI,changed,101803,30861,Msg,太好了！真是幸虧能有你出手相助，這樣今天就不怕讓團團餓肚子了！,根本是蜥滿為患啊！我現在就看見那邊躺著好幾隻曬太陽，少年仔你今天先幫我打20隻「草蜥蜴」回來吧！
MSG0.INI,changed,101803,30861,Trigger1,,"0,4,34,1,21295,33,3,21295,0,2,35,2,21295,-1,36,2,21295,-1"
MSG0.INI,changed,101917,30867,Name,30868,30867
MSG0.INI,changed,101951,30867,Name,30868,30867
MSG0.INI,changed,101902,30866,Name,30867,30866
MSG0.INI,changed,101814,30862,Face,2562,
MSG0.INI,changed,101814,30862,Msg,（似乎聽得懂，望著你的眼睛對你點點頭）,
MSG0.INI,changed,101814,30862,Name,30862,
MSG0.INI,changed,101996,30872,Name,30873,30872
MSG0.INI,changed,101801,30861,Face,2258,2551
MSG0.INI,changed,101801,30861,Jump,,101802
MSG0.INI,changed,101801,30861,Msg,偷走翡翠玉竹的「玉竹盜匪」就在【平西關】出沒，請你帶回「15個 翡翠玉竹」，這樣團團今天的三餐就有著落了！,義軍的少年仔，你有沒有空啊？幫我處理一下田裡的蜥蜴吧？我菜園裡到處都被啃的亂七八糟，根本種不下去了。
MSG0.INI,changed,101960,30869,Name,30870,30869
MSG0.INI,changed,101812,,Msg,好可愛呀！看牠吃得這麼香，我也差點想在竹子上咬兩口試試。,
MSG0.INI,changed,101796,30861,Face,2258,
MSG0.INI,changed,101796,30861,Jump,101797,
MSG0.INI,changed,101796,30861,Msg,但由於這批竹子同時也是上好的藝品原料之一，可能正因如此被人盯上了，在運來京城的半路上被「玉竹盜匪」給劫走了不少竹葉。,
MSG0.INI,changed,101796,30861,Name,30861,
MSG0.INI,changed,101912,30865,Name,30866,30865
MSG0.INI,changed,101889,30865,Name,30866,30865
MSG0.INI,changed,101975,30871,Name,30872,30871
MSG0.INI,changed,101976,30871,Name,30872,30871
MSG0.INI,changed,101905,30866,Name,30867,30866
MSG0.INI,changed,101883,30865,Name,30866,30865
MSG0.INI,changed,101930,30867,Name,30868,30867
MSG0.INI,changed,101855,30864,Name,30865,30864
MSG0.INI,changed,101790,,Jump,101791,
MSG0.INI,changed,101790,,Msg,哇！好罕見的大熊貓，京城如今也開始養熊貓了？,
MSG0.INI,changed,101925,30867,Name,30868,30867
MSG0.INI,changed,101837,30862,Name,30863,30862
MSG0.INI,changed,101974,30863,Name,30864,30863
MSG0.INI,changed,101896,30865,Name,30866,30865
MSG0.INI,changed,101995,30872,Name,30873,30872
MSG0.INI,changed,101962,30869,Name,30870,30869
MSG0.INI,changed,101993,30872,Name,30873,30872
MSG0.INI,changed,101913,30866,Name,30867,30866
MSG0.INI,changed,101891,30865,Name,30866,30865
MSG0.INI,changed,101973,30862,Name,30863,30862
MSG0.INI,changed,101926,30867,Name,30868,30867
MSG0.INI,changed,101827,30862,Name,30863,30862
MSG0.INI,changed,101818,30863,Name,30864,30863
MSG0.INI,changed,101969,30870,Name,30871,30870
MSG0.INI,changed,101940,30868,Name,30869,30868
MSG0.INI,changed,101901,30866,Name,30867,30866
MSG0.INI,changed,101815,30861,Face,2258,
MSG0.INI,changed,101815,30861,Msg,你的行囊應該是滿了，好像放不下東西了。,
MSG0.INI,changed,101815,30861,Name,30861,
MSG22.INI,changed,21866,,Msg,,百倍的「？？？」之魂，\n彷彿融入了我的元神當中，靈台感到完全的澄澈空明…！
MSG22.INI,changed,21866,,Opt1,,0
MSG22.INI,changed,21866,,Opt2,,0
MSG22.INI,changed,21866,,Opt3,,0
MSG22.INI,changed,21866,,Opt4,,0
MSG22.INI,changed,21866,,OptJump1,,21864
MSG22.INI,changed,21866,,OptJump2,,21865
MSG22.INI,changed,21866,,OptJump3,,21866
MSG22.INI,changed,21866,,OptJump4,,21889
MSG22.INI,changed,21866,,OptStr1,,【繼續使用 1 個！】
MSG22.INI,changed,21866,,OptStr2,,【繼續使用 10 個！】
MSG22.INI,changed,21866,,OptStr3,,【繼續使用 100 個！】
MSG22.INI,changed,21866,,OptStr4,,【改選其他降神之魂…】
MSG22.INI,changed,21866,,Trigger1,,"1,31,True,3,32876,100,0,1,12,1,22003"
MSG22.INI,changed,21866,,Trigger2,,"0,1,102,2,1133,100"
MSG22.INI,changed,21866,,Trigger3,,"0,1,37,3,32876,100,0"
MSG22.INI,changed,21864,,Msg,,「？？？」之魂，\n彷彿融入了我的元神當中，靈台感到一陣清明…！
MSG22.INI,changed,21864,,Opt1,,0
MSG22.INI,changed,21864,,Opt2,,0
MSG22.INI,changed,21864,,Opt3,,0
MSG22.INI,changed,21864,,Opt4,,0
MSG22.INI,changed,21864,,OptJump1,,21864
MSG22.INI,changed,21864,,OptJump2,,21865
MSG22.INI,changed,21864,,OptJump3,,21866
MSG22.INI,changed,21864,,OptJump4,,21889
MSG22.INI,changed,21864,,OptStr1,,【繼續使用 1 個！】
MSG22.INI,changed,21864,,OptStr2,,【繼續使用 10 個！】
MSG22.INI,changed,21864,,OptStr3,,【繼續使用 100 個！】
MSG22.INI,changed,21864,,OptStr4,,【改選其他降神之魂…】
MSG22.INI,changed,21864,,Trigger1,,"1,31,True,3,32876,1,0,1,12,1,22003"
MSG22.INI,changed,21864,,Trigger2,,"0,1,102,2,1133,1"
MSG22.INI,changed,21864,,Trigger3,,"0,1,37,3,32876,1,0"
MSG22.INI,changed,21867,,Msg,,「？？？」之降神魂玉在小福星手中漸碎為點點光塵，融入我的體內，蘊生出 1250 點的靈氣…
MSG22.INI,changed,21867,,Opt1,,0
MSG22.INI,changed,21867,,Opt2,,0
MSG22.INI,changed,21867,,Opt3,,0
MSG22.INI,changed,21867,,Opt4,,0
MSG22.INI,changed,21867,,OptJump1,,21867
MSG22.INI,changed,21867,,OptJump2,,21868
MSG22.INI,changed,21867,,OptJump3,,22489
MSG22.INI,changed,21867,,OptStr1,,【繼續使用 1 個！】
MSG22.INI,changed,21867,,OptStr2,,【繼續使用 10 個！】
MSG22.INI,changed,21867,,OptStr3,,【改選其他降神之魂…】
MSG22.INI,changed,21867,,OptStr4,,【離開】
MSG22.INI,changed,21867,,Trigger1,,"1,31,True,3,32876,1,0,1,12,1,22003"
MSG22.INI,changed,21867,,Trigger2,,"0,1,103,1,1250"
MSG22.INI,changed,21867,,Trigger3,,"0,1,37,3,32876,1,0"
MSG22.INI,changed,21848,,Msg,,許多個「？？？」之降神魂玉在小福星手中漸碎為點點光塵，融入我的體內，蘊生出 12500 點的靈氣…
MSG22.INI,changed,21848,,Opt1,,0
MSG22.INI,changed,21848,,Opt2,,0
MSG22.INI,changed,21848,,Opt3,,0
MSG22.INI,changed,21848,,Opt4,,0
MSG22.INI,changed,21848,,OptJump1,,21847
MSG22.INI,changed,21848,,OptJump2,,21848
MSG22.INI,changed,21848,,OptJump3,,22489
MSG22.INI,changed,21848,,OptStr1,,【繼續使用 1 個！】
MSG22.INI,changed,21848,,OptStr2,,【繼續使用 10 個！】
MSG22.INI,changed,21848,,OptStr3,,【改選其他降神之魂…】
MSG22.INI,changed,21848,,OptStr4,,【離開】
MSG22.INI,changed,21848,,Trigger1,,"1,31,True,3,32872,10,0,1,12,1,22003"
MSG22.INI,changed,21848,,Trigger2,,"0,1,103,1,12500"
MSG22.INI,changed,21848,,Trigger3,,"0,1,37,3,32872,10,0"
MSG22.INI,changed,21847,,Msg,,「？？？」之降神魂玉在小福星手中漸碎為點點光塵，融入我的體內，蘊生出 1250 點的靈氣…
MSG22.INI,changed,21847,,Opt1,,0
MSG22.INI,changed,21847,,Opt2,,0
MSG22.INI,changed,21847,,Opt3,,0
MSG22.INI,changed,21847,,Opt4,,0
MSG22.INI,changed,21847,,OptJump1,,21847
MSG22.INI,changed,21847,,OptJump2,,21848
MSG22.INI,changed,21847,,OptJump3,,22489
MSG22.INI,changed,21847,,OptStr1,,【繼續使用 1 個！】
MSG22.INI,changed,21847,,OptStr2,,【繼續使用 10 個！】
MSG22.INI,changed,21847,,OptStr3,,【改選其他降神之魂…】
MSG22.INI,changed,21847,,OptStr4,,【離開】
MSG22.INI,changed,21847,,Trigger1,,"1,31,True,3,32872,1,0,1,12,1,22003"
MSG22.INI,changed,21847,,Trigger2,,"0,1,103,1,1250"
MSG22.INI,changed,21847,,Trigger3,,"0,1,37,3,32872,1,0"
MSG22.INI,changed,21863,,Msg,,許多個「？？？」之降神魂玉在小福星手中漸碎為點點光塵，融入我的體內，蘊生出 12500 點的靈氣…
MSG22.INI,changed,21863,,Opt1,,0
MSG22.INI,changed,21863,,Opt2,,0
MSG22.INI,changed,21863,,Opt3,,0
MSG22.INI,changed,21863,,Opt4,,0
MSG22.INI,changed,21863,,OptJump1,,21862
MSG22.INI,changed,21863,,OptJump2,,21863
MSG22.INI,changed,21863,,OptJump3,,22489
MSG22.INI,changed,21863,,OptStr1,,【繼續使用 1 個！】
MSG22.INI,changed,21863,,OptStr2,,【繼續使用 10 個！】
MSG22.INI,changed,21863,,OptStr3,,【改選其他降神之魂…】
MSG22.INI,changed,21863,,OptStr4,,【離開】
MSG22.INI,changed,21863,,Trigger1,,"1,31,True,3,32875,10,0,1,12,1,22003"
MSG22.INI,changed,21863,,Trigger2,,"0,1,103,1,12500"
MSG22.INI,changed,21863,,Trigger3,,"0,1,37,3,32875,10,0"
MSG22.INI,changed,21865,,Msg,,十倍的「？？？」之魂，\n彷彿融入了我的元神當中，靈台感到無比清明…！
MSG22.INI,changed,21865,,Opt1,,0
MSG22.INI,changed,21865,,Opt2,,0
MSG22.INI,changed,21865,,Opt3,,0
MSG22.INI,changed,21865,,Opt4,,0
MSG22.INI,changed,21865,,OptJump1,,21864
MSG22.INI,changed,21865,,OptJump2,,21865
MSG22.INI,changed,21865,,OptJump3,,21866
MSG22.INI,changed,21865,,OptJump4,,21889
MSG22.INI,changed,21865,,OptStr1,,【繼續使用 1 個！】
MSG22.INI,changed,21865,,OptStr2,,【繼續使用 10 個！】
MSG22.INI,changed,21865,,OptStr3,,【繼續使用 100 個！】
MSG22.INI,changed,21865,,OptStr4,,【改選其他降神之魂…】
MSG22.INI,changed,21865,,Trigger1,,"1,31,True,3,32876,10,0,1,12,1,22003"
MSG22.INI,changed,21865,,Trigger2,,"0,1,102,2,1133,10"
MSG22.INI,changed,21865,,Trigger3,,"0,1,37,3,32876,10,0"
MSG22.INI,changed,21840,,Msg,,十倍的「花無缺」之魂，\n彷彿融入了我的元神當中，靈台感到無比清明…！
MSG22.INI,changed,21840,,Opt1,,0
MSG22.INI,changed,21840,,Opt2,,0
MSG22.INI,changed,21840,,Opt3,,0
MSG22.INI,changed,21840,,Opt4,,0
MSG22.INI,changed,21840,,OptJump1,,21839
MSG22.INI,changed,21840,,OptJump2,,21840
MSG22.INI,changed,21840,,OptJump3,,21841
MSG22.INI,changed,21840,,OptJump4,,21889
MSG22.INI,changed,21840,,OptStr1,,【繼續使用 1 個！】
MSG22.INI,changed,21840,,OptStr2,,【繼續使用 10 個！】
MSG22.INI,changed,21840,,OptStr3,,【繼續使用 100 個！】
MSG22.INI,changed,21840,,OptStr4,,【改選其他降神之魂…】
MSG22.INI,changed,21840,,Trigger1,,"1,31,True,3,32871,10,0,1,12,1,22003"
MSG22.INI,changed,21840,,Trigger2,,"0,1,102,2,1128,10"
MSG22.INI,changed,21840,,Trigger3,,"0,1,37,3,32871,10,0"
MSG22.INI,changed,21856,,Msg,,百倍的「？？？」之魂，\n彷彿融入了我的元神當中，靈台感到完全的澄澈空明…！
MSG22.INI,changed,21856,,Opt1,,0
MSG22.INI,changed,21856,,Opt2,,0
MSG22.INI,changed,21856,,Opt3,,0
MSG22.INI,changed,21856,,Opt4,,0
MSG22.INI,changed,21856,,OptJump1,,21854
MSG22.INI,changed,21856,,OptJump2,,21855
MSG22.INI,changed,21856,,OptJump3,,21856
MSG22.INI,changed,21856,,OptJump4,,21889
MSG22.INI,changed,21856,,OptStr1,,【繼續使用 1 個！】
MSG22.INI,changed,21856,,OptStr2,,【繼續使用 10 個！】
MSG22.INI,changed,21856,,OptStr3,,【繼續使用 100 個！】
MSG22.INI,changed,21856,,OptStr4,,【改選其他降神之魂…】
MSG22.INI,changed,21856,,Trigger1,,"1,31,True,3,32874,100,0,1,12,1,22003"
MSG22.INI,changed,21856,,Trigger2,,"0,1,102,2,1131,100"
MSG22.INI,changed,21856,,Trigger3,,"0,1,37,3,32874,100,0"
MSG22.INI,changed,21844,,Msg,,「？？？」之魂，\n彷彿融入了我的元神當中，靈台感到一陣清明…！
MSG22.INI,changed,21844,,Opt1,,0
MSG22.INI,changed,21844,,Opt2,,0
MSG22.INI,changed,21844,,Opt3,,0
MSG22.INI,changed,21844,,Opt4,,0
MSG22.INI,changed,21844,,OptJump1,,21844
MSG22.INI,changed,21844,,OptJump2,,21845
MSG22.INI,changed,21844,,OptJump3,,21846
MSG22.INI,changed,21844,,OptJump4,,21889
MSG22.INI,changed,21844,,OptStr1,,【繼續使用 1 個！】
MSG22.INI,changed,21844,,OptStr2,,【繼續使用 10 個！】
MSG22.INI,changed,21844,,OptStr3,,【繼續使用 100 個！】
MSG22.INI,changed,21844,,OptStr4,,【改選其他降神之魂…】
MSG22.INI,changed,21844,,Trigger1,,"1,31,True,3,32872,1,0,1,12,1,22003"
MSG22.INI,changed,21844,,Trigger2,,"0,1,102,2,1129,1"
MSG22.INI,changed,21844,,Trigger3,,"0,1,37,3,32872,1,0"
MSG22.INI,changed,21843,,Msg,,許多個「花無缺」之降神魂玉在小福星手中漸碎為點點光塵，融入我的體內，蘊生出 12500 點的靈氣…
MSG22.INI,changed,21843,,Opt1,,0
MSG22.INI,changed,21843,,Opt2,,0
MSG22.INI,changed,21843,,Opt3,,0
MSG22.INI,changed,21843,,Opt4,,0
MSG22.INI,changed,21843,,OptJump1,,21842
MSG22.INI,changed,21843,,OptJump2,,21843
MSG22.INI,changed,21843,,OptJump3,,22489
MSG22.INI,changed,21843,,OptStr1,,【繼續使用 1 個！】
MSG22.INI,changed,21843,,OptStr2,,【繼續使用 10 個！】
MSG22.INI,changed,21843,,OptStr3,,【改選其他降神之魂…】
MSG22.INI,changed,21843,,OptStr4,,【離開】
MSG22.INI,changed,21843,,Trigger1,,"1,31,True,3,32871,10,0,1,12,1,22003"
MSG22.INI,changed,21843,,Trigger2,,"0,1,103,1,12500"
MSG22.INI,changed,21843,,Trigger3,,"0,1,37,3,32871,10,0"
MSG22.INI,changed,21857,,Msg,,「？？？」之降神魂玉在小福星手中漸碎為點點光塵，融入我的體內，蘊生出 1250 點的靈氣…
MSG22.INI,changed,21857,,Opt1,,0
MSG22.INI,changed,21857,,Opt2,,0
MSG22.INI,changed,21857,,Opt3,,0
MSG22.INI,changed,21857,,Opt4,,0
MSG22.INI,changed,21857,,OptJump1,,21857
MSG22.INI,changed,21857,,OptJump2,,21858
MSG22.INI,changed,21857,,OptJump3,,22489
MSG22.INI,changed,21857,,OptStr1,,【繼續使用 1 個！】
MSG22.INI,changed,21857,,OptStr2,,【繼續使用 10 個！】
MSG22.INI,changed,21857,,OptStr3,,【改選其他降神之魂…】
MSG22.INI,changed,21857,,OptStr4,,【離開】
MSG22.INI,changed,21857,,Trigger1,,"1,31,True,3,32874,1,0,1,12,1,22003"
MSG22.INI,changed,21857,,Trigger2,,"0,1,103,1,1250"
MSG22.INI,changed,21857,,Trigger3,,"0,1,37,3,32874,1,0"
MSG22.INI,changed,21941,30739,Msg,,小凡人，你想選【新絕代雙驕系列】中哪個降神魂魄，來提高你的【仙術降神】修為積累呀？
MSG22.INI,changed,21941,30739,Opt1,,0
MSG22.INI,changed,21941,30739,Opt2,,0
MSG22.INI,changed,21941,30739,Opt3,,0
MSG22.INI,changed,21941,30739,OptJump1,,21864
MSG22.INI,changed,21941,30739,OptJump2,,21889
MSG22.INI,changed,21941,30739,OptStr1,,【使用「降神：？？？之魂」 1 個！】
MSG22.INI,changed,21941,30739,OptStr2,,【改選其他系列降神魂魄物品…】
MSG22.INI,changed,21941,30739,OptStr3,,【離開】
MSG22.INI,changed,21893,30739,OptJump1,21916,21915
MSG22.INI,changed,21893,30739,OptJump2,21918,21916
MSG22.INI,changed,21893,30739,OptJump3,21921,21918
MSG22.INI,changed,21893,30739,OptStr1,【神級降神系列魂魄】,【傳說系列降神魂魄】
MSG22.INI,changed,21893,30739,OptStr2,【仙級降神系列魂魄】,【神級降神系列魂魄】
MSG22.INI,changed,21893,30739,OptStr3,【高級降神系列魂魄】,【仙級降神系列魂魄】
MSG22.INI,changed,21860,,Msg,,十倍的「？？？」之魂，\n彷彿融入了我的元神當中，靈台感到無比清明…！
MSG22.INI,changed,21860,,Opt1,,0
MSG22.INI,changed,21860,,Opt2,,0
MSG22.INI,changed,21860,,Opt3,,0
MSG22.INI,changed,21860,,Opt4,,0
MSG22.INI,changed,21860,,OptJump1,,21859
MSG22.INI,changed,21860,,OptJump2,,21860
MSG22.INI,changed,21860,,OptJump3,,21861
MSG22.INI,changed,21860,,OptJump4,,21889
MSG22.INI,changed,21860,,OptStr1,,【繼續使用 1 個！】
MSG22.INI,changed,21860,,OptStr2,,【繼續使用 10 個！】
MSG22.INI,changed,21860,,OptStr3,,【繼續使用 100 個！】
MSG22.INI,changed,21860,,OptStr4,,【改選其他降神之魂…】
MSG22.INI,changed,21860,,Trigger1,,"1,31,True,3,32875,10,0,1,12,1,22003"
MSG22.INI,changed,21860,,Trigger2,,"0,1,102,2,1132,10"
MSG22.INI,changed,21860,,Trigger3,,"0,1,37,3,32875,10,0"
MSG22.INI,changed,21850,,Msg,,十倍的「？？？」之魂，\n彷彿融入了我的元神當中，靈台感到無比清明…！
MSG22.INI,changed,21850,,Opt1,,0
MSG22.INI,changed,21850,,Opt2,,0
MSG22.INI,changed,21850,,Opt3,,0
MSG22.INI,changed,21850,,Opt4,,0
MSG22.INI,changed,21850,,OptJump1,,21849
MSG22.INI,changed,21850,,OptJump2,,21850
MSG22.INI,changed,21850,,OptJump3,,21851
MSG22.INI,changed,21850,,OptJump4,,21889
MSG22.INI,changed,21850,,OptStr1,,【繼續使用 1 個！】
MSG22.INI,changed,21850,,OptStr2,,【繼續使用 10 個！】
MSG22.INI,changed,21850,,OptStr3,,【繼續使用 100 個！】
MSG22.INI,changed,21850,,OptStr4,,【改選其他降神之魂…】
MSG22.INI,changed,21850,,Trigger1,,"1,31,True,3,32873,10,0,1,12,1,22003"
MSG22.INI,changed,21850,,Trigger2,,"0,1,102,2,1130,10"
MSG22.INI,changed,21850,,Trigger3,,"0,1,37,3,32873,10,0"
MSG22.INI,changed,21940,30739,Msg,,小凡人，你想選【新絕代雙驕系列】中哪個降神魂魄，來提高你的【仙術降神】修為積累呀？
MSG22.INI,changed,21940,30739,Opt1,,0
MSG22.INI,changed,21940,30739,Opt2,,0
MSG22.INI,changed,21940,30739,Opt3,,0
MSG22.INI,changed,21940,30739,Opt4,,0
MSG22.INI,changed,21940,30739,OptJump1,,21849
MSG22.INI,changed,21940,30739,OptJump2,,21854
MSG22.INI,changed,21940,30739,OptJump3,,21859
MSG22.INI,changed,21940,30739,OptJump4,,21941
MSG22.INI,changed,21940,30739,OptStr1,,【使用「降神：？？？之魂」 1 個！】
MSG22.INI,changed,21940,30739,OptStr2,,【使用「降神：？？？之魂」 1 個！】
MSG22.INI,changed,21940,30739,OptStr3,,【使用「降神：？？？之魂」 1 個！】
MSG22.INI,changed,21940,30739,OptStr4,,【看下一頁】
MSG22.INI,changed,21890,30739,OptJump1,21896,21901
MSG22.INI,changed,21890,30739,OptJump2,21901,21905
MSG22.INI,changed,21890,30739,OptJump3,21899,21908
MSG22.INI,changed,21890,30739,OptStr1,【幻想三國誌聯動系列降神魂魄】,【幻世錄三轉系列降神魂魄】
MSG22.INI,changed,21890,30739,OptStr2,【幻世錄三轉系列降神魂魄】,【幻世錄二轉系列降神魂魄】
MSG22.INI,changed,21890,30739,OptStr3,【真侍魂聯動系列降神魂魄】,【幻世錄一轉系列降神魂魄】
MSG22.INI,changed,21868,,Msg,,許多個「？？？」之降神魂玉在小福星手中漸碎為點點光塵，融入我的體內，蘊生出 12500 點的靈氣…
MSG22.INI,changed,21868,,Opt1,,0
MSG22.INI,changed,21868,,Opt2,,0
MSG22.INI,changed,21868,,Opt3,,0
MSG22.INI,changed,21868,,Opt4,,0
MSG22.INI,changed,21868,,OptJump1,,21867
MSG22.INI,changed,21868,,OptJump2,,21868
MSG22.INI,changed,21868,,OptJump3,,22489
MSG22.INI,changed,21868,,OptStr1,,【繼續使用 1 個！】
MSG22.INI,changed,21868,,OptStr2,,【繼續使用 10 個！】
MSG22.INI,changed,21868,,OptStr3,,【改選其他降神之魂…】
MSG22.INI,changed,21868,,OptStr4,,【離開】
MSG22.INI,changed,21868,,Trigger1,,"1,31,True,3,32876,10,0,1,12,1,22003"
MSG22.INI,changed,21868,,Trigger2,,"0,1,103,1,12500"
MSG22.INI,changed,21868,,Trigger3,,"0,1,37,3,32876,10,0"
MSG22.INI,changed,21889,30739,OptJump1,21937,21939
MSG22.INI,changed,21889,30739,OptJump2,21935,21937
MSG22.INI,changed,21889,30739,OptJump3,21933,21896
MSG22.INI,changed,21889,30739,OptStr1,【超時空系列降神魂魄】,【新絕代雙驕聯動系列降神魂魄】
MSG22.INI,changed,21889,30739,OptStr2,【活俠傳聯動系列降神魂魄】,【超時空系列降神魂魄】
MSG22.INI,changed,21889,30739,OptStr3,【TBF東離劍遊紀聯動系列降神魂魄】,【幻想三國誌聯動系列降神魂魄】
MSG22.INI,changed,21838,,Msg,,許多個「江小魚」之降神魂玉在小福星手中漸碎為點點光塵，融入我的體內，蘊生出 12500 點的靈氣…
MSG22.INI,changed,21838,,Opt1,,0
MSG22.INI,changed,21838,,Opt2,,0
MSG22.INI,changed,21838,,Opt3,,0
MSG22.INI,changed,21838,,Opt4,,0
MSG22.INI,changed,21838,,OptJump1,,21837
MSG22.INI,changed,21838,,OptJump2,,21838
MSG22.INI,changed,21838,,OptJump3,,22489
MSG22.INI,changed,21838,,OptStr1,,【繼續使用 1 個！】
MSG22.INI,changed,21838,,OptStr2,,【繼續使用 10 個！】
MSG22.INI,changed,21838,,OptStr3,,【改選其他降神之魂…】
MSG22.INI,changed,21838,,OptStr4,,【離開】
MSG22.INI,changed,21838,,Trigger1,,"1,31,True,3,32870,10,0,1,12,1,22003"
MSG22.INI,changed,21838,,Trigger2,,"0,1,103,1,12500"
MSG22.INI,changed,21838,,Trigger3,,"0,1,37,3,32870,10,0"
MSG22.INI,changed,21837,,Msg,,「江小魚」之降神魂玉在小福星手中漸碎為點點光塵，融入我的體內，蘊生出 1250 點的靈氣…
MSG22.INI,changed,21837,,Opt1,,0
MSG22.INI,changed,21837,,Opt2,,0
MSG22.INI,changed,21837,,Opt3,,0
MSG22.INI,changed,21837,,Opt4,,0
MSG22.INI,changed,21837,,OptJump1,,21837
MSG22.INI,changed,21837,,OptJump2,,21838
MSG22.INI,changed,21837,,OptJump3,,22489
MSG22.INI,changed,21837,,OptStr1,,【繼續使用 1 個！】
MSG22.INI,changed,21837,,OptStr2,,【繼續使用 10 個！】
MSG22.INI,changed,21837,,OptStr3,,【改選其他降神之魂…】
MSG22.INI,changed,21837,,OptStr4,,【離開】
MSG22.INI,changed,21837,,Trigger1,,"1,31,True,3,32870,1,0,1,12,1,22003"
MSG22.INI,changed,21837,,Trigger2,,"0,1,103,1,1250"
MSG22.INI,changed,21837,,Trigger3,,"0,1,37,3,32870,1,0"
MSG22.INI,changed,21861,,Msg,,百倍的「？？？」之魂，\n彷彿融入了我的元神當中，靈台感到完全的澄澈空明…！
MSG22.INI,changed,21861,,Opt1,,0
MSG22.INI,changed,21861,,Opt2,,0
MSG22.INI,changed,21861,,Opt3,,0
MSG22.INI,changed,21861,,Opt4,,0
MSG22.INI,changed,21861,,OptJump1,,21859
MSG22.INI,changed,21861,,OptJump2,,21860
MSG22.INI,changed,21861,,OptJump3,,21861
MSG22.INI,changed,21861,,OptJump4,,21889
MSG22.INI,changed,21861,,OptStr1,,【繼續使用 1 個！】
MSG22.INI,changed,21861,,OptStr2,,【繼續使用 10 個！】
MSG22.INI,changed,21861,,OptStr3,,【繼續使用 100 個！】
MSG22.INI,changed,21861,,OptStr4,,【改選其他降神之魂…】
MSG22.INI,changed,21861,,Trigger1,,"1,31,True,3,32875,100,0,1,12,1,22003"
MSG22.INI,changed,21861,,Trigger2,,"0,1,102,2,1132,100"
MSG22.INI,changed,21861,,Trigger3,,"0,1,37,3,32875,100,0"
MSG22.INI,changed,21891,30739,OptJump1,21904,21911
MSG22.INI,changed,21891,30739,OptJump2,21905,21913
MSG22.INI,changed,21891,30739,OptJump3,21908,21904
MSG22.INI,changed,21891,30739,OptStr1,【霹靂布袋戲聯動系列降神魂魄】,【幻想三國誌5系列降神魂魄】
MSG22.INI,changed,21891,30739,OptStr2,【幻世錄二轉系列降神魂魄】,【三國英雄系列降神魂魄】
MSG22.INI,changed,21891,30739,OptStr3,【幻世錄一轉系列降神魂魄】,【霹靂布袋戲聯動系列降神魂魄】
MSG22.INI,changed,21939,30739,Msg,,小凡人，你想選【新絕代雙驕系列】中哪個降神魂魄，來提高你的【仙術降神】修為積累呀？
MSG22.INI,changed,21939,30739,Opt1,,0
MSG22.INI,changed,21939,30739,Opt2,,0
MSG22.INI,changed,21939,30739,Opt3,,0
MSG22.INI,changed,21939,30739,Opt4,,0
MSG22.INI,changed,21939,30739,OptJump1,,21834
MSG22.INI,changed,21939,30739,OptJump2,,21839
MSG22.INI,changed,21939,30739,OptJump3,,21844
MSG22.INI,changed,21939,30739,OptJump4,,21940
MSG22.INI,changed,21939,30739,OptStr1,,【使用「降神：江小魚之魂」 1 個！】
MSG22.INI,changed,21939,30739,OptStr2,,【使用「降神：花無缺之魂」 1 個！】
MSG22.INI,changed,21939,30739,OptStr3,,【使用「降神：？？？之魂」 1 個！】
MSG22.INI,changed,21939,30739,OptStr4,,【看下一頁】
MSG22.INI,changed,21849,,Msg,,「？？？」之魂，\n彷彿融入了我的元神當中，靈台感到一陣清明…！
MSG22.INI,changed,21849,,Opt1,,0
MSG22.INI,changed,21849,,Opt2,,0
MSG22.INI,changed,21849,,Opt3,,0
MSG22.INI,changed,21849,,Opt4,,0
MSG22.INI,changed,21849,,OptJump1,,21849
MSG22.INI,changed,21849,,OptJump2,,21850
MSG22.INI,changed,21849,,OptJump3,,21851
MSG22.INI,changed,21849,,OptJump4,,21889
MSG22.INI,changed,21849,,OptStr1,,【繼續使用 1 個！】
MSG22.INI,changed,21849,,OptStr2,,【繼續使用 10 個！】
MSG22.INI,changed,21849,,OptStr3,,【繼續使用 100 個！】
MSG22.INI,changed,21849,,OptStr4,,【改選其他降神之魂…】
MSG22.INI,changed,21849,,Trigger1,,"1,31,True,3,32873,1,0,1,12,1,22003"
MSG22.INI,changed,21849,,Trigger2,,"0,1,102,2,1130,1"
MSG22.INI,changed,21849,,Trigger3,,"0,1,37,3,32873,1,0"
MSG22.INI,changed,21846,,Msg,,百倍的「？？？」之魂，\n彷彿融入了我的元神當中，靈台感到完全的澄澈空明…！
MSG22.INI,changed,21846,,Opt1,,0
MSG22.INI,changed,21846,,Opt2,,0
MSG22.INI,changed,21846,,Opt3,,0
MSG22.INI,changed,21846,,Opt4,,0
MSG22.INI,changed,21846,,OptJump1,,21844
MSG22.INI,changed,21846,,OptJump2,,21845
MSG22.INI,changed,21846,,OptJump3,,21846
MSG22.INI,changed,21846,,OptJump4,,21889
MSG22.INI,changed,21846,,OptStr1,,【繼續使用 1 個！】
MSG22.INI,changed,21846,,OptStr2,,【繼續使用 10 個！】
MSG22.INI,changed,21846,,OptStr3,,【繼續使用 100 個！】
MSG22.INI,changed,21846,,OptStr4,,【改選其他降神之魂…】
MSG22.INI,changed,21846,,Trigger1,,"1,31,True,3,32872,100,0,1,12,1,22003"
MSG22.INI,changed,21846,,Trigger2,,"0,1,102,2,1129,100"
MSG22.INI,changed,21846,,Trigger3,,"0,1,37,3,32872,100,0"
MSG22.INI,changed,21852,,Msg,,「？？？」之降神魂玉在小福星手中漸碎為點點光塵，融入我的體內，蘊生出 1250 點的靈氣…
MSG22.INI,changed,21852,,Opt1,,0
MSG22.INI,changed,21852,,Opt2,,0
MSG22.INI,changed,21852,,Opt3,,0
MSG22.INI,changed,21852,,Opt4,,0
MSG22.INI,changed,21852,,OptJump1,,21852
MSG22.INI,changed,21852,,OptJump2,,21853
MSG22.INI,changed,21852,,OptJump3,,22489
MSG22.INI,changed,21852,,OptStr1,,【繼續使用 1 個！】
MSG22.INI,changed,21852,,OptStr2,,【繼續使用 10 個！】
MSG22.INI,changed,21852,,OptStr3,,【改選其他降神之魂…】
MSG22.INI,changed,21852,,OptStr4,,【離開】
MSG22.INI,changed,21852,,Trigger1,,"1,31,True,3,32873,1,0,1,12,1,22003"
MSG22.INI,changed,21852,,Trigger2,,"0,1,103,1,1250"
MSG22.INI,changed,21852,,Trigger3,,"0,1,37,3,32873,1,0"
MSG22.INI,changed,21892,30739,OptJump1,21911,21935
MSG22.INI,changed,21892,30739,OptJump2,21913,21933
MSG22.INI,changed,21892,30739,OptJump3,21915,21899
MSG22.INI,changed,21892,30739,OptStr1,【幻想三國誌5系列降神魂魄】,【活俠傳聯動系列降神魂魄】
MSG22.INI,changed,21892,30739,OptStr2,【三國英雄系列降神魂魄】,【TBF東離劍遊紀聯動系列降神魂魄】
MSG22.INI,changed,21892,30739,OptStr3,【傳說系列降神魂魄】,【真侍魂聯動系列降神魂魄】
MSG22.INI,changed,21862,,Msg,,「？？？」之降神魂玉在小福星手中漸碎為點點光塵，融入我的體內，蘊生出 1250 點的靈氣…
MSG22.INI,changed,21862,,Opt1,,0
MSG22.INI,changed,21862,,Opt2,,0
MSG22.INI,changed,21862,,Opt3,,0
MSG22.INI,changed,21862,,Opt4,,0
MSG22.INI,changed,21862,,OptJump1,,21862
MSG22.INI,changed,21862,,OptJump2,,21863
MSG22.INI,changed,21862,,OptJump3,,22489
MSG22.INI,changed,21862,,OptStr1,,【繼續使用 1 個！】
MSG22.INI,changed,21862,,OptStr2,,【繼續使用 10 個！】
MSG22.INI,changed,21862,,OptStr3,,【改選其他降神之魂…】
MSG22.INI,changed,21862,,OptStr4,,【離開】
MSG22.INI,changed,21862,,Trigger1,,"1,31,True,3,32875,1,0,1,12,1,22003"
MSG22.INI,changed,21862,,Trigger2,,"0,1,103,1,1250"
MSG22.INI,changed,21862,,Trigger3,,"0,1,37,3,32875,1,0"
MSG22.INI,changed,21859,,Msg,,「？？？」之魂，\n彷彿融入了我的元神當中，靈台感到一陣清明…！
MSG22.INI,changed,21859,,Opt1,,0
MSG22.INI,changed,21859,,Opt2,,0
MSG22.INI,changed,21859,,Opt3,,0
MSG22.INI,changed,21859,,Opt4,,0
MSG22.INI,changed,21859,,OptJump1,,21859
MSG22.INI,changed,21859,,OptJump2,,21860
MSG22.INI,changed,21859,,OptJump3,,21861
MSG22.INI,changed,21859,,OptJump4,,21889
MSG22.INI,changed,21859,,OptStr1,,【繼續使用 1 個！】
MSG22.INI,changed,21859,,OptStr2,,【繼續使用 10 個！】
MSG22.INI,changed,21859,,OptStr3,,【繼續使用 100 個！】
MSG22.INI,changed,21859,,OptStr4,,【改選其他降神之魂…】
MSG22.INI,changed,21859,,Trigger1,,"1,31,True,3,32875,1,0,1,12,1,22003"
MSG22.INI,changed,21859,,Trigger2,,"0,1,102,2,1132,1"
MSG22.INI,changed,21859,,Trigger3,,"0,1,37,3,32875,1,0"
MSG22.INI,changed,21858,,Msg,,許多個「？？？」之降神魂玉在小福星手中漸碎為點點光塵，融入我的體內，蘊生出 12500 點的靈氣…
MSG22.INI,changed,21858,,Opt1,,0
MSG22.INI,changed,21858,,Opt2,,0
MSG22.INI,changed,21858,,Opt3,,0
MSG22.INI,changed,21858,,Opt4,,0
MSG22.INI,changed,21858,,OptJump1,,21857
MSG22.INI,changed,21858,,OptJump2,,21858
MSG22.INI,changed,21858,,OptJump3,,22489
MSG22.INI,changed,21858,,OptStr1,,【繼續使用 1 個！】
MSG22.INI,changed,21858,,OptStr2,,【繼續使用 10 個！】
MSG22.INI,changed,21858,,OptStr3,,【改選其他降神之魂…】
MSG22.INI,changed,21858,,OptStr4,,【離開】
MSG22.INI,changed,21858,,Trigger1,,"1,31,True,3,32874,10,0,1,12,1,22003"
MSG22.INI,changed,21858,,Trigger2,,"0,1,103,1,12500"
MSG22.INI,changed,21858,,Trigger3,,"0,1,37,3,32874,10,0"
MSG22.INI,changed,21851,,Msg,,百倍的「？？？」之魂，\n彷彿融入了我的元神當中，靈台感到完全的澄澈空明…！
MSG22.INI,changed,21851,,Opt1,,0
MSG22.INI,changed,21851,,Opt2,,0
MSG22.INI,changed,21851,,Opt3,,0
MSG22.INI,changed,21851,,Opt4,,0
MSG22.INI,changed,21851,,OptJump1,,21849
MSG22.INI,changed,21851,,OptJump2,,21850
MSG22.INI,changed,21851,,OptJump3,,21851
MSG22.INI,changed,21851,,OptJump4,,21889
MSG22.INI,changed,21851,,OptStr1,,【繼續使用 1 個！】
MSG22.INI,changed,21851,,OptStr2,,【繼續使用 10 個！】
MSG22.INI,changed,21851,,OptStr3,,【繼續使用 100 個！】
MSG22.INI,changed,21851,,OptStr4,,【改選其他降神之魂…】
MSG22.INI,changed,21851,,Trigger1,,"1,31,True,3,32873,100,0,1,12,1,22003"
MSG22.INI,changed,21851,,Trigger2,,"0,1,102,2,1130,100"
MSG22.INI,changed,21851,,Trigger3,,"0,1,37,3,32873,100,0"
MSG22.INI,changed,21836,,Msg,,百倍的「江小魚」之魂，\n彷彿融入了我的元神當中，靈台感到完全的澄澈空明…！
MSG22.INI,changed,21836,,Opt1,,0
MSG22.INI,changed,21836,,Opt2,,0
MSG22.INI,changed,21836,,Opt3,,0
MSG22.INI,changed,21836,,Opt4,,0
MSG22.INI,changed,21836,,OptJump1,,21834
MSG22.INI,changed,21836,,OptJump2,,21835
MSG22.INI,changed,21836,,OptJump3,,21836
MSG22.INI,changed,21836,,OptJump4,,21889
MSG22.INI,changed,21836,,OptStr1,,【繼續使用 1 個！】
MSG22.INI,changed,21836,,OptStr2,,【繼續使用 10 個！】
MSG22.INI,changed,21836,,OptStr3,,【繼續使用 100 個！】
MSG22.INI,changed,21836,,OptStr4,,【改選其他降神之魂…】
MSG22.INI,changed,21836,,Trigger1,,"1,31,True,3,32870,100,0,1,12,1,22003"
MSG22.INI,changed,21836,,Trigger2,,"0,1,102,2,1127,100"
MSG22.INI,changed,21836,,Trigger3,,"0,1,37,3,32870,100,0"
MSG22.INI,changed,21841,,Msg,,百倍的「花無缺」之魂，\n彷彿融入了我的元神當中，靈台感到完全的澄澈空明…！
MSG22.INI,changed,21841,,Opt1,,0
MSG22.INI,changed,21841,,Opt2,,0
MSG22.INI,changed,21841,,Opt3,,0
MSG22.INI,changed,21841,,Opt4,,0
MSG22.INI,changed,21841,,OptJump1,,21839
MSG22.INI,changed,21841,,OptJump2,,21840
MSG22.INI,changed,21841,,OptJump3,,21841
MSG22.INI,changed,21841,,OptJump4,,21889
MSG22.INI,changed,21841,,OptStr1,,【繼續使用 1 個！】
MSG22.INI,changed,21841,,OptStr2,,【繼續使用 10 個！】
MSG22.INI,changed,21841,,OptStr3,,【繼續使用 100 個！】
MSG22.INI,changed,21841,,OptStr4,,【改選其他降神之魂…】
MSG22.INI,changed,21841,,Trigger1,,"1,31,True,3,32871,100,0,1,12,1,22003"
MSG22.INI,changed,21841,,Trigger2,,"0,1,102,2,1128,100"
MSG22.INI,changed,21841,,Trigger3,,"0,1,37,3,32871,100,0"
MSG22.INI,changed,21853,,Msg,,許多個「？？？」之降神魂玉在小福星手中漸碎為點點光塵，融入我的體內，蘊生出 12500 點的靈氣…
MSG22.INI,changed,21853,,Opt1,,0
MSG22.INI,changed,21853,,Opt2,,0
MSG22.INI,changed,21853,,Opt3,,0
MSG22.INI,changed,21853,,Opt4,,0
MSG22.INI,changed,21853,,OptJump1,,21852
MSG22.INI,changed,21853,,OptJump2,,21853
MSG22.INI,changed,21853,,OptJump3,,22489
MSG22.INI,changed,21853,,OptStr1,,【繼續使用 1 個！】
MSG22.INI,changed,21853,,OptStr2,,【繼續使用 10 個！】
MSG22.INI,changed,21853,,OptStr3,,【改選其他降神之魂…】
MSG22.INI,changed,21853,,OptStr4,,【離開】
MSG22.INI,changed,21853,,Trigger1,,"1,31,True,3,32873,10,0,1,12,1,22003"
MSG22.INI,changed,21853,,Trigger2,,"0,1,103,1,12500"
MSG22.INI,changed,21853,,Trigger3,,"0,1,37,3,32873,10,0"
MSG22.INI,changed,21842,,Msg,,「花無缺」之降神魂玉在小福星手中漸碎為點點光塵，融入我的體內，蘊生出 1250 點的靈氣…
MSG22.INI,changed,21842,,Opt1,,0
MSG22.INI,changed,21842,,Opt2,,0
MSG22.INI,changed,21842,,Opt3,,0
MSG22.INI,changed,21842,,Opt4,,0
MSG22.INI,changed,21842,,OptJump1,,21842
MSG22.INI,changed,21842,,OptJump2,,21843
MSG22.INI,changed,21842,,OptJump3,,22489
MSG22.INI,changed,21842,,OptStr1,,【繼續使用 1 個！】
MSG22.INI,changed,21842,,OptStr2,,【繼續使用 10 個！】
MSG22.INI,changed,21842,,OptStr3,,【改選其他降神之魂…】
MSG22.INI,changed,21842,,OptStr4,,【離開】
MSG22.INI,changed,21842,,Trigger1,,"1,31,True,3,32871,1,0,1,12,1,22003"
MSG22.INI,changed,21842,,Trigger2,,"0,1,103,1,1250"
MSG22.INI,changed,21842,,Trigger3,,"0,1,37,3,32871,1,0"
MSG22.INI,changed,21835,,Msg,,十倍的「江小魚」之魂，\n彷彿融入了我的元神當中，靈台感到無比清明…！
MSG22.INI,changed,21835,,Opt1,,0
MSG22.INI,changed,21835,,Opt2,,0
MSG22.INI,changed,21835,,Opt3,,0
MSG22.INI,changed,21835,,Opt4,,0
MSG22.INI,changed,21835,,OptJump1,,21834
MSG22.INI,changed,21835,,OptJump2,,21835
MSG22.INI,changed,21835,,OptJump3,,21836
MSG22.INI,changed,21835,,OptJump4,,21889
MSG22.INI,changed,21835,,OptStr1,,【繼續使用 1 個！】
MSG22.INI,changed,21835,,OptStr2,,【繼續使用 10 個！】
MSG22.INI,changed,21835,,OptStr3,,【繼續使用 100 個！】
MSG22.INI,changed,21835,,OptStr4,,【改選其他降神之魂…】
MSG22.INI,changed,21835,,Trigger1,,"1,31,True,3,32870,10,0,1,12,1,22003"
MSG22.INI,changed,21835,,Trigger2,,"0,1,102,2,1127,10"
MSG22.INI,changed,21835,,Trigger3,,"0,1,37,3,32870,10,0"
MSG22.INI,changed,21855,,Msg,,十倍的「？？？」之魂，\n彷彿融入了我的元神當中，靈台感到無比清明…！
MSG22.INI,changed,21855,,Opt1,,0
MSG22.INI,changed,21855,,Opt2,,0
MSG22.INI,changed,21855,,Opt3,,0
MSG22.INI,changed,21855,,Opt4,,0
MSG22.INI,changed,21855,,OptJump1,,21854
MSG22.INI,changed,21855,,OptJump2,,21855
MSG22.INI,changed,21855,,OptJump3,,21856
MSG22.INI,changed,21855,,OptJump4,,21889
MSG22.INI,changed,21855,,OptStr1,,【繼續使用 1 個！】
MSG22.INI,changed,21855,,OptStr2,,【繼續使用 10 個！】
MSG22.INI,changed,21855,,OptStr3,,【繼續使用 100 個！】
MSG22.INI,changed,21855,,OptStr4,,【改選其他降神之魂…】
MSG22.INI,changed,21855,,Trigger1,,"1,31,True,3,32874,10,0,1,12,1,22003"
MSG22.INI,changed,21855,,Trigger2,,"0,1,102,2,1131,10"
MSG22.INI,changed,21855,,Trigger3,,"0,1,37,3,32874,10,0"
MSG22.INI,changed,21834,,Msg,,「江小魚」之魂，\n彷彿融入了我的元神當中，靈台感到一陣清明…！
MSG22.INI,changed,21834,,Opt1,,0
MSG22.INI,changed,21834,,Opt2,,0
MSG22.INI,changed,21834,,Opt3,,0
MSG22.INI,changed,21834,,Opt4,,0
MSG22.INI,changed,21834,,OptJump1,,21834
MSG22.INI,changed,21834,,OptJump2,,21835
MSG22.INI,changed,21834,,OptJump3,,21836
MSG22.INI,changed,21834,,OptJump4,,21889
MSG22.INI,changed,21834,,OptStr1,,【繼續使用 1 個！】
MSG22.INI,changed,21834,,OptStr2,,【繼續使用 10 個！】
MSG22.INI,changed,21834,,OptStr3,,【繼續使用 100 個！】
MSG22.INI,changed,21834,,OptStr4,,【改選其他降神之魂…】
MSG22.INI,changed,21834,,Trigger1,,"1,31,True,3,32870,1,0,1,12,1,22003"
MSG22.INI,changed,21834,,Trigger2,,"0,1,102,2,1127,1"
MSG22.INI,changed,21834,,Trigger3,,"0,1,37,3,32870,1,0"
MSG22.INI,changed,21845,,Msg,,十倍的「？？？」之魂，\n彷彿融入了我的元神當中，靈台感到無比清明…！
MSG22.INI,changed,21845,,Opt1,,0
MSG22.INI,changed,21845,,Opt2,,0
MSG22.INI,changed,21845,,Opt3,,0
MSG22.INI,changed,21845,,Opt4,,0
MSG22.INI,changed,21845,,OptJump1,,21844
MSG22.INI,changed,21845,,OptJump2,,21845
MSG22.INI,changed,21845,,OptJump3,,21846
MSG22.INI,changed,21845,,OptJump4,,21889
MSG22.INI,changed,21845,,OptStr1,,【繼續使用 1 個！】
MSG22.INI,changed,21845,,OptStr2,,【繼續使用 10 個！】
MSG22.INI,changed,21845,,OptStr3,,【繼續使用 100 個！】
MSG22.INI,changed,21845,,OptStr4,,【改選其他降神之魂…】
MSG22.INI,changed,21845,,Trigger1,,"1,31,True,3,32872,10,0,1,12,1,22003"
MSG22.INI,changed,21845,,Trigger2,,"0,1,102,2,1129,10"
MSG22.INI,changed,21845,,Trigger3,,"0,1,37,3,32872,10,0"
MSG22.INI,changed,21839,,Msg,,「花無缺」之魂，\n彷彿融入了我的元神當中，靈台感到一陣清明…！
MSG22.INI,changed,21839,,Opt1,,0
MSG22.INI,changed,21839,,Opt2,,0
MSG22.INI,changed,21839,,Opt3,,0
MSG22.INI,changed,21839,,Opt4,,0
MSG22.INI,changed,21839,,OptJump1,,21839
MSG22.INI,changed,21839,,OptJump2,,21840
MSG22.INI,changed,21839,,OptJump3,,21841
MSG22.INI,changed,21839,,OptJump4,,21889
MSG22.INI,changed,21839,,OptStr1,,【繼續使用 1 個！】
MSG22.INI,changed,21839,,OptStr2,,【繼續使用 10 個！】
MSG22.INI,changed,21839,,OptStr3,,【繼續使用 100 個！】
MSG22.INI,changed,21839,,OptStr4,,【改選其他降神之魂…】
MSG22.INI,changed,21839,,Trigger1,,"1,31,True,3,32871,1,0,1,12,1,22003"
MSG22.INI,changed,21839,,Trigger2,,"0,1,102,2,1128,1"
MSG22.INI,changed,21839,,Trigger3,,"0,1,37,3,32871,1,0"
MSG22.INI,changed,21894,30739,Opt4,,0
MSG22.INI,changed,21894,30739,OptJump1,21925,21921
MSG22.INI,changed,21894,30739,OptJump2,21929,21925
MSG22.INI,changed,21894,30739,OptJump3,,21929
MSG22.INI,changed,21894,30739,OptStr1,【中級降神系列魂魄】,【高級降神系列魂魄】
MSG22.INI,changed,21894,30739,OptStr2,【初級降神系列魂魄】,【中級降神系列魂魄】
MSG22.INI,changed,21894,30739,OptStr3,【離開】,【初級降神系列魂魄】
MSG22.INI,changed,21894,30739,OptStr4,,【離開】
MSG22.INI,changed,21854,,Msg,,「？？？」之魂，\n彷彿融入了我的元神當中，靈台感到一陣清明…！
MSG22.INI,changed,21854,,Opt1,,0
MSG22.INI,changed,21854,,Opt2,,0
MSG22.INI,changed,21854,,Opt3,,0
MSG22.INI,changed,21854,,Opt4,,0
MSG22.INI,changed,21854,,OptJump1,,21854
MSG22.INI,changed,21854,,OptJump2,,21855
MSG22.INI,changed,21854,,OptJump3,,21856
MSG22.INI,changed,21854,,OptJump4,,21889
MSG22.INI,changed,21854,,OptStr1,,【繼續使用 1 個！】
MSG22.INI,changed,21854,,OptStr2,,【繼續使用 10 個！】
MSG22.INI,changed,21854,,OptStr3,,【繼續使用 100 個！】
MSG22.INI,changed,21854,,OptStr4,,【改選其他降神之魂…】
MSG22.INI,changed,21854,,Trigger1,,"1,31,True,3,32874,1,0,1,12,1,22003"
MSG22.INI,changed,21854,,Trigger2,,"0,1,102,2,1131,1"
MSG22.INI,changed,21854,,Trigger3,,"0,1,37,3,32874,1,0"
MSG23.INI,changed,22493,30739,OptJump1,22513,22512
MSG23.INI,changed,22493,30739,OptJump2,22726,22513
MSG23.INI,changed,22493,30739,OptJump3,22729,22726
MSG23.INI,changed,22493,30739,OptStr1,【神級降神系列魂魄轉化靈氣】,【傳說系列降神魂魄轉化靈氣】
MSG23.INI,changed,22493,30739,OptStr2,【仙級降神系列魂魄轉化靈氣】,【神級降神系列魂魄轉化靈氣】
MSG23.INI,changed,22493,30739,OptStr3,【高級降神系列魂魄轉化靈氣】,【仙級降神系列魂魄轉化靈氣】
MSG23.INI,changed,22491,30739,OptJump1,22504,22509
MSG23.INI,changed,22491,30739,OptJump2,22505,22511
MSG23.INI,changed,22491,30739,OptJump3,22507,22504
MSG23.INI,changed,22491,30739,OptStr1,【霹靂布袋戲聯動系列降神魂魄轉化靈氣】,【幻想三國誌5系列降神魂魄轉化靈氣】
MSG23.INI,changed,22491,30739,OptStr2,【幻世錄二轉系列降神魂魄轉化靈氣】,【三國英雄系列降神魂魄轉化靈氣】
MSG23.INI,changed,22491,30739,OptStr3,【幻世錄一轉系列降神魂魄轉化靈氣】,【霹靂布袋戲聯動系列降神魂魄轉化靈氣】
MSG23.INI,changed,22746,30739,Face,2143,2239
MSG23.INI,changed,22746,30739,Msg,來來來，喜迎新春吉運，買張彩券納福，福兔綿延，年富一年，讓你春滿東方、宏兔大展！,小凡人，你想選【新絕代雙驕聯動系列】中哪樣降神魂魄道具來粉碎為靈氣呀？先提醒你，此舉頗為浪費，想清楚再讓本福星出手！
MSG23.INI,changed,22746,30739,Name,30695,30739
MSG23.INI,changed,22746,30739,Opt1,,0
MSG23.INI,changed,22746,30739,Opt2,,0
MSG23.INI,changed,22746,30739,Opt3,,0
MSG23.INI,changed,22746,30739,Opt4,,0
MSG23.INI,changed,22746,30739,OptJump1,,21852
MSG23.INI,changed,22746,30739,OptJump2,,21857
MSG23.INI,changed,22746,30739,OptJump3,,21862
MSG23.INI,changed,22746,30739,OptJump4,,21867
MSG23.INI,changed,22746,30739,OptStr1,,【降神：？？？化為 1250 點靈氣】
MSG23.INI,changed,22746,30739,OptStr2,,【降神：？？？化為 1250 點靈氣】
MSG23.INI,changed,22746,30739,OptStr3,,【降神：？？？化為 1250 點靈氣】
MSG23.INI,changed,22746,30739,OptStr4,,【降神：？？？化為 1250 點靈氣】
MSG23.INI,changed,22746,30739,Trigger1,"0,1,60,3,71,22746,6",
MSG23.INI,changed,22747,30695,Face,2143,
MSG23.INI,changed,22747,30695,Msg,祝您兔年新春諸事如意，發大財！,
MSG23.INI,changed,22747,30695,Name,30695,
MSG23.INI,changed,22750,30695,Face,2143,
MSG23.INI,changed,22750,30695,Msg,新年、新春、新氣象，且讓財神爺多留凡間一刻，為神州群俠跳加官，祝您多福、多運、多發財！,
MSG23.INI,changed,22750,30695,Name,30695,
MSG23.INI,changed,22489,30739,OptJump1,22743,22745
MSG23.INI,changed,22489,30739,OptJump2,22741,22743
MSG23.INI,changed,22489,30739,OptJump3,22496,22498
MSG23.INI,changed,22489,30739,OptStr1,【超時空系列降神魂魄轉化靈氣】,【新絕代雙驕聯動系列降神魂魄轉化靈氣】
MSG23.INI,changed,22489,30739,OptStr2,【活俠傳聯動系列降神魂魄轉化靈氣】,【超時空系列降神魂魄轉化靈氣】
MSG23.INI,changed,22489,30739,OptStr3,【TBF東離劍遊紀聯動系列降神魂魄轉化靈氣】,【幻想三國誌聯動系列降神魂魄轉化靈氣】
MSG23.INI,changed,22745,30739,Face,2143,2239
MSG23.INI,changed,22745,30739,Msg,財神爺又下凡來神州祝福群俠一元復始、萬象更新，喜迎兔年、揚眉吐氣！,小凡人，你想選【新絕代雙驕聯動系列】中哪樣降神魂魄道具來粉碎為靈氣呀？先提醒你，此舉頗為浪費，想清楚再讓本福星出手！
MSG23.INI,changed,22745,30739,Name,30695,30739
MSG23.INI,changed,22745,30739,Opt3,,0
MSG23.INI,changed,22745,30739,Opt4,,0
MSG23.INI,changed,22745,30739,OptJump1,22746,21837
MSG23.INI,changed,22745,30739,OptJump2,22749,21842
MSG23.INI,changed,22745,30739,OptJump3,,21847
MSG23.INI,changed,22745,30739,OptJump4,,22746
MSG23.INI,changed,22745,30739,OptStr1,【購買兔年刮刮樂！】,【降神：江小魚化為 1250 點靈氣】
MSG23.INI,changed,22745,30739,OptStr2,【向財神爺拜年！】,【降神：花無缺化為 1250 點靈氣】
MSG23.INI,changed,22745,30739,OptStr3,,【降神：？？？化為 1250 點靈氣】
MSG23.INI,changed,22745,30739,OptStr4,,【看下一頁】
MSG23.INI,changed,22749,30695,Face,2143,
MSG23.INI,changed,22749,30695,Msg,財神爺恭賀群俠癸卯兔年人逢泰世隨兔躍，吉運天照旺旺來！,
MSG23.INI,changed,22749,30695,Name,30695,
MSG23.INI,changed,22749,30695,Trigger1,"0,1,60,3,71,22749,6",
MSG23.INI,changed,22490,30739,OptJump1,22498,22502
MSG23.INI,changed,22490,30739,OptJump2,22502,22505
MSG23.INI,changed,22490,30739,OptJump3,22500,22507
MSG23.INI,changed,22490,30739,OptStr1,【幻想三國誌聯動系列降神魂魄轉化靈氣】,【幻世錄三轉系列降神魂魄轉化靈氣】
MSG23.INI,changed,22490,30739,OptStr2,【幻世錄三轉系列降神魂魄轉化靈氣】,【幻世錄二轉系列降神魂魄轉化靈氣】
MSG23.INI,changed,22490,30739,OptStr3,【真侍魂聯動系列降神魂魄轉化靈氣】,【幻世錄一轉系列降神魂魄轉化靈氣】
MSG23.INI,changed,22494,30739,Opt4,,0
MSG23.INI,changed,22494,30739,OptJump1,22732,22729
MSG23.INI,changed,22494,30739,OptJump2,22735,22732
MSG23.INI,changed,22494,30739,OptJump3,,22735
MSG23.INI,changed,22494,30739,OptStr1,【中級降神系列魂魄轉化靈氣】,【高級降神系列魂魄轉化靈氣】
MSG23.INI,changed,22494,30739,OptStr2,【初級降神系列魂魄轉化靈氣】,【中級降神系列魂魄轉化靈氣】
MSG23.INI,changed,22494,30739,OptStr3,【離開】,【初級降神系列魂魄轉化靈氣】
MSG23.INI,changed,22494,30739,OptStr4,,【離開】
MSG23.INI,changed,22492,30739,OptJump1,22509,22741
MSG23.INI,changed,22492,30739,OptJump2,22511,22496
MSG23.INI,changed,22492,30739,OptJump3,22512,22500
MSG23.INI,changed,22492,30739,OptStr1,【幻想三國誌5系列降神魂魄轉化靈氣】,【活俠傳聯動系列降神魂魄轉化靈氣】
MSG23.INI,changed,22492,30739,OptStr2,【三國英雄系列降神魂魄轉化靈氣】,【TBF東離劍遊紀聯動系列降神魂魄轉化靈氣】
MSG23.INI,changed,22492,30739,OptStr3,【傳說系列降神魂魄轉化靈氣】,【真侍魂聯動系列降神魂魄轉化靈氣】
MSG23.INI,changed,22748,30695,Face,2143,
MSG23.INI,changed,22748,30695,Msg,今年春節可有吃好、穿暖，和家人團圓過個好年？來來來，發生什麼都來跟財神爺說說！,
MSG23.INI,changed,22748,30695,Name,30695,
MSG23.INI,changed,22748,30695,Opt1,0,
MSG23.INI,changed,22748,30695,Opt2,0,
MSG23.INI,changed,22748,30695,OptJump1,22749,
MSG23.INI,changed,22748,30695,OptJump2,22750,
MSG23.INI,changed,22748,30695,OptStr1,【購買兔年開工禮袋！】,
MSG23.INI,changed,22748,30695,OptStr2,【向財神爺拜晚年！】,
NPC.INI,added,12091,張菁,,,"ID=12091, Name=張菁, Pic=6393"
NPC.INI,added,12094,江小魚,,,"ID=12094, Name=江小魚, Pic=6391"
NPC.INI,added,12093,張菁,,,"ID=12093, Name=張菁, Pic=6393"
NPC.INI,added,12092,江小魚,,,"ID=12092, Name=江小魚, Pic=6391"
SHOP.INI,changed,310,,Buy,"32193, 5","32878, 5"
SHOP.INI,changed,300,,Buy,"32193, 5","32878, 5"
SHOP.INI,changed,320,,Buy,"32193, 5","32878, 5"
SHOP.INI,changed,13,,Buy,"32193, 5","32878, 5"
STAGE.INI,added,392,峨嵋山,,,"ID=392, Name=峨嵋山, Icon=map\icon.gi2, Map=map\stage392.mpc"
STAGE.INI,changed,10,塞北關,Flag,0,STAGE_FLAG_NOPUNISH
STAGE.INI,changed,42,天山雪道,Flag,STAGE_FLAG_NOPUNISH,0
STGMSG10.INI,changed,234099,30986,Name,30987,30986
STGMSG10.INI,changed,234090,30986,Name,30987,30986
STGMSG10.INI,changed,234088,30986,Name,30987,30986
STGMSG10.INI,changed,234089,30986,Name,30987,30986
STGMSG10.INI,changed,234111,30986,Name,30987,30986
STGMSG10.INI,changed,234110,30986,Name,30987,30986
STGMSG105.INI,changed,231035,30942,Name,30943,30942
STGMSG105.INI,changed,231074,30997,Name,30998,30997
STGMSG105.INI,changed,231058,30997,Name,30998,30997
STGMSG105.INI,changed,231083,30997,Name,30998,30997
STGMSG105.INI,changed,231081,30997,Name,30998,30997
STGMSG105.INI,changed,231089,30997,Name,30998,30997
STGMSG105.INI,changed,231056,30997,Name,30998,30997
STGMSG105.INI,changed,231079,30997,Name,30998,30997
STGMSG105.INI,changed,231075,30997,Name,30998,30997
STGMSG105.INI,changed,231040,30942,Name,30943,30942
STGMSG105.INI,changed,231072,30997,Name,30998,30997
STGMSG105.INI,changed,231054,30942,Name,30943,30942
STGMSG105.INI,changed,231037,30942,Name,30943,30942
STGMSG105.INI,changed,231036,30943,Name,30944,30943
STGMSG105.INI,changed,231032,30943,Name,30944,30943
STGMSG105.INI,changed,231034,30943,Name,30944,30943
STGMSG105.INI,changed,231038,30943,Name,30944,30943
STGMSG105.INI,changed,231090,30997,Name,30998,30997
STGMSG105.INI,changed,231057,30942,Name,30943,30942
STGMSG105.INI,changed,231071,30997,Name,30998,30997
STGMSG105.INI,changed,231031,30942,Name,30943,30942
STGMSG105.INI,changed,231033,30942,Name,30943,30942
STGMSG105.INI,changed,231080,30997,Name,30998,30997
STGMSG105.INI,changed,231085,30997,Name,30998,30997
STGMSG105.INI,changed,231086,30997,Name,30998,30997
STGMSG105.INI,changed,231060,30997,Name,30998,30997
STGMSG105.INI,changed,231091,30997,Name,30998,30997
STGMSG105.INI,changed,231077,30997,Name,30998,30997
STGMSG106.INI,changed,232388,30870,Name,30871,30870
STGMSG106.INI,changed,232387,30870,Name,30871,30870
STGMSG106.INI,changed,232384,30870,Name,30871,30870
STGMSG106.INI,changed,232383,30870,Name,30871,30870
STGMSG106.INI,changed,232386,30870,Name,30871,30870
STGMSG106.INI,changed,232385,30870,Name,30871,30870
STGMSG106.INI,changed,232381,30870,Name,30871,30870
STGMSG106.INI,changed,232382,30870,Name,30871,30870
STGMSG116.INI,changed,233501,30970,Name,30971,30970
STGMSG116.INI,changed,233349,30997,Name,30998,30997
STGMSG116.INI,changed,233519,30970,Name,30971,30970
STGMSG116.INI,changed,233341,30997,Name,30998,30997
STGMSG116.INI,changed,233524,30983,Name,30984,30983
STGMSG116.INI,changed,233525,30983,Name,30984,30983
STGMSG116.INI,changed,233505,30970,Name,30971,30970
STGMSG116.INI,changed,233516,30970,Name,30971,30970
STGMSG116.INI,changed,233359,30997,Name,30998,30997
STGMSG116.INI,changed,233513,30970,Name,30971,30970
STGMSG116.INI,changed,233358,30997,Name,30998,30997
STGMSG116.INI,changed,233520,30970,Name,30971,30970
STGMSG116.INI,changed,233523,30983,Name,30984,30983
STGMSG116.INI,changed,233345,30997,Name,30998,30997
STGMSG116.INI,changed,233502,30970,Name,30971,30970
STGMSG116.INI,changed,233518,30970,Name,30971,30970
STGMSG116.INI,changed,233344,30997,Name,30998,30997
STGMSG116.INI,changed,233351,30997,Name,30998,30997
STGMSG116.INI,changed,233355,30997,Name,30998,30997
STGMSG116.INI,changed,233510,30970,Name,30971,30970
STGMSG116.INI,changed,233521,30983,Name,30984,30983
STGMSG116.INI,changed,233336,30997,Name,30998,30997
STGMSG116.INI,changed,233511,30983,Name,30984,30983
STGMSG116.INI,changed,233340,30997,Name,30998,30997
STGMSG116.INI,changed,233338,30997,Name,30998,30997
STGMSG116.INI,changed,233508,30970,Name,30971,30970
STGMSG116.INI,changed,233331,30997,Name,30998,30997
STGMSG116.INI,changed,233337,30997,Name,30998,30997
STGMSG116.INI,changed,233522,30983,Name,30984,30983
STGMSG116.INI,changed,233342,30997,Name,30998,30997
STGMSG116.INI,changed,233334,30997,Name,30998,30997
STGMSG116.INI,changed,233504,30970,Name,30971,30970
STGMSG116.INI,changed,233356,30997,Name,30998,30997
STGMSG116.INI,changed,233514,30970,Name,30971,30970
STGMSG116.INI,changed,233357,30997,Name,30998,30997
STGMSG116.INI,changed,233332,30997,Name,30998,30997
STGMSG116.INI,changed,233347,30997,Name,30998,30997
STGMSG116.INI,changed,233515,30983,Name,30984,30983
STGMSG116.INI,changed,233353,30997,Name,30998,30997
STGMSG116.INI,changed,233509,30983,Name,30984,30983
STGMSG12.INI,changed,205238,31053,Name,31054,31053
STGMSG12.INI,changed,205085,31044,Name,31045,31044
STGMSG12.INI,changed,205058,31039,Name,31040,31039
STGMSG12.INI,changed,205903,31074,Name,31075,31074
STGMSG12.INI,changed,205060,31039,Name,31040,31039
STGMSG12.INI,changed,205556,31059,Name,31060,31059
STGMSG12.INI,changed,205650,31063,Name,31064,31063
STGMSG12.INI,changed,205889,31073,Name,31074,31073
STGMSG12.INI,changed,205766,31067,Name,31068,31067
STGMSG12.INI,changed,205151,30986,Name,30987,30986
STGMSG12.INI,changed,205647,31063,Name,31064,31063
STGMSG12.INI,changed,205207,31052,Name,31053,31052
STGMSG12.INI,changed,205701,31065,Name,31066,31065
STGMSG12.INI,changed,205922,31076,Name,31077,31076
STGMSG12.INI,changed,205321,30986,Name,30987,30986
STGMSG12.INI,changed,205834,31070,Name,31071,31070
STGMSG12.INI,changed,205833,31070,Name,31071,31070
STGMSG12.INI,changed,205699,31064,Name,31065,31064
STGMSG12.INI,changed,205894,31074,Name,31075,31074
STGMSG12.INI,changed,205902,31074,Name,31075,31074
STGMSG12.INI,changed,205814,31069,Name,31070,31069
STGMSG12.INI,changed,205819,31069,Name,31070,31069
STGMSG12.INI,changed,205772,31067,Name,31068,31067
STGMSG12.INI,changed,205521,31058,Name,31059,31058
STGMSG12.INI,changed,205713,31065,Name,31066,31065
STGMSG12.INI,changed,205856,31072,Name,31073,31072
STGMSG12.INI,changed,205282,31055,Name,31056,31055
STGMSG12.INI,changed,205135,31048,Name,31049,31048
STGMSG12.INI,changed,205310,30986,Name,30987,30986
STGMSG12.INI,changed,205909,31075,Name,31076,31075
STGMSG12.INI,changed,205172,31050,Name,31051,31050
STGMSG12.INI,changed,205694,31064,Name,31065,31064
STGMSG12.INI,changed,205137,31048,Name,31049,31048
STGMSG12.INI,changed,205826,31069,Name,31070,31069
STGMSG12.INI,changed,205803,31068,Name,31069,31068
STGMSG12.INI,changed,205506,31058,Name,31059,31058
STGMSG12.INI,changed,205062,31039,Name,31040,31039
STGMSG12.INI,changed,205532,31058,Name,31059,31058
STGMSG12.INI,changed,205698,31064,Name,31065,31064
STGMSG12.INI,changed,205205,31052,Name,31053,31052
STGMSG12.INI,changed,205761,31066,Name,31067,31066
STGMSG12.INI,changed,205709,31065,Name,31066,31065
STGMSG12.INI,changed,205598,31061,Name,31062,31061
STGMSG12.INI,changed,205138,31048,Name,31049,31048
STGMSG12.INI,changed,205323,30986,Name,30987,30986
STGMSG12.INI,changed,205942,31076,Name,31077,31076
STGMSG12.INI,changed,205098,31045,Name,31046,31045
STGMSG12.INI,changed,205104,31045,Name,31046,31045
STGMSG12.INI,changed,205730,31066,Name,31067,31066
STGMSG12.INI,changed,205870,31071,Name,31072,31071
STGMSG12.INI,changed,205080,31044,Name,31045,31044
STGMSG12.INI,changed,205725,31065,Name,31066,31065
STGMSG12.INI,changed,205303,31056,Name,31057,31056
STGMSG12.INI,changed,205760,31066,Name,31067,31066
STGMSG12.INI,changed,205755,31066,Name,31067,31066
STGMSG12.INI,changed,205895,31074,Name,31075,31074
STGMSG12.INI,changed,205944,31077,Name,31078,31077
STGMSG12.INI,changed,205810,31069,Name,31070,31069
STGMSG12.INI,changed,205567,31059,Name,31060,31059
STGMSG12.INI,changed,205113,31046,Name,31047,31046
STGMSG12.INI,changed,205754,31066,Name,31067,31066
STGMSG12.INI,changed,205526,31058,Name,31059,31058
STGMSG12.INI,changed,205717,31065,Name,31066,31065
STGMSG12.INI,changed,205094,31044,Name,31045,31044
STGMSG12.INI,changed,205203,31052,Name,31053,31052
STGMSG12.INI,changed,205173,31050,Name,31051,31050
STGMSG12.INI,changed,205529,31058,Name,31059,31058
STGMSG12.INI,changed,205258,31055,Name,31056,31055
STGMSG12.INI,changed,205724,31065,Name,31066,31065
STGMSG12.INI,changed,205212,31053,Name,31054,31053
STGMSG12.INI,changed,205549,31058,Name,31059,31058
STGMSG12.INI,changed,205689,30986,Name,30987,30986
STGMSG12.INI,changed,205774,31067,Name,31068,31067
STGMSG12.INI,changed,205764,31066,Name,31067,31066
STGMSG12.INI,changed,205802,31068,Name,31069,31068
STGMSG12.INI,changed,205523,31058,Name,31059,31058
STGMSG12.INI,changed,205744,31066,Name,31067,31066
STGMSG12.INI,changed,205223,31053,Name,31054,31053
STGMSG12.INI,changed,205029,31038,Name,31039,31038
STGMSG12.INI,changed,205375,31057,Name,31058,31057
STGMSG12.INI,changed,205583,31060,Name,31061,31060
STGMSG12.INI,changed,205180,31051,Name,31052,31051
STGMSG12.INI,changed,205190,31051,Name,31052,31051
STGMSG12.INI,changed,205767,31067,Name,31068,31067
STGMSG12.INI,changed,205910,31075,Name,31076,31075
STGMSG12.INI,changed,205892,31074,Name,31075,31074
STGMSG12.INI,changed,205692,31064,Name,31065,31064
STGMSG12.INI,changed,205741,31066,Name,31067,31066
STGMSG12.INI,changed,205559,31059,Name,31060,31059
STGMSG12.INI,changed,205187,31051,Name,31052,31051
STGMSG12.INI,changed,205220,31053,Name,31054,31053
STGMSG12.INI,changed,205930,31076,Name,31077,31076
STGMSG12.INI,changed,205751,31066,Name,31067,31066
STGMSG12.INI,changed,205110,31046,Name,31047,31046
STGMSG12.INI,changed,205557,31059,Name,31060,31059
STGMSG12.INI,changed,205087,31044,Name,31045,31044
STGMSG12.INI,changed,205183,31051,Name,31052,31051
STGMSG12.INI,changed,205757,31066,Name,31067,31066
STGMSG12.INI,changed,205781,31067,Name,31068,31067
STGMSG12.INI,changed,205219,31053,Name,31054,31053
STGMSG12.INI,changed,205222,31053,Name,31054,31053
STGMSG12.INI,changed,205215,31053,Name,31054,31053
STGMSG12.INI,changed,205132,31048,Name,31049,31048
STGMSG12.INI,changed,205811,31069,Name,31070,31069
STGMSG12.INI,changed,205488,31058,Name,31059,31058
STGMSG12.INI,changed,205857,31071,Name,31072,31071
STGMSG12.INI,changed,205032,31038,Name,31039,31038
STGMSG12.INI,changed,205890,31074,Name,31075,31074
STGMSG12.INI,changed,205589,31061,Name,31062,31061
STGMSG12.INI,changed,205550,31059,Name,31060,31059
STGMSG12.INI,changed,205501,31058,Name,31059,31058
STGMSG12.INI,changed,205798,31068,Name,31069,31068
STGMSG12.INI,changed,205854,31071,Name,31072,31071
STGMSG12.INI,changed,205485,31058,Name,31059,31058
STGMSG12.INI,changed,205771,31067,Name,31068,31067
STGMSG12.INI,changed,205801,31068,Name,31069,31068
STGMSG12.INI,changed,205181,31051,Name,31052,31051
STGMSG12.INI,changed,205099,31045,Name,31046,31045
STGMSG12.INI,changed,205648,31063,Name,31064,31063
STGMSG12.INI,changed,205096,31044,Name,31045,31044
STGMSG12.INI,changed,205765,31066,Name,31067,31066
STGMSG12.INI,changed,205487,31058,Name,31059,31058
STGMSG12.INI,changed,205593,31061,Name,31062,31061
STGMSG12.INI,changed,205790,31068,Name,31069,31068
STGMSG12.INI,changed,205533,31058,Name,31059,31058
STGMSG12.INI,changed,205051,31039,Name,31040,31039
STGMSG12.INI,changed,205679,30986,Name,30987,30986
STGMSG12.INI,changed,205836,31070,Name,31071,31070
STGMSG12.INI,changed,205835,31070,Name,31071,31070
STGMSG12.INI,changed,205879,31073,Name,31074,31073
STGMSG12.INI,changed,205732,31066,Name,31067,31066
STGMSG12.INI,changed,205885,31073,Name,31074,31073
STGMSG12.INI,changed,205651,31063,Name,31064,31063
STGMSG12.INI,changed,205682,30986,Name,30987,30986
STGMSG12.INI,changed,205584,31060,Name,31061,31060
STGMSG12.INI,changed,205750,31066,Name,31067,31066
STGMSG12.INI,changed,205815,31069,Name,31070,31069
STGMSG12.INI,changed,205898,31074,Name,31075,31074
STGMSG12.INI,changed,205077,31043,Name,31044,31043
STGMSG12.INI,changed,205784,31067,Name,31068,31067
STGMSG12.INI,changed,205562,31059,Name,31060,31059
STGMSG12.INI,changed,205105,31045,Name,31046,31045
STGMSG12.INI,changed,205758,31066,Name,31067,31066
STGMSG12.INI,changed,205941,31076,Name,31077,31076
STGMSG12.INI,changed,205499,31058,Name,31059,31058
STGMSG12.INI,changed,205683,30986,Name,30987,30986
STGMSG12.INI,changed,205144,31049,Name,31050,31049
STGMSG12.INI,changed,205789,31068,Name,31069,31068
STGMSG12.INI,changed,205274,31055,Name,31056,31055
STGMSG12.INI,changed,205731,31066,Name,31067,31066
STGMSG12.INI,changed,205102,31045,Name,31046,31045
STGMSG12.INI,changed,205134,31048,Name,31049,31048
STGMSG12.INI,changed,205573,31058,Name,31059,31058
STGMSG12.INI,changed,205865,31071,Name,31072,31071
STGMSG12.INI,changed,205680,30986,Name,30987,30986
STGMSG12.INI,changed,205657,31063,Name,31064,31063
STGMSG12.INI,changed,205242,31055,Name,31056,31055
STGMSG12.INI,changed,205769,31067,Name,31068,31067
STGMSG12.INI,changed,205250,31055,Name,31056,31055
STGMSG12.INI,changed,205031,31038,Name,31039,31038
STGMSG12.INI,changed,205652,31063,Name,31064,31063
STGMSG12.INI,changed,205812,31069,Name,31070,31069
STGMSG12.INI,changed,205641,31062,Name,31063,31062
STGMSG12.INI,changed,205513,31058,Name,31059,31058
STGMSG12.INI,changed,205773,31067,Name,31068,31067
STGMSG12.INI,changed,205027,31038,Name,31039,31038
STGMSG12.INI,changed,205899,31074,Name,31075,31074
STGMSG12.INI,changed,205753,31066,Name,31067,31066
STGMSG12.INI,changed,205184,31051,Name,31052,31051
STGMSG12.INI,changed,205152,30986,Name,30987,30986
STGMSG12.INI,changed,205643,31062,Name,31063,31062
STGMSG12.INI,changed,205756,31066,Name,31067,31066
STGMSG12.INI,changed,205240,31053,Name,31054,31053
STGMSG12.INI,changed,205936,31076,Name,31077,31076
STGMSG12.INI,changed,205866,31072,Name,31073,31072
STGMSG12.INI,changed,205928,31076,Name,31077,31076
STGMSG12.INI,changed,205831,31070,Name,31071,31070
STGMSG12.INI,changed,205599,31061,Name,31062,31061
STGMSG12.INI,changed,205777,31067,Name,31068,31067
STGMSG12.INI,changed,205954,31076,Name,31077,31076
STGMSG12.INI,changed,205551,31059,Name,31060,31059
STGMSG12.INI,changed,205585,31060,Name,31061,31060
STGMSG12.INI,changed,205241,31053,Name,31054,31053
STGMSG12.INI,changed,205736,31066,Name,31067,31066
STGMSG12.INI,changed,205221,31053,Name,31054,31053
STGMSG12.INI,changed,205517,31058,Name,31059,31058
STGMSG12.INI,changed,205693,31064,Name,31065,31064
STGMSG12.INI,changed,205530,31058,Name,31059,31058
STGMSG12.INI,changed,205871,31072,Name,31073,31072
STGMSG12.INI,changed,205655,31063,Name,31064,31063
STGMSG12.INI,changed,205726,31065,Name,31066,31065
STGMSG12.INI,changed,205712,31065,Name,31066,31065
STGMSG12.INI,changed,205783,31067,Name,31068,31067
STGMSG12.INI,changed,205917,31075,Name,31076,31075
STGMSG12.INI,changed,205076,31042,Name,31043,31042
STGMSG12.INI,changed,205868,31071,Name,31072,31071
STGMSG12.INI,changed,205597,31061,Name,31062,31061
STGMSG12.INI,changed,205896,31074,Name,31075,31074
STGMSG12.INI,changed,205634,31062,Name,31063,31062
STGMSG12.INI,changed,205716,31065,Name,31066,31065
STGMSG12.INI,changed,205911,31075,Name,31076,31075
STGMSG12.INI,changed,205707,31065,Name,31066,31065
STGMSG12.INI,changed,205590,31061,Name,31062,31061
STGMSG12.INI,changed,205893,31074,Name,31075,31074
STGMSG12.INI,changed,205934,31076,Name,31077,31076
STGMSG12.INI,changed,205971,31078,Name,31079,31078
STGMSG12.INI,changed,205217,31053,Name,31054,31053
STGMSG12.INI,changed,205580,31060,Name,31061,31060
STGMSG12.INI,changed,205947,31077,Name,31078,31077
STGMSG12.INI,changed,205169,31050,Name,31051,31050
STGMSG12.INI,changed,205143,31049,Name,31050,31049
STGMSG12.INI,changed,205535,31058,Name,31059,31058
STGMSG12.INI,changed,205921,31076,Name,31077,31076
STGMSG12.INI,changed,205946,31077,Name,31078,31077
STGMSG12.INI,changed,205168,31050,Name,31051,31050
STGMSG12.INI,changed,205737,31066,Name,31067,31066
STGMSG12.INI,changed,205882,31073,Name,31074,31073
STGMSG12.INI,changed,205929,31076,Name,31077,31076
STGMSG12.INI,changed,205519,31058,Name,31059,31058
STGMSG12.INI,changed,205050,31039,Name,31040,31039
STGMSG12.INI,changed,205746,31066,Name,31067,31066
STGMSG12.INI,changed,205309,30986,Name,30987,30986
STGMSG12.INI,changed,205571,31058,Name,31059,31058
STGMSG12.INI,changed,205153,30986,Name,30987,30986
STGMSG12.INI,changed,205035,31038,Name,31039,31038
STGMSG12.INI,changed,205881,31073,Name,31074,31073
STGMSG12.INI,changed,205224,31053,Name,31054,31053
STGMSG12.INI,changed,205090,31044,Name,31045,31044
STGMSG12.INI,changed,205510,31058,Name,31059,31058
STGMSG12.INI,changed,205553,31059,Name,31060,31059
STGMSG12.INI,changed,205703,31065,Name,31066,31065
STGMSG12.INI,changed,205171,31050,Name,31051,31050
STGMSG12.INI,changed,205587,31060,Name,31061,31060
STGMSG12.INI,changed,205149,31049,Name,31050,31049
STGMSG12.INI,changed,205804,31068,Name,31069,31068
STGMSG12.INI,changed,205932,31076,Name,31077,31076
STGMSG12.INI,changed,205711,31065,Name,31066,31065
STGMSG12.INI,changed,205581,31060,Name,31061,31060
STGMSG12.INI,changed,205503,31058,Name,31059,31058
STGMSG12.INI,changed,205931,31076,Name,31077,31076
STGMSG12.INI,changed,205182,31051,Name,31052,31051
STGMSG12.INI,changed,205832,31070,Name,31071,31070
STGMSG12.INI,changed,205064,31039,Name,31040,31039
STGMSG12.INI,changed,205227,31054,Name,31055,31054
STGMSG12.INI,changed,205735,31066,Name,31067,31066
STGMSG12.INI,changed,205695,31064,Name,31065,31064
STGMSG12.INI,changed,205491,31058,Name,31059,31058
STGMSG12.INI,changed,205572,31058,Name,31059,31058
STGMSG12.INI,changed,205742,31066,Name,31067,31066
STGMSG12.INI,changed,205052,31039,Name,31040,31039
STGMSG12.INI,changed,205492,31058,Name,31059,31058
STGMSG12.INI,changed,205100,31045,Name,31046,31045
STGMSG12.INI,changed,205782,31067,Name,31068,31067
STGMSG12.INI,changed,205566,31059,Name,31060,31059
STGMSG12.INI,changed,205209,31051,Name,31052,31051
STGMSG12.INI,changed,205136,31048,Name,31049,31048
STGMSG12.INI,changed,205821,31069,Name,31070,31069
STGMSG12.INI,changed,205860,31071,Name,31072,31071
STGMSG12.INI,changed,205740,31066,Name,31067,31066
STGMSG12.INI,changed,205548,31058,Name,31059,31058
STGMSG12.INI,changed,205218,31053,Name,31054,31053
STGMSG12.INI,changed,205493,31058,Name,31059,31058
STGMSG12.INI,changed,205778,31067,Name,31068,31067
STGMSG12.INI,changed,205635,31062,Name,31063,31062
STGMSG12.INI,changed,205266,31055,Name,31056,31055
STGMSG12.INI,changed,205083,31044,Name,31045,31044
STGMSG12.INI,changed,205142,30986,Name,30987,30986
STGMSG12.INI,changed,205111,31046,Name,31047,31046
STGMSG12.INI,changed,205880,31073,Name,31074,31073
STGMSG12.INI,changed,205174,31050,Name,31051,31050
STGMSG12.INI,changed,205792,31068,Name,31069,31068
STGMSG12.INI,changed,205888,31073,Name,31074,31073
STGMSG12.INI,changed,205097,31045,Name,31046,31045
STGMSG12.INI,changed,205225,31054,Name,31055,31054
STGMSG12.INI,changed,205733,31066,Name,31067,31066
STGMSG12.INI,changed,205638,31062,Name,31063,31062
STGMSG12.INI,changed,205146,31049,Name,31050,31049
STGMSG12.INI,changed,205505,31058,Name,31059,31058
STGMSG12.INI,changed,205474,31053,Name,31054,31053
STGMSG12.INI,changed,205926,31076,Name,31077,31076
STGMSG12.INI,changed,205230,31053,Name,31054,31053
STGMSG12.INI,changed,205649,31063,Name,31064,31063
STGMSG12.INI,changed,205516,31058,Name,31059,31058
STGMSG12.INI,changed,205908,31075,Name,31076,31075
STGMSG12.INI,changed,205953,31076,Name,31077,31076
STGMSG12.INI,changed,205204,31052,Name,31053,31052
STGMSG12.INI,changed,205631,31062,Name,31063,31062
STGMSG12.INI,changed,205636,31062,Name,31063,31062
STGMSG12.INI,changed,205900,31074,Name,31075,31074
STGMSG12.INI,changed,205065,31039,Name,31040,31039
STGMSG12.INI,changed,205816,31069,Name,31070,31069
STGMSG12.INI,changed,205939,31076,Name,31077,31076
STGMSG12.INI,changed,205178,31051,Name,31052,31051
STGMSG12.INI,changed,205208,31051,Name,31052,31051
STGMSG12.INI,changed,205706,31065,Name,31066,31065
STGMSG12.INI,changed,205131,30986,Name,30987,30986
STGMSG12.INI,changed,205555,31059,Name,31060,31059
STGMSG12.INI,changed,205306,31056,Name,31057,31056
STGMSG12.INI,changed,205141,30986,Name,30987,30986
STGMSG12.INI,changed,205372,31057,Name,31058,31057
STGMSG12.INI,changed,205654,31063,Name,31064,31063
STGMSG12.INI,changed,205107,31045,Name,31046,31045
STGMSG12.INI,changed,205148,31049,Name,31050,31049
STGMSG12.INI,changed,205033,31038,Name,31039,31038
STGMSG12.INI,changed,205185,31051,Name,31052,31051
STGMSG12.INI,changed,205324,30986,Name,30987,30986
STGMSG12.INI,changed,205705,31065,Name,31066,31065
STGMSG12.INI,changed,205074,31040,Name,31041,31040
STGMSG12.INI,changed,205714,31065,Name,31066,31065
STGMSG12.INI,changed,205877,31073,Name,31074,31073
STGMSG12.INI,changed,205565,31059,Name,31060,31059
STGMSG12.INI,changed,205943,31076,Name,31077,31076
STGMSG12.INI,changed,205508,31058,Name,31059,31058
STGMSG12.INI,changed,205109,31046,Name,31047,31046
STGMSG12.INI,changed,205290,31055,Name,31056,31055
STGMSG12.INI,changed,205808,31068,Name,31069,31068
STGMSG12.INI,changed,205869,31071,Name,31072,31071
STGMSG12.INI,changed,205923,31076,Name,31077,31076
STGMSG12.INI,changed,205325,30986,Name,30987,30986
STGMSG12.INI,changed,205749,31066,Name,31067,31066
STGMSG12.INI,changed,205677,30986,Name,30987,30986
STGMSG12.INI,changed,205059,31039,Name,31040,31039
STGMSG12.INI,changed,205563,31059,Name,31060,31059
STGMSG12.INI,changed,205130,30986,Name,30987,30986
STGMSG12.INI,changed,205637,31062,Name,31063,31062
STGMSG12.INI,changed,205807,31068,Name,31069,31068
STGMSG12.INI,changed,205780,31067,Name,31068,31067
STGMSG12.INI,changed,205206,31052,Name,31053,31052
STGMSG12.INI,changed,205914,31075,Name,31076,31075
STGMSG12.INI,changed,205514,31058,Name,31059,31058
STGMSG12.INI,changed,205858,31072,Name,31073,31072
STGMSG12.INI,changed,205675,30986,Name,30987,30986
STGMSG12.INI,changed,205214,31053,Name,31054,31053
STGMSG12.INI,changed,205704,31065,Name,31066,31065
STGMSG12.INI,changed,205578,31060,Name,31061,31060
STGMSG12.INI,changed,205915,31075,Name,31076,31075
STGMSG12.INI,changed,205825,31069,Name,31070,31069
STGMSG12.INI,changed,205561,31059,Name,31060,31059
STGMSG12.INI,changed,205710,31065,Name,31066,31065
STGMSG12.INI,changed,205822,31069,Name,31070,31069
STGMSG12.INI,changed,205676,30986,Name,30987,30986
STGMSG12.INI,changed,205722,31065,Name,31066,31065
STGMSG12.INI,changed,205640,31062,Name,31063,31062
STGMSG12.INI,changed,205907,31075,Name,31076,31075
STGMSG12.INI,changed,205061,31039,Name,31040,31039
STGMSG12.INI,changed,205646,31063,Name,31064,31063
STGMSG12.INI,changed,205112,31046,Name,31047,31046
STGMSG12.INI,changed,205632,31062,Name,31063,31062
STGMSG12.INI,changed,205697,31064,Name,31065,31064
STGMSG12.INI,changed,205752,31066,Name,31067,31066
STGMSG12.INI,changed,205179,31051,Name,31052,31051
STGMSG12.INI,changed,205913,31075,Name,31076,31075
STGMSG12.INI,changed,205177,31051,Name,31052,31051
STGMSG12.INI,changed,205763,31066,Name,31067,31066
STGMSG12.INI,changed,205951,31076,Name,31077,31076
STGMSG12.INI,changed,205686,30986,Name,30987,30986
STGMSG12.INI,changed,205645,31063,Name,31064,31063
STGMSG12.INI,changed,205904,31074,Name,31075,31074
STGMSG12.INI,changed,205916,31075,Name,31076,31075
STGMSG12.INI,changed,205226,31054,Name,31055,31054
STGMSG12.INI,changed,205528,31058,Name,31059,31058
STGMSG12.INI,changed,205092,31044,Name,31045,31044
STGMSG12.INI,changed,205690,30986,Name,30987,30986
STGMSG12.INI,changed,205534,31058,Name,31059,31058
STGMSG12.INI,changed,205719,31065,Name,31066,31065
STGMSG12.INI,changed,205103,31045,Name,31046,31045
STGMSG12.INI,changed,205320,30986,Name,30987,30986
STGMSG12.INI,changed,205912,31075,Name,31076,31075
STGMSG12.INI,changed,205743,31066,Name,31067,31066
STGMSG12.INI,changed,205897,31074,Name,31075,31074
STGMSG12.INI,changed,205575,31060,Name,31061,31060
STGMSG12.INI,changed,205592,31061,Name,31062,31061
STGMSG12.INI,changed,205595,31061,Name,31062,31061
STGMSG12.INI,changed,205684,30986,Name,30987,30986
STGMSG12.INI,changed,205681,30986,Name,30987,30986
STGMSG12.INI,changed,205864,31072,Name,31073,31072
STGMSG12.INI,changed,205582,31060,Name,31061,31060
STGMSG12.INI,changed,205576,31060,Name,31061,31060
STGMSG12.INI,changed,205322,30986,Name,30987,30986
STGMSG12.INI,changed,205937,31076,Name,31077,31076
STGMSG12.INI,changed,205594,31061,Name,31062,31061
STGMSG12.INI,changed,205775,31067,Name,31068,31067
STGMSG12.INI,changed,205708,31065,Name,31066,31065
STGMSG12.INI,changed,205586,31060,Name,31061,31060
STGMSG12.INI,changed,205794,31068,Name,31069,31068
STGMSG12.INI,changed,205520,31058,Name,31059,31058
STGMSG12.INI,changed,205150,31049,Name,31050,31049
STGMSG12.INI,changed,205574,31058,Name,31059,31058
STGMSG12.INI,changed,205878,31073,Name,31074,31073
STGMSG12.INI,changed,205633,31062,Name,31063,31062
STGMSG12.INI,changed,205968,31078,Name,31079,31078
STGMSG12.INI,changed,205028,31038,Name,31039,31038
STGMSG12.INI,changed,205745,31066,Name,31067,31066
STGMSG12.INI,changed,205308,31056,Name,31057,31056
STGMSG12.INI,changed,205054,31039,Name,31040,31039
STGMSG12.INI,changed,205186,31051,Name,31052,31051
STGMSG12.INI,changed,205527,31058,Name,31059,31058
STGMSG12.INI,changed,205056,31039,Name,31040,31039
STGMSG12.INI,changed,205779,31067,Name,31068,31067
STGMSG12.INI,changed,205886,31073,Name,31074,31073
STGMSG12.INI,changed,205147,31049,Name,31050,31049
STGMSG12.INI,changed,205547,31058,Name,31059,31058
STGMSG12.INI,changed,205687,30986,Name,30987,30986
STGMSG12.INI,changed,205568,31059,Name,31060,31059
STGMSG12.INI,changed,205776,31067,Name,31068,31067
STGMSG12.INI,changed,205768,31067,Name,31068,31067
STGMSG12.INI,changed,205770,31067,Name,31068,31067
STGMSG12.INI,changed,205919,31075,Name,31076,31075
STGMSG12.INI,changed,205216,31053,Name,31054,31053
STGMSG12.INI,changed,205891,31074,Name,31075,31074
STGMSG12.INI,changed,205933,31076,Name,31077,31076
STGMSG12.INI,changed,205901,31074,Name,31075,31074
STGMSG12.INI,changed,205531,31058,Name,31059,31058
STGMSG12.INI,changed,205108,31046,Name,31047,31046
STGMSG12.INI,changed,205762,31066,Name,31067,31066
STGMSG12.INI,changed,205305,31056,Name,31057,31056
STGMSG12.INI,changed,205795,31068,Name,31069,31068
STGMSG12.INI,changed,205211,31051,Name,31052,31051
STGMSG12.INI,changed,205140,30986,Name,30987,30986
STGMSG12.INI,changed,205202,31052,Name,31053,31052
STGMSG12.INI,changed,205525,31058,Name,31059,31058
STGMSG12.INI,changed,205239,31053,Name,31054,31053
STGMSG12.INI,changed,205114,31047,Name,31048,31047
STGMSG12.INI,changed,205228,31054,Name,31055,31054
STGMSG12.INI,changed,205818,31069,Name,31070,31069
STGMSG12.INI,changed,205145,31049,Name,31050,31049
STGMSG12.INI,changed,205876,31073,Name,31074,31073
STGMSG12.INI,changed,205512,31058,Name,31059,31058
STGMSG12.INI,changed,205925,31076,Name,31077,31076
STGMSG12.INI,changed,205495,31058,Name,31059,31058
STGMSG12.INI,changed,205883,31073,Name,31074,31073
STGMSG12.INI,changed,205696,31064,Name,31065,31064
STGMSG12.INI,changed,205793,31068,Name,31069,31068
STGMSG12.INI,changed,205927,31076,Name,31077,31076
STGMSG12.INI,changed,205702,31065,Name,31066,31065
STGMSG12.INI,changed,205596,31061,Name,31062,31061
STGMSG12.INI,changed,205304,31056,Name,31057,31056
STGMSG12.INI,changed,205748,31066,Name,31067,31066
STGMSG12.INI,changed,205088,31044,Name,31045,31044
STGMSG12.INI,changed,205799,31068,Name,31069,31068
STGMSG12.INI,changed,205720,31065,Name,31066,31065
STGMSG12.INI,changed,205935,31076,Name,31077,31076
STGMSG12.INI,changed,205188,31051,Name,31052,31051
STGMSG12.INI,changed,205738,31066,Name,31067,31066
STGMSG12.INI,changed,205678,30986,Name,30987,30986
STGMSG12.INI,changed,205546,31058,Name,31059,31058
STGMSG12.INI,changed,205378,31057,Name,31058,31057
STGMSG12.INI,changed,205872,31072,Name,31073,31072
STGMSG12.INI,changed,205747,31066,Name,31067,31066
STGMSG12.INI,changed,205824,31069,Name,31070,31069
STGMSG12.INI,changed,205817,31069,Name,31070,31069
STGMSG12.INI,changed,205715,31065,Name,31066,31065
STGMSG12.INI,changed,205723,31065,Name,31066,31065
STGMSG12.INI,changed,205938,31076,Name,31077,31076
STGMSG12.INI,changed,205721,31065,Name,31066,31065
STGMSG12.INI,changed,205867,31072,Name,31073,31072
STGMSG12.INI,changed,205718,31065,Name,31066,31065
STGMSG12.INI,changed,205949,31076,Name,31077,31076
STGMSG12.INI,changed,205210,31051,Name,31052,31051
STGMSG12.INI,changed,205739,31066,Name,31067,31066
STGMSG12.INI,changed,205862,31071,Name,31072,31071
STGMSG12.INI,changed,205213,31053,Name,31054,31053
STGMSG12.INI,changed,205830,31070,Name,31071,31070
STGMSG12.INI,changed,205034,31038,Name,31039,31038
STGMSG12.INI,changed,205081,31044,Name,31045,31044
STGMSG12.INI,changed,205497,31058,Name,31059,31058
STGMSG12.INI,changed,205307,31056,Name,31057,31056
STGMSG12.INI,changed,205075,31041,Name,31042,31041
STGMSG12.INI,changed,205788,31068,Name,31069,31068
STGMSG12.INI,changed,205139,31048,Name,31049,31048
STGMSG12.INI,changed,205189,31051,Name,31052,31051
STGMSG12.INI,changed,205591,31061,Name,31062,31061
STGMSG12.INI,changed,205823,31069,Name,31070,31069
STGMSG12.INI,changed,205855,31072,Name,31073,31072
STGMSG12.INI,changed,205133,31048,Name,31049,31048
STGMSG122.INI,changed,236353,30992,Name,30993,30992
STGMSG122.INI,changed,236364,30995,Name,30996,30995
STGMSG122.INI,changed,236365,30995,Name,30996,30995
STGMSG122.INI,changed,236352,30992,Name,30993,30992
STGMSG13.INI,changed,219182,31250,Name,31251,31250
STGMSG13.INI,changed,219001,31246,Name,31247,31246
STGMSG13.INI,changed,219559,31034,Name,31035,31034
STGMSG13.INI,changed,219557,31034,Name,31035,31034
STGMSG13.INI,changed,219225,31250,Name,31251,31250
STGMSG13.INI,changed,219491,31254,Name,31037,31254
STGMSG13.INI,changed,219481,31253,Name,31254,31253
STGMSG13.INI,changed,219314,31252,Name,31253,31252
STGMSG13.INI,changed,219172,31250,Name,31251,31250
STGMSG13.INI,changed,219689,31254,Name,31037,31254
STGMSG13.INI,changed,219207,31250,Name,31251,31250
STGMSG13.INI,changed,219301,31252,Name,31253,31252
STGMSG13.INI,changed,219455,31250,Name,31251,31250
STGMSG13.INI,changed,219138,31035,Name,31036,31035
STGMSG13.INI,changed,219168,31250,Name,31251,31250
STGMSG13.INI,changed,219462,31250,Name,31251,31250
STGMSG13.INI,changed,219084,31041,Name,31042,31041
STGMSG13.INI,changed,219485,31253,Name,31254,31253
STGMSG13.INI,changed,219011,31246,Name,31247,31246
STGMSG13.INI,changed,219267,31251,Name,31252,31251
STGMSG13.INI,changed,219466,31250,Name,31251,31250
STGMSG13.INI,changed,219572,31254,Name,31037,31254
STGMSG13.INI,changed,219206,31250,Name,31251,31250
STGMSG13.INI,changed,219008,31247,Name,31248,31247
STGMSG13.INI,changed,219159,31250,Name,31251,31250
STGMSG13.INI,changed,219131,31035,Name,31036,31035
STGMSG13.INI,changed,219165,31250,Name,31251,31250
STGMSG13.INI,changed,219542,31034,Name,31035,31034
STGMSG13.INI,changed,219687,31254,Name,31037,31254
STGMSG13.INI,changed,219038,31247,Name,31248,31247
STGMSG13.INI,changed,219256,31251,Name,31252,31251
STGMSG13.INI,changed,219259,31251,Name,31252,31251
STGMSG13.INI,changed,219456,31250,Name,31251,31250
STGMSG13.INI,changed,219098,30982,Name,30983,30982
STGMSG13.INI,changed,219041,31247,Name,31248,31247
STGMSG13.INI,changed,219698,31254,Name,31037,31254
STGMSG13.INI,changed,219539,31034,Name,31035,31034
STGMSG13.INI,changed,219701,31254,Name,31037,31254
STGMSG13.INI,changed,219475,31253,Name,31254,31253
STGMSG13.INI,changed,219464,31250,Name,31251,31250
STGMSG13.INI,changed,219323,31252,Name,31253,31252
STGMSG13.INI,changed,219080,31249,Name,31250,31249
STGMSG13.INI,changed,219266,31251,Name,31252,31251
STGMSG13.INI,changed,219270,31251,Name,31252,31251
STGMSG13.INI,changed,219057,31248,Name,31249,31248
STGMSG13.INI,changed,219163,31250,Name,31251,31250
STGMSG13.INI,changed,219476,31253,Name,31254,31253
STGMSG13.INI,changed,219202,31250,Name,31251,31250
STGMSG13.INI,changed,219056,31248,Name,31249,31248
STGMSG13.INI,changed,219224,31250,Name,31251,31250
STGMSG13.INI,changed,219555,31034,Name,31035,31034
STGMSG13.INI,changed,219073,31042,Name,31043,31042
STGMSG13.INI,changed,219694,31254,Name,31037,31254
STGMSG13.INI,changed,219244,31251,Name,31252,31251
STGMSG13.INI,changed,219114,30909,Name,30910,30909
STGMSG13.INI,changed,219268,31251,Name,31252,31251
STGMSG13.INI,changed,219200,31250,Name,31251,31250
STGMSG13.INI,changed,219570,31254,Name,31037,31254
STGMSG13.INI,changed,219577,31254,Name,31037,31254
STGMSG13.INI,changed,219209,31250,Name,31251,31250
STGMSG13.INI,changed,219329,31252,Name,31253,31252
STGMSG13.INI,changed,219309,31252,Name,31253,31252
STGMSG13.INI,changed,219457,31250,Name,31251,31250
STGMSG13.INI,changed,219252,31251,Name,31252,31251
STGMSG13.INI,changed,219331,31252,Name,31253,31252
STGMSG13.INI,changed,219501,31253,Name,31254,31253
STGMSG13.INI,changed,219173,31250,Name,31251,31250
STGMSG13.INI,changed,219556,31034,Name,31035,31034
STGMSG13.INI,changed,219005,31246,Name,31247,31246
STGMSG13.INI,changed,219211,31250,Name,31251,31250
STGMSG13.INI,changed,219262,31251,Name,31252,31251
STGMSG13.INI,changed,219052,31248,Name,31249,31248
STGMSG13.INI,changed,219565,31034,Name,31035,31034
STGMSG13.INI,changed,219310,31252,Name,31253,31252
STGMSG13.INI,changed,219497,31254,Name,31037,31254
STGMSG13.INI,changed,219044,31247,Name,31248,31247
STGMSG13.INI,changed,219317,31252,Name,31253,31252
STGMSG13.INI,changed,219058,31248,Name,31249,31248
STGMSG13.INI,changed,219054,31248,Name,31249,31248
STGMSG13.INI,changed,219076,31249,Name,31250,31249
STGMSG13.INI,changed,219095,30982,Name,30983,30982
STGMSG13.INI,changed,219017,31247,Name,31248,31247
STGMSG13.INI,changed,219078,31249,Name,31250,31249
STGMSG13.INI,changed,219500,31254,Name,31037,31254
STGMSG13.INI,changed,219535,31034,Name,31035,31034
STGMSG13.INI,changed,219166,31250,Name,31251,31250
STGMSG13.INI,changed,219307,31252,Name,31253,31252
STGMSG13.INI,changed,219561,31034,Name,31035,31034
STGMSG13.INI,changed,219213,31250,Name,31251,31250
STGMSG13.INI,changed,219153,31250,Name,31251,31250
STGMSG13.INI,changed,219334,31252,Name,31253,31252
STGMSG13.INI,changed,219575,31254,Name,31037,31254
STGMSG13.INI,changed,219087,31041,Name,31042,31041
STGMSG13.INI,changed,219459,31250,Name,31251,31250
STGMSG13.INI,changed,219247,31251,Name,31252,31251
STGMSG13.INI,changed,219053,31248,Name,31249,31248
STGMSG13.INI,changed,219700,31254,Name,31037,31254
STGMSG13.INI,changed,219697,31254,Name,31037,31254
STGMSG13.INI,changed,219313,31252,Name,31253,31252
STGMSG13.INI,changed,219251,31251,Name,31252,31251
STGMSG13.INI,changed,219257,31251,Name,31252,31251
STGMSG13.INI,changed,219006,31246,Name,31247,31246
STGMSG13.INI,changed,219191,31250,Name,31251,31250
STGMSG13.INI,changed,219176,31250,Name,31251,31250
STGMSG13.INI,changed,219223,31250,Name,31251,31250
STGMSG13.INI,changed,219004,31246,Name,31247,31246
STGMSG13.INI,changed,219072,31041,Name,31042,31041
STGMSG13.INI,changed,219699,31254,Name,31037,31254
STGMSG13.INI,changed,219055,31248,Name,31249,31248
STGMSG13.INI,changed,219151,31250,Name,31251,31250
STGMSG13.INI,changed,219170,31250,Name,31251,31250
STGMSG13.INI,changed,219249,31251,Name,31252,31251
STGMSG13.INI,changed,219090,30982,Name,30983,30982
STGMSG13.INI,changed,219135,31035,Name,31036,31035
STGMSG13.INI,changed,219255,31251,Name,31252,31251
STGMSG13.INI,changed,219086,31041,Name,31042,31041
STGMSG13.INI,changed,219212,31250,Name,31251,31250
STGMSG13.INI,changed,219203,31250,Name,31251,31250
STGMSG13.INI,changed,219169,31250,Name,31251,31250
STGMSG13.INI,changed,219071,31040,Name,31041,31040
STGMSG13.INI,changed,219468,31250,Name,31251,31250
STGMSG13.INI,changed,219177,31250,Name,31251,31250
STGMSG13.INI,changed,219321,31252,Name,31253,31252
STGMSG13.INI,changed,219243,31251,Name,31252,31251
STGMSG13.INI,changed,219269,31251,Name,31252,31251
STGMSG13.INI,changed,219039,31246,Name,31247,31246
STGMSG13.INI,changed,219451,31250,Name,31251,31250
STGMSG13.INI,changed,219454,31250,Name,31251,31250
STGMSG13.INI,changed,219181,31250,Name,31251,31250
STGMSG13.INI,changed,219112,30909,Name,30910,30909
STGMSG13.INI,changed,219498,31254,Name,31037,31254
STGMSG13.INI,changed,219465,31250,Name,31251,31250
STGMSG13.INI,changed,219319,31252,Name,31253,31252
STGMSG13.INI,changed,219094,30982,Name,30983,30982
STGMSG13.INI,changed,219538,31034,Name,31035,31034
STGMSG13.INI,changed,219305,31252,Name,31253,31252
STGMSG13.INI,changed,219106,30909,Name,30910,30909
STGMSG13.INI,changed,219196,31250,Name,31251,31250
STGMSG13.INI,changed,219205,31250,Name,31251,31250
STGMSG13.INI,changed,219564,31034,Name,31035,31034
STGMSG13.INI,changed,219088,31041,Name,31042,31041
STGMSG13.INI,changed,219217,31250,Name,31251,31250
STGMSG13.INI,changed,219126,31035,Name,31036,31035
STGMSG13.INI,changed,219480,31253,Name,31254,31253
STGMSG13.INI,changed,219573,31254,Name,31037,31254
STGMSG13.INI,changed,219696,31254,Name,31037,31254
STGMSG13.INI,changed,219571,31254,Name,31037,31254
STGMSG13.INI,changed,219002,31246,Name,31247,31246
STGMSG13.INI,changed,219215,31250,Name,31251,31250
STGMSG13.INI,changed,219199,31250,Name,31251,31250
STGMSG13.INI,changed,219007,31246,Name,31247,31246
STGMSG13.INI,changed,219125,31035,Name,31036,31035
STGMSG13.INI,changed,219105,30909,Name,30910,30909
STGMSG13.INI,changed,219332,31252,Name,31253,31252
STGMSG13.INI,changed,219487,31253,Name,31254,31253
STGMSG13.INI,changed,219562,31034,Name,31035,31034
STGMSG13.INI,changed,219258,31251,Name,31252,31251
STGMSG13.INI,changed,219157,31250,Name,31251,31250
STGMSG13.INI,changed,219036,31247,Name,31248,31247
STGMSG13.INI,changed,219081,31249,Name,31250,31249
STGMSG13.INI,changed,219260,31251,Name,31252,31251
STGMSG13.INI,changed,219128,31035,Name,31036,31035
STGMSG13.INI,changed,219560,31034,Name,31035,31034
STGMSG13.INI,changed,219218,31250,Name,31251,31250
STGMSG13.INI,changed,219079,31249,Name,31250,31249
STGMSG13.INI,changed,219204,31250,Name,31251,31250
STGMSG13.INI,changed,219553,31034,Name,31035,31034
STGMSG13.INI,changed,219016,31246,Name,31247,31246
STGMSG13.INI,changed,219537,31034,Name,31035,31034
STGMSG13.INI,changed,219302,31252,Name,31253,31252
STGMSG13.INI,changed,219460,31250,Name,31251,31250
STGMSG13.INI,changed,219254,31251,Name,31252,31251
STGMSG13.INI,changed,219116,30909,Name,30910,30909
STGMSG13.INI,changed,219201,31250,Name,31251,31250
STGMSG13.INI,changed,219463,31250,Name,31251,31250
STGMSG13.INI,changed,219490,31253,Name,31254,31253
STGMSG13.INI,changed,219194,31250,Name,31251,31250
STGMSG13.INI,changed,219030,31247,Name,31248,31247
STGMSG13.INI,changed,219108,30909,Name,30910,30909
STGMSG13.INI,changed,219492,31254,Name,31037,31254
STGMSG13.INI,changed,219024,31246,Name,31247,31246
STGMSG13.INI,changed,219127,31035,Name,31036,31035
STGMSG13.INI,changed,219216,31250,Name,31251,31250
STGMSG13.INI,changed,219162,31250,Name,31251,31250
STGMSG13.INI,changed,219469,31250,Name,31251,31250
STGMSG13.INI,changed,219335,31252,Name,31253,31252
STGMSG13.INI,changed,219461,31250,Name,31251,31250
STGMSG13.INI,changed,219119,30909,Name,30910,30909
STGMSG13.INI,changed,219271,31251,Name,31252,31251
STGMSG13.INI,changed,219484,31254,Name,31037,31254
STGMSG13.INI,changed,219161,31250,Name,31251,31250
STGMSG13.INI,changed,219018,31246,Name,31247,31246
STGMSG13.INI,changed,219120,30909,Name,30910,30909
STGMSG13.INI,changed,219695,31254,Name,31037,31254
STGMSG13.INI,changed,219040,31247,Name,31248,31247
STGMSG13.INI,changed,219025,31246,Name,31247,31246
STGMSG13.INI,changed,219452,31250,Name,31251,31250
STGMSG13.INI,changed,219214,31250,Name,31251,31250
STGMSG13.INI,changed,219009,31246,Name,31247,31246
STGMSG13.INI,changed,219029,31246,Name,31247,31246
STGMSG13.INI,changed,219303,31252,Name,31253,31252
STGMSG13.INI,changed,219195,31250,Name,31251,31250
STGMSG13.INI,changed,219035,31246,Name,31247,31246
STGMSG13.INI,changed,219107,30909,Name,30910,30909
STGMSG13.INI,changed,219543,31034,Name,31035,31034
STGMSG13.INI,changed,219210,31250,Name,31251,31250
STGMSG13.INI,changed,219264,31251,Name,31252,31251
STGMSG13.INI,changed,219494,31254,Name,31037,31254
STGMSG13.INI,changed,219467,31250,Name,31251,31250
STGMSG13.INI,changed,219137,31035,Name,31036,31035
STGMSG13.INI,changed,219118,30909,Name,30910,30909
STGMSG13.INI,changed,219495,31254,Name,31037,31254
STGMSG13.INI,changed,219022,31246,Name,31247,31246
STGMSG13.INI,changed,219033,31247,Name,31248,31247
STGMSG13.INI,changed,219479,31253,Name,31254,31253
STGMSG13.INI,changed,219221,31250,Name,31251,31250
STGMSG13.INI,changed,219085,31041,Name,31042,31041
STGMSG13.INI,changed,219478,31253,Name,31254,31253
STGMSG13.INI,changed,219027,31246,Name,31247,31246
STGMSG13.INI,changed,219453,31250,Name,31251,31250
STGMSG13.INI,changed,219193,31250,Name,31251,31250
STGMSG13.INI,changed,219111,30909,Name,30910,30909
STGMSG13.INI,changed,219032,31246,Name,31247,31246
STGMSG13.INI,changed,219208,31250,Name,31251,31250
STGMSG13.INI,changed,219155,31250,Name,31251,31250
STGMSG13.INI,changed,219109,30909,Name,30910,30909
STGMSG13.INI,changed,219020,31247,Name,31248,31247
STGMSG13.INI,changed,219263,31251,Name,31252,31251
STGMSG13.INI,changed,219220,31250,Name,31251,31250
STGMSG13.INI,changed,219470,31250,Name,31251,31250
STGMSG13.INI,changed,219014,31246,Name,31247,31246
STGMSG13.INI,changed,219097,30982,Name,30983,30982
STGMSG13.INI,changed,219458,31250,Name,31251,31250
STGMSG13.INI,changed,219192,31250,Name,31251,31250
STGMSG13.INI,changed,219685,31254,Name,31037,31254
STGMSG13.INI,changed,219140,31035,Name,31036,31035
STGMSG13.INI,changed,219198,31250,Name,31251,31250
STGMSG13.INI,changed,219100,30982,Name,30983,30982
STGMSG13.INI,changed,219219,31250,Name,31251,31250
STGMSG13.INI,changed,219092,30982,Name,30983,30982
STGMSG13.INI,changed,219174,31250,Name,31251,31250
STGMSG13.INI,changed,219265,31251,Name,31252,31251
STGMSG13.INI,changed,219544,31034,Name,31035,31034
STGMSG13.INI,changed,219077,31249,Name,31250,31249
STGMSG13.INI,changed,219541,31034,Name,31035,31034
STGMSG13.INI,changed,219130,31035,Name,31036,31035
STGMSG13.INI,changed,219222,31250,Name,31251,31250
STGMSG13.INI,changed,219692,31254,Name,31037,31254
STGMSG13.INI,changed,219245,31251,Name,31252,31251
STGMSG13.INI,changed,219102,30982,Name,30983,30982
STGMSG13.INI,changed,219690,31254,Name,31037,31254
STGMSG14.INI,added,204651,,,,ID=204651
STGMSG14.INI,added,204674,,,,ID=204674
STGMSG14.INI,added,204667,,,,ID=204667
STGMSG14.INI,added,204627,31037,,,"ID=204627, Name=31037"
STGMSG14.INI,added,204681,,,,ID=204681
STGMSG14.INI,added,204669,,,,ID=204669
STGMSG14.INI,added,204648,,,,ID=204648
STGMSG14.INI,added,204620,31037,,,"ID=204620, Name=31037"
STGMSG14.INI,added,204649,,,,ID=204649
STGMSG14.INI,added,204645,,,,ID=204645
STGMSG14.INI,added,204638,,,,ID=204638
STGMSG14.INI,added,204652,,,,ID=204652
STGMSG14.INI,added,204634,,,,ID=204634
STGMSG14.INI,added,204673,,,,ID=204673
STGMSG14.INI,added,204613,,,,ID=204613
STGMSG14.INI,added,204617,31036,,,"ID=204617, Name=31036"
STGMSG14.INI,added,204658,,,,ID=204658
STGMSG14.INI,added,204631,31037,,,"ID=204631, Name=31037"
STGMSG14.INI,added,204626,,,,ID=204626
STGMSG14.INI,added,204683,,,,ID=204683
STGMSG14.INI,added,204630,31037,,,"ID=204630, Name=31037"
STGMSG14.INI,added,204622,31037,,,"ID=204622, Name=31037"
STGMSG14.INI,added,204643,,,,ID=204643
STGMSG14.INI,added,204624,31036,,,"ID=204624, Name=31036"
STGMSG14.INI,added,204632,31037,,,"ID=204632, Name=31037"
STGMSG14.INI,added,204666,,,,ID=204666
STGMSG14.INI,added,204661,,,,ID=204661
STGMSG14.INI,added,204616,31036,,,"ID=204616, Name=31036"
STGMSG14.INI,added,204654,,,,ID=204654
STGMSG14.INI,added,204672,,,,ID=204672
STGMSG14.INI,added,204679,,,,ID=204679
STGMSG14.INI,added,204678,,,,ID=204678
STGMSG14.INI,added,204623,31036,,,"ID=204623, Name=31036"
STGMSG14.INI,added,204653,,,,ID=204653
STGMSG14.INI,added,204655,,,,ID=204655
STGMSG14.INI,added,204636,31036,,,"ID=204636, Name=31036"
STGMSG14.INI,added,204682,,,,ID=204682
STGMSG14.INI,added,204641,31037,,,"ID=204641, Name=31037"
STGMSG14.INI,added,204629,31037,,,"ID=204629, Name=31037"
STGMSG14.INI,added,204676,,,,ID=204676
STGMSG14.INI,added,204662,,,,ID=204662
STGMSG14.INI,added,204663,,,,ID=204663
STGMSG14.INI,added,204637,31036,,,"ID=204637, Name=31036"
STGMSG14.INI,added,204647,,,,ID=204647
STGMSG14.INI,added,204659,,,,ID=204659
STGMSG14.INI,added,204646,,,,ID=204646
STGMSG14.INI,added,204621,31037,,,"ID=204621, Name=31037"
STGMSG14.INI,added,204640,,,,ID=204640
STGMSG14.INI,added,204664,,,,ID=204664
STGMSG14.INI,added,204614,,,,ID=204614
STGMSG14.INI,added,204677,,,,ID=204677
STGMSG14.INI,added,204642,,,,ID=204642
STGMSG14.INI,added,204684,,,,ID=204684
STGMSG14.INI,added,204625,31037,,,"ID=204625, Name=31037"
STGMSG14.INI,added,204670,,,,ID=204670
STGMSG14.INI,added,204618,31037,,,"ID=204618, Name=31037"
STGMSG14.INI,added,204656,,,,ID=204656
STGMSG14.INI,added,204660,,,,ID=204660
STGMSG14.INI,added,204639,31036,,,"ID=204639, Name=31036"
STGMSG14.INI,added,204680,,,,ID=204680
STGMSG14.INI,added,204628,,,,ID=204628
STGMSG14.INI,added,204657,,,,ID=204657
STGMSG14.INI,added,204644,,,,ID=204644
STGMSG14.INI,added,204668,,,,ID=204668
STGMSG14.INI,added,204650,,,,ID=204650
STGMSG14.INI,added,204635,31036,,,"ID=204635, Name=31036"
STGMSG14.INI,added,204615,31037,,,"ID=204615, Name=31037"
STGMSG14.INI,added,204671,,,,ID=204671
STGMSG14.INI,added,204675,,,,ID=204675
STGMSG14.INI,added,204619,31037,,,"ID=204619, Name=31037"
STGMSG14.INI,added,204633,31037,,,"ID=204633, Name=31037"
STGMSG14.INI,added,204665,,,,ID=204665
STGMSG14.INI,changed,204403,31091,Name,31092,31091
STGMSG14.INI,changed,204529,31091,Name,31092,31091
STGMSG14.INI,changed,204491,31091,Name,31092,31091
STGMSG14.INI,changed,204036,31080,Name,31081,31080
STGMSG14.INI,changed,204198,31086,Name,31087,31086
STGMSG14.INI,changed,204464,31098,Name,31099,31098
STGMSG14.INI,changed,204398,31091,Name,31092,31091
STGMSG14.INI,changed,204547,31091,Name,31092,31091
STGMSG14.INI,changed,204040,31079,Name,31080,31079
STGMSG14.INI,changed,204331,31090,Name,31091,31090
STGMSG14.INI,changed,204340,31091,Name,31092,31091
STGMSG14.INI,changed,204516,31091,Name,31092,31091
STGMSG14.INI,changed,204364,31093,Name,31094,31093
STGMSG14.INI,changed,204242,31087,Name,31088,31087
STGMSG14.INI,changed,204258,31088,Name,31089,31088
STGMSG14.INI,changed,204130,31083,Name,31084,31083
STGMSG14.INI,changed,204185,31041,Name,31042,31041
STGMSG14.INI,changed,204336,31091,Name,31092,31091
STGMSG14.INI,changed,204541,31101,Name,31102,31101
STGMSG14.INI,changed,204549,31101,Name,31102,31101
STGMSG14.INI,changed,204166,31084,Name,31085,31084
STGMSG14.INI,changed,204128,31083,Name,31084,31083
STGMSG14.INI,changed,204413,31097,Name,31098,31097
STGMSG14.INI,changed,204587,31091,Name,31092,31091
STGMSG14.INI,changed,204286,31091,Name,31092,31091
STGMSG14.INI,changed,204316,31090,Name,31091,31090
STGMSG14.INI,changed,204320,31090,Name,31091,31090
STGMSG14.INI,changed,204119,31083,Name,31084,31083
STGMSG14.INI,changed,204452,31098,Name,31099,31098
STGMSG14.INI,changed,204196,31086,Name,31087,31086
STGMSG14.INI,changed,204454,31091,Name,31092,31091
STGMSG14.INI,changed,204581,31091,Name,31092,31091
STGMSG14.INI,changed,204473,31100,Name,31101,31100
STGMSG14.INI,changed,204393,31091,Name,31092,31091
STGMSG14.INI,changed,204518,31091,Name,31092,31091
STGMSG14.INI,changed,204259,31088,Name,31089,31088
STGMSG14.INI,changed,204038,31079,Name,31080,31079
STGMSG14.INI,changed,204026,31079,Name,31080,31079
STGMSG14.INI,changed,204107,31081,Name,31082,31081
STGMSG14.INI,changed,204408,31091,Name,31092,31091
STGMSG14.INI,changed,204204,31086,Name,31087,31086
STGMSG14.INI,changed,204593,31091,Name,31092,31091
STGMSG14.INI,changed,204606,31091,Name,31092,31091
STGMSG14.INI,changed,204583,31091,Name,31092,31091
STGMSG14.INI,changed,204158,31084,Name,31085,31084
STGMSG14.INI,changed,204144,31084,Name,31085,31084
STGMSG14.INI,changed,204451,31091,Name,31092,31091
STGMSG14.INI,changed,204575,31091,Name,31092,31091
STGMSG14.INI,changed,204592,31091,Name,31092,31091
STGMSG14.INI,changed,204304,31090,Name,31091,31090
STGMSG14.INI,changed,204444,31098,Name,31099,31098
STGMSG14.INI,changed,204598,31091,Name,31092,31091
STGMSG14.INI,changed,204585,31091,Name,31092,31091
STGMSG14.INI,changed,204566,31091,Name,31092,31091
STGMSG14.INI,changed,204608,31091,Name,31092,31091
STGMSG14.INI,changed,204152,31084,Name,31085,31084
STGMSG14.INI,changed,204184,31040,Name,31041,31040
STGMSG14.INI,changed,204378,31094,Name,31095,31094
STGMSG14.INI,changed,204272,31089,Name,31090,31089
STGMSG14.INI,changed,204461,31091,Name,31092,31091
STGMSG14.INI,changed,204162,31084,Name,31085,31084
STGMSG14.INI,changed,204507,31091,Name,31092,31091
STGMSG14.INI,changed,204586,31091,Name,31092,31091
STGMSG14.INI,changed,204113,31082,Name,31083,31082
STGMSG14.INI,changed,204287,31090,Name,31091,31090
STGMSG14.INI,changed,204546,31091,Name,31092,31091
STGMSG14.INI,changed,204391,31091,Name,31092,31091
STGMSG14.INI,changed,204154,31084,Name,31085,31084
STGMSG14.INI,changed,204508,31091,Name,31092,31091
STGMSG14.INI,changed,204570,31091,Name,31092,31091
STGMSG14.INI,changed,204351,31092,Name,31093,31092
STGMSG14.INI,changed,204532,31101,Name,31102,31101
STGMSG14.INI,changed,204150,31084,Name,31085,31084
STGMSG14.INI,changed,204115,31083,Name,31084,31083
STGMSG14.INI,changed,204531,31091,Name,31092,31091
STGMSG14.INI,changed,204339,31091,Name,31092,31091
STGMSG14.INI,changed,204146,31084,Name,31085,31084
STGMSG14.INI,changed,204141,31084,Name,31085,31084
STGMSG14.INI,changed,204199,31086,Name,31087,31086
STGMSG14.INI,changed,204394,31091,Name,31092,31091
STGMSG14.INI,changed,204446,31091,Name,31092,31091
STGMSG14.INI,changed,204493,31091,Name,31092,31091
STGMSG14.INI,changed,204302,31090,Name,31091,31090
STGMSG14.INI,changed,204459,31098,Name,31099,31098
STGMSG14.INI,changed,204417,31091,Name,31092,31091
STGMSG14.INI,changed,204376,31094,Name,31095,31094
STGMSG14.INI,changed,204104,31081,Name,31082,31081
STGMSG14.INI,changed,204033,31079,Name,31080,31079
STGMSG14.INI,changed,204135,31083,Name,31084,31083
STGMSG14.INI,changed,204349,31092,Name,31093,31092
STGMSG14.INI,changed,204384,31095,Name,31096,31095
STGMSG14.INI,changed,204317,31091,Name,31092,31091
STGMSG14.INI,changed,204069,31079,Name,31080,31079
STGMSG14.INI,changed,204527,31091,Name,31092,31091
STGMSG14.INI,changed,204094,31079,Name,31080,31079
STGMSG14.INI,changed,204114,31083,Name,31084,31083
STGMSG14.INI,changed,204137,31083,Name,31084,31083
STGMSG14.INI,changed,204288,31091,Name,31092,31091
STGMSG14.INI,changed,204502,31091,Name,31092,31091
STGMSG14.INI,changed,204419,31091,Name,31092,31091
STGMSG14.INI,changed,204067,31079,Name,31080,31079
STGMSG14.INI,changed,204335,31090,Name,31091,31090
STGMSG14.INI,changed,204521,31091,Name,31092,31091
STGMSG14.INI,changed,204156,31084,Name,31085,31084
STGMSG14.INI,changed,204383,31095,Name,31096,31095
STGMSG14.INI,changed,204122,31083,Name,31084,31083
STGMSG14.INI,changed,204148,31084,Name,31085,31084
STGMSG14.INI,changed,204257,31088,Name,31089,31088
STGMSG14.INI,changed,204492,31091,Name,31092,31091
STGMSG14.INI,changed,204497,31091,Name,31092,31091
STGMSG14.INI,changed,204332,31091,Name,31092,31091
STGMSG14.INI,changed,204373,31094,Name,31095,31094
STGMSG14.INI,changed,204443,31098,Name,31099,31098
STGMSG14.INI,changed,204303,31091,Name,31092,31091
STGMSG14.INI,changed,204174,31084,Name,31085,31084
STGMSG14.INI,changed,204030,31080,Name,31081,31080
STGMSG14.INI,changed,204421,31091,Name,31092,31091
STGMSG14.INI,changed,204523,31091,Name,31092,31091
STGMSG14.INI,changed,204262,31089,Name,31090,31089
STGMSG14.INI,changed,204572,31091,Name,31092,31091
STGMSG14.INI,changed,204573,31091,Name,31092,31091
STGMSG14.INI,changed,204110,31081,Name,31082,31081
STGMSG14.INI,changed,204068,31080,Name,31081,31080
STGMSG14.INI,changed,204253,31088,Name,31089,31088
STGMSG14.INI,changed,204525,31091,Name,31092,31091
STGMSG14.INI,changed,204550,31101,Name,31102,31101
STGMSG14.INI,changed,204580,31091,Name,31092,31091
STGMSG14.INI,changed,204102,31081,Name,31082,31081
STGMSG14.INI,changed,204200,31086,Name,31087,31086
STGMSG14.INI,changed,204062,31080,Name,31081,31080
STGMSG14.INI,changed,204431,31091,Name,31092,31091
STGMSG14.INI,changed,204326,31090,Name,31091,31090
STGMSG14.INI,changed,204396,31091,Name,31092,31091
STGMSG14.INI,changed,204318,31090,Name,31091,31090
STGMSG14.INI,changed,204426,31091,Name,31092,31091
STGMSG14.INI,changed,204482,31100,Name,31101,31100
STGMSG14.INI,changed,204101,31081,Name,31082,31081
STGMSG14.INI,changed,204063,31079,Name,31080,31079
STGMSG14.INI,changed,204603,31091,Name,31092,31091
STGMSG14.INI,changed,204283,31091,Name,31092,31091
STGMSG14.INI,changed,204291,31091,Name,31092,31091
STGMSG14.INI,changed,204410,31091,Name,31092,31091
STGMSG14.INI,changed,204543,31101,Name,31102,31101
STGMSG14.INI,changed,204098,31080,Name,31081,31080
STGMSG14.INI,changed,204548,31091,Name,31092,31091
STGMSG14.INI,changed,204035,31079,Name,31080,31079
STGMSG14.INI,changed,204117,31083,Name,31084,31083
STGMSG14.INI,changed,204429,31091,Name,31092,31091
STGMSG14.INI,changed,204126,31083,Name,31084,31083
STGMSG14.INI,changed,204307,31090,Name,31091,31090
STGMSG14.INI,changed,204333,31090,Name,31091,31090
STGMSG14.INI,changed,204191,31086,Name,31087,31086
STGMSG14.INI,changed,204471,31100,Name,31101,31100
STGMSG14.INI,changed,204536,31101,Name,31102,31101
STGMSG14.INI,changed,204563,31091,Name,31092,31091
STGMSG14.INI,changed,204132,31083,Name,31084,31083
STGMSG14.INI,changed,204244,31087,Name,31088,31087
STGMSG14.INI,changed,204435,31091,Name,31092,31091
STGMSG14.INI,changed,204284,31091,Name,31092,31091
STGMSG14.INI,changed,204519,31091,Name,31092,31091
STGMSG14.INI,changed,204133,31083,Name,31084,31083
STGMSG14.INI,changed,204310,31091,Name,31092,31091
STGMSG14.INI,changed,204265,31089,Name,31090,31089
STGMSG14.INI,changed,204260,31088,Name,31089,31088
STGMSG14.INI,changed,204503,31091,Name,31092,31091
STGMSG14.INI,changed,204568,31091,Name,31092,31091
STGMSG14.INI,changed,204334,31091,Name,31092,31091
STGMSG14.INI,changed,204194,31086,Name,31087,31086
STGMSG14.INI,changed,204266,31089,Name,31090,31089
STGMSG14.INI,changed,204375,31094,Name,31095,31094
STGMSG14.INI,changed,204031,31079,Name,31080,31079
STGMSG14.INI,changed,204065,31079,Name,31080,31079
STGMSG14.INI,changed,204300,31091,Name,31092,31091
STGMSG14.INI,changed,204386,31095,Name,31096,31095
STGMSG14.INI,changed,204267,31089,Name,31090,31089
STGMSG14.INI,changed,204544,31091,Name,31092,31091
STGMSG14.INI,changed,204597,31091,Name,31092,31091
STGMSG14.INI,changed,204533,31091,Name,31092,31091
STGMSG14.INI,changed,204457,31098,Name,31099,31098
STGMSG14.INI,changed,204405,31091,Name,31092,31091
STGMSG14.INI,changed,204311,31090,Name,31091,31090
STGMSG14.INI,changed,204442,31099,Name,31100,31099
STGMSG14.INI,changed,204381,31095,Name,31096,31095
STGMSG14.INI,changed,204202,31086,Name,31087,31086
STGMSG14.INI,changed,204460,31098,Name,31099,31098
STGMSG14.INI,changed,204433,31091,Name,31092,31091
STGMSG14.INI,changed,204594,31091,Name,31092,31091
STGMSG14.INI,changed,204365,31093,Name,31094,31093
STGMSG14.INI,changed,204609,31091,Name,31092,31091
STGMSG14.INI,changed,204385,31095,Name,31096,31095
STGMSG14.INI,changed,204164,31084,Name,31085,31084
STGMSG14.INI,changed,204415,31091,Name,31092,31091
STGMSG14.INI,changed,204308,31091,Name,31092,31091
STGMSG14.INI,changed,204465,31099,Name,31100,31099
STGMSG14.INI,changed,204542,31091,Name,31092,31091
STGMSG14.INI,changed,204377,31094,Name,31095,31094
STGMSG14.INI,changed,204406,31091,Name,31092,31091
STGMSG14.INI,changed,204295,31091,Name,31092,31091
STGMSG14.INI,changed,204313,31090,Name,31091,31090
STGMSG14.INI,changed,204534,31101,Name,31102,31101
STGMSG14.INI,changed,204293,31091,Name,31092,31091
STGMSG14.INI,changed,204254,31088,Name,31089,31088
STGMSG14.INI,changed,204186,31042,Name,31043,31042
STGMSG14.INI,changed,204247,30986,Name,30987,30986
STGMSG14.INI,changed,204106,31081,Name,31082,31081
STGMSG14.INI,changed,204458,31091,Name,31092,31091
STGMSG14.INI,changed,204437,31091,Name,31092,31091
STGMSG14.INI,changed,204510,31091,Name,31092,31091
STGMSG14.INI,changed,204564,31091,Name,31092,31091
STGMSG14.INI,changed,204289,31090,Name,31091,31090
STGMSG14.INI,changed,204203,31086,Name,31087,31086
STGMSG14.INI,changed,204401,31097,Name,31098,31097
STGMSG14.INI,changed,204172,31084,Name,31085,31084
STGMSG14.INI,changed,204251,31088,Name,31089,31088
STGMSG14.INI,changed,204109,31081,Name,31082,31081
STGMSG14.INI,changed,204243,31087,Name,31088,31087
STGMSG14.INI,changed,204374,31094,Name,31095,31094
STGMSG14.INI,changed,204577,31091,Name,31092,31091
STGMSG14.INI,changed,204338,31090,Name,31091,31090
STGMSG14.INI,changed,204329,31091,Name,31092,31091
STGMSG14.INI,changed,204100,31080,Name,31081,31080
STGMSG14.INI,changed,204309,31090,Name,31091,31090
STGMSG14.INI,changed,204323,31090,Name,31091,31090
STGMSG14.INI,changed,204170,31084,Name,31085,31084
STGMSG14.INI,changed,204509,31091,Name,31092,31091
STGMSG14.INI,changed,204480,31100,Name,31101,31100
STGMSG14.INI,changed,204108,31081,Name,31082,31081
STGMSG14.INI,changed,204197,31086,Name,31087,31086
STGMSG14.INI,changed,204382,31095,Name,31096,31095
STGMSG14.INI,changed,204590,31091,Name,31092,31091
STGMSG14.INI,changed,204361,31093,Name,31094,31093
STGMSG14.INI,changed,204466,31091,Name,31092,31091
STGMSG14.INI,changed,204552,31101,Name,31102,31101
STGMSG14.INI,changed,204037,31079,Name,31080,31079
STGMSG14.INI,changed,204427,31091,Name,31092,31091
STGMSG14.INI,changed,204450,31098,Name,31099,31098
STGMSG14.INI,changed,204160,31084,Name,31085,31084
STGMSG14.INI,changed,204537,31091,Name,31092,31091
STGMSG14.INI,changed,204538,31091,Name,31092,31091
STGMSG14.INI,changed,204505,31091,Name,31092,31091
STGMSG14.INI,changed,204305,31091,Name,31092,31091
STGMSG14.INI,changed,204474,31100,Name,31101,31100
STGMSG14.INI,changed,204540,31091,Name,31092,31091
STGMSG14.INI,changed,204412,31096,Name,31097,31096
STGMSG14.INI,changed,204299,31090,Name,31091,31090
STGMSG14.INI,changed,204372,31094,Name,31095,31094
STGMSG14.INI,changed,204034,31080,Name,31081,31080
STGMSG14.INI,changed,204551,31091,Name,31092,31091
STGMSG14.INI,changed,204604,31091,Name,31092,31091
STGMSG14.INI,changed,204512,31091,Name,31092,31091
STGMSG14.INI,changed,204268,31089,Name,31090,31089
STGMSG14.INI,changed,204120,31083,Name,31084,31083
STGMSG14.INI,changed,204500,31091,Name,31092,31091
STGMSG14.INI,changed,204089,31079,Name,31080,31079
STGMSG14.INI,changed,204271,31089,Name,31090,31089
STGMSG14.INI,changed,204116,31083,Name,31084,31083
STGMSG14.INI,changed,204282,31091,Name,31092,31091
STGMSG14.INI,changed,204111,31081,Name,31082,31081
STGMSG14.INI,changed,204297,31090,Name,31091,31090
STGMSG14.INI,changed,204315,31091,Name,31092,31091
STGMSG14.INI,changed,204090,31079,Name,31080,31079
STGMSG14.INI,changed,204290,31090,Name,31091,31090
STGMSG14.INI,changed,204342,31092,Name,31093,31092
STGMSG14.INI,changed,204241,31087,Name,31088,31087
STGMSG14.INI,changed,204134,31083,Name,31084,31083
STGMSG14.INI,changed,204124,31083,Name,31084,31083
STGMSG14.INI,changed,204269,31089,Name,31090,31089
STGMSG14.INI,changed,204270,31089,Name,31090,31089
STGMSG14.INI,changed,204059,31079,Name,31080,31079
STGMSG14.INI,changed,204579,31091,Name,31092,31091
STGMSG14.INI,changed,204514,31091,Name,31092,31091
STGMSG14.INI,changed,204263,31089,Name,31090,31089
STGMSG14.INI,changed,204610,31091,Name,31092,31091
STGMSG14.INI,changed,204142,31084,Name,31085,31084
STGMSG14.INI,changed,204213,31086,Name,31087,31086
STGMSG14.INI,changed,204448,31091,Name,31092,31091
STGMSG14.INI,changed,204424,31091,Name,31092,31091
STGMSG14.INI,changed,204324,31091,Name,31092,31091
STGMSG14.INI,changed,204400,31096,Name,31097,31096
STGMSG14.INI,changed,204545,31101,Name,31102,31101
STGMSG14.INI,changed,204612,31091,Name,31092,31091
STGMSG14.INI,changed,204060,31080,Name,31081,31080
STGMSG14.INI,changed,204189,31083,Name,31084,31083
STGMSG14.INI,changed,204449,31091,Name,31092,31091
STGMSG14.INI,changed,204499,31091,Name,31092,31091
STGMSG14.INI,changed,204453,31098,Name,31099,31098
STGMSG14.INI,changed,204294,31090,Name,31091,31090
STGMSG14.INI,changed,204327,31091,Name,31092,31091
STGMSG14.INI,changed,204348,31092,Name,31093,31092
STGMSG14.INI,changed,204099,31080,Name,31081,31080
STGMSG14.INI,changed,204595,31091,Name,31092,31091
STGMSG14.INI,changed,204176,31084,Name,31085,31084
STGMSG14.INI,changed,204328,31090,Name,31091,31090
STGMSG14.INI,changed,204250,31088,Name,31089,31088
STGMSG14.INI,changed,204281,31090,Name,31091,31090
STGMSG14.INI,changed,204456,31091,Name,31092,31091
STGMSG14.INI,changed,204298,31091,Name,31092,31091
STGMSG14.INI,changed,204422,31091,Name,31092,31091
STGMSG14.INI,changed,204441,31098,Name,31099,31098
STGMSG14.INI,changed,204201,31086,Name,31087,31086
STGMSG14.INI,changed,204292,31090,Name,31091,31090
STGMSG14.INI,changed,204371,31094,Name,31095,31094
STGMSG14.INI,changed,204192,31086,Name,31087,31086
STGMSG14.INI,changed,204296,31090,Name,31091,31090
STGMSG14.INI,changed,204301,31090,Name,31091,31090
STGMSG14.INI,changed,204248,30986,Name,30987,30986
STGMSG14.INI,changed,204535,31091,Name,31092,31091
STGMSG14.INI,changed,204445,31098,Name,31099,31098
STGMSG14.INI,changed,204112,31082,Name,31083,31082
STGMSG14.INI,changed,204494,31091,Name,31092,31091
STGMSG14.INI,changed,204539,31101,Name,31102,31101
STGMSG14.INI,changed,204187,31085,Name,31086,31085
STGMSG14.INI,changed,204463,31098,Name,31099,31098
STGMSG14.INI,changed,204362,31093,Name,31094,31093
STGMSG14.INI,changed,204256,31088,Name,31089,31088
STGMSG14.INI,changed,204600,31091,Name,31092,31091
STGMSG14.INI,changed,204285,31091,Name,31092,31091
STGMSG14.INI,changed,204561,31091,Name,31092,31091
STGMSG14.INI,changed,204321,31091,Name,31092,31091
STGMSG14.INI,changed,204455,31098,Name,31099,31098
STGMSG14.INI,changed,204027,31079,Name,31080,31079
STGMSG14.INI,changed,204447,31098,Name,31099,31098
STGMSG14.INI,changed,204168,31084,Name,31085,31084
STGMSG145.INI,changed,239807,30970,Name,30971,30970
STGMSG145.INI,changed,239326,31058,Name,31059,31058
STGMSG145.INI,changed,239787,30997,Name,30998,30997
STGMSG145.INI,changed,239783,30997,Name,30998,30997
STGMSG145.INI,changed,239754,30997,Name,30998,30997
STGMSG145.INI,changed,239750,30997,Name,30998,30997
STGMSG145.INI,changed,239774,30997,Name,30998,30997
STGMSG145.INI,changed,239855,30970,Name,30971,30970
STGMSG145.INI,changed,239853,30970,Name,30971,30970
STGMSG145.INI,changed,239785,30970,Name,30971,30970
STGMSG145.INI,changed,239745,30970,Name,30971,30970
STGMSG145.INI,changed,239811,30970,Name,30971,30970
STGMSG145.INI,changed,239746,30997,Name,30998,30997
STGMSG145.INI,changed,239780,30970,Name,30971,30970
STGMSG145.INI,changed,239851,30997,Name,30998,30997
STGMSG145.INI,changed,239834,30970,Name,30971,30970
STGMSG145.INI,changed,239844,30997,Name,30998,30997
STGMSG145.INI,changed,239796,30997,Name,30998,30997
STGMSG145.INI,changed,239842,30997,Name,30998,30997
STGMSG145.INI,changed,239773,30970,Name,30971,30970
STGMSG145.INI,changed,239317,31058,Name,31059,31058
STGMSG145.INI,changed,239838,30970,Name,30971,30970
STGMSG145.INI,changed,239753,30970,Name,30971,30970
STGMSG145.INI,changed,239772,30970,Name,30971,30970
STGMSG145.INI,changed,239792,30997,Name,30998,30997
STGMSG145.INI,changed,239790,30997,Name,30998,30997
STGMSG145.INI,changed,239836,30970,Name,30971,30970
STGMSG145.INI,changed,239756,30997,Name,30998,30997
STGMSG145.INI,changed,239814,30997,Name,30998,30997
STGMSG145.INI,changed,239850,30997,Name,30998,30997
STGMSG145.INI,changed,239765,30970,Name,30971,30970
STGMSG145.INI,changed,239832,30970,Name,30971,30970
STGMSG145.INI,changed,239848,30997,Name,30998,30997
STGMSG145.INI,changed,239846,30997,Name,30998,30997
STGMSG145.INI,changed,239788,30997,Name,30998,30997
STGMSG145.INI,changed,239760,30997,Name,30998,30997
STGMSG145.INI,changed,239837,30970,Name,30971,30970
STGMSG157.INI,changed,241444,30997,Name,30998,30997
STGMSG157.INI,changed,242762,31033,Name,31034,31033
STGMSG157.INI,changed,242793,30997,Name,30998,30997
STGMSG157.INI,changed,242785,30997,Name,30998,30997
STGMSG157.INI,changed,242796,30997,Name,30998,30997
STGMSG157.INI,changed,241489,30997,Name,30998,30997
STGMSG157.INI,changed,241442,30997,Name,30998,30997
STGMSG157.INI,changed,241459,30997,Name,30998,30997
STGMSG157.INI,changed,242784,30997,Name,30998,30997
STGMSG157.INI,changed,242772,31033,Name,31034,31033
STGMSG157.INI,changed,241487,30997,Name,30998,30997
STGMSG157.INI,changed,241456,30997,Name,30998,30997
STGMSG157.INI,changed,242783,30997,Name,30998,30997
STGMSG157.INI,changed,241898,30997,Name,30998,30997
STGMSG157.INI,changed,242736,30997,Name,30998,30997
STGMSG157.INI,changed,242792,30997,Name,30998,30997
STGMSG157.INI,changed,241457,30997,Name,30998,30997
STGMSG157.INI,changed,242791,30997,Name,30998,30997
STGMSG157.INI,changed,242767,31033,Name,31034,31033
STGMSG157.INI,changed,241481,30997,Name,30998,30997
STGMSG157.INI,changed,241896,30997,Name,30998,30997
STGMSG157.INI,changed,242737,30997,Name,30998,30997
STGMSG157.INI,changed,241477,30997,Name,30998,30997
STGMSG157.INI,changed,242764,31033,Name,31034,31033
STGMSG157.INI,changed,241495,30997,Name,30998,30997
STGMSG157.INI,changed,242776,31033,Name,31034,31033
STGMSG157.INI,changed,241479,30997,Name,30998,30997
STGMSG157.INI,changed,242760,31033,Name,31034,31033
STGMSG157.INI,changed,241441,30997,Name,30998,30997
STGMSG157.INI,changed,241476,30995,Name,30996,30995
STGMSG157.INI,changed,242790,30997,Name,30998,30997
STGMSG157.INI,changed,242771,31033,Name,31034,31033
STGMSG157.INI,changed,242800,30997,Name,30998,30997
STGMSG157.INI,changed,242799,30997,Name,30998,30997
STGMSG157.INI,changed,242788,30997,Name,30998,30997
STGMSG157.INI,changed,242782,30997,Name,30998,30997
STGMSG157.INI,changed,242789,30997,Name,30998,30997
STGMSG157.INI,changed,242794,30997,Name,30998,30997
STGMSG157.INI,changed,241496,30997,Name,30998,30997
STGMSG157.INI,changed,241475,30995,Name,30996,30995
STGMSG157.INI,changed,242781,30997,Name,30998,30997
STGMSG157.INI,changed,241897,30997,Name,30998,30997
STGMSG157.INI,changed,241905,30997,Name,30998,30997
STGMSG157.INI,changed,241443,30997,Name,30998,30997
STGMSG157.INI,changed,241493,30997,Name,30998,30997
STGMSG157.INI,changed,241474,30994,Name,30995,30994
STGMSG157.INI,changed,241901,30997,Name,30998,30997
STGMSG157.INI,changed,242740,30997,Name,30998,30997
STGMSG157.INI,changed,241485,30997,Name,30998,30997
STGMSG157.INI,changed,242798,30997,Name,30998,30997
STGMSG157.INI,changed,241494,30997,Name,30998,30997
STGMSG157.INI,changed,242786,30997,Name,30998,30997
STGMSG157.INI,changed,241899,30997,Name,30998,30997
STGMSG157.INI,changed,242746,31033,Name,31034,31033
STGMSG157.INI,changed,242780,30997,Name,30998,30997
STGMSG157.INI,changed,241478,30997,Name,30998,30997
STGMSG157.INI,changed,241484,30997,Name,30998,30997
STGMSG157.INI,changed,242751,31033,Name,31034,31033
STGMSG157.INI,changed,241498,30997,Name,30998,30997
STGMSG157.INI,changed,241458,30997,Name,30998,30997
STGMSG157.INI,changed,242770,31033,Name,31034,31033
STGMSG157.INI,changed,241473,30994,Name,30995,30994
STGMSG157.INI,changed,242738,30997,Name,30998,30997
STGMSG157.INI,changed,242778,31033,Name,31034,31033
STGMSG157.INI,changed,242755,31033,Name,31034,31033
STGMSG157.INI,changed,242765,31033,Name,31034,31033
STGMSG157.INI,changed,241470,30992,Name,30993,30992
STGMSG157.INI,changed,241488,30997,Name,30998,30997
STGMSG157.INI,changed,242741,31033,Name,31034,31033
STGMSG157.INI,changed,242797,30997,Name,30998,30997
STGMSG157.INI,changed,241472,30993,Name,30994,30993
STGMSG157.INI,changed,241904,30997,Name,30998,30997
STGMSG157.INI,changed,241490,30997,Name,30998,30997
STGMSG157.INI,changed,242749,31033,Name,31034,31033
STGMSG157.INI,changed,241480,30997,Name,30998,30997
STGMSG157.INI,changed,241471,30992,Name,30993,30992
STGMSG157.INI,changed,241491,30997,Name,30998,30997
STGMSG157.INI,changed,241497,30997,Name,30998,30997
STGMSG157.INI,changed,241499,30997,Name,30998,30997
STGMSG157.INI,changed,241486,30997,Name,30998,30997
STGMSG157.INI,changed,241482,30997,Name,30998,30997
STGMSG157.INI,changed,241500,30997,Name,30998,30997
STGMSG157.INI,changed,242795,30997,Name,30998,30997
STGMSG157.INI,changed,241903,30997,Name,30998,30997
STGMSG157.INI,changed,242787,30997,Name,30998,30997
STGMSG157.INI,changed,242739,30997,Name,30998,30997
STGMSG157.INI,changed,241900,30997,Name,30998,30997
STGMSG157.INI,changed,241902,30997,Name,30998,30997
STGMSG157.INI,changed,241492,30997,Name,30998,30997
STGMSG157.INI,changed,242758,31033,Name,31034,31033
STGMSG157.INI,changed,241483,30997,Name,30998,30997
STGMSG157.INI,changed,242743,31033,Name,31034,31033
STGMSG166.INI,changed,242673,30877,Name,30878,30877
STGMSG166.INI,changed,242672,30877,Name,30878,30877
STGMSG167.INI,changed,243503,30939,Name,30940,30939
STGMSG167.INI,changed,243042,31042,Name,31043,31042
STGMSG167.INI,changed,243512,30938,Name,30939,30938
STGMSG167.INI,changed,243509,30938,Name,30939,30938
STGMSG167.INI,changed,243511,30938,Name,30939,30938
STGMSG167.INI,changed,243040,31042,Name,31043,31042
STGMSG167.INI,changed,243044,31042,Name,31043,31042
STGMSG167.INI,changed,243496,30938,Name,30939,30938
STGMSG167.INI,changed,243502,30938,Name,30939,30938
STGMSG167.INI,changed,243504,30938,Name,30939,30938
STGMSG167.INI,changed,243041,31042,Name,31043,31042
STGMSG167.INI,changed,243043,31042,Name,31043,31042
STGMSG167.INI,changed,243495,30938,Name,30939,30938
STGMSG167.INI,changed,243501,30938,Name,30939,30938
STGMSG167.INI,changed,243498,30938,Name,30939,30938
STGMSG178.INI,changed,245166,31131,Name,31132,31131
STGMSG178.INI,changed,245277,31131,Name,31132,31131
STGMSG178.INI,changed,245155,31131,Name,31132,31131
STGMSG178.INI,changed,245013,30877,Name,30878,30877
STGMSG178.INI,changed,245455,31131,Name,31132,31131
STGMSG178.INI,changed,245459,31131,Name,31132,31131
STGMSG178.INI,changed,245172,31131,Name,31132,31131
STGMSG178.INI,changed,245180,31131,Name,31132,31131
STGMSG178.INI,changed,245152,31131,Name,31132,31131
STGMSG178.INI,changed,245175,31131,Name,31132,31131
STGMSG178.INI,changed,245183,31131,Name,31132,31131
STGMSG178.INI,changed,245159,31131,Name,31132,31131
STGMSG178.INI,changed,245173,31131,Name,31132,31131
STGMSG178.INI,changed,245164,31131,Name,31132,31131
STGMSG178.INI,changed,245157,31131,Name,31132,31131
STGMSG178.INI,changed,245457,31131,Name,31132,31131
STGMSG178.INI,changed,245458,31131,Name,31132,31131
STGMSG178.INI,changed,245279,31131,Name,31132,31131
STGMSG178.INI,changed,245178,31131,Name,31132,31131
STGMSG178.INI,changed,245278,31131,Name,31132,31131
STGMSG178.INI,changed,245290,31131,Name,31132,31131
STGMSG178.INI,changed,245014,30877,Name,30878,30877
STGMSG178.INI,changed,245460,31131,Name,31132,31131
STGMSG178.INI,changed,245273,31131,Name,31132,31131
STGMSG178.INI,changed,245456,31131,Name,31132,31131
STGMSG178.INI,changed,245163,31131,Name,31132,31131
STGMSG178.INI,changed,245185,31131,Name,31132,31131
STGMSG178.INI,changed,245150,31131,Name,31132,31131
STGMSG178.INI,changed,245176,31131,Name,31132,31131
STGMSG178.INI,changed,245452,31131,Name,31132,31131
STGMSG178.INI,changed,245168,31131,Name,31132,31131
STGMSG178.INI,changed,245170,31131,Name,31132,31131
STGMSG178.INI,changed,245161,31131,Name,31132,31131
STGMSG178.INI,changed,245187,31131,Name,31132,31131
STGMSG178.INI,changed,245453,31131,Name,31132,31131
STGMSG178.INI,changed,245153,31131,Name,31132,31131
STGMSG178.INI,changed,245450,31131,Name,31132,31131
STGMSG178.INI,changed,245275,31131,Name,31132,31131
STGMSG19.INI,changed,202306,30998,Name,30999,30998
STGMSG19.INI,changed,202020,30984,Name,30985,30984
STGMSG19.INI,changed,202214,30997,Name,30998,30997
STGMSG19.INI,changed,202307,30998,Name,30999,30998
STGMSG19.INI,changed,202366,31001,Name,31002,31001
STGMSG19.INI,changed,202280,30997,Name,30998,30997
STGMSG19.INI,changed,202275,30997,Name,30998,30997
STGMSG19.INI,changed,202117,30995,Name,30996,30995
STGMSG19.INI,changed,202336,30999,Name,31000,30999
STGMSG19.INI,changed,202409,31003,Name,31004,31003
STGMSG19.INI,changed,202089,30990,Name,30991,30990
STGMSG19.INI,changed,202071,30989,Name,30990,30989
STGMSG19.INI,changed,202145,30996,Name,30997,30996
STGMSG19.INI,changed,202044,30985,Name,30986,30985
STGMSG19.INI,changed,202412,31003,Name,31004,31003
STGMSG19.INI,changed,202357,30999,Name,31000,30999
STGMSG19.INI,changed,202247,30997,Name,30998,30997
STGMSG19.INI,changed,202270,30997,Name,30998,30997
STGMSG19.INI,changed,202054,30987,Name,30988,30987
STGMSG19.INI,changed,202255,30997,Name,30998,30997
STGMSG19.INI,changed,202132,30996,Name,30997,30996
STGMSG19.INI,changed,202277,30997,Name,30998,30997
STGMSG19.INI,changed,202092,30990,Name,30991,30990
STGMSG19.INI,changed,202303,30998,Name,30999,30998
STGMSG19.INI,changed,202365,30999,Name,31000,30999
STGMSG19.INI,changed,202074,30989,Name,30990,30989
STGMSG19.INI,changed,202416,31003,Name,31004,31003
STGMSG19.INI,changed,202315,30998,Name,30999,30998
STGMSG19.INI,changed,202140,30996,Name,30997,30996
STGMSG19.INI,changed,202175,30997,Name,30998,30997
STGMSG19.INI,changed,202271,30997,Name,30998,30997
STGMSG19.INI,changed,202319,30998,Name,30999,30998
STGMSG19.INI,changed,202391,31001,Name,31002,31001
STGMSG19.INI,changed,202017,30984,Name,30985,30984
STGMSG19.INI,changed,202225,30997,Name,30998,30997
STGMSG19.INI,changed,202414,31003,Name,31004,31003
STGMSG19.INI,changed,202304,30998,Name,30999,30998
STGMSG19.INI,changed,202381,31002,Name,31003,31002
STGMSG19.INI,changed,202362,30999,Name,31000,30999
STGMSG19.INI,changed,202246,30997,Name,30998,30997
STGMSG19.INI,changed,202313,30998,Name,30999,30998
STGMSG19.INI,changed,202405,31003,Name,31004,31003
STGMSG19.INI,changed,202385,31001,Name,31002,31001
STGMSG19.INI,changed,202355,31000,Name,31001,31000
STGMSG19.INI,changed,202080,30989,Name,30990,30989
STGMSG19.INI,changed,202371,30999,Name,31000,30999
STGMSG19.INI,changed,202367,31000,Name,31001,31000
STGMSG19.INI,changed,202234,30997,Name,30998,30997
STGMSG19.INI,changed,202390,31000,Name,31001,31000
STGMSG19.INI,changed,202045,30985,Name,30986,30985
STGMSG19.INI,changed,202031,30984,Name,30985,30984
STGMSG19.INI,changed,202112,30992,Name,30993,30992
STGMSG19.INI,changed,202334,31002,Name,31003,31002
STGMSG19.INI,changed,202339,31001,Name,31002,31001
STGMSG19.INI,changed,202183,30997,Name,30998,30997
STGMSG19.INI,changed,202337,31000,Name,31001,31000
STGMSG19.INI,changed,202401,31003,Name,31004,31003
STGMSG19.INI,changed,202041,30985,Name,30986,30985
STGMSG19.INI,changed,202040,30985,Name,30986,30985
STGMSG19.INI,changed,202027,30984,Name,30985,30984
STGMSG19.INI,changed,202056,30987,Name,30988,30987
STGMSG19.INI,changed,202136,30996,Name,30997,30996
STGMSG19.INI,changed,202244,30997,Name,30998,30997
STGMSG19.INI,changed,202039,30984,Name,30985,30984
STGMSG19.INI,changed,202392,31002,Name,31003,31002
STGMSG19.INI,changed,202352,31001,Name,31002,31001
STGMSG19.INI,changed,202393,30999,Name,31000,30999
STGMSG19.INI,changed,202260,30997,Name,30998,30997
STGMSG19.INI,changed,202223,30997,Name,30998,30997
STGMSG19.INI,changed,202047,30985,Name,30986,30985
STGMSG19.INI,changed,202113,30993,Name,30994,30993
STGMSG19.INI,changed,202350,30999,Name,31000,30999
STGMSG19.INI,changed,202093,30990,Name,30991,30990
STGMSG19.INI,changed,202042,30985,Name,30986,30985
STGMSG19.INI,changed,202037,30984,Name,30985,30984
STGMSG19.INI,changed,202360,31001,Name,31002,31001
STGMSG19.INI,changed,202222,30997,Name,30998,30997
STGMSG19.INI,changed,202231,30997,Name,30998,30997
STGMSG19.INI,changed,202028,30984,Name,30985,30984
STGMSG19.INI,changed,202010,30984,Name,30985,30984
STGMSG19.INI,changed,202359,30999,Name,31000,30999
STGMSG19.INI,changed,202139,30996,Name,30997,30996
STGMSG19.INI,changed,202035,30984,Name,30985,30984
STGMSG19.INI,changed,202217,30997,Name,30998,30997
STGMSG19.INI,changed,202418,31003,Name,31004,31003
STGMSG19.INI,changed,202331,30999,Name,31000,30999
STGMSG19.INI,changed,202320,30998,Name,30999,30998
STGMSG19.INI,changed,202070,30989,Name,30990,30989
STGMSG19.INI,changed,202347,30999,Name,31000,30999
STGMSG19.INI,changed,202254,30997,Name,30998,30997
STGMSG19.INI,changed,202411,31003,Name,31004,31003
STGMSG19.INI,changed,202377,30999,Name,31000,30999
STGMSG19.INI,changed,202088,30990,Name,30991,30990
STGMSG19.INI,changed,202146,30996,Name,30997,30996
STGMSG19.INI,changed,202265,30997,Name,30998,30997
STGMSG19.INI,changed,202069,30988,Name,30989,30988
STGMSG19.INI,changed,202072,30989,Name,30990,30989
STGMSG19.INI,changed,202324,30998,Name,30999,30998
STGMSG19.INI,changed,202030,30984,Name,30985,30984
STGMSG19.INI,changed,202310,30998,Name,30999,30998
STGMSG19.INI,changed,202386,31000,Name,31001,31000
STGMSG19.INI,changed,202368,30999,Name,31000,30999
STGMSG19.INI,changed,202131,30996,Name,30997,30996
STGMSG19.INI,changed,202219,30997,Name,30998,30997
STGMSG19.INI,changed,202378,31001,Name,31002,31001
STGMSG19.INI,changed,202147,30996,Name,30997,30996
STGMSG19.INI,changed,202374,31002,Name,31003,31002
STGMSG19.INI,changed,202363,31002,Name,31003,31002
STGMSG19.INI,changed,202311,30998,Name,30999,30998
STGMSG19.INI,changed,202242,30997,Name,30998,30997
STGMSG19.INI,changed,202184,30997,Name,30998,30997
STGMSG19.INI,changed,202340,31002,Name,31003,31002
STGMSG19.INI,changed,202305,30998,Name,30999,30998
STGMSG19.INI,changed,202066,30986,Name,30987,30986
STGMSG19.INI,changed,202077,30988,Name,30989,30988
STGMSG19.INI,changed,202419,31003,Name,31004,31003
STGMSG19.INI,changed,202173,30997,Name,30998,30997
STGMSG19.INI,changed,202379,31000,Name,31001,31000
STGMSG19.INI,changed,202068,30988,Name,30989,30988
STGMSG19.INI,changed,202212,30997,Name,30998,30997
STGMSG19.INI,changed,202301,30998,Name,30999,30998
STGMSG19.INI,changed,202314,30998,Name,30999,30998
STGMSG19.INI,changed,202013,30984,Name,30985,30984
STGMSG19.INI,changed,202143,30996,Name,30997,30996
STGMSG19.INI,changed,202269,30997,Name,30998,30997
STGMSG19.INI,changed,202316,30998,Name,30999,30998
STGMSG19.INI,changed,202048,30986,Name,30987,30986
STGMSG19.INI,changed,202075,30989,Name,30990,30989
STGMSG19.INI,changed,202322,30998,Name,30999,30998
STGMSG19.INI,changed,202025,30984,Name,30985,30984
STGMSG19.INI,changed,202318,30998,Name,30999,30998
STGMSG19.INI,changed,202240,30997,Name,30998,30997
STGMSG19.INI,changed,202387,31002,Name,31003,31002
STGMSG19.INI,changed,202085,30986,Name,30987,30986
STGMSG19.INI,changed,202343,31000,Name,31001,31000
STGMSG19.INI,changed,202248,30997,Name,30998,30997
STGMSG19.INI,changed,202353,31002,Name,31003,31002
STGMSG19.INI,changed,202407,31003,Name,31004,31003
STGMSG19.INI,changed,202369,31002,Name,31003,31002
STGMSG19.INI,changed,202049,30986,Name,30987,30986
STGMSG19.INI,changed,202060,30987,Name,30988,30987
STGMSG19.INI,changed,202115,30994,Name,30995,30994
STGMSG19.INI,changed,202250,30997,Name,30998,30997
STGMSG19.INI,changed,202021,30984,Name,30985,30984
STGMSG19.INI,changed,202332,31000,Name,31001,31000
STGMSG19.INI,changed,202046,30985,Name,30986,30985
STGMSG19.INI,changed,202317,30998,Name,30999,30998
STGMSG19.INI,changed,202067,30988,Name,30989,30988
STGMSG19.INI,changed,202245,30997,Name,30998,30997
STGMSG19.INI,changed,202342,30999,Name,31000,30999
STGMSG19.INI,changed,202019,30984,Name,30985,30984
STGMSG19.INI,changed,202111,30992,Name,30993,30992
STGMSG19.INI,changed,202012,30984,Name,30985,30984
STGMSG19.INI,changed,202090,30990,Name,30991,30990
STGMSG19.INI,changed,202230,30997,Name,30998,30997
STGMSG19.INI,changed,202226,30997,Name,30998,30997
STGMSG19.INI,changed,202141,30996,Name,30997,30996
STGMSG19.INI,changed,202351,31000,Name,31001,31000
STGMSG19.INI,changed,202325,30998,Name,30999,30998
STGMSG19.INI,changed,202015,30984,Name,30985,30984
STGMSG19.INI,changed,202238,30997,Name,30998,30997
STGMSG19.INI,changed,202058,30987,Name,30988,30987
STGMSG19.INI,changed,202149,30996,Name,30997,30996
STGMSG19.INI,changed,202033,30984,Name,30985,30984
STGMSG19.INI,changed,202321,30998,Name,30999,30998
STGMSG19.INI,changed,202109,30991,Name,30992,30991
STGMSG19.INI,changed,202065,30986,Name,30987,30986
STGMSG19.INI,changed,202262,30997,Name,30998,30997
STGMSG19.INI,changed,202323,30998,Name,30999,30998
STGMSG19.INI,changed,202043,30985,Name,30986,30985
STGMSG19.INI,changed,202333,31001,Name,31002,31001
STGMSG19.INI,changed,202361,31000,Name,31001,31000
STGMSG19.INI,changed,202380,31001,Name,31002,31001
STGMSG19.INI,changed,202383,31000,Name,31001,31000
STGMSG19.INI,changed,202023,30984,Name,30985,30984
STGMSG19.INI,changed,202312,30998,Name,30999,30998
STGMSG19.INI,changed,202384,30999,Name,31000,30999
STGMSG19.INI,changed,202344,30999,Name,31000,30999
STGMSG19.INI,changed,202086,30986,Name,30987,30986
STGMSG19.INI,changed,202009,30984,Name,30985,30984
STGMSG19.INI,changed,202050,30986,Name,30987,30986
STGMSG19.INI,changed,202078,30988,Name,30989,30988
STGMSG19.INI,changed,202345,31001,Name,31002,31001
STGMSG19.INI,changed,202228,30997,Name,30998,30997
STGMSG19.INI,changed,202279,30997,Name,30998,30997
STGMSG19.INI,changed,202382,30999,Name,31000,30999
STGMSG19.INI,changed,202114,30994,Name,30995,30994
STGMSG19.INI,changed,202257,30997,Name,30998,30997
STGMSG19.INI,changed,202373,31001,Name,31002,31001
STGMSG19.INI,changed,202073,30989,Name,30990,30989
STGMSG19.INI,changed,202134,30996,Name,30997,30996
STGMSG19.INI,changed,202211,30997,Name,30998,30997
STGMSG19.INI,changed,202302,30998,Name,30999,30998
STGMSG19.INI,changed,202346,31002,Name,31003,31002
STGMSG19.INI,changed,202348,31000,Name,31001,31000
STGMSG19.INI,changed,202116,30995,Name,30996,30995
STGMSG19.INI,changed,202221,30997,Name,30998,30997
STGMSG19.INI,changed,202232,30997,Name,30998,30997
STGMSG19.INI,changed,202235,30997,Name,30998,30997
STGMSG19.INI,changed,202137,30996,Name,30997,30996
STGMSG19.INI,changed,202309,30998,Name,30999,30998
STGMSG19.INI,changed,202215,30997,Name,30998,30997
STGMSG19.INI,changed,202403,31003,Name,31004,31003
STGMSG19.INI,changed,202349,31002,Name,31003,31002
STGMSG19.INI,changed,202372,31000,Name,31001,31000
STGMSG19.INI,changed,202272,30997,Name,30998,30997
STGMSG19.INI,changed,202389,30999,Name,31000,30999
STGMSG19.INI,changed,202091,30990,Name,30991,30990
STGMSG19.INI,changed,202308,30998,Name,30999,30998
STGMSG191.INI,changed,247519,31043,Name,31044,31043
STGMSG191.INI,changed,247512,31043,Name,31044,31043
STGMSG191.INI,changed,247535,31043,Name,31044,31043
STGMSG191.INI,changed,247527,31043,Name,31044,31043
STGMSG20.INI,changed,206036,31103,Name,31104,31103
STGMSG20.INI,changed,206047,31103,Name,31104,31103
STGMSG20.INI,changed,206032,31103,Name,31104,31103
STGMSG20.INI,changed,206051,31103,Name,31104,31103
STGMSG20.INI,changed,206046,31103,Name,31104,31103
STGMSG20.INI,changed,206038,31103,Name,31104,31103
STGMSG20.INI,changed,206009,31102,Name,31103,31102
STGMSG20.INI,changed,206007,31102,Name,31103,31102
STGMSG20.INI,changed,206054,31103,Name,31104,31103
STGMSG20.INI,changed,206033,31103,Name,31104,31103
STGMSG20.INI,changed,206031,31103,Name,31104,31103
STGMSG20.INI,changed,206055,31103,Name,31104,31103
STGMSG20.INI,changed,206049,31104,Name,31105,31104
STGMSG20.INI,changed,206005,31102,Name,31103,31102
STGMSG20.INI,changed,206035,31103,Name,31104,31103
STGMSG20.INI,changed,206043,31103,Name,31104,31103
STGMSG20.INI,changed,206030,31103,Name,31104,31103
STGMSG20.INI,changed,206052,31103,Name,31104,31103
STGMSG20.INI,changed,206053,31103,Name,31104,31103
STGMSG20.INI,changed,206048,31103,Name,31104,31103
STGMSG20.INI,changed,206056,31106,Name,31107,31106
STGMSG20.INI,changed,206044,31103,Name,31104,31103
STGMSG20.INI,changed,206050,31105,Name,31106,31105
STGMSG20.INI,changed,206040,31103,Name,31104,31103
STGMSG20.INI,changed,206034,31103,Name,31104,31103
STGMSG203.INI,changed,249250,30976,Name,30977,30976
STGMSG203.INI,changed,249700,30984,Name,30985,30984
STGMSG203.INI,changed,249704,30984,Name,30985,30984
STGMSG203.INI,changed,249722,30984,Name,30985,30984
STGMSG203.INI,changed,249247,30976,Name,30977,30976
STGMSG203.INI,changed,249710,30984,Name,30985,30984
STGMSG203.INI,changed,249712,30984,Name,30985,30984
STGMSG203.INI,changed,249241,30976,Name,30977,30976
STGMSG203.INI,changed,249244,30976,Name,30977,30976
STGMSG203.INI,changed,249730,30984,Name,30985,30984
STGMSG203.INI,changed,249708,30984,Name,30985,30984
STGMSG203.INI,changed,249256,30976,Name,30977,30976
STGMSG203.INI,changed,249255,30976,Name,30977,30976
STGMSG203.INI,changed,249701,30984,Name,30985,30984
STGMSG203.INI,changed,249716,30984,Name,30985,30984
STGMSG203.INI,changed,249248,30976,Name,30977,30976
STGMSG203.INI,changed,249714,30984,Name,30985,30984
STGMSG203.INI,changed,249253,30976,Name,30977,30976
STGMSG203.INI,changed,249721,30984,Name,30985,30984
STGMSG203.INI,changed,249242,30976,Name,30977,30976
STGMSG203.INI,changed,249728,30984,Name,30985,30984
STGMSG203.INI,changed,249240,30976,Name,30977,30976
STGMSG203.INI,changed,249274,30976,Name,30977,30976
STGMSG203.INI,changed,249718,30984,Name,30985,30984
STGMSG203.INI,changed,249711,30984,Name,30985,30984
STGMSG203.INI,changed,249726,30984,Name,30985,30984
STGMSG203.INI,changed,249706,30984,Name,30985,30984
STGMSG203.INI,changed,249276,30976,Name,30977,30976
STGMSG203.INI,changed,249246,30976,Name,30977,30976
STGMSG203.INI,changed,249271,30976,Name,30977,30976
STGMSG203.INI,changed,249724,30984,Name,30985,30984
STGMSG203.INI,changed,249277,30976,Name,30977,30976
STGMSG203.INI,changed,249252,30976,Name,30977,30976
STGMSG203.INI,changed,249719,30984,Name,30985,30984
STGMSG203.INI,changed,249703,30984,Name,30985,30984
STGMSG21.INI,changed,207219,31129,Name,31130,31129
STGMSG21.INI,changed,207268,31131,Name,31132,31131
STGMSG21.INI,changed,207252,31128,Name,31129,31128
STGMSG21.INI,changed,207050,31113,Name,31114,31113
STGMSG21.INI,changed,207204,31127,Name,31128,31127
STGMSG21.INI,changed,207205,31127,Name,31128,31127
STGMSG21.INI,changed,207168,31114,Name,31115,31114
STGMSG21.INI,changed,207064,31113,Name,31114,31113
STGMSG21.INI,changed,207136,31121,Name,31122,31121
STGMSG21.INI,changed,207197,31124,Name,31125,31124
STGMSG21.INI,changed,207154,31124,Name,31125,31124
STGMSG21.INI,changed,207208,31127,Name,31128,31127
STGMSG21.INI,changed,207131,31121,Name,31122,31121
STGMSG21.INI,changed,207269,31131,Name,31132,31131
STGMSG21.INI,changed,207039,31116,Name,31117,31116
STGMSG21.INI,changed,207255,31129,Name,31130,31129
STGMSG21.INI,changed,207206,31127,Name,31128,31127
STGMSG21.INI,changed,207085,31119,Name,31120,31119
STGMSG21.INI,changed,207220,31128,Name,31129,31128
STGMSG21.INI,changed,207228,31129,Name,31130,31129
STGMSG21.INI,changed,207058,31113,Name,31114,31113
STGMSG21.INI,changed,207065,31113,Name,31114,31113
STGMSG21.INI,changed,207110,31122,Name,31123,31122
STGMSG21.INI,changed,207134,31119,Name,31120,31119
STGMSG21.INI,changed,207170,31114,Name,31115,31114
STGMSG21.INI,changed,207115,31121,Name,31122,31121
STGMSG21.INI,changed,207262,31131,Name,31132,31131
STGMSG21.INI,changed,207037,31114,Name,31115,31114
STGMSG21.INI,changed,207038,31115,Name,31116,31115
STGMSG21.INI,changed,207044,31121,Name,31122,31121
STGMSG21.INI,changed,207153,31124,Name,31125,31124
STGMSG21.INI,changed,207211,31128,Name,31129,31128
STGMSG21.INI,changed,207098,31122,Name,31123,31122
STGMSG21.INI,changed,207119,31121,Name,31122,31121
STGMSG21.INI,changed,207233,31130,Name,31131,31130
STGMSG21.INI,changed,207241,31128,Name,31129,31128
STGMSG21.INI,changed,207247,31130,Name,31131,31130
STGMSG21.INI,changed,207212,31129,Name,31130,31129
STGMSG21.INI,changed,207040,31117,Name,31118,31117
STGMSG21.INI,changed,207157,31114,Name,31115,31114
STGMSG21.INI,changed,207207,31127,Name,31128,31127
STGMSG21.INI,changed,207068,31119,Name,31120,31119
STGMSG21.INI,changed,207177,31117,Name,31118,31117
STGMSG21.INI,changed,207218,31130,Name,31131,31130
STGMSG21.INI,changed,207062,31113,Name,31114,31113
STGMSG21.INI,changed,207087,31121,Name,31122,31121
STGMSG21.INI,changed,207093,31122,Name,31123,31122
STGMSG21.INI,changed,207263,31131,Name,31132,31131
STGMSG21.INI,changed,207004,31107,Name,31108,31107
STGMSG21.INI,changed,207181,31117,Name,31118,31117
STGMSG21.INI,changed,207203,31127,Name,31128,31127
STGMSG21.INI,changed,207077,31115,Name,31116,31115
STGMSG21.INI,changed,207006,31107,Name,31108,31107
STGMSG21.INI,changed,207088,31121,Name,31122,31121
STGMSG21.INI,changed,207227,31128,Name,31129,31128
STGMSG21.INI,changed,207201,31127,Name,31128,31127
STGMSG21.INI,changed,207049,31115,Name,31116,31115
STGMSG21.INI,changed,207072,31119,Name,31120,31119
STGMSG21.INI,changed,207090,31121,Name,31122,31121
STGMSG21.INI,changed,207202,31127,Name,31128,31127
STGMSG21.INI,changed,207056,31120,Name,31121,31120
STGMSG21.INI,changed,207076,31119,Name,31120,31119
STGMSG21.INI,changed,207031,31108,Name,31109,31108
STGMSG21.INI,changed,207172,31114,Name,31115,31114
STGMSG21.INI,changed,207111,31122,Name,31123,31122
STGMSG21.INI,changed,207030,31107,Name,31108,31107
STGMSG21.INI,changed,207089,31121,Name,31122,31121
STGMSG21.INI,changed,207158,31114,Name,31115,31114
STGMSG21.INI,changed,207075,31120,Name,31121,31120
STGMSG21.INI,changed,207258,31131,Name,31132,31131
STGMSG21.INI,changed,207124,31122,Name,31123,31122
STGMSG21.INI,changed,207135,31120,Name,31121,31120
STGMSG21.INI,changed,207235,31128,Name,31129,31128
STGMSG21.INI,changed,207070,31119,Name,31120,31119
STGMSG21.INI,changed,207041,31118,Name,31119,31118
STGMSG21.INI,changed,207086,31121,Name,31122,31121
STGMSG21.INI,changed,207129,31122,Name,31123,31122
STGMSG21.INI,changed,207209,31127,Name,31128,31127
STGMSG21.INI,changed,207210,31127,Name,31128,31127
STGMSG21.INI,changed,207132,31120,Name,31121,31120
STGMSG21.INI,changed,207178,31117,Name,31118,31117
STGMSG21.INI,changed,207216,31128,Name,31129,31128
STGMSG21.INI,changed,207116,31121,Name,31122,31121
STGMSG21.INI,changed,207113,31122,Name,31123,31122
STGMSG21.INI,changed,207083,31115,Name,31116,31115
STGMSG21.INI,changed,207042,31119,Name,31120,31119
STGMSG21.INI,changed,207032,31109,Name,31110,31109
STGMSG21.INI,changed,207094,31122,Name,31123,31122
STGMSG21.INI,changed,207143,31124,Name,31125,31124
STGMSG21.INI,changed,207239,31128,Name,31129,31128
STGMSG21.INI,changed,207265,31131,Name,31132,31131
STGMSG21.INI,changed,207254,31130,Name,31131,31130
STGMSG21.INI,changed,207248,31128,Name,31129,31128
STGMSG21.INI,changed,207035,31112,Name,31113,31112
STGMSG21.INI,changed,207142,31124,Name,31125,31124
STGMSG21.INI,changed,207156,31124,Name,31125,31124
STGMSG21.INI,changed,207245,31130,Name,31131,31130
STGMSG21.INI,changed,207176,31125,Name,31126,31125
STGMSG21.INI,changed,207046,31123,Name,31124,31123
STGMSG21.INI,changed,207232,31128,Name,31129,31128
STGMSG21.INI,changed,207047,31113,Name,31114,31113
STGMSG21.INI,changed,207180,31125,Name,31126,31125
STGMSG21.INI,changed,207224,31129,Name,31130,31129
STGMSG21.INI,changed,207229,31128,Name,31129,31128
STGMSG21.INI,changed,207264,31131,Name,31132,31131
STGMSG21.INI,changed,207237,31129,Name,31130,31129
STGMSG21.INI,changed,207055,31120,Name,31121,31120
STGMSG21.INI,changed,207164,31114,Name,31115,31114
STGMSG21.INI,changed,207045,31122,Name,31123,31122
STGMSG21.INI,changed,207236,31130,Name,31131,31130
STGMSG21.INI,changed,207048,31114,Name,31115,31114
STGMSG21.INI,changed,207133,31119,Name,31120,31119
STGMSG21.INI,changed,207260,31131,Name,31132,31131
STGMSG21.INI,changed,207242,31128,Name,31129,31128
STGMSG21.INI,changed,207071,31119,Name,31120,31119
STGMSG21.INI,changed,207117,31121,Name,31122,31121
STGMSG21.INI,changed,207145,31124,Name,31125,31124
STGMSG21.INI,changed,207214,31128,Name,31129,31128
STGMSG21.INI,changed,207109,31121,Name,31122,31121
STGMSG21.INI,changed,207162,31114,Name,31115,31114
STGMSG21.INI,changed,207213,31130,Name,31131,31130
STGMSG21.INI,changed,207002,31107,Name,31108,31107
STGMSG21.INI,changed,207053,31120,Name,31121,31120
STGMSG21.INI,changed,207060,31113,Name,31114,31113
STGMSG21.INI,changed,207096,31122,Name,31123,31122
STGMSG21.INI,changed,207179,31117,Name,31118,31117
STGMSG21.INI,changed,207257,31131,Name,31132,31131
STGMSG21.INI,changed,207250,31128,Name,31129,31128
STGMSG21.INI,changed,207034,31111,Name,31112,31111
STGMSG21.INI,changed,207217,31129,Name,31130,31129
STGMSG21.INI,changed,207114,31122,Name,31123,31122
STGMSG21.INI,changed,207067,31120,Name,31121,31120
STGMSG21.INI,changed,207173,31125,Name,31126,31125
STGMSG21.INI,changed,207033,31110,Name,31111,31110
STGMSG21.INI,changed,207069,31119,Name,31120,31119
STGMSG21.INI,changed,207052,31113,Name,31114,31113
STGMSG21.INI,changed,207159,31115,Name,31116,31115
STGMSG21.INI,changed,207026,31107,Name,31108,31107
STGMSG21.INI,changed,207175,31126,Name,31127,31126
STGMSG21.INI,changed,207079,31115,Name,31116,31115
STGMSG21.INI,changed,207043,31120,Name,31121,31120
STGMSG21.INI,changed,207095,31122,Name,31123,31122
STGMSG21.INI,changed,207141,31124,Name,31125,31124
STGMSG21.INI,changed,207130,31122,Name,31123,31122
STGMSG21.INI,changed,207054,31120,Name,31121,31120
STGMSG21.INI,changed,207112,31122,Name,31123,31122
STGMSG21.INI,changed,207081,31115,Name,31116,31115
STGMSG21.INI,changed,207146,31124,Name,31125,31124
STGMSG21.INI,changed,207092,31121,Name,31122,31121
STGMSG21.INI,changed,207160,31114,Name,31115,31114
STGMSG21.INI,changed,207223,31128,Name,31129,31128
STGMSG21.INI,changed,207051,31113,Name,31114,31113
STGMSG21.INI,changed,207266,31131,Name,31132,31131
STGMSG21.INI,changed,207036,31113,Name,31114,31113
STGMSG21.INI,changed,207225,31128,Name,31129,31128
STGMSG214.INI,changed,251016,31240,Name,31241,31240
STGMSG214.INI,changed,251015,31240,Name,31241,31240
STGMSG22.INI,changed,208016,31105,Name,31106,31105
STGMSG22.INI,changed,208106,31136,Name,31137,31136
STGMSG22.INI,changed,208030,31103,Name,31104,31103
STGMSG22.INI,changed,208054,31135,Name,31136,31135
STGMSG22.INI,changed,208074,31134,Name,31135,31134
STGMSG22.INI,changed,208105,31136,Name,31137,31136
STGMSG22.INI,changed,208041,31135,Name,31136,31135
STGMSG22.INI,changed,208101,31136,Name,31137,31136
STGMSG22.INI,changed,208109,31134,Name,31135,31134
STGMSG22.INI,changed,208004,31105,Name,31106,31105
STGMSG22.INI,changed,208015,31104,Name,31105,31104
STGMSG22.INI,changed,208075,31103,Name,31104,31103
STGMSG22.INI,changed,208064,31135,Name,31136,31135
STGMSG22.INI,changed,208097,31132,Name,31133,31132
STGMSG22.INI,changed,208010,31105,Name,31106,31105
STGMSG22.INI,changed,208077,31103,Name,31104,31103
STGMSG22.INI,changed,208076,31103,Name,31104,31103
STGMSG22.INI,changed,208108,31136,Name,31137,31136
STGMSG22.INI,changed,208067,31135,Name,31136,31135
STGMSG22.INI,changed,208012,31104,Name,31105,31104
STGMSG22.INI,changed,208011,31103,Name,31104,31103
STGMSG22.INI,changed,208065,31135,Name,31136,31135
STGMSG22.INI,changed,208037,31135,Name,31136,31135
STGMSG22.INI,changed,208066,31135,Name,31136,31135
STGMSG22.INI,changed,208094,31133,Name,31134,31133
STGMSG22.INI,changed,208026,31103,Name,31104,31103
STGMSG22.INI,changed,208102,31136,Name,31137,31136
STGMSG22.INI,changed,208078,31103,Name,31104,31103
STGMSG22.INI,changed,208062,31135,Name,31136,31135
STGMSG22.INI,changed,208107,31136,Name,31137,31136
STGMSG22.INI,changed,208104,31136,Name,31137,31136
STGMSG22.INI,changed,208098,31132,Name,31133,31132
STGMSG22.INI,changed,208013,31105,Name,31106,31105
STGMSG22.INI,changed,208072,31134,Name,31135,31134
STGMSG22.INI,changed,208003,31104,Name,31105,31104
STGMSG22.INI,changed,208050,31135,Name,31136,31135
STGMSG22.INI,changed,208027,31132,Name,31133,31132
STGMSG22.INI,changed,208052,31135,Name,31136,31135
STGMSG22.INI,changed,208099,31132,Name,31133,31132
STGMSG22.INI,changed,208028,31133,Name,31134,31133
STGMSG22.INI,changed,208103,31136,Name,31137,31136
STGMSG22.INI,changed,208002,31103,Name,31104,31103
STGMSG22.INI,changed,208031,31103,Name,31104,31103
STGMSG22.INI,changed,208081,31103,Name,31104,31103
STGMSG22.INI,changed,208047,31135,Name,31136,31135
STGMSG22.INI,changed,208088,31103,Name,31104,31103
STGMSG22.INI,changed,208056,31135,Name,31136,31135
STGMSG22.INI,changed,208092,31133,Name,31134,31133
STGMSG22.INI,changed,208048,31135,Name,31136,31135
STGMSG22.INI,changed,208089,31103,Name,31104,31103
STGMSG22.INI,changed,208005,31103,Name,31104,31103
STGMSG22.INI,changed,208080,31103,Name,31104,31103
STGMSG22.INI,changed,208096,31133,Name,31134,31133
STGMSG22.INI,changed,208001,31103,Name,31104,31103
STGMSG22.INI,changed,208006,31104,Name,31105,31104
STGMSG22.INI,changed,208100,31136,Name,31137,31136
STGMSG22.INI,changed,208070,31134,Name,31135,31134
STGMSG22.INI,changed,208009,31104,Name,31105,31104
STGMSG22.INI,changed,208112,31106,Name,31107,31106
STGMSG22.INI,changed,208029,31134,Name,31135,31134
STGMSG22.INI,changed,208085,31103,Name,31104,31103
STGMSG22.INI,changed,208007,31105,Name,31106,31105
STGMSG22.INI,changed,208043,31135,Name,31136,31135
STGMSG22.INI,changed,208033,31135,Name,31136,31135
STGMSG22.INI,changed,208008,31103,Name,31104,31103
STGMSG22.INI,changed,208091,31133,Name,31134,31133
STGMSG22.INI,changed,208014,31103,Name,31104,31103
STGMSG22.INI,changed,208058,31135,Name,31136,31135
STGMSG22.INI,changed,208039,31135,Name,31136,31135
STGMSG22.INI,changed,208060,31135,Name,31136,31135
STGMSG22.INI,changed,208035,31135,Name,31136,31135
STGMSG22.INI,changed,208068,31134,Name,31135,31134
STGMSG22.INI,changed,208032,31135,Name,31136,31135
STGMSG22.INI,changed,208086,31103,Name,31104,31103
STGMSG22.INI,changed,208095,31133,Name,31134,31133
STGMSG228.INI,changed,255883,30970,Name,30971,30970
STGMSG228.INI,changed,254084,30968,Name,30969,30968
STGMSG228.INI,changed,255473,30970,Name,30971,30970
STGMSG228.INI,changed,255505,30970,Name,30971,30970
STGMSG228.INI,changed,255895,30970,Name,30971,30970
STGMSG228.INI,changed,254123,31245,Name,31246,31245
STGMSG228.INI,changed,255525,30970,Name,30971,30970
STGMSG228.INI,changed,254113,31245,Name,31246,31245
STGMSG228.INI,changed,254134,31245,Name,31246,31245
STGMSG228.INI,changed,255874,30970,Name,30971,30970
STGMSG228.INI,changed,255891,30970,Name,30971,30970
STGMSG228.INI,changed,255412,30992,Name,30993,30992
STGMSG228.INI,changed,254131,31245,Name,31246,31245
STGMSG228.INI,changed,255872,30970,Name,30971,30970
STGMSG228.INI,changed,255888,30970,Name,30971,30970
STGMSG228.INI,changed,255088,31221,Name,31222,31221
STGMSG228.INI,changed,255090,31221,Name,31222,31221
STGMSG228.INI,changed,255595,30862,Name,30863,30862
STGMSG228.INI,changed,255098,31221,Name,31222,31221
STGMSG228.INI,changed,255443,30970,Name,30971,30970
STGMSG228.INI,changed,255879,30970,Name,30971,30970
STGMSG228.INI,changed,255086,31221,Name,31222,31221
STGMSG228.INI,changed,255479,30970,Name,30971,30970
STGMSG228.INI,changed,255087,31221,Name,31222,31221
STGMSG228.INI,changed,254114,31245,Name,31246,31245
STGMSG228.INI,changed,254125,31245,Name,31246,31245
STGMSG228.INI,changed,255593,30970,Name,30971,30970
STGMSG228.INI,changed,255550,30970,Name,30971,30970
STGMSG228.INI,changed,254080,30968,Name,30969,30968
STGMSG228.INI,changed,255871,30970,Name,30971,30970
STGMSG228.INI,changed,255626,30970,Name,30971,30970
STGMSG228.INI,changed,255080,31221,Name,31222,31221
STGMSG228.INI,changed,254137,31245,Name,31246,31245
STGMSG228.INI,changed,255621,30970,Name,30971,30970
STGMSG228.INI,changed,254090,30968,Name,30969,30968
STGMSG228.INI,changed,254086,30968,Name,30969,30968
STGMSG228.INI,changed,254097,30968,Name,30969,30968
STGMSG228.INI,changed,255629,30970,Name,30971,30970
STGMSG228.INI,changed,255457,30970,Name,30971,30970
STGMSG228.INI,changed,254129,31245,Name,31246,31245
STGMSG228.INI,changed,255622,30970,Name,30971,30970
STGMSG228.INI,changed,255876,30970,Name,30971,30970
STGMSG228.INI,changed,254120,31245,Name,31246,31245
STGMSG228.INI,changed,255610,30970,Name,30971,30970
STGMSG228.INI,changed,255085,31221,Name,31222,31221
STGMSG228.INI,changed,255628,30970,Name,30971,30970
STGMSG228.INI,changed,255886,30970,Name,30971,30970
STGMSG228.INI,changed,255623,30970,Name,30971,30970
STGMSG228.INI,changed,254004,30992,Name,30993,30992
STGMSG228.INI,changed,255890,30970,Name,30971,30970
STGMSG228.INI,changed,255549,30970,Name,30971,30970
STGMSG228.INI,changed,255510,30970,Name,30971,30970
STGMSG228.INI,changed,255459,30970,Name,30971,30970
STGMSG228.INI,changed,255880,30970,Name,30971,30970
STGMSG228.INI,changed,255097,31221,Name,31222,31221
STGMSG228.INI,changed,255082,31221,Name,31222,31221
STGMSG228.INI,changed,254092,30968,Name,30969,30968
STGMSG228.INI,changed,254087,30968,Name,30969,30968
STGMSG228.INI,changed,254127,31245,Name,31246,31245
STGMSG228.INI,changed,255411,30992,Name,30993,30992
STGMSG228.INI,changed,254082,30968,Name,30969,30968
STGMSG228.INI,changed,255594,30970,Name,30971,30970
STGMSG228.INI,changed,255507,30970,Name,30971,30970
STGMSG228.INI,changed,255877,30970,Name,30971,30970
STGMSG228.INI,changed,255887,30970,Name,30971,30970
STGMSG228.INI,changed,255625,30970,Name,30971,30970
STGMSG228.INI,changed,254094,30968,Name,30969,30968
STGMSG228.INI,changed,255598,30863,Name,30864,30863
STGMSG228.INI,changed,255454,30970,Name,30971,30970
STGMSG228.INI,changed,255878,30970,Name,30971,30970
STGMSG228.INI,changed,255893,30970,Name,30971,30970
STGMSG228.INI,changed,254016,31240,Name,31241,31240
STGMSG228.INI,changed,254110,31245,Name,31246,31245
STGMSG228.INI,changed,254091,30968,Name,30969,30968
STGMSG228.INI,changed,255417,31240,Name,31241,31240
STGMSG228.INI,changed,255548,30970,Name,30971,30970
STGMSG228.INI,changed,255896,30970,Name,30971,30970
STGMSG228.INI,changed,254003,30992,Name,30993,30992
STGMSG228.INI,changed,254119,31245,Name,31246,31245
STGMSG228.INI,changed,255873,30970,Name,30971,30970
STGMSG228.INI,changed,255416,31240,Name,31241,31240
STGMSG228.INI,changed,255596,30863,Name,30864,30863
STGMSG228.INI,changed,255630,30970,Name,30971,30970
STGMSG228.INI,changed,255490,30970,Name,30971,30970
STGMSG228.INI,changed,255468,30970,Name,30971,30970
STGMSG228.INI,changed,255093,31221,Name,31222,31221
STGMSG228.INI,changed,255499,30970,Name,30971,30970
STGMSG228.INI,changed,255081,31221,Name,31222,31221
STGMSG228.INI,changed,255526,30970,Name,30971,30970
STGMSG228.INI,changed,254081,30968,Name,30969,30968
STGMSG228.INI,changed,254138,31245,Name,31246,31245
STGMSG228.INI,changed,255875,30970,Name,30971,30970
STGMSG228.INI,changed,254015,31240,Name,31241,31240
STGMSG228.INI,changed,255881,30970,Name,30971,30970
STGMSG228.INI,changed,255501,30970,Name,30971,30970
STGMSG228.INI,changed,255624,30970,Name,30971,30970
STGMSG228.INI,changed,255894,30970,Name,30971,30970
STGMSG228.INI,changed,255882,30970,Name,30971,30970
STGMSG228.INI,changed,254118,31245,Name,31246,31245
STGMSG228.INI,changed,255884,30970,Name,30971,30970
STGMSG228.INI,changed,254116,31245,Name,31246,31245
STGMSG228.INI,changed,255889,30970,Name,30971,30970
STGMSG228.INI,changed,255084,31221,Name,31222,31221
STGMSG228.INI,changed,255091,31221,Name,31222,31221
STGMSG228.INI,changed,255096,31221,Name,31222,31221
STGMSG228.INI,changed,255599,30863,Name,30864,30863
STGMSG228.INI,changed,254099,30968,Name,30969,30968
STGMSG228.INI,changed,255099,31221,Name,31222,31221
STGMSG228.INI,changed,255482,30970,Name,30971,30970
STGMSG228.INI,changed,255095,31221,Name,31222,31221
STGMSG228.INI,changed,255885,30970,Name,30971,30970
STGMSG228.INI,changed,255083,31221,Name,31222,31221
STGMSG228.INI,changed,255892,30970,Name,30971,30970
STGMSG228.INI,changed,255092,31221,Name,31222,31221
STGMSG228.INI,changed,254136,31245,Name,31246,31245
STGMSG228.INI,changed,254132,31245,Name,31246,31245
STGMSG228.INI,changed,255089,31221,Name,31222,31221
STGMSG228.INI,changed,255530,30970,Name,30971,30970
STGMSG228.INI,changed,254111,31245,Name,31246,31245
STGMSG228.INI,changed,255627,30970,Name,30971,30970
STGMSG228.INI,changed,255094,31221,Name,31222,31221
STGMSG228.INI,changed,255100,31221,Name,31222,31221
STGMSG228.INI,changed,254088,30968,Name,30969,30968
STGMSG228.INI,changed,254096,30968,Name,30969,30968
STGMSG240.INI,changed,261816,31058,Name,31059,31058
STGMSG240.INI,changed,257003,30992,Name,30993,30992
STGMSG240.INI,changed,261390,30933,Name,30934,30933
STGMSG240.INI,changed,261386,30933,Name,30934,30933
STGMSG240.INI,changed,261814,31058,Name,31059,31058
STGMSG240.INI,changed,261382,30933,Name,30934,30933
STGMSG240.INI,changed,257016,31240,Name,31241,31240
STGMSG240.INI,changed,261383,30933,Name,30934,30933
STGMSG240.INI,changed,257208,30890,Name,30891,30890
STGMSG240.INI,changed,257204,30890,Name,30891,30890
STGMSG240.INI,changed,257004,30992,Name,30993,30992
STGMSG240.INI,changed,257202,30890,Name,30891,30890
STGMSG240.INI,changed,257205,30890,Name,30891,30890
STGMSG240.INI,changed,261802,31058,Name,31059,31058
STGMSG240.INI,changed,261387,30933,Name,30934,30933
STGMSG240.INI,changed,260848,31058,Name,31059,31058
STGMSG240.INI,changed,261813,31058,Name,31059,31058
STGMSG240.INI,changed,261380,30933,Name,30934,30933
STGMSG240.INI,changed,261815,31058,Name,31059,31058
STGMSG240.INI,changed,261817,31058,Name,31059,31058
STGMSG240.INI,changed,261381,30933,Name,30934,30933
STGMSG240.INI,changed,261809,31058,Name,31059,31058
STGMSG240.INI,changed,261385,30933,Name,30934,30933
STGMSG240.INI,changed,261810,31058,Name,31059,31058
STGMSG240.INI,changed,261389,30933,Name,30934,30933
STGMSG240.INI,changed,261803,31058,Name,31059,31058
STGMSG240.INI,changed,261384,30933,Name,30934,30933
STGMSG240.INI,changed,261811,31058,Name,31059,31058
STGMSG240.INI,changed,257015,31240,Name,31241,31240
STGMSG240.INI,changed,261812,31058,Name,31059,31058
STGMSG240.INI,changed,257206,30890,Name,30891,30890
STGMSG240.INI,changed,257200,30890,Name,30891,30890
STGMSG240.INI,changed,257210,30890,Name,30891,30890
STGMSG240.INI,changed,261388,30933,Name,30934,30933
STGMSG52.INI,changed,213204,30943,Name,30944,30943
STGMSG52.INI,changed,213016,31197,Name,31198,31197
STGMSG52.INI,changed,213210,30943,Name,30944,30943
STGMSG52.INI,changed,213031,31197,Name,31198,31197
STGMSG52.INI,changed,213199,30942,Name,30943,30942
STGMSG52.INI,changed,213393,31062,Name,31063,31062
STGMSG52.INI,changed,213564,31202,Name,31203,31202
STGMSG52.INI,changed,213015,31199,Name,31200,31199
STGMSG52.INI,changed,213056,31024,Name,31025,31024
STGMSG52.INI,changed,213391,31062,Name,31063,31062
STGMSG52.INI,changed,213406,31062,Name,31063,31062
STGMSG52.INI,changed,213181,30942,Name,30943,30942
STGMSG52.INI,changed,213523,31201,Name,31202,31201
STGMSG52.INI,changed,213085,31024,Name,31025,31024
STGMSG52.INI,changed,213283,30862,Name,30863,30862
STGMSG52.INI,changed,213521,31201,Name,31202,31201
STGMSG52.INI,changed,213409,31062,Name,31063,31062
STGMSG52.INI,changed,213109,31024,Name,31025,31024
STGMSG52.INI,changed,213692,31202,Name,31203,31202
STGMSG52.INI,changed,213426,31063,Name,31064,31063
STGMSG52.INI,changed,213446,31062,Name,31063,31062
STGMSG52.INI,changed,213372,31062,Name,31063,31062
STGMSG52.INI,changed,213061,31024,Name,31025,31024
STGMSG52.INI,changed,213024,31197,Name,31198,31197
STGMSG52.INI,changed,213676,31202,Name,31203,31202
STGMSG52.INI,changed,213544,31202,Name,31203,31202
STGMSG52.INI,changed,213315,30863,Name,30864,30863
STGMSG52.INI,changed,213516,31201,Name,31202,31201
STGMSG52.INI,changed,213206,30943,Name,30944,30943
STGMSG52.INI,changed,213068,31024,Name,31025,31024
STGMSG52.INI,changed,213306,30862,Name,30863,30862
STGMSG52.INI,changed,213298,30862,Name,30863,30862
STGMSG52.INI,changed,213570,31202,Name,31203,31202
STGMSG52.INI,changed,213146,31024,Name,31025,31024
STGMSG52.INI,changed,213155,30942,Name,30943,30942
STGMSG52.INI,changed,213383,31062,Name,31063,31062
STGMSG52.INI,changed,213123,31200,Name,31201,31200
STGMSG52.INI,changed,213286,30862,Name,30863,30862
STGMSG52.INI,changed,213448,31062,Name,31063,31062
STGMSG52.INI,changed,213520,31201,Name,31202,31201
STGMSG52.INI,changed,213364,31062,Name,31063,31062
STGMSG52.INI,changed,213360,31062,Name,31063,31062
STGMSG52.INI,changed,213002,31198,Name,31199,31198
STGMSG52.INI,changed,213400,31062,Name,31063,31062
STGMSG52.INI,changed,213055,31024,Name,31025,31024
STGMSG52.INI,changed,213411,31062,Name,31063,31062
STGMSG52.INI,changed,213389,31062,Name,31063,31062
STGMSG52.INI,changed,213207,30943,Name,30944,30943
STGMSG52.INI,changed,213293,30862,Name,30863,30862
STGMSG52.INI,changed,213174,30942,Name,30943,30942
STGMSG52.INI,changed,213257,30862,Name,30863,30862
STGMSG52.INI,changed,213373,31062,Name,31063,31062
STGMSG52.INI,changed,213008,31198,Name,31199,31198
STGMSG52.INI,changed,213263,30862,Name,30863,30862
STGMSG52.INI,changed,213172,30942,Name,30943,30942
STGMSG52.INI,changed,213212,30943,Name,30944,30943
STGMSG52.INI,changed,213672,31202,Name,31203,31202
STGMSG52.INI,changed,213273,30862,Name,30863,30862
STGMSG52.INI,changed,213319,30863,Name,30864,30863
STGMSG52.INI,changed,213201,30942,Name,30943,30942
STGMSG52.INI,changed,213032,31197,Name,31198,31197
STGMSG52.INI,changed,213359,31062,Name,31063,31062
STGMSG52.INI,changed,213385,31062,Name,31063,31062
STGMSG52.INI,changed,213423,31063,Name,31064,31063
STGMSG52.INI,changed,213296,30862,Name,30863,30862
STGMSG52.INI,changed,213351,31062,Name,31063,31062
STGMSG52.INI,changed,213295,30862,Name,30863,30862
STGMSG52.INI,changed,213289,30862,Name,30863,30862
STGMSG52.INI,changed,213073,31024,Name,31025,31024
STGMSG52.INI,changed,213349,30863,Name,30864,30863
STGMSG52.INI,changed,213069,31024,Name,31025,31024
STGMSG52.INI,changed,213346,30862,Name,30863,30862
STGMSG52.INI,changed,213253,30862,Name,30863,30862
STGMSG52.INI,changed,213428,31063,Name,31064,31063
STGMSG52.INI,changed,213664,31202,Name,31203,31202
STGMSG52.INI,changed,213087,31024,Name,31025,31024
STGMSG52.INI,changed,213017,31197,Name,31198,31197
STGMSG52.INI,changed,213382,31062,Name,31063,31062
STGMSG52.INI,changed,213113,31200,Name,31201,31200
STGMSG52.INI,changed,213313,30863,Name,30864,30863
STGMSG52.INI,changed,213158,30942,Name,30943,30942
STGMSG52.INI,changed,213447,31063,Name,31064,31063
STGMSG52.INI,changed,213173,30942,Name,30943,30942
STGMSG52.INI,changed,213011,31197,Name,31198,31197
STGMSG52.INI,changed,213103,31024,Name,31025,31024
STGMSG52.INI,changed,213270,30862,Name,30863,30862
STGMSG52.INI,changed,213105,31024,Name,31025,31024
STGMSG52.INI,changed,213305,30862,Name,30863,30862
STGMSG52.INI,changed,213247,30943,Name,30944,30943
STGMSG52.INI,changed,213248,30942,Name,30943,30942
STGMSG52.INI,changed,213014,31198,Name,31199,31198
STGMSG52.INI,changed,213214,30943,Name,30944,30943
STGMSG52.INI,changed,213582,31202,Name,31203,31202
STGMSG52.INI,changed,213012,31198,Name,31199,31198
STGMSG52.INI,changed,213084,31024,Name,31025,31024
STGMSG52.INI,changed,213547,31201,Name,31202,31201
STGMSG52.INI,changed,213552,31202,Name,31203,31202
STGMSG52.INI,changed,213316,30863,Name,30864,30863
STGMSG52.INI,changed,213678,31202,Name,31203,31202
STGMSG52.INI,changed,213325,30863,Name,30864,30863
STGMSG52.INI,changed,213399,31062,Name,31063,31062
STGMSG52.INI,changed,213125,31200,Name,31201,31200
STGMSG52.INI,changed,213429,31063,Name,31064,31063
STGMSG52.INI,changed,213154,30942,Name,30943,30942
STGMSG52.INI,changed,213700,31202,Name,31203,31202
STGMSG52.INI,changed,213312,30863,Name,30864,30863
STGMSG52.INI,changed,213018,31197,Name,31198,31197
STGMSG52.INI,changed,213401,31062,Name,31063,31062
STGMSG52.INI,changed,213029,31197,Name,31198,31197
STGMSG52.INI,changed,213576,31202,Name,31203,31202
STGMSG52.INI,changed,213275,30862,Name,30863,30862
STGMSG52.INI,changed,213115,31200,Name,31201,31200
STGMSG52.INI,changed,213696,31202,Name,31203,31202
STGMSG52.INI,changed,213354,31062,Name,31063,31062
STGMSG52.INI,changed,213561,31202,Name,31203,31202
STGMSG52.INI,changed,213101,31024,Name,31025,31024
STGMSG52.INI,changed,213001,31197,Name,31198,31197
STGMSG52.INI,changed,213179,30942,Name,30943,30942
STGMSG52.INI,changed,213540,31202,Name,31203,31202
STGMSG52.INI,changed,213569,31202,Name,31203,31202
STGMSG52.INI,changed,213563,31202,Name,31203,31202
STGMSG52.INI,changed,213413,31062,Name,31063,31062
STGMSG52.INI,changed,213515,31201,Name,31202,31201
STGMSG52.INI,changed,213261,30862,Name,30863,30862
STGMSG52.INI,changed,213279,30862,Name,30863,30862
STGMSG52.INI,changed,213362,31062,Name,31063,31062
STGMSG52.INI,changed,213366,31062,Name,31063,31062
STGMSG52.INI,changed,213186,30942,Name,30943,30942
STGMSG52.INI,changed,213395,31062,Name,31063,31062
STGMSG52.INI,changed,213585,31202,Name,31203,31202
STGMSG52.INI,changed,213513,31201,Name,31202,31201
STGMSG52.INI,changed,213671,31202,Name,31203,31202
STGMSG52.INI,changed,213156,30942,Name,30943,30942
STGMSG52.INI,changed,213567,31202,Name,31203,31202
STGMSG52.INI,changed,213251,30862,Name,30863,30862
STGMSG52.INI,changed,213169,30942,Name,30943,30942
STGMSG52.INI,changed,213256,30862,Name,30863,30862
STGMSG52.INI,changed,213213,30943,Name,30944,30943
STGMSG52.INI,changed,213184,30942,Name,30943,30942
STGMSG52.INI,changed,213274,30862,Name,30863,30862
STGMSG52.INI,changed,213188,30942,Name,30943,30942
STGMSG52.INI,changed,213524,31201,Name,31202,31201
STGMSG52.INI,changed,213358,31062,Name,31063,31062
STGMSG52.INI,changed,213003,31199,Name,31200,31199
STGMSG52.INI,changed,213217,30943,Name,30944,30943
STGMSG52.INI,changed,213668,31202,Name,31203,31202
STGMSG52.INI,changed,213698,31202,Name,31203,31202
STGMSG52.INI,changed,213059,31024,Name,31025,31024
STGMSG52.INI,changed,213088,31024,Name,31025,31024
STGMSG52.INI,changed,213287,30862,Name,30863,30862
STGMSG52.INI,changed,213272,30862,Name,30863,30862
STGMSG52.INI,changed,213072,31024,Name,31025,31024
STGMSG52.INI,changed,213577,31202,Name,31203,31202
STGMSG52.INI,changed,213057,31024,Name,31025,31024
STGMSG52.INI,changed,213152,30942,Name,30943,30942
STGMSG52.INI,changed,213684,31202,Name,31203,31202
STGMSG52.INI,changed,213205,30943,Name,30944,30943
STGMSG52.INI,changed,213425,31063,Name,31064,31063
STGMSG52.INI,changed,213691,31202,Name,31203,31202
STGMSG52.INI,changed,213424,31063,Name,31064,31063
STGMSG52.INI,changed,213558,31202,Name,31203,31202
STGMSG52.INI,changed,213418,31063,Name,31064,31063
STGMSG52.INI,changed,213514,31201,Name,31202,31201
STGMSG52.INI,changed,213211,30943,Name,30944,30943
STGMSG52.INI,changed,213314,30863,Name,30864,30863
STGMSG52.INI,changed,213680,31202,Name,31203,31202
STGMSG52.INI,changed,213572,31202,Name,31203,31202
STGMSG52.INI,changed,213311,30863,Name,30864,30863
STGMSG52.INI,changed,213013,31197,Name,31198,31197
STGMSG52.INI,changed,213098,31024,Name,31025,31024
STGMSG52.INI,changed,213665,31202,Name,31203,31202
STGMSG52.INI,changed,213669,31202,Name,31203,31202
STGMSG52.INI,changed,213352,31062,Name,31063,31062
STGMSG52.INI,changed,213009,31199,Name,31200,31199
STGMSG52.INI,changed,213667,31202,Name,31203,31202
STGMSG52.INI,changed,213420,31063,Name,31064,31063
STGMSG52.INI,changed,213147,31200,Name,31201,31200
STGMSG52.INI,changed,213034,31199,Name,31200,31199
STGMSG52.INI,changed,213161,30942,Name,30943,30942
STGMSG52.INI,changed,213268,30862,Name,30863,30862
STGMSG52.INI,changed,213408,31062,Name,31063,31062
STGMSG52.INI,changed,213285,30862,Name,30863,30862
STGMSG52.INI,changed,213151,30942,Name,30943,30942
STGMSG52.INI,changed,213079,31024,Name,31025,31024
STGMSG52.INI,changed,213318,30863,Name,30864,30863
STGMSG52.INI,changed,213553,31202,Name,31203,31202
STGMSG52.INI,changed,213300,30862,Name,30863,30862
STGMSG52.INI,changed,213376,31062,Name,31063,31062
STGMSG52.INI,changed,213573,31202,Name,31203,31202
STGMSG52.INI,changed,213422,31063,Name,31064,31063
STGMSG52.INI,changed,213415,31063,Name,31064,31063
STGMSG52.INI,changed,213549,31201,Name,31202,31201
STGMSG52.INI,changed,213118,31200,Name,31201,31200
STGMSG52.INI,changed,213568,31202,Name,31203,31202
STGMSG52.INI,changed,213195,30942,Name,30943,30942
STGMSG52.INI,changed,213292,30862,Name,30863,30862
STGMSG52.INI,changed,213277,30862,Name,30863,30862
STGMSG52.INI,changed,213165,30942,Name,30943,30942
STGMSG52.INI,changed,213081,31024,Name,31025,31024
STGMSG52.INI,changed,213374,31062,Name,31063,31062
STGMSG52.INI,changed,213259,30862,Name,30863,30862
STGMSG52.INI,changed,213416,31062,Name,31063,31062
STGMSG52.INI,changed,213189,30942,Name,30943,30942
STGMSG52.INI,changed,213321,30863,Name,30864,30863
STGMSG52.INI,changed,213065,31024,Name,31025,31024
STGMSG52.INI,changed,213082,31024,Name,31025,31024
STGMSG52.INI,changed,213106,31024,Name,31025,31024
STGMSG52.INI,changed,213124,31200,Name,31201,31200
STGMSG52.INI,changed,213417,31063,Name,31064,31063
STGMSG52.INI,changed,213542,31202,Name,31203,31202
STGMSG52.INI,changed,213070,31024,Name,31025,31024
STGMSG52.INI,changed,213307,30863,Name,30864,30863
STGMSG52.INI,changed,213121,31200,Name,31201,31200
STGMSG52.INI,changed,213281,30862,Name,30863,30862
STGMSG52.INI,changed,213052,31024,Name,31025,31024
STGMSG52.INI,changed,213308,30862,Name,30863,30862
STGMSG52.INI,changed,213110,31200,Name,31201,31200
STGMSG52.INI,changed,213538,31202,Name,31203,31202
STGMSG52.INI,changed,213209,30943,Name,30944,30943
STGMSG52.INI,changed,213255,30862,Name,30863,30862
STGMSG52.INI,changed,213249,30943,Name,30944,30943
STGMSG52.INI,changed,213114,31200,Name,31201,31200
STGMSG52.INI,changed,213170,30942,Name,30943,30942
STGMSG52.INI,changed,213093,31024,Name,31025,31024
STGMSG52.INI,changed,213560,31202,Name,31203,31202
STGMSG52.INI,changed,213575,31202,Name,31203,31202
STGMSG52.INI,changed,213554,31202,Name,31203,31202
STGMSG52.INI,changed,213310,30863,Name,30864,30863
STGMSG52.INI,changed,213414,31062,Name,31063,31062
STGMSG52.INI,changed,213309,30863,Name,30864,30863
STGMSG52.INI,changed,213583,31202,Name,31203,31202
STGMSG52.INI,changed,213148,31024,Name,31025,31024
STGMSG52.INI,changed,213404,31062,Name,31063,31062
STGMSG52.INI,changed,213157,30942,Name,30943,30942
STGMSG52.INI,changed,213356,31062,Name,31063,31062
STGMSG52.INI,changed,213035,31198,Name,31199,31198
STGMSG52.INI,changed,213388,31062,Name,31063,31062
STGMSG52.INI,changed,213370,31062,Name,31063,31062
STGMSG52.INI,changed,213303,30862,Name,30863,30862
STGMSG52.INI,changed,213673,31202,Name,31203,31202
STGMSG52.INI,changed,213555,31202,Name,31203,31202
STGMSG52.INI,changed,213392,31062,Name,31063,31062
STGMSG52.INI,changed,213324,30863,Name,30864,30863
STGMSG52.INI,changed,213427,31063,Name,31064,31063
STGMSG52.INI,changed,213099,31024,Name,31025,31024
STGMSG52.INI,changed,213119,31200,Name,31201,31200
STGMSG52.INI,changed,213320,30863,Name,30864,30863
STGMSG52.INI,changed,213117,31200,Name,31201,31200
STGMSG52.INI,changed,213168,30942,Name,30943,30942
STGMSG52.INI,changed,213562,31202,Name,31203,31202
STGMSG52.INI,changed,213265,30862,Name,30863,30862
STGMSG52.INI,changed,213421,31063,Name,31064,31063
STGMSG52.INI,changed,213025,31197,Name,31198,31197
STGMSG52.INI,changed,213196,30942,Name,30943,30942
STGMSG52.INI,changed,213271,30862,Name,30863,30862
STGMSG52.INI,changed,213020,31197,Name,31198,31197
STGMSG52.INI,changed,213208,30943,Name,30944,30943
STGMSG52.INI,changed,213579,31202,Name,31203,31202
STGMSG52.INI,changed,213004,31197,Name,31198,31197
STGMSG52.INI,changed,213112,31200,Name,31201,31200
STGMSG52.INI,changed,213695,31202,Name,31203,31202
STGMSG52.INI,changed,213126,31200,Name,31201,31200
STGMSG52.INI,changed,213116,31200,Name,31201,31200
STGMSG52.INI,changed,213280,30862,Name,30863,30862
STGMSG52.INI,changed,213076,31024,Name,31025,31024
STGMSG52.INI,changed,213694,31202,Name,31203,31202
STGMSG52.INI,changed,213347,30863,Name,30864,30863
STGMSG52.INI,changed,213690,31202,Name,31203,31202
STGMSG52.INI,changed,213122,31200,Name,31201,31200
STGMSG52.INI,changed,213058,31024,Name,31025,31024
STGMSG52.INI,changed,213512,31201,Name,31202,31201
STGMSG52.INI,changed,213180,30942,Name,30943,30942
STGMSG52.INI,changed,213051,31024,Name,31025,31024
STGMSG52.INI,changed,213216,30943,Name,30944,30943
STGMSG52.INI,changed,213095,31024,Name,31025,31024
STGMSG52.INI,changed,213323,30863,Name,30864,30863
STGMSG52.INI,changed,213419,31063,Name,31064,31063
STGMSG52.INI,changed,213006,31199,Name,31200,31199
STGMSG52.INI,changed,213301,30862,Name,30863,30862
STGMSG52.INI,changed,213010,31199,Name,31200,31199
STGMSG52.INI,changed,213386,31062,Name,31063,31062
STGMSG52.INI,changed,213559,31202,Name,31203,31202
STGMSG52.INI,changed,213096,31024,Name,31025,31024
STGMSG52.INI,changed,213005,31198,Name,31199,31198
STGMSG52.INI,changed,213556,31202,Name,31203,31202
STGMSG52.INI,changed,213063,31024,Name,31025,31024
STGMSG52.INI,changed,213557,31202,Name,31203,31202
STGMSG52.INI,changed,213019,31197,Name,31198,31197
STGMSG52.INI,changed,213159,30942,Name,30943,30942
STGMSG52.INI,changed,213317,30863,Name,30864,30863
STGMSG52.INI,changed,213380,31062,Name,31063,31062
STGMSG52.INI,changed,213036,31199,Name,31200,31199
STGMSG52.INI,changed,213675,31202,Name,31203,31202
STGMSG52.INI,changed,213571,31202,Name,31203,31202
STGMSG52.INI,changed,213517,31201,Name,31202,31201
STGMSG52.INI,changed,213007,31197,Name,31198,31197
STGMSG52.INI,changed,213198,30942,Name,30943,30942
STGMSG52.INI,changed,213258,30862,Name,30863,30862
STGMSG52.INI,changed,213149,31200,Name,31201,31200
STGMSG52.INI,changed,213033,31198,Name,31199,31198
STGMSG52.INI,changed,213522,31201,Name,31202,31201
STGMSG52.INI,changed,213246,30942,Name,30943,30942
STGMSG52.INI,changed,213662,31202,Name,31203,31202
STGMSG52.INI,changed,213322,30863,Name,30864,30863
STGMSG52.INI,changed,213397,31062,Name,31063,31062
STGMSG52.INI,changed,213022,31197,Name,31198,31197
STGMSG52.INI,changed,213578,31202,Name,31203,31202
STGMSG52.INI,changed,213182,30942,Name,30943,30942
STGMSG52.INI,changed,213176,30942,Name,30943,30942
STGMSG52.INI,changed,213581,31202,Name,31203,31202
STGMSG52.INI,changed,213111,31200,Name,31201,31200
STGMSG52.INI,changed,213120,31200,Name,31201,31200
STGMSG52.INI,changed,213215,30943,Name,30944,30943
STGMSG52.INI,changed,213378,31062,Name,31063,31062
STGMSG52.INI,changed,213291,30862,Name,30863,30862
STGMSG52.INI,changed,213518,31201,Name,31202,31201
STGMSG52.INI,changed,213686,31202,Name,31203,31202
STGMSG52.INI,changed,213565,31202,Name,31203,31202
STGMSG52.INI,changed,213449,31063,Name,31064,31063
STGMSG52.INI,changed,213687,31202,Name,31203,31202
STGMSG52.INI,changed,213054,31024,Name,31025,31024
STGMSG52.INI,changed,213689,31202,Name,31203,31202
STGMSG52.INI,changed,213108,31024,Name,31025,31024
STGMSG52.INI,changed,213525,31201,Name,31202,31201
STGMSG52.INI,changed,213074,31024,Name,31025,31024
STGMSG52.INI,changed,213090,31024,Name,31025,31024
STGMSG52.INI,changed,213191,30942,Name,30943,30942
STGMSG52.INI,changed,213699,31202,Name,31203,31202
STGMSG52.INI,changed,213163,30942,Name,30943,30942
STGMSG52.INI,changed,213551,31202,Name,31203,31202
STGMSG52.INI,changed,213192,30942,Name,30943,30942
STGMSG52.INI,changed,213368,31062,Name,31063,31062
STGMSG52.INI,changed,213584,31202,Name,31203,31202
STGMSG52.INI,changed,213519,31201,Name,31202,31201
STGMSG52.INI,changed,213580,31202,Name,31203,31202
STGMSG52.INI,changed,213566,31202,Name,31203,31202
STGMSG52.INI,changed,213203,30943,Name,30944,30943
STGMSG52.INI,changed,213021,31197,Name,31198,31197
STGMSG52.INI,changed,213078,31024,Name,31025,31024
STGMSG52.INI,changed,213574,31202,Name,31203,31202
STGMSG52.INI,changed,213682,31202,Name,31203,31202
STGMSG52.INI,changed,213091,31024,Name,31025,31024
STGMSG52.INI,changed,213348,30862,Name,30863,30862
STGMSG52.INI,changed,213202,30942,Name,30943,30942
STGMSG54.INI,changed,214005,31203,Name,31204,31203
STGMSG54.INI,changed,214036,31204,Name,31205,31204
STGMSG54.INI,changed,214010,31204,Name,31205,31204
STGMSG54.INI,changed,214012,31204,Name,31205,31204
STGMSG54.INI,changed,214032,31204,Name,31205,31204
STGMSG54.INI,changed,214008,31204,Name,31205,31204
STGMSG54.INI,changed,214003,31203,Name,31204,31203
STGMSG54.INI,changed,214009,31203,Name,31204,31203
STGMSG54.INI,changed,214016,31204,Name,31205,31204
STGMSG54.INI,changed,214001,31203,Name,31204,31203
STGMSG54.INI,changed,214006,31204,Name,31205,31204
STGMSG54.INI,changed,214018,31204,Name,31205,31204
STGMSG54.INI,changed,214026,31204,Name,31205,31204
STGMSG54.INI,changed,214013,31203,Name,31204,31203
STGMSG54.INI,changed,214011,31203,Name,31204,31203
STGMSG54.INI,changed,214014,31204,Name,31205,31204
STGMSG54.INI,changed,214030,31204,Name,31205,31204
STGMSG54.INI,changed,214002,31204,Name,31205,31204
STGMSG54.INI,changed,214004,31204,Name,31205,31204
STGMSG54.INI,changed,214034,31204,Name,31205,31204
STGMSG54.INI,changed,214028,31204,Name,31205,31204
STGMSG54.INI,changed,214020,31204,Name,31205,31204
STGMSG54.INI,changed,214024,31204,Name,31205,31204
STGMSG54.INI,changed,214007,31203,Name,31204,31203
STGMSG54.INI,changed,214022,31204,Name,31205,31204
STGMSG57.INI,changed,216015,31205,Name,31206,31205
STGMSG57.INI,changed,216013,31205,Name,31206,31205
STGMSG57.INI,changed,216003,31205,Name,31206,31205
STGMSG57.INI,changed,216008,31205,Name,31206,31205
STGMSG57.INI,changed,216006,31205,Name,31206,31205
STGMSG57.INI,changed,216004,31205,Name,31206,31205
STGMSG57.INI,changed,216002,31205,Name,31206,31205
STGMSG57.INI,changed,216005,31205,Name,31206,31205
STGMSG57.INI,changed,216009,31205,Name,31206,31205
STGMSG57.INI,changed,216001,31205,Name,31206,31205
STGMSG58.INI,changed,215005,31206,Name,31207,31206
STGMSG58.INI,changed,215002,31206,Name,31207,31206
STGMSG58.INI,changed,215006,31206,Name,31207,31206
STGMSG58.INI,changed,215003,31206,Name,31207,31206
STGMSG58.INI,changed,215007,31206,Name,31207,31206
STGMSG58.INI,changed,215004,31206,Name,31207,31206
STGMSG58.INI,changed,215001,31206,Name,31207,31206
STGMSG6.INI,changed,203858,31027,Name,31028,31027
STGMSG6.INI,changed,203331,31010,Name,31011,31010
STGMSG6.INI,changed,203860,31032,Name,31033,31032
STGMSG6.INI,changed,203670,31028,Name,31029,31028
STGMSG6.INI,changed,203213,31006,Name,31007,31006
STGMSG6.INI,changed,203106,31004,Name,31005,31004
STGMSG6.INI,changed,203284,31008,Name,31009,31008
STGMSG6.INI,changed,203894,31035,Name,31036,31035
STGMSG6.INI,changed,203116,31005,Name,31006,31005
STGMSG6.INI,changed,203585,31026,Name,31027,31026
STGMSG6.INI,changed,203700,31029,Name,31030,31029
STGMSG6.INI,changed,203731,31030,Name,31031,31030
STGMSG6.INI,changed,203214,31006,Name,31007,31006
STGMSG6.INI,changed,203618,31027,Name,31028,31027
STGMSG6.INI,changed,203787,31032,Name,31033,31032
STGMSG6.INI,changed,203439,31016,Name,31017,31016
STGMSG6.INI,changed,203604,31027,Name,31028,31027
STGMSG6.INI,changed,203362,31012,Name,31013,31012
STGMSG6.INI,changed,203751,31031,Name,31032,31031
STGMSG6.INI,changed,203675,31028,Name,31029,31028
STGMSG6.INI,changed,203436,31016,Name,31017,31016
STGMSG6.INI,changed,203941,31038,Face,2589,
STGMSG6.INI,changed,203941,31038,Jump,203942,
STGMSG6.INI,changed,203941,31038,Msg,朋友，那日照顧難民時，有個小妹妹把這個交給我，說是她找到的美麗石子。我一見就認得這是「晶魄碎塊」，平日受你恩惠，希望你能收下此物！,
STGMSG6.INI,changed,203941,31038,Name,31038,
STGMSG6.INI,changed,203886,31034,Name,31035,31034
STGMSG6.INI,changed,203486,31019,Name,31020,31019
STGMSG6.INI,changed,203942,,Jump,203914,
STGMSG6.INI,changed,203942,,Msg,感謝君皓兄，那我就卻之不恭了！,
STGMSG6.INI,changed,203845,31033,Name,31034,31033
STGMSG6.INI,changed,203387,31013,Name,31014,31013
STGMSG6.INI,changed,203307,31009,Name,31010,31009
STGMSG6.INI,changed,203500,31019,Name,31020,31019
STGMSG6.INI,changed,203553,31025,Name,31026,31025
STGMSG6.INI,changed,203314,31010,Name,31011,31010
STGMSG6.INI,changed,203578,31026,Name,31027,31026
STGMSG6.INI,changed,203607,31027,Name,31028,31027
STGMSG6.INI,changed,203334,31010,Name,31011,31010
STGMSG6.INI,changed,203800,31032,Name,31033,31032
STGMSG6.INI,changed,203396,31014,Name,31015,31014
STGMSG6.INI,changed,203813,31027,Name,31028,31027
STGMSG6.INI,changed,203834,30900,Name,30901,30900
STGMSG6.INI,changed,203855,31027,Name,31028,31027
STGMSG6.INI,changed,203355,31011,Name,31012,31011
STGMSG6.INI,changed,203442,31009,Name,31010,31009
STGMSG6.INI,changed,203488,31019,Name,31020,31019
STGMSG6.INI,changed,203568,31025,Name,31026,31025
STGMSG6.INI,changed,203950,31038,Face,2589,
STGMSG6.INI,changed,203950,31038,Jump,203951,
STGMSG6.INI,changed,203950,31038,Msg,今日又見到你了，別來無恙？話說回來，我好像剛才在廣場好像瞥見了我三弟！,
STGMSG6.INI,changed,203950,31038,Name,31038,
STGMSG6.INI,changed,203345,31011,Name,31012,31011
STGMSG6.INI,changed,203222,31006,Name,31007,31006
STGMSG6.INI,changed,203861,31027,Name,31028,31027
STGMSG6.INI,changed,203684,31029,Name,31030,31029
STGMSG6.INI,changed,203397,31014,Name,31015,31014
STGMSG6.INI,changed,203300,31009,Name,31010,31009
STGMSG6.INI,changed,203611,31027,Name,31028,31027
STGMSG6.INI,changed,203448,31017,Name,31018,31017
STGMSG6.INI,changed,203707,31029,Name,31030,31029
STGMSG6.INI,changed,203784,31032,Name,31033,31032
STGMSG6.INI,changed,203104,31004,Name,31005,31004
STGMSG6.INI,changed,203453,31017,Name,31018,31017
STGMSG6.INI,changed,203716,31030,Name,31031,31030
STGMSG6.INI,changed,203211,31006,Name,31007,31006
STGMSG6.INI,changed,203697,31029,Name,31030,31029
STGMSG6.INI,changed,203683,31029,Name,31030,31029
STGMSG6.INI,changed,203532,31022,Name,31023,31022
STGMSG6.INI,changed,203364,31012,Name,31013,31012
STGMSG6.INI,changed,203746,31031,Name,31032,31031
STGMSG6.INI,changed,203437,31016,Name,31017,31016
STGMSG6.INI,changed,203408,31015,Name,31016,31015
STGMSG6.INI,changed,203735,31030,Name,31031,31030
STGMSG6.INI,changed,203924,,Jump,203925,
STGMSG6.INI,changed,203924,,Msg,君皓兄等等，我這裡有壺取自愛心茶桶的「愛心茶水」，聽說對荊州、江東人士療效甚佳，若不嫌棄也請一併帶給受傷的父老們吧！,
STGMSG6.INI,changed,203425,31016,Name,31017,31016
STGMSG6.INI,changed,203562,31024,Name,31025,31024
STGMSG6.INI,changed,203374,31012,Name,31013,31012
STGMSG6.INI,changed,203470,31019,Name,31020,31019
STGMSG6.INI,changed,203705,31029,Name,31030,31029
STGMSG6.INI,changed,203865,31032,Name,31033,31032
STGMSG6.INI,changed,203479,31019,Name,31020,31019
STGMSG6.INI,changed,203523,31022,Name,31023,31022
STGMSG6.INI,changed,203688,31029,Name,31030,31029
STGMSG6.INI,changed,203802,31032,Name,31033,31032
STGMSG6.INI,changed,203454,31017,Name,31018,31017
STGMSG6.INI,changed,203864,31027,Name,31028,31027
STGMSG6.INI,changed,203948,31038,Face,2589,
STGMSG6.INI,changed,203948,31038,Msg,可能地緣關係或是體質關係吧？若你日後還有這樣的茶，就請再交給我吧！先謝過啦！,
STGMSG6.INI,changed,203948,31038,Name,31038,
STGMSG6.INI,changed,203118,31005,Name,31006,31005
STGMSG6.INI,changed,203216,31006,Name,31007,31006
STGMSG6.INI,changed,203277,31008,Name,31009,31008
STGMSG6.INI,changed,203332,31010,Name,31011,31010
STGMSG6.INI,changed,203866,31032,Name,31033,31032
STGMSG6.INI,changed,203629,31027,Name,31028,31027
STGMSG6.INI,changed,203464,31018,Name,31019,31018
STGMSG6.INI,changed,203267,31008,Name,31009,31008
STGMSG6.INI,changed,203926,31038,Face,2589,
STGMSG6.INI,changed,203926,31038,Jump,203914,
STGMSG6.INI,changed,203926,31038,Msg,朋友，謝謝你的「愛心茶水」，禮尚往來，我也贈上一點心意給你，不算白拿你一壺茶！,
STGMSG6.INI,changed,203926,31038,Name,31038,
STGMSG6.INI,changed,203890,31034,Name,31035,31034
STGMSG6.INI,changed,203254,31007,Name,31008,31007
STGMSG6.INI,changed,203403,31014,Name,31015,31014
STGMSG6.INI,changed,203469,31019,Name,31020,31019
STGMSG6.INI,changed,203896,31034,Name,31035,31034
STGMSG6.INI,changed,203701,31029,Name,31030,31029
STGMSG6.INI,changed,203549,31025,Name,31026,31025
STGMSG6.INI,changed,203558,31025,Name,31026,31025
STGMSG6.INI,changed,203570,31025,Name,31026,31025
STGMSG6.INI,changed,203857,31027,Name,31028,31027
STGMSG6.INI,changed,203102,31004,Name,31005,31004
STGMSG6.INI,changed,203290,31009,Name,31010,31009
STGMSG6.INI,changed,203841,31033,Name,31034,31033
STGMSG6.INI,changed,203446,31017,Name,31018,31017
STGMSG6.INI,changed,203782,31027,Name,31028,31027
STGMSG6.INI,changed,203849,31033,Name,31034,31033
STGMSG6.INI,changed,203507,31021,Name,31022,31021
STGMSG6.INI,changed,203342,31011,Name,31012,31011
STGMSG6.INI,changed,203545,31023,Name,31024,31023
STGMSG6.INI,changed,203927,,Msg,一壺茶而已，君皓兄客氣了！,
STGMSG6.INI,changed,203927,,Trigger1,"1,31,True,3,30933,1,0,1,12,1,3",
STGMSG6.INI,changed,203927,,Trigger2,"0,8,34,1,21240,33,3,21240,0,0,33,3,21241,0,0,35,2,21240,-1,36,2,21240,-1,35,2,21241,1380,36,2,21241,-1,37,3,30933,1,0",
STGMSG6.INI,changed,203927,,Trigger3,"1,85,True,0,2,27,2,0,750,103,1,500",
STGMSG6.INI,changed,203927,,Trigger4,"1,85,False,0,2,27,2,0,300,103,1,200",
STGMSG6.INI,changed,203715,31030,Name,31031,31030
STGMSG6.INI,changed,203299,31009,Name,31010,31009
STGMSG6.INI,changed,203273,31008,Name,31009,31008
STGMSG6.INI,changed,203170,30877,Name,30878,30877
STGMSG6.INI,changed,203514,31021,Name,31022,31021
STGMSG6.INI,changed,203317,31010,Name,31011,31010
STGMSG6.INI,changed,203279,31008,Name,31009,31008
STGMSG6.INI,changed,203498,31019,Name,31020,31019
STGMSG6.INI,changed,203729,31030,Name,31031,31030
STGMSG6.INI,changed,203375,31013,Name,31014,31013
STGMSG6.INI,changed,203806,31027,Name,31028,31027
STGMSG6.INI,changed,203115,31005,Name,31006,31005
STGMSG6.INI,changed,203825,30900,Name,30901,30900
STGMSG6.INI,changed,203302,31009,Name,31010,31009
STGMSG6.INI,changed,203269,31008,Name,31009,31008
STGMSG6.INI,changed,203435,31016,Name,31017,31016
STGMSG6.INI,changed,203450,31017,Name,31018,31017
STGMSG6.INI,changed,203899,31036,Face,2587,2649
STGMSG6.INI,changed,203899,31036,Msg,我名叫姬軒，字伯雅，方才正在長阪坡外與同伴商議營救趙雲將軍，卻突然在林中走失，旋即來到此前所未見的繁華市街…,這叫『玄州城』的地方真是有意思…
STGMSG6.INI,changed,203899,31036,Name,31037,31036
STGMSG6.INI,changed,203899,31036,Trigger1,,"1,28,False,2,10406,15,1,12,1,203914"
STGMSG6.INI,changed,203531,31022,Name,31023,31022
STGMSG6.INI,changed,203737,31030,Name,31031,31030
STGMSG6.INI,changed,203884,31034,Name,31035,31034
STGMSG6.INI,changed,203241,31007,Name,31008,31007
STGMSG6.INI,changed,203696,31029,Name,31030,31029
STGMSG6.INI,changed,203617,31027,Name,31028,31027
STGMSG6.INI,changed,203621,31027,Name,31028,31027
STGMSG6.INI,changed,203556,31025,Name,31026,31025
STGMSG6.INI,changed,203101,31004,Name,31005,31004
STGMSG6.INI,changed,203831,30900,Name,30901,30900
STGMSG6.INI,changed,203581,31026,Name,31027,31026
STGMSG6.INI,changed,203416,31015,Name,31016,31015
STGMSG6.INI,changed,203749,31031,Name,31032,31031
STGMSG6.INI,changed,203695,31029,Name,31030,31029
STGMSG6.INI,changed,203511,31021,Name,31022,31021
STGMSG6.INI,changed,203920,,Jump,203921,
STGMSG6.INI,changed,203920,,Msg,長阪坡的難民？我有印象，我也才從長阪坡回來，途中幫忙疏散了一些人。請問閣下怎麼稱呼？,
STGMSG6.INI,changed,203379,31013,Name,31014,31013
STGMSG6.INI,changed,203521,31022,Name,31023,31022
STGMSG6.INI,changed,203247,31007,Name,31008,31007
STGMSG6.INI,changed,203391,31013,Name,31014,31013
STGMSG6.INI,changed,203738,31030,Name,31031,31030
STGMSG6.INI,changed,203891,31035,Name,31036,31035
STGMSG6.INI,changed,203451,31017,Name,31018,31017
STGMSG6.INI,changed,203687,31029,Name,31030,31029
STGMSG6.INI,changed,203809,31027,Name,31028,31027
STGMSG6.INI,changed,203923,31038,Face,2589,
STGMSG6.INI,changed,203923,31038,Jump,203924,
STGMSG6.INI,changed,203923,31038,Msg,義軍？真是英姿煥發的俠客呀！多謝你指點藥房去處，若沒有醫館，或許咱就去藥房試試吧…,
STGMSG6.INI,changed,203923,31038,Name,31038,
STGMSG6.INI,changed,203530,31022,Name,31023,31022
STGMSG6.INI,changed,203304,31009,Name,31010,31009
STGMSG6.INI,changed,203641,31027,Name,31028,31027
STGMSG6.INI,changed,203354,31011,Name,31012,31011
STGMSG6.INI,changed,203108,31005,Name,31006,31005
STGMSG6.INI,changed,203368,31012,Name,31013,31012
STGMSG6.INI,changed,203792,31032,Name,31033,31032
STGMSG6.INI,changed,203898,,Jump,203899,
STGMSG6.INI,changed,203898,,Msg,兄臺怎一臉驚訝又徬徨的模樣？難道是第一次來祁州城？,
STGMSG6.INI,changed,203898,,Trigger1,"1,28,False,2,10358,15,1,12,1,203903",
STGMSG6.INI,changed,203898,,Trigger2,"3,29,True,1,10358,30,True,1,10358,27,False,2,10358,1,1,12,1,203905",
STGMSG6.INI,changed,203898,,Trigger3,"3,29,True,1,10358,30,True,1,10358,27,False,2,10358,0,1,12,1,203905",
STGMSG6.INI,changed,203292,31009,Name,31010,31009
STGMSG6.INI,changed,203739,31030,Name,31031,31030
STGMSG6.INI,changed,203801,31032,Name,31033,31032
STGMSG6.INI,changed,203561,31025,Name,31026,31025
STGMSG6.INI,changed,203557,31024,Name,31025,31024
STGMSG6.INI,changed,203661,31028,Name,31029,31028
STGMSG6.INI,changed,203797,31032,Name,31033,31032
STGMSG6.INI,changed,203376,31013,Name,31014,31013
STGMSG6.INI,changed,203796,31032,Name,31033,31032
STGMSG6.INI,changed,203320,31010,Name,31011,31010
STGMSG6.INI,changed,203781,31027,Name,31028,31027
STGMSG6.INI,changed,203458,31018,Name,31019,31018
STGMSG6.INI,changed,203250,31007,Name,31008,31007
STGMSG6.INI,changed,203519,31022,Name,31023,31022
STGMSG6.INI,changed,203730,31030,Name,31031,31030
STGMSG6.INI,changed,203529,31022,Name,31023,31022
STGMSG6.INI,changed,203574,31025,Name,31026,31025
STGMSG6.INI,changed,203930,,Msg,一壺茶而已，君皓兄客氣了！,
STGMSG6.INI,changed,203930,,Trigger1,"1,31,True,3,30933,1,0,1,12,1,3",
STGMSG6.INI,changed,203930,,Trigger2,"0,6,33,3,21240,12,2,33,3,21241,0,2,35,2,21241,1380,36,2,21241,-1,13,2,21240,11,37,3,30933,1,0",
STGMSG6.INI,changed,203930,,Trigger3,"1,85,True,0,2,27,2,0,750,103,1,500",
STGMSG6.INI,changed,203930,,Trigger4,"1,85,False,0,2,27,2,0,300,103,1,200",
STGMSG6.INI,changed,203217,31006,Name,31007,31006
STGMSG6.INI,changed,203783,31027,Name,31028,31027
STGMSG6.INI,changed,203120,31004,Name,31005,31004
STGMSG6.INI,changed,203190,31006,Name,31007,31006
STGMSG6.INI,changed,203943,31038,Face,2589,
STGMSG6.INI,changed,203943,31038,Msg,謝謝你的茶，真是名副其實“傳遞愛心”的好茶啊。,
STGMSG6.INI,changed,203943,31038,Name,31038,
STGMSG6.INI,changed,203943,31038,Trigger1,"1,31,True,3,30933,1,0,1,12,1,3",
STGMSG6.INI,changed,203943,31038,Trigger2,"0,2,8,5,30927,1,1,0,0,37,3,30933,1,0",
STGMSG6.INI,changed,203943,31038,Trigger3,"0,5,33,3,21240,3,2,33,3,21241,0,2,35,2,21241,1380,36,2,21241,-1,13,2,21240,2",
STGMSG6.INI,changed,203943,31038,Trigger4,"1,85,True,0,2,27,2,0,750,103,1,500",
STGMSG6.INI,changed,203943,31038,Trigger5,"1,85,False,0,2,27,2,0,300,103,1,200",
STGMSG6.INI,changed,203597,31027,Name,31028,31027
STGMSG6.INI,changed,203936,,Jump,203937,
STGMSG6.INI,changed,203936,,Msg,君皓兄！好巧，正想把茶水拿給你！,
STGMSG6.INI,changed,203672,31028,Name,31029,31028
STGMSG6.INI,changed,203693,31029,Name,31030,31029
STGMSG6.INI,changed,203949,31038,Face,2589,
STGMSG6.INI,changed,203949,31038,Msg,經過多日照顧，營內的鄉親們也都痊癒了。朋友，你功不可沒呀！他日我們江湖再見，好好保重。,
STGMSG6.INI,changed,203949,31038,Name,31038,
STGMSG6.INI,changed,203537,31022,Name,31023,31022
STGMSG6.INI,changed,203619,31027,Name,31028,31027
STGMSG6.INI,changed,203819,31027,Name,31028,31027
STGMSG6.INI,changed,203117,31005,Name,31006,31005
STGMSG6.INI,changed,203662,31028,Name,31029,31028
STGMSG6.INI,changed,203655,31028,Name,31029,31028
STGMSG6.INI,changed,203838,31033,Name,31034,31033
STGMSG6.INI,changed,203780,31027,Name,31028,31027
STGMSG6.INI,changed,203945,31038,Face,2589,
STGMSG6.INI,changed,203945,31038,Msg,謝謝你的茶，真是名副其實“傳遞愛心”的好茶啊。,
STGMSG6.INI,changed,203945,31038,Name,31038,
STGMSG6.INI,changed,203945,31038,Trigger1,"1,31,True,3,30933,1,0,1,12,1,3",
STGMSG6.INI,changed,203945,31038,Trigger2,"0,2,8,5,30927,1,1,0,0,37,3,30933,1,0",
STGMSG6.INI,changed,203945,31038,Trigger3,"0,5,33,3,21240,11,2,33,3,21241,0,2,35,2,21241,1380,36,2,21241,-1,13,2,21240,10",
STGMSG6.INI,changed,203945,31038,Trigger4,"1,85,True,0,2,27,2,0,750,103,1,500",
STGMSG6.INI,changed,203945,31038,Trigger5,"1,85,False,0,2,27,2,0,300,103,1,200",
STGMSG6.INI,changed,203598,31027,Name,31028,31027
STGMSG6.INI,changed,203308,31009,Name,31010,31009
STGMSG6.INI,changed,203591,31027,Name,31028,31027
STGMSG6.INI,changed,203699,31029,Name,31030,31029
STGMSG6.INI,changed,203853,31033,Name,31034,31033
STGMSG6.INI,changed,203465,31018,Name,31019,31018
STGMSG6.INI,changed,203429,31016,Name,31017,31016
STGMSG6.INI,changed,203573,31024,Name,31025,31024
STGMSG6.INI,changed,203603,31027,Name,31028,31027
STGMSG6.INI,changed,203124,31005,Name,31006,31005
STGMSG6.INI,changed,203103,31004,Name,31005,31004
STGMSG6.INI,changed,203296,31009,Name,31010,31009
STGMSG6.INI,changed,203424,31016,Name,31017,31016
STGMSG6.INI,changed,203643,31027,Name,31028,31027
STGMSG6.INI,changed,203232,31006,Name,31007,31006
STGMSG6.INI,changed,203305,31009,Name,31010,31009
STGMSG6.INI,changed,203467,31018,Name,31019,31018
STGMSG6.INI,changed,203637,31027,Name,31028,31027
STGMSG6.INI,changed,203404,31014,Name,31015,31014
STGMSG6.INI,changed,203935,,Msg,太好了，今日這壺茶也讓君皓兄帶回去吧！,
STGMSG6.INI,changed,203935,,Trigger1,"1,31,True,3,30933,1,0,1,12,1,3",
STGMSG6.INI,changed,203935,,Trigger2,"0,7,33,3,21240,13,2,33,3,21241,0,2,35,2,21241,1380,36,2,21241,-1,13,2,21240,12,37,3,30933,1,0,13,2,21240,15",
STGMSG6.INI,changed,203935,,Trigger3,"1,85,True,0,2,27,2,0,750,103,1,500",
STGMSG6.INI,changed,203935,,Trigger4,"1,85,False,0,2,27,2,0,300,103,1,200",
STGMSG6.INI,changed,203393,31014,Name,31015,31014
STGMSG6.INI,changed,203814,31027,Name,31028,31027
STGMSG6.INI,changed,203295,31009,Name,31010,31009
STGMSG6.INI,changed,203944,31038,Face,2589,
STGMSG6.INI,changed,203944,31038,Msg,謝謝你的茶，真是名副其實“傳遞愛心”的好茶啊。,
STGMSG6.INI,changed,203944,31038,Name,31038,
STGMSG6.INI,changed,203944,31038,Trigger1,"1,31,True,3,30933,1,0,1,12,1,3",
STGMSG6.INI,changed,203944,31038,Trigger2,"0,2,8,5,30927,1,1,0,0,37,3,30933,1,0",
STGMSG6.INI,changed,203944,31038,Trigger3,"0,5,33,3,21240,7,2,33,3,21241,0,2,35,2,21241,1380,36,2,21241,-1,13,2,21240,6",
STGMSG6.INI,changed,203944,31038,Trigger4,"1,85,True,0,2,27,2,0,750,103,1,500",
STGMSG6.INI,changed,203944,31038,Trigger5,"1,85,False,0,2,27,2,0,300,103,1,200",
STGMSG6.INI,changed,203703,31029,Name,31030,31029
STGMSG6.INI,changed,203851,31033,Name,31034,31033
STGMSG6.INI,changed,203692,31029,Name,31030,31029
STGMSG6.INI,changed,203563,31025,Name,31026,31025
STGMSG6.INI,changed,203910,31037,Face,,2647
STGMSG6.INI,changed,203910,31037,Jump,,203911
STGMSG6.INI,changed,203910,31037,Msg,傳送赤壁,仔細一看，你修為還未滿200級，去了也是添亂。
STGMSG6.INI,changed,203910,31037,Name,,31037
STGMSG6.INI,changed,203910,31037,Trigger1,"1,4,True,2,4,200,1,12,1,203896",
STGMSG6.INI,changed,203910,31037,Trigger2,"0,1,3,5,353,41,0,0,0",
STGMSG6.INI,changed,203420,31015,Name,31016,31015
STGMSG6.INI,changed,203410,31015,Name,31016,31015
STGMSG6.INI,changed,203718,31030,Name,31031,31030
STGMSG6.INI,changed,203728,31030,Name,31031,31030
STGMSG6.INI,changed,203288,31008,Name,31009,31008
STGMSG6.INI,changed,203346,31011,Name,31012,31011
STGMSG6.INI,changed,203298,31009,Name,31010,31009
STGMSG6.INI,changed,203389,31013,Name,31014,31013
STGMSG6.INI,changed,203423,31015,Name,31016,31015
STGMSG6.INI,changed,203263,31007,Name,31008,31007
STGMSG6.INI,changed,203119,31004,Name,31005,31004
STGMSG6.INI,changed,203527,31022,Name,31023,31022
STGMSG6.INI,changed,203401,31014,Name,31015,31014
STGMSG6.INI,changed,203555,31024,Name,31025,31024
STGMSG6.INI,changed,203676,31028,Name,31029,31028
STGMSG6.INI,changed,203710,31030,Name,31031,31030
STGMSG6.INI,changed,203270,31008,Name,31009,31008
STGMSG6.INI,changed,203647,31028,Name,31029,31028
STGMSG6.INI,changed,203680,31029,Name,31030,31029
STGMSG6.INI,changed,203724,31030,Name,31031,31030
STGMSG6.INI,changed,203812,31027,Name,31028,31027
STGMSG6.INI,changed,203919,31038,Face,2589,
STGMSG6.INI,changed,203919,31038,Jump,203920,
STGMSG6.INI,changed,203919,31038,Msg,抓藥呀…營裡收留不少隨劉備大人逃往江東的難民，有些受的是皮肉傷，有些則生了風寒，我也不知道能抓什麼藥，本想來請個大夫回去看看。,
STGMSG6.INI,changed,203919,31038,Name,31038,
STGMSG6.INI,changed,203805,31027,Name,31028,31027
STGMSG6.INI,changed,203651,31028,Name,31029,31028
STGMSG6.INI,changed,203271,31008,Name,31009,31008
STGMSG6.INI,changed,203614,31027,Name,31028,31027
STGMSG6.INI,changed,203836,30900,Name,30901,30900
STGMSG6.INI,changed,203544,31023,Name,31024,31023
STGMSG6.INI,changed,203807,31032,Name,31033,31032
STGMSG6.INI,changed,203518,31022,Name,31023,31022
STGMSG6.INI,changed,203259,31007,Name,31008,31007
STGMSG6.INI,changed,203902,31036,Face,2587,2649
STGMSG6.INI,changed,203902,31036,Msg,長阪坡之行兇險非常，若您未達【200級】恐危及性命，恕伯雅無法任您前去。,她若知道我就在附近，只怕整座城都要被她翻過來。
STGMSG6.INI,changed,203902,31036,Name,31037,31036
STGMSG6.INI,changed,203372,31012,Name,31013,31012
STGMSG6.INI,changed,203642,31027,Name,31028,31027
STGMSG6.INI,changed,203195,31006,Name,31007,31006
STGMSG6.INI,changed,203933,,Msg,太好了，今日這壺茶也讓君皓兄帶回去吧！,
STGMSG6.INI,changed,203933,,Trigger1,"1,31,True,3,30933,1,0,1,12,1,3",
STGMSG6.INI,changed,203933,,Trigger2,"0,6,33,3,21240,5,2,33,3,21241,0,2,35,2,21241,1380,36,2,21241,-1,13,2,21240,4,37,3,30933,1,0",
STGMSG6.INI,changed,203933,,Trigger3,"1,85,True,0,2,27,2,0,750,103,1,500",
STGMSG6.INI,changed,203933,,Trigger4,"1,85,False,0,2,27,2,0,300,103,1,200",
STGMSG6.INI,changed,203744,31031,Name,31032,31031
STGMSG6.INI,changed,203377,31013,Name,31014,31013
STGMSG6.INI,changed,203248,31007,Name,31008,31007
STGMSG6.INI,changed,203492,31019,Name,31020,31019
STGMSG6.INI,changed,203567,31025,Name,31026,31025
STGMSG6.INI,changed,203939,,Msg,您才是為了照顧受傷的百姓多辛苦了，我只是來送一壺茶而已。,
STGMSG6.INI,changed,203939,,Trigger1,"1,31,True,3,30933,1,0,1,12,1,3",
STGMSG6.INI,changed,203939,,Trigger2,"0,6,33,3,21240,6,2,33,3,21241,0,2,35,2,21241,1380,36,2,21241,-1,13,2,21240,5,37,3,30933,1,0",
STGMSG6.INI,changed,203939,,Trigger3,"1,85,True,0,2,27,2,0,750,103,1,500",
STGMSG6.INI,changed,203939,,Trigger4,"1,85,False,0,2,27,2,0,300,103,1,200",
STGMSG6.INI,changed,203398,31014,Name,31015,31014
STGMSG6.INI,changed,203282,31008,Name,31009,31008
STGMSG6.INI,changed,203188,31006,Name,31007,31006
STGMSG6.INI,changed,203790,31032,Name,31033,31032
STGMSG6.INI,changed,203181,31006,Name,31007,31006
STGMSG6.INI,changed,203261,31007,Name,31008,31007
STGMSG6.INI,changed,203669,31028,Name,31029,31028
STGMSG6.INI,changed,203789,31032,Name,31033,31032
STGMSG6.INI,changed,203913,31037,Face,2589,2647
STGMSG6.INI,changed,203913,31037,Msg,祁州城真是不錯的地方呀！街道雖然樸素，但充滿朝氣和活力，真想讓弟弟們也一起來這逛逛。…不好，逛入迷了，醫館、醫館在哪呢？,哼，我早晚要找到他，把他給千刀萬剮殺了！
STGMSG6.INI,changed,203913,31037,Name,31038,31037
STGMSG6.INI,changed,203913,31037,Trigger1,"5,27,False,2,21240,0,29,True,1,21240,30,True,1,21240,28,True,2,21240,0,31,False,3,30933,1,0,1,12,1,203931",
STGMSG6.INI,changed,203913,31037,Trigger2,"1,27,False,2,21240,0,1,12,1,203950",
STGMSG6.INI,changed,203913,31037,Trigger3,"1,31,False,3,30933,1,0,1,12,1,203917",
STGMSG6.INI,changed,203909,31037,Face,2587,
STGMSG6.INI,changed,203909,31037,Name,31037,
STGMSG6.INI,changed,203179,31006,Name,31007,31006
STGMSG6.INI,changed,203732,31030,Name,31031,31030
STGMSG6.INI,changed,203502,31019,Name,31020,31019
STGMSG6.INI,changed,203126,31005,Name,31006,31005
STGMSG6.INI,changed,203105,31004,Name,31005,31004
STGMSG6.INI,changed,203340,31011,Name,31012,31011
STGMSG6.INI,changed,203272,31008,Name,31009,31008
STGMSG6.INI,changed,203430,31016,Name,31017,31016
STGMSG6.INI,changed,203371,31012,Name,31013,31012
STGMSG6.INI,changed,203457,31018,Name,31019,31018
STGMSG6.INI,changed,203788,31032,Name,31033,31032
STGMSG6.INI,changed,203577,31025,Name,31026,31025
STGMSG6.INI,changed,203209,31006,Name,31007,31006
STGMSG6.INI,changed,203266,31008,Name,31009,31008
STGMSG6.INI,changed,203929,,Msg,一壺茶而已，君皓兄客氣了！,
STGMSG6.INI,changed,203929,,Trigger1,"1,31,True,3,30933,1,0,1,12,1,3",
STGMSG6.INI,changed,203929,,Trigger2,"0,6,33,3,21240,8,2,33,3,21241,0,2,35,2,21241,1380,36,2,21241,-1,13,2,21240,7,37,3,30933,1,0",
STGMSG6.INI,changed,203929,,Trigger3,"1,85,True,0,2,27,2,0,750,103,1,500",
STGMSG6.INI,changed,203929,,Trigger4,"1,85,False,0,2,27,2,0,300,103,1,200",
STGMSG6.INI,changed,203187,31006,Name,31007,31006
STGMSG6.INI,changed,203539,31022,Name,31023,31022
STGMSG6.INI,changed,203363,31012,Name,31013,31012
STGMSG6.INI,changed,203677,31028,Name,31029,31028
STGMSG6.INI,changed,203571,31025,Name,31026,31025
STGMSG6.INI,changed,203753,31031,Name,31032,31031
STGMSG6.INI,changed,203612,31027,Name,31028,31027
STGMSG6.INI,changed,203381,31013,Name,31014,31013
STGMSG6.INI,changed,203726,31030,Name,31031,31030
STGMSG6.INI,changed,203441,31008,Name,31009,31008
STGMSG6.INI,changed,203727,31030,Name,31031,31030
STGMSG6.INI,changed,203412,31015,Name,31016,31015
STGMSG6.INI,changed,203524,31022,Name,31023,31022
STGMSG6.INI,changed,203226,31006,Name,31007,31006
STGMSG6.INI,changed,203447,31017,Name,31018,31017
STGMSG6.INI,changed,203736,31030,Name,31031,31030
STGMSG6.INI,changed,203230,31006,Name,31007,31006
STGMSG6.INI,changed,203912,31037,Face,,2647
STGMSG6.INI,changed,203912,31037,Jump,,203913
STGMSG6.INI,changed,203912,31037,Msg,簽到判斷,是你。這一趟有你幫了點忙，還不算太糟。雖然那狡滑的死魚兒，又趁著場面混亂溜了。
STGMSG6.INI,changed,203912,31037,Name,,31037
STGMSG6.INI,changed,203912,31037,Trigger1,"5,27,False,2,21240,7,29,True,1,21240,30,True,1,21240,28,True,2,21240,7,31,False,3,30933,1,0,1,12,1,203926",
STGMSG6.INI,changed,203912,31037,Trigger2,"5,27,False,2,21240,6,29,True,1,21240,30,True,1,21240,28,True,2,21240,6,31,False,3,30933,1,0,1,12,1,203941",
STGMSG6.INI,changed,203912,31037,Trigger3,"5,27,False,2,21240,5,29,True,1,21240,30,True,1,21240,28,True,2,21240,5,31,False,3,30933,1,0,1,12,1,203936",
STGMSG6.INI,changed,203912,31037,Trigger4,"5,27,False,2,21240,4,29,True,1,21240,30,True,1,21240,28,True,2,21240,4,31,False,3,30933,1,0,1,12,1,203931",
STGMSG6.INI,changed,203912,31037,Trigger5,"5,27,False,2,21240,3,29,True,1,21240,30,True,1,21240,28,True,2,21240,3,31,False,3,30933,1,0,1,12,1,203926",
STGMSG6.INI,changed,203912,31037,Trigger6,"5,27,False,2,21240,2,29,True,1,21240,30,True,1,21240,28,True,2,21240,2,31,False,3,30933,1,0,1,12,1,203941",
STGMSG6.INI,changed,203912,31037,Trigger7,"5,27,False,2,21240,1,29,True,1,21240,30,True,1,21240,28,True,2,21240,1,31,False,3,30933,1,0,1,12,1,203936",
STGMSG6.INI,changed,203912,31037,Trigger8,"0,1,12,1,203913",
STGMSG6.INI,changed,203289,31009,Name,31010,31009
STGMSG6.INI,changed,203897,31034,Name,31035,31034
STGMSG6.INI,changed,203344,31011,Name,31012,31011
STGMSG6.INI,changed,203386,31013,Name,31014,31013
STGMSG6.INI,changed,203244,31007,Name,31008,31007
STGMSG6.INI,changed,203350,31011,Name,31012,31011
STGMSG6.INI,changed,203625,31027,Name,31028,31027
STGMSG6.INI,changed,203319,31010,Name,31011,31010
STGMSG6.INI,changed,203200,31006,Name,31007,31006
STGMSG6.INI,changed,203709,31029,Name,31030,31029
STGMSG6.INI,changed,203934,,Msg,太好了，今日這壺茶也讓君皓兄帶回去吧！,
STGMSG6.INI,changed,203934,,Trigger1,"1,31,True,3,30933,1,0,1,12,1,3",
STGMSG6.INI,changed,203934,,Trigger2,"0,6,33,3,21240,9,2,33,3,21241,0,2,35,2,21241,1380,36,2,21241,-1,13,2,21240,8,37,3,30933,1,0",
STGMSG6.INI,changed,203934,,Trigger3,"1,85,True,0,2,27,2,0,750,103,1,500",
STGMSG6.INI,changed,203934,,Trigger4,"1,85,False,0,2,27,2,0,300,103,1,200",
STGMSG6.INI,changed,203589,31027,Name,31028,31027
STGMSG6.INI,changed,203481,31019,Name,31020,31019
STGMSG6.INI,changed,203791,31032,Name,31033,31032
STGMSG6.INI,changed,203107,31005,Name,31006,31005
STGMSG6.INI,changed,203338,31011,Name,31012,31011
STGMSG6.INI,changed,203512,31021,Name,31022,31021
STGMSG6.INI,changed,203460,31018,Name,31019,31018
STGMSG6.INI,changed,203653,31028,Name,31029,31028
STGMSG6.INI,changed,203601,31027,Name,31028,31027
STGMSG6.INI,changed,203323,31010,Name,31011,31010
STGMSG6.INI,changed,203123,31005,Name,31006,31005
STGMSG6.INI,changed,203369,31012,Name,31013,31012
STGMSG6.INI,changed,203100,31004,Name,31005,31004
STGMSG6.INI,changed,203794,31032,Name,31033,31032
STGMSG6.INI,changed,203905,31037,Face,2587,2647
STGMSG6.INI,changed,203905,31037,Msg,請你切記以找到趙將軍為首要之務！若你準備好，我們就出發吧！,喂，那邊那位！看你筋骨矯健，虎口生繭，也是個習武之人吧？
STGMSG6.INI,changed,203587,31026,Name,31027,31026
STGMSG6.INI,changed,203663,31028,Name,31029,31028
STGMSG6.INI,changed,203125,31004,Name,31005,31004
STGMSG6.INI,changed,203444,31011,Name,31012,31011
STGMSG6.INI,changed,203907,,Msg,傳送長阪坡,傳送峨嵋山
STGMSG6.INI,changed,203907,,Trigger1,"1,4,True,2,4,200,1,12,1,203902","1,4,True,2,4,200,1,12,1,203910"
STGMSG6.INI,changed,203907,,Trigger2,"0,1,3,5,352,41,0,0,0","0,1,3,5,392,41,0,0,0"
STGMSG6.INI,changed,203534,31022,Name,31023,31022
STGMSG6.INI,changed,203455,31018,Name,31019,31018
STGMSG6.INI,changed,203533,31022,Name,31023,31022
STGMSG6.INI,changed,203839,31033,Name,31034,31033
STGMSG6.INI,changed,203515,31021,Name,31022,31021
STGMSG6.INI,changed,203734,31030,Name,31031,31030
STGMSG6.INI,changed,203321,31010,Name,31011,31010
STGMSG6.INI,changed,203856,31027,Name,31028,31027
STGMSG6.INI,changed,203417,31015,Name,31016,31015
STGMSG6.INI,changed,203606,31027,Name,31028,31027
STGMSG6.INI,changed,203918,,Jump,203919,
STGMSG6.INI,changed,203918,,Msg,你想抓藥順道求醫的話，這裡過橋後就是藥房了！,
STGMSG6.INI,changed,203113,31005,Name,31006,31005
STGMSG6.INI,changed,203635,31027,Name,31028,31027
STGMSG6.INI,changed,203265,31007,Name,31008,31007
STGMSG6.INI,changed,203862,31027,Name,31028,31027
STGMSG6.INI,changed,203543,31022,Name,31023,31022
STGMSG6.INI,changed,203904,31037,Face,2587,2647
STGMSG6.INI,changed,203904,31037,Msg,事態不妙…長阪坡已滿是曹軍人馬，多半想以人海戰術圍困趙雲將軍！,哼，他逃得了一時，可逃不了一世。
STGMSG6.INI,changed,203904,31037,Trigger1,"1,4,True,2,4,200,1,12,1,203902",
STGMSG6.INI,changed,203904,31037,Trigger2,"0,4,34,1,10358,33,3,10358,0,2,35,2,10358,-1,36,2,10358,-1",
STGMSG6.INI,changed,203602,31027,Name,31028,31027
STGMSG6.INI,changed,203633,31027,Name,31028,31027
STGMSG6.INI,changed,203445,31017,Name,31018,31017
STGMSG6.INI,changed,203595,31027,Name,31028,31027
STGMSG6.INI,changed,203804,31027,Name,31028,31027
STGMSG6.INI,changed,203901,31036,Face,2587,2649
STGMSG6.INI,changed,203901,31036,Jump,,203902
STGMSG6.INI,changed,203901,31036,Msg,唉！將軍為了救出麋夫人與幼主阿斗，深入敵陣後仍未返回，我必須盡快前去馳援。,想不到張菁居然也掉進來了。你若瞧見有位綁辮子的紅衣姑娘，千萬別告訴她我在哪兒！
STGMSG6.INI,changed,203901,31036,Name,31037,31036
STGMSG6.INI,changed,203901,31036,Opt1,0,
STGMSG6.INI,changed,203901,31036,Opt2,0,
STGMSG6.INI,changed,203901,31036,OptJump1,203904,
STGMSG6.INI,changed,203901,31036,OptStr1,【這事也算我一份！讓我同行尋找趙將軍！】,
STGMSG6.INI,changed,203901,31036,OptStr2,【此去請務必小心…】,
STGMSG6.INI,changed,203096,31004,Name,31005,31004
STGMSG6.INI,changed,203353,31011,Name,31012,31011
STGMSG6.INI,changed,203925,31038,Face,2589,
STGMSG6.INI,changed,203925,31038,Jump,203926,
STGMSG6.INI,changed,203925,31038,Msg,「愛心茶水」！甚好甚好，這樣的茶湯在我們那兒可是具有神速療效的，這下配一點跌打藥準不定可行！,
STGMSG6.INI,changed,203925,31038,Name,31038,
STGMSG6.INI,changed,203428,31016,Name,31017,31016
STGMSG6.INI,changed,203888,31034,Name,31035,31034
STGMSG6.INI,changed,203477,31019,Name,31020,31019
STGMSG6.INI,changed,203613,31027,Name,31028,31027
STGMSG6.INI,changed,203667,31028,Name,31029,31028
STGMSG6.INI,changed,203475,31019,Name,31020,31019
STGMSG6.INI,changed,203702,31029,Name,31030,31029
STGMSG6.INI,changed,203756,31031,Name,31032,31031
STGMSG6.INI,changed,203329,31010,Name,31011,31010
STGMSG6.INI,changed,203932,,Msg,太好了，今日這壺茶也讓君皓兄帶回去吧！,
STGMSG6.INI,changed,203932,,Trigger1,"1,31,True,3,30933,1,0,1,12,1,3",
STGMSG6.INI,changed,203932,,Trigger2,"0,6,33,3,21240,1,2,33,3,21241,0,2,35,2,21241,1380,36,2,21241,-1,13,2,21240,0,37,3,30933,1,0",
STGMSG6.INI,changed,203932,,Trigger3,"1,85,True,0,2,27,2,0,750,103,1,500",
STGMSG6.INI,changed,203932,,Trigger4,"1,85,False,0,2,27,2,0,300,103,1,200",
STGMSG6.INI,changed,203820,31027,Name,31028,31027
STGMSG6.INI,changed,203509,31021,Name,31022,31021
STGMSG6.INI,changed,203380,31013,Name,31014,31013
STGMSG6.INI,changed,203347,31011,Name,31012,31011
STGMSG6.INI,changed,203639,31027,Name,31028,31027
STGMSG6.INI,changed,203863,31027,Name,31028,31027
STGMSG6.INI,changed,203526,31022,Name,31023,31022
STGMSG6.INI,changed,203711,31030,Name,31031,31030
STGMSG6.INI,changed,203824,31032,Name,31033,31032
STGMSG6.INI,changed,203365,31012,Name,31013,31012
STGMSG6.INI,changed,203847,31033,Name,31034,31033
STGMSG6.INI,changed,203752,31031,Name,31032,31031
STGMSG6.INI,changed,203755,31031,Name,31032,31031
STGMSG6.INI,changed,203443,31010,Name,31011,31010
STGMSG6.INI,changed,203378,31013,Name,31014,31013
STGMSG6.INI,changed,203922,,Jump,203923,
STGMSG6.INI,changed,203922,,Msg,在下為神州五派義軍成員，君皓兄，很高興認識你。,
STGMSG6.INI,changed,203922,,Opt1,,0
STGMSG6.INI,changed,203922,,OptStr1,,`
STGMSG6.INI,changed,203114,31005,Name,31006,31005
STGMSG6.INI,changed,203528,31022,Name,31023,31022
STGMSG6.INI,changed,203674,31028,Name,31029,31028
STGMSG6.INI,changed,203324,31010,Name,31011,31010
STGMSG6.INI,changed,203219,31006,Name,31007,31006
STGMSG6.INI,changed,203644,31028,Name,31029,31028
STGMSG6.INI,changed,203685,31029,Name,31030,31029
STGMSG6.INI,changed,203122,31005,Name,31006,31005
STGMSG6.INI,changed,203198,31006,Name,31007,31006
STGMSG6.INI,changed,203808,31032,Name,31033,31032
STGMSG6.INI,changed,203326,31010,Name,31011,31010
STGMSG6.INI,changed,203192,31006,Name,31007,31006
STGMSG6.INI,changed,203310,31009,Name,31010,31009
STGMSG6.INI,changed,203631,31027,Name,31028,31027
STGMSG6.INI,changed,203689,31029,Name,31030,31029
STGMSG6.INI,changed,203252,31007,Name,31008,31007
STGMSG6.INI,changed,203348,31011,Name,31012,31011
STGMSG6.INI,changed,203721,31030,Name,31031,31030
STGMSG6.INI,changed,203207,31006,Name,31007,31006
STGMSG6.INI,changed,203413,31015,Name,31016,31015
STGMSG6.INI,changed,203246,31007,Name,31008,31007
STGMSG6.INI,changed,203678,31028,Name,31029,31028
STGMSG6.INI,changed,203892,31035,Name,31036,31035
STGMSG6.INI,changed,203916,31036,Face,2589,2649
STGMSG6.INI,changed,203916,31036,Msg,祁州城真是不錯的地方呀！街道雖然樸素，但充滿朝氣和活力，真想讓弟弟們也一起來這逛逛。…不好，逛入迷了，醫館、醫館在哪呢？,話說回來，這城裡酒香聞著不錯，我先去找家餐館。再見了！
STGMSG6.INI,changed,203916,31036,Name,31038,31036
STGMSG6.INI,changed,203452,31017,Name,31018,31017
STGMSG6.INI,changed,203535,31022,Name,31023,31022
STGMSG6.INI,changed,203817,31027,Name,31028,31027
STGMSG6.INI,changed,203411,31015,Name,31016,31015
STGMSG6.INI,changed,203823,31032,Name,31033,31032
STGMSG6.INI,changed,203608,31027,Name,31028,31027
STGMSG6.INI,changed,203421,31015,Name,31016,31015
STGMSG6.INI,changed,203600,31027,Name,31028,31027
STGMSG6.INI,changed,203245,31007,Name,31008,31007
STGMSG6.INI,changed,203609,31027,Name,31028,31027
STGMSG6.INI,changed,203599,31027,Name,31028,31027
STGMSG6.INI,changed,203427,31016,Name,31017,31016
STGMSG6.INI,changed,203636,31027,Name,31028,31027
STGMSG6.INI,changed,203276,31008,Name,31009,31008
STGMSG6.INI,changed,203937,31038,Face,2589,
STGMSG6.INI,changed,203937,31038,Jump,203914,
STGMSG6.INI,changed,203937,31038,Msg,多謝了，每日都讓你費心帶茶水過來。,
STGMSG6.INI,changed,203937,31038,Name,31038,
STGMSG6.INI,changed,203921,31038,Face,2589,
STGMSG6.INI,changed,203921,31038,Jump,203922,
STGMSG6.INI,changed,203921,31038,Msg,啊！真是疏忽了！在下名叫燕起，稱呼我君皓即可，現為劉備軍門下食客，幸會！,
STGMSG6.INI,changed,203921,31038,Name,31038,
STGMSG6.INI,changed,203947,,Jump,203948,
STGMSG6.INI,changed,203947,,Msg,君皓兄，你說這茶有療效，但我淺嚐一口，倒感覺只是一般茶湯。,
STGMSG6.INI,changed,203815,31027,Name,31028,31027
STGMSG6.INI,changed,203197,31006,Name,31007,31006
STGMSG6.INI,changed,203908,31037,Face,2587,
STGMSG6.INI,changed,203908,31037,Jump,203907,
STGMSG6.INI,changed,203908,31037,Msg,想不到陰錯陽差又回到這裡了，得要趕緊回去和趙雲將軍會合，走吧！,
STGMSG6.INI,changed,203908,31037,Name,31037,
STGMSG6.INI,changed,203673,31028,Name,31029,31028
STGMSG6.INI,changed,203576,31024,Name,31025,31024
STGMSG6.INI,changed,203906,31037,Face,,2647
STGMSG6.INI,changed,203906,31037,Jump,203907,
STGMSG6.INI,changed,203906,31037,Msg,收到，出發！,本姑娘剛發現城外有座山，竟和峨嵋山一模一樣！陪我去看看。
STGMSG6.INI,changed,203906,31037,Name,,31037
STGMSG6.INI,changed,203906,31037,Opt1,,0
STGMSG6.INI,changed,203906,31037,Opt2,,0
STGMSG6.INI,changed,203906,31037,OptJump1,,203907
STGMSG6.INI,changed,203906,31037,OptStr1,,【隨妳去峨嵋山看看！】
STGMSG6.INI,changed,203906,31037,OptStr2,,【我還有事要忙，等會兒再說。】
STGMSG6.INI,changed,203903,31037,Face,2587,2647
STGMSG6.INI,changed,203903,31037,Jump,,203904
STGMSG6.INI,changed,203903,31037,Msg,想不到又遇見你了！先前在長阪坡多虧有你襄助，我們才能順利和劉備軍會合，這次讓伯雅敬你一杯吧！,真是邪門！眼看就要抓住那死魚兒，竟跑到這種鬼地方來！
STGMSG6.INI,changed,203903,31037,Trigger1,,"1,28,False,2,10406,15,1,12,1,203912"
STGMSG6.INI,changed,203798,31032,Name,31033,31032
STGMSG6.INI,changed,203383,31013,Name,31014,31013
STGMSG6.INI,changed,203357,31011,Name,31012,31011
STGMSG6.INI,changed,203893,31035,Name,31036,31035
STGMSG6.INI,changed,203341,31011,Name,31012,31011
STGMSG6.INI,changed,203645,31028,Name,31029,31028
STGMSG6.INI,changed,203712,31030,Name,31031,31030
STGMSG6.INI,changed,203099,31004,Name,31005,31004
STGMSG6.INI,changed,203915,31036,Face,,2649
STGMSG6.INI,changed,203915,31036,Jump,,203916
STGMSG6.INI,changed,203915,31036,Msg,檢查1~14日,今天開了眼界，見識到你的身手了！若哪天張菁真找你來對付我，到時對你就不能手下留情了呀。
STGMSG6.INI,changed,203915,31036,Name,,31036
STGMSG6.INI,changed,203915,31036,Trigger1,"3,27,False,2,21240,6,28,True,2,21240,6,31,False,3,30933,1,0,1,12,1,203944",
STGMSG6.INI,changed,203915,31036,Trigger2,"3,27,False,2,21240,5,28,True,2,21240,5,31,False,3,30933,1,0,1,12,1,203939",
STGMSG6.INI,changed,203915,31036,Trigger3,"3,27,False,2,21240,4,28,True,2,21240,4,31,False,3,30933,1,0,1,12,1,203933",
STGMSG6.INI,changed,203915,31036,Trigger4,"3,27,False,2,21240,3,28,True,2,21240,3,31,False,3,30933,1,0,1,12,1,203928",
STGMSG6.INI,changed,203915,31036,Trigger5,"3,27,False,2,21240,2,28,True,2,21240,2,31,False,3,30933,1,0,1,12,1,203943",
STGMSG6.INI,changed,203915,31036,Trigger6,"3,27,False,2,21240,1,28,True,2,21240,1,31,False,3,30933,1,0,1,12,1,203938",
STGMSG6.INI,changed,203915,31036,Trigger7,"3,27,False,2,21240,0,28,True,2,21240,0,31,False,3,30933,1,0,1,12,1,203932",
STGMSG6.INI,changed,203915,31036,Trigger8,"0,1,12,1,203927",
STGMSG6.INI,changed,203433,31016,Name,31017,31016
STGMSG6.INI,changed,203484,31019,Name,31020,31019
STGMSG6.INI,changed,203301,31009,Name,31010,31009
STGMSG6.INI,changed,203384,31013,Name,31014,31013
STGMSG6.INI,changed,203414,31015,Name,31016,31015
STGMSG6.INI,changed,203490,31019,Name,31020,31019
STGMSG6.INI,changed,203717,31030,Name,31031,31030
STGMSG6.INI,changed,203827,30900,Name,30901,30900
STGMSG6.INI,changed,203615,31027,Name,31028,31027
STGMSG6.INI,changed,203818,31027,Name,31028,31027
STGMSG6.INI,changed,203656,31028,Name,31029,31028
STGMSG6.INI,changed,203193,31006,Name,31007,31006
STGMSG6.INI,changed,203940,,Msg,您才是為了照顧受傷的百姓多辛苦了，我只是來送一壺茶而已。,
STGMSG6.INI,changed,203940,,Trigger1,"1,31,True,3,30933,1,0,1,12,1,3",
STGMSG6.INI,changed,203940,,Trigger2,"0,6,33,3,21240,10,2,33,3,21241,0,2,35,2,21241,1380,36,2,21241,-1,13,2,21240,9,37,3,30933,1,0",
STGMSG6.INI,changed,203940,,Trigger3,"1,85,True,0,2,27,2,0,750,103,1,500",
STGMSG6.INI,changed,203940,,Trigger4,"1,85,False,0,2,27,2,0,300,103,1,200",
STGMSG6.INI,changed,203409,31015,Name,31016,31015
STGMSG6.INI,changed,203691,31029,Name,31030,31029
STGMSG6.INI,changed,203293,31009,Name,31010,31009
STGMSG6.INI,changed,203821,31032,Name,31033,31032
STGMSG6.INI,changed,203336,31010,Name,31011,31010
STGMSG6.INI,changed,203110,31005,Name,31006,31005
STGMSG6.INI,changed,203257,31007,Name,31008,31007
STGMSG6.INI,changed,203748,31031,Name,31032,31031
STGMSG6.INI,changed,203494,31019,Name,31020,31019
STGMSG6.INI,changed,203740,31030,Name,31031,31030
STGMSG6.INI,changed,203449,31017,Name,31018,31017
STGMSG6.INI,changed,203199,31006,Name,31007,31006
STGMSG6.INI,changed,203720,31030,Name,31031,31030
STGMSG6.INI,changed,203204,31006,Name,31007,31006
STGMSG6.INI,changed,203829,30900,Name,30901,30900
STGMSG6.INI,changed,203681,31029,Name,31030,31029
STGMSG6.INI,changed,203505,31021,Name,31022,31021
STGMSG6.INI,changed,203560,31024,Name,31025,31024
STGMSG6.INI,changed,203565,31024,Name,31025,31024
STGMSG6.INI,changed,203952,31038,Face,2589,
STGMSG6.INI,changed,203952,31038,Msg,我有兩個結拜弟兄，二弟思乾是位文人書生，三弟伯雅同你一樣是位武人。伯雅有頭藍色長髮，相貌清秀。若有機會路過，幫我跟他問聲好呀！,
STGMSG6.INI,changed,203952,31038,Name,31038,
STGMSG6.INI,changed,203719,31030,Name,31031,31030
STGMSG6.INI,changed,203722,31030,Name,31031,31030
STGMSG6.INI,changed,203286,31008,Name,31009,31008
STGMSG6.INI,changed,203121,31004,Name,31005,31004
STGMSG6.INI,changed,203833,30900,Name,30901,30900
STGMSG6.INI,changed,203095,31004,Name,31005,31004
STGMSG6.INI,changed,203322,31010,Name,31011,31010
STGMSG6.INI,changed,203698,31029,Name,31030,31029
STGMSG6.INI,changed,203280,31008,Name,31009,31008
STGMSG6.INI,changed,203366,31012,Name,31013,31012
STGMSG6.INI,changed,203183,31006,Name,31007,31006
STGMSG6.INI,changed,203895,31035,Name,31036,31035
STGMSG6.INI,changed,203400,31014,Name,31015,31014
STGMSG6.INI,changed,203917,31038,Face,2589,
STGMSG6.INI,changed,203917,31038,Jump,203918,
STGMSG6.INI,changed,203917,31038,Msg,啊！這位朋友，你可知道醫館要怎麼走嗎？,
STGMSG6.INI,changed,203917,31038,Name,31038,
STGMSG6.INI,changed,203313,31010,Name,31011,31010
STGMSG6.INI,changed,203816,31027,Name,31028,31027
STGMSG6.INI,changed,203541,31022,Name,31023,31022
STGMSG6.INI,changed,203822,31032,Name,31033,31032
STGMSG6.INI,changed,203610,31027,Name,31028,31027
STGMSG6.INI,changed,203312,31009,Name,31010,31009
STGMSG6.INI,changed,203679,31028,Name,31029,31028
STGMSG6.INI,changed,203750,31031,Name,31032,31031
STGMSG6.INI,changed,203496,31019,Name,31020,31019
STGMSG6.INI,changed,203405,31014,Name,31015,31014
STGMSG6.INI,changed,203513,31021,Name,31022,31021
STGMSG6.INI,changed,203626,31027,Name,31028,31027
STGMSG6.INI,changed,203810,31027,Name,31028,31027
STGMSG6.INI,changed,203394,31014,Name,31015,31014
STGMSG6.INI,changed,203694,31029,Name,31030,31029
STGMSG6.INI,changed,203706,31029,Name,31030,31029
STGMSG6.INI,changed,203462,31018,Name,31019,31018
STGMSG6.INI,changed,203928,,Msg,一壺茶而已，君皓兄客氣了！,
STGMSG6.INI,changed,203928,,Trigger1,"1,31,True,3,30933,1,0,1,12,1,3",
STGMSG6.INI,changed,203928,,Trigger2,"0,6,33,3,21240,4,2,33,3,21241,0,2,35,2,21241,1380,36,2,21241,-1,13,2,21240,3,37,3,30933,1,0",
STGMSG6.INI,changed,203928,,Trigger3,"1,85,True,0,2,27,2,0,750,103,1,500",
STGMSG6.INI,changed,203928,,Trigger4,"1,85,False,0,2,27,2,0,300,103,1,200",
STGMSG6.INI,changed,203826,30900,Name,30901,30900
STGMSG6.INI,changed,203315,31010,Name,31011,31010
STGMSG6.INI,changed,203407,31014,Name,31015,31014
STGMSG6.INI,changed,203786,31032,Name,31033,31032
STGMSG6.INI,changed,203483,31020,Name,31021,31020
STGMSG6.INI,changed,203538,31022,Name,31023,31022
STGMSG6.INI,changed,203596,31027,Name,31028,31027
STGMSG6.INI,changed,203468,30877,Name,30878,30877
STGMSG6.INI,changed,203419,31015,Name,31016,31015
STGMSG6.INI,changed,203714,31030,Name,31031,31030
STGMSG6.INI,changed,203686,31029,Name,31030,31029
STGMSG6.INI,changed,203098,31004,Name,31005,31004
STGMSG6.INI,changed,203708,31029,Name,31030,31029
STGMSG6.INI,changed,203112,31005,Name,31006,31005
STGMSG6.INI,changed,203620,31027,Name,31028,31027
STGMSG6.INI,changed,203665,31028,Name,31029,31028
STGMSG6.INI,changed,203658,31028,Name,31029,31028
STGMSG6.INI,changed,203185,31006,Name,31007,31006
STGMSG6.INI,changed,203803,31027,Name,31028,31027
STGMSG6.INI,changed,203242,31007,Name,31008,31007
STGMSG6.INI,changed,203472,31019,Name,31020,31019
STGMSG6.INI,changed,203931,31038,Face,2589,
STGMSG6.INI,changed,203931,31038,Jump,203914,
STGMSG6.INI,changed,203931,31038,Msg,是你！正想說或許還會再遇到你，那日帶回茶水分送後，廣受好評，佐以外用藥膏或內服藥丸，效果更佳！所以今日我也來這裡採買膏藥了。,
STGMSG6.INI,changed,203931,31038,Name,31038,
STGMSG6.INI,changed,203640,31027,Name,31028,31027
STGMSG6.INI,changed,203883,31034,Name,31035,31034
STGMSG6.INI,changed,203517,31021,Name,31022,31021
STGMSG6.INI,changed,203793,31032,Name,31033,31032
STGMSG6.INI,changed,203360,31012,Name,31013,31012
STGMSG6.INI,changed,203593,31027,Name,31028,31027
STGMSG6.INI,changed,203275,31008,Name,31009,31008
STGMSG6.INI,changed,203359,31011,Name,31012,31011
STGMSG6.INI,changed,203713,31030,Name,31031,31030
STGMSG6.INI,changed,203733,31030,Name,31031,31030
STGMSG6.INI,changed,203754,31031,Name,31032,31031
STGMSG6.INI,changed,203634,31027,Name,31028,31027
STGMSG6.INI,changed,203671,31028,Name,31029,31028
STGMSG6.INI,changed,203799,31032,Name,31033,31032
STGMSG6.INI,changed,203900,31036,Face,,2649
STGMSG6.INI,changed,203900,31036,Msg,趙雲將軍？實不相瞞，我與趙將軍曾有一面之緣，他又遇上苦戰了嗎？,逃跑時突然踩空一步，莫名來到這裡。正好清靜，我就順便逛一逛！
STGMSG6.INI,changed,203900,31036,Name,,31036
STGMSG6.INI,changed,203552,31024,Name,31025,31024
STGMSG6.INI,changed,203536,31022,Name,31023,31022
STGMSG6.INI,changed,203583,31026,Name,31027,31026
STGMSG6.INI,changed,203111,31005,Name,31006,31005
STGMSG6.INI,changed,203361,31012,Name,31013,31012
STGMSG6.INI,changed,203440,31007,Name,31008,31007
STGMSG6.INI,changed,203741,31031,Name,31032,31031
STGMSG6.INI,changed,203194,31006,Name,31007,31006
STGMSG6.INI,changed,203911,31037,Face,,2647
STGMSG6.INI,changed,203911,31037,Msg,簽到判斷,回去再練幾年，免得危及時刻我還要分心照顧你。
STGMSG6.INI,changed,203911,31037,Name,,31037
STGMSG6.INI,changed,203911,31037,Trigger1,"1,28,False,2,21240,15,1,12,1,203949",
STGMSG6.INI,changed,203911,31037,Trigger2,"2,27,False,2,21241,0,29,True,1,21241,1,12,1,203947",
STGMSG6.INI,changed,203911,31037,Trigger3,"5,27,False,2,21240,12,29,True,1,21240,30,True,1,21240,28,True,2,21240,12,31,False,3,30933,1,0,1,12,1,203931",
STGMSG6.INI,changed,203911,31037,Trigger4,"5,27,False,2,21240,11,29,True,1,21240,30,True,1,21240,28,True,2,21240,11,31,False,3,30933,1,0,1,12,1,203926",
STGMSG6.INI,changed,203911,31037,Trigger5,"5,27,False,2,21240,10,29,True,1,21240,30,True,1,21240,28,True,2,21240,10,31,False,3,30933,1,0,1,12,1,203941",
STGMSG6.INI,changed,203911,31037,Trigger6,"5,27,False,2,21240,9,29,True,1,21240,30,True,1,21240,28,True,2,21240,9,31,False,3,30933,1,0,1,12,1,203936",
STGMSG6.INI,changed,203911,31037,Trigger7,"5,27,False,2,21240,8,29,True,1,21240,30,True,1,21240,28,True,2,21240,8,31,False,3,30933,1,0,1,12,1,203931",
STGMSG6.INI,changed,203911,31037,Trigger8,"0,1,12,1,203912",
STGMSG6.INI,changed,203938,,Msg,您才是為了照顧受傷的百姓多辛苦了，我只是來送一壺茶而已。,
STGMSG6.INI,changed,203938,,Trigger1,"1,31,True,3,30933,1,0,1,12,1,3",
STGMSG6.INI,changed,203938,,Trigger2,"0,6,33,3,21240,2,2,33,3,21241,0,2,35,2,21241,1380,36,2,21241,-1,13,2,21240,1,37,3,30933,1,0",
STGMSG6.INI,changed,203938,,Trigger3,"1,85,True,0,2,27,2,0,750,103,1,500",
STGMSG6.INI,changed,203938,,Trigger4,"1,85,False,0,2,27,2,0,300,103,1,200",
STGMSG6.INI,changed,203627,31027,Name,31028,31027
STGMSG6.INI,changed,203395,31014,Name,31015,31014
STGMSG6.INI,changed,203859,31032,Name,31033,31032
STGMSG6.INI,changed,203725,31030,Name,31031,31030
STGMSG6.INI,changed,203351,31011,Name,31012,31011
STGMSG6.INI,changed,203811,31027,Name,31028,31027
STGMSG6.INI,changed,203660,31028,Name,31029,31028
STGMSG6.INI,changed,203516,31021,Name,31022,31021
STGMSG6.INI,changed,203432,31016,Name,31017,31016
STGMSG6.INI,changed,203221,31006,Name,31007,31006
STGMSG6.INI,changed,203828,30900,Name,30901,30900
STGMSG6.INI,changed,203251,31007,Name,31008,31007
STGMSG6.INI,changed,203328,31010,Name,31011,31010
STGMSG6.INI,changed,203522,31022,Name,31023,31022
STGMSG6.INI,changed,203843,31033,Name,31034,31033
STGMSG6.INI,changed,203339,31011,Name,31012,31011
STGMSG6.INI,changed,203616,31027,Name,31028,31027
STGMSG6.INI,changed,203623,31027,Name,31028,31027
STGMSG6.INI,changed,203426,31016,Name,31017,31016
STGMSG6.INI,changed,203914,31036,Face,,2649
STGMSG6.INI,changed,203914,31036,Jump,,203915
STGMSG6.INI,changed,203914,31036,Msg,檢查1~14日,噓，小聲些，要是那一位聽見點動靜，我可又得換地方躲了。
STGMSG6.INI,changed,203914,31036,Name,,31036
STGMSG6.INI,changed,203914,31036,Trigger1,"1,31,True,3,30933,1,0,1,12,1,3",
STGMSG6.INI,changed,203914,31036,Trigger2,"3,27,False,2,21240,12,28,True,2,21240,12,31,False,3,30933,1,0,1,12,1,203935",
STGMSG6.INI,changed,203914,31036,Trigger3,"3,27,False,2,21240,11,28,True,2,21240,11,31,False,3,30933,1,0,1,12,1,203930",
STGMSG6.INI,changed,203914,31036,Trigger4,"3,27,False,2,21240,10,28,True,2,21240,10,31,False,3,30933,1,0,1,12,1,203945",
STGMSG6.INI,changed,203914,31036,Trigger5,"3,27,False,2,21240,9,28,True,2,21240,9,31,False,3,30933,1,0,1,12,1,203940",
STGMSG6.INI,changed,203914,31036,Trigger6,"3,27,False,2,21240,8,28,True,2,21240,8,31,False,3,30933,1,0,1,12,1,203934",
STGMSG6.INI,changed,203914,31036,Trigger7,"3,27,False,2,21240,7,28,True,2,21240,7,31,False,3,30933,1,0,1,12,1,203929",
STGMSG6.INI,changed,203914,31036,Trigger8,"0,1,12,1,203915",
STGMSG6.INI,changed,203785,31032,Name,31033,31032
STGMSG6.INI,changed,203649,31028,Name,31029,31028
STGMSG6.INI,changed,203337,31011,Name,31012,31011
STGMSG6.INI,changed,203951,,Jump,203952,
STGMSG6.INI,changed,203951,,Msg,君皓兄原來有其他兄弟？,
STGMSG6.INI,changed,203605,31027,Name,31028,31027
STGMSG6.INI,changed,203704,31029,Name,31030,31029
STGMSG6.INI,changed,203215,31006,Name,31007,31006
STGMSG6.INI,changed,203548,31024,Name,31025,31024
STGMSG6.INI,changed,203388,31013,Name,31014,31013
STGMSG6.INI,changed,203795,31032,Name,31033,31032
STGMSG6.INI,changed,203690,31029,Name,31030,31029
STGMSG6.INI,changed,203392,31014,Name,31015,31014
STGMSG6.INI,changed,203508,31021,Name,31022,31021
STGMSG6.INI,changed,203256,31007,Name,31008,31007
STGMSG60.INI,changed,210199,31148,Name,31149,31148
STGMSG60.INI,changed,210184,31148,Name,31149,31148
STGMSG60.INI,changed,210273,31142,Name,31143,31142
STGMSG60.INI,changed,210129,31138,Name,31139,31138
STGMSG60.INI,changed,210196,31148,Name,31149,31148
STGMSG60.INI,changed,210202,31148,Name,31149,31148
STGMSG60.INI,changed,210113,31138,Name,31139,31138
STGMSG60.INI,changed,210135,31158,Name,31159,31158
STGMSG60.INI,changed,210147,31145,Name,31146,31145
STGMSG60.INI,changed,210255,31146,Name,31147,31146
STGMSG60.INI,changed,210194,31148,Name,31149,31148
STGMSG60.INI,changed,210227,31139,Name,31140,31139
STGMSG60.INI,changed,210169,31145,Name,31146,31145
STGMSG60.INI,changed,210150,31145,Name,31146,31145
STGMSG60.INI,changed,210117,31138,Name,31139,31138
STGMSG60.INI,changed,210165,31157,Name,31158,31157
STGMSG60.INI,changed,210026,31152,Name,31153,31152
STGMSG60.INI,changed,210021,31148,Name,31149,31148
STGMSG60.INI,changed,210188,31148,Name,31149,31148
STGMSG60.INI,changed,210275,31142,Name,31143,31142
STGMSG60.INI,changed,210197,31148,Name,31149,31148
STGMSG60.INI,changed,210098,31145,Name,31146,31145
STGMSG60.INI,changed,210137,31139,Name,31140,31139
STGMSG60.INI,changed,210141,31141,Name,31142,31141
STGMSG60.INI,changed,210121,31138,Name,31139,31138
STGMSG60.INI,changed,210024,31150,Name,31151,31150
STGMSG60.INI,changed,210079,31155,Name,31156,31155
STGMSG60.INI,changed,210213,31139,Name,31140,31139
STGMSG60.INI,changed,210023,31149,Name,31150,31149
STGMSG60.INI,changed,210111,31138,Name,31139,31138
STGMSG60.INI,changed,210233,31139,Name,31140,31139
STGMSG60.INI,changed,210131,31138,Name,31139,31138
STGMSG60.INI,changed,210124,31138,Name,31139,31138
STGMSG60.INI,changed,210257,31146,Name,31147,31146
STGMSG60.INI,changed,210238,31139,Name,31140,31139
STGMSG60.INI,changed,210277,31156,Name,31157,31156
STGMSG60.INI,changed,210083,31155,Name,31156,31155
STGMSG60.INI,changed,210016,31145,Name,31146,31145
STGMSG60.INI,changed,210011,31143,Name,31144,31143
STGMSG60.INI,changed,210081,31155,Name,31156,31155
STGMSG60.INI,changed,210030,31142,Name,31143,31142
STGMSG60.INI,changed,210053,31149,Name,31150,31149
STGMSG60.INI,changed,210090,31155,Name,31156,31155
STGMSG60.INI,changed,210144,31143,Name,31144,31143
STGMSG60.INI,changed,210056,31151,Name,31152,31151
STGMSG60.INI,changed,210229,31139,Name,31140,31139
STGMSG60.INI,changed,210271,31142,Name,31143,31142
STGMSG60.INI,changed,210155,31147,Name,31148,31147
STGMSG60.INI,changed,210037,31147,Name,31148,31147
STGMSG60.INI,changed,210164,31156,Name,31157,31156
STGMSG60.INI,changed,210242,31146,Name,31147,31146
STGMSG60.INI,changed,210012,31143,Name,31144,31143
STGMSG60.INI,changed,210071,31145,Name,31146,31145
STGMSG60.INI,changed,210251,31146,Name,31147,31146
STGMSG60.INI,changed,210134,31157,Name,31158,31157
STGMSG60.INI,changed,210158,31151,Name,31152,31151
STGMSG60.INI,changed,210148,31155,Name,31156,31155
STGMSG60.INI,changed,210115,31138,Name,31139,31138
STGMSG60.INI,changed,210163,31156,Name,31157,31156
STGMSG60.INI,changed,210246,31146,Name,31147,31146
STGMSG60.INI,changed,210007,31140,Name,31141,31140
STGMSG60.INI,changed,210231,31139,Name,31140,31139
STGMSG60.INI,changed,210219,31139,Name,31140,31139
STGMSG60.INI,changed,210020,31147,Name,31148,31147
STGMSG60.INI,changed,210010,31142,Name,31143,31142
STGMSG60.INI,changed,210161,31153,Name,31154,31153
STGMSG60.INI,changed,210033,31145,Name,31146,31145
STGMSG60.INI,changed,210092,31155,Name,31156,31155
STGMSG60.INI,changed,210261,31142,Name,31143,31142
STGMSG60.INI,changed,210217,31139,Name,31140,31139
STGMSG60.INI,changed,210088,31155,Name,31156,31155
STGMSG60.INI,changed,210139,31140,Name,31141,31140
STGMSG60.INI,changed,210008,31140,Name,31141,31140
STGMSG60.INI,changed,210167,31156,Name,31157,31156
STGMSG60.INI,changed,210178,31155,Name,31156,31155
STGMSG60.INI,changed,210263,31142,Name,31143,31142
STGMSG60.INI,changed,210151,31145,Name,31146,31145
STGMSG60.INI,changed,210014,31144,Name,31145,31144
STGMSG60.INI,changed,210002,31138,Name,31139,31138
STGMSG60.INI,changed,210017,31145,Name,31146,31145
STGMSG60.INI,changed,210077,31145,Name,31146,31145
STGMSG60.INI,changed,210224,31139,Name,31140,31139
STGMSG60.INI,changed,210220,31139,Name,31140,31139
STGMSG60.INI,changed,210042,31149,Name,31150,31149
STGMSG60.INI,changed,210095,31155,Name,31156,31155
STGMSG60.INI,changed,210190,31148,Name,31149,31148
STGMSG60.INI,changed,210107,31138,Name,31139,31138
STGMSG60.INI,changed,210192,31148,Name,31149,31148
STGMSG60.INI,changed,210267,31142,Name,31143,31142
STGMSG60.INI,changed,210050,31149,Name,31150,31149
STGMSG60.INI,changed,210145,31144,Name,31145,31144
STGMSG60.INI,changed,210034,31145,Name,31146,31145
STGMSG60.INI,changed,210236,31139,Name,31140,31139
STGMSG60.INI,changed,210028,31154,Name,31155,31154
STGMSG60.INI,changed,210265,31142,Name,31143,31142
STGMSG60.INI,changed,210230,31139,Name,31140,31139
STGMSG60.INI,changed,210006,31139,Name,31140,31139
STGMSG60.INI,changed,210162,31153,Name,31154,31153
STGMSG60.INI,changed,210244,31146,Name,31147,31146
STGMSG60.INI,changed,210120,31155,Name,31156,31155
STGMSG60.INI,changed,210019,31146,Name,31147,31146
STGMSG60.INI,changed,210153,31146,Name,31147,31146
STGMSG60.INI,changed,210203,31148,Name,31149,31148
STGMSG60.INI,changed,210003,31139,Name,31140,31139
STGMSG60.INI,changed,210044,31149,Name,31150,31149
STGMSG60.INI,changed,210046,31149,Name,31150,31149
STGMSG60.INI,changed,210040,31149,Name,31150,31149
STGMSG60.INI,changed,210048,31149,Name,31150,31149
STGMSG60.INI,changed,210207,31139,Name,31140,31139
STGMSG60.INI,changed,210204,31148,Name,31149,31148
STGMSG60.INI,changed,210102,31155,Name,31156,31155
STGMSG60.INI,changed,210062,31154,Name,31155,31154
STGMSG60.INI,changed,210086,31155,Name,31156,31155
STGMSG60.INI,changed,210109,31138,Name,31139,31138
STGMSG60.INI,changed,210200,31148,Name,31149,31148
STGMSG60.INI,changed,210250,31146,Name,31147,31146
STGMSG60.INI,changed,210084,31155,Name,31156,31155
STGMSG60.INI,changed,210069,31145,Name,31146,31145
STGMSG60.INI,changed,210235,31139,Name,31140,31139
STGMSG60.INI,changed,210259,31146,Name,31147,31146
STGMSG60.INI,changed,210270,31142,Name,31143,31142
STGMSG60.INI,changed,210067,31145,Name,31146,31145
STGMSG60.INI,changed,210009,31141,Name,31142,31141
STGMSG60.INI,changed,210211,31139,Name,31140,31139
STGMSG60.INI,changed,210215,31139,Name,31140,31139
STGMSG60.INI,changed,210058,31154,Name,31155,31154
STGMSG60.INI,changed,210076,31155,Name,31156,31155
STGMSG60.INI,changed,210126,31138,Name,31139,31138
STGMSG60.INI,changed,210248,31146,Name,31147,31146
STGMSG60.INI,changed,210143,31142,Name,31143,31142
STGMSG60.INI,changed,210177,31159,Name,31160,31159
STGMSG60.INI,changed,210166,31157,Name,31158,31157
STGMSG60.INI,changed,210228,31139,Name,31140,31139
STGMSG60.INI,changed,210258,31146,Name,31147,31146
STGMSG60.INI,changed,210252,31146,Name,31147,31146
STGMSG60.INI,changed,210001,31138,Name,31139,31138
STGMSG60.INI,changed,210025,31151,Name,31152,31151
STGMSG60.INI,changed,210133,31156,Name,31157,31156
STGMSG60.INI,changed,210029,31141,Name,31142,31141
STGMSG60.INI,changed,210075,31145,Name,31146,31145
STGMSG60.INI,changed,210015,31145,Name,31146,31145
STGMSG60.INI,changed,210268,31142,Name,31143,31142
STGMSG60.INI,changed,210066,31150,Name,31151,31150
STGMSG60.INI,changed,210018,31145,Name,31146,31145
STGMSG60.INI,changed,210013,31144,Name,31145,31144
STGMSG60.INI,changed,210097,31155,Name,31156,31155
STGMSG60.INI,changed,210209,31139,Name,31140,31139
STGMSG60.INI,changed,210055,31149,Name,31150,31149
STGMSG60.INI,changed,210036,31146,Name,31147,31146
STGMSG60.INI,changed,210186,31148,Name,31149,31148
STGMSG60.INI,changed,210127,31138,Name,31139,31138
STGMSG60.INI,changed,210119,31138,Name,31139,31138
STGMSG60.INI,changed,210156,31148,Name,31149,31148
STGMSG60.INI,changed,210160,31152,Name,31153,31152
STGMSG60.INI,changed,210122,31138,Name,31139,31138
STGMSG60.INI,changed,210052,31149,Name,31150,31149
STGMSG60.INI,changed,210100,31155,Name,31156,31155
STGMSG60.INI,changed,210159,31152,Name,31153,31152
STGMSG60.INI,changed,210226,31139,Name,31140,31139
STGMSG60.INI,changed,210060,31154,Name,31155,31154
STGMSG60.INI,changed,210253,31146,Name,31147,31146
STGMSG60.INI,changed,210004,31139,Name,31140,31139
STGMSG60.INI,changed,210222,31139,Name,31140,31139
STGMSG60.INI,changed,210027,31153,Name,31154,31153
STGMSG60.INI,changed,210239,31139,Name,31140,31139
STGMSG60.INI,changed,210276,31142,Name,31143,31142
STGMSG60.INI,changed,210064,31154,Name,31155,31154
STGMSG60.INI,changed,210232,31139,Name,31140,31139
STGMSG60.INI,changed,210022,31148,Name,31149,31148
STGMSG60.INI,changed,210104,31155,Name,31156,31155
STGMSG61.INI,changed,211010,31160,Name,31161,31160
STGMSG61.INI,changed,211111,31179,Name,31180,31179
STGMSG61.INI,changed,211028,31162,Name,31163,31162
STGMSG61.INI,changed,211014,31162,Name,31163,31162
STGMSG61.INI,changed,211062,31171,Name,31172,31171
STGMSG61.INI,changed,211060,31171,Name,31172,31171
STGMSG61.INI,changed,211030,31161,Name,31162,31161
STGMSG61.INI,changed,211133,31184,Name,31185,31184
STGMSG61.INI,changed,211121,31174,Name,31175,31174
STGMSG61.INI,changed,211073,31163,Name,31164,31163
STGMSG61.INI,changed,211022,31162,Name,31163,31162
STGMSG61.INI,changed,211024,31162,Name,31163,31162
STGMSG61.INI,changed,211095,31179,Name,31180,31179
STGMSG61.INI,changed,211083,31165,Name,31166,31165
STGMSG61.INI,changed,211124,31177,Name,31178,31177
STGMSG61.INI,changed,211130,31181,Name,31182,31181
STGMSG61.INI,changed,211141,31161,Name,31162,31161
STGMSG61.INI,changed,211146,31170,Name,31171,31170
STGMSG61.INI,changed,211127,31179,Name,31180,31179
STGMSG61.INI,changed,211064,31173,Name,31174,31173
STGMSG61.INI,changed,211068,31171,Name,31172,31171
STGMSG61.INI,changed,211067,31171,Name,31172,31171
STGMSG61.INI,changed,211036,31166,Name,31167,31166
STGMSG61.INI,changed,211032,31163,Name,31164,31163
STGMSG61.INI,changed,211058,31172,Name,31173,31172
STGMSG61.INI,changed,211139,31178,Name,31179,31178
STGMSG61.INI,changed,211047,31160,Name,31161,31160
STGMSG61.INI,changed,211026,31162,Name,31163,31162
STGMSG61.INI,changed,211084,31166,Name,31167,31166
STGMSG61.INI,changed,211144,31162,Name,31163,31162
STGMSG61.INI,changed,211009,31160,Name,31161,31160
STGMSG61.INI,changed,211035,31165,Name,31166,31165
STGMSG61.INI,changed,211007,31160,Name,31161,31160
STGMSG61.INI,changed,211118,31171,Name,31172,31171
STGMSG61.INI,changed,211088,31166,Name,31167,31166
STGMSG61.INI,changed,211053,31172,Name,31173,31172
STGMSG61.INI,changed,211106,31175,Name,31176,31175
STGMSG61.INI,changed,211094,31178,Name,31179,31178
STGMSG61.INI,changed,211066,31171,Name,31172,31171
STGMSG61.INI,changed,211044,31170,Name,31171,31170
STGMSG61.INI,changed,211016,31162,Name,31163,31162
STGMSG61.INI,changed,211001,31160,Name,31161,31160
STGMSG61.INI,changed,211050,31161,Name,31162,31161
STGMSG61.INI,changed,211120,31161,Name,31162,31161
STGMSG61.INI,changed,211090,31175,Name,31176,31175
STGMSG61.INI,changed,211063,31172,Name,31173,31172
STGMSG61.INI,changed,211049,31160,Name,31161,31160
STGMSG61.INI,changed,211087,31165,Name,31166,31165
STGMSG61.INI,changed,211039,31168,Name,31169,31168
STGMSG61.INI,changed,211019,31162,Name,31163,31162
STGMSG61.INI,changed,211131,31182,Name,31183,31182
STGMSG61.INI,changed,211123,31176,Name,31177,31176
STGMSG61.INI,changed,211046,31160,Name,31161,31160
STGMSG61.INI,changed,211051,31171,Name,31172,31171
STGMSG61.INI,changed,211043,31170,Name,31171,31170
STGMSG61.INI,changed,211098,31181,Name,31182,31181
STGMSG61.INI,changed,211134,31171,Name,31172,31171
STGMSG61.INI,changed,211114,31181,Name,31182,31181
STGMSG61.INI,changed,211092,31177,Name,31178,31177
STGMSG61.INI,changed,211128,31180,Name,31181,31180
STGMSG61.INI,changed,211109,31178,Name,31179,31178
STGMSG61.INI,changed,211048,31160,Name,31161,31160
STGMSG61.INI,changed,211136,31161,Name,31162,31161
STGMSG61.INI,changed,211102,31171,Name,31172,31171
STGMSG61.INI,changed,211122,31175,Name,31176,31175
STGMSG61.INI,changed,211085,31164,Name,31165,31164
STGMSG61.INI,changed,211011,31161,Name,31162,31161
STGMSG61.INI,changed,211005,31160,Name,31161,31160
STGMSG61.INI,changed,211025,31162,Name,31163,31162
STGMSG61.INI,changed,211003,31160,Name,31161,31160
STGMSG61.INI,changed,211072,31171,Name,31172,31171
STGMSG61.INI,changed,211037,31167,Name,31168,31167
STGMSG61.INI,changed,211096,31180,Name,31181,31180
STGMSG61.INI,changed,211091,31176,Name,31177,31176
STGMSG61.INI,changed,211100,31183,Name,31184,31183
STGMSG61.INI,changed,211055,31171,Name,31172,31171
STGMSG61.INI,changed,211056,31171,Name,31172,31171
STGMSG61.INI,changed,211081,31164,Name,31165,31164
STGMSG61.INI,changed,211059,31173,Name,31174,31173
STGMSG61.INI,changed,211138,31178,Name,31179,31178
STGMSG61.INI,changed,211142,31162,Name,31163,31162
STGMSG61.INI,changed,211104,31161,Name,31162,31161
STGMSG61.INI,changed,211129,31178,Name,31179,31178
STGMSG61.INI,changed,211038,31168,Name,31169,31168
STGMSG61.INI,changed,211132,31183,Name,31184,31183
STGMSG61.INI,changed,211052,31171,Name,31172,31171
STGMSG61.INI,changed,211126,31178,Name,31179,31178
STGMSG61.INI,changed,211135,31171,Name,31172,31171
STGMSG61.INI,changed,211107,31176,Name,31177,31176
STGMSG61.INI,changed,211137,31178,Name,31179,31178
STGMSG61.INI,changed,211018,31162,Name,31163,31162
STGMSG61.INI,changed,211057,31171,Name,31172,31171
STGMSG61.INI,changed,211070,31171,Name,31172,31171
STGMSG61.INI,changed,211113,31178,Name,31179,31178
STGMSG61.INI,changed,211105,31174,Name,31175,31174
STGMSG61.INI,changed,211045,31170,Name,31171,31170
STGMSG61.INI,changed,211065,31171,Name,31172,31171
STGMSG61.INI,changed,211099,31182,Name,31183,31182
STGMSG61.INI,changed,211101,31184,Name,31185,31184
STGMSG61.INI,changed,211117,31184,Name,31185,31184
STGMSG61.INI,changed,211033,31164,Name,31165,31164
STGMSG61.INI,changed,211074,31163,Name,31164,31163
STGMSG61.INI,changed,211061,31171,Name,31172,31171
STGMSG61.INI,changed,211012,31162,Name,31163,31162
STGMSG61.INI,changed,211112,31180,Name,31181,31180
STGMSG61.INI,changed,211110,31178,Name,31179,31178
STGMSG61.INI,changed,211020,31162,Name,31163,31162
STGMSG61.INI,changed,211093,31178,Name,31179,31178
STGMSG61.INI,changed,211040,31168,Name,31169,31168
STGMSG61.INI,changed,211108,31177,Name,31178,31177
STGMSG61.INI,changed,211125,31178,Name,31179,31178
STGMSG61.INI,changed,211041,31168,Name,31169,31168
STGMSG61.INI,changed,211115,31182,Name,31183,31182
STGMSG61.INI,changed,211103,31171,Name,31172,31171
STGMSG61.INI,changed,211002,31160,Name,31161,31160
STGMSG61.INI,changed,211042,31169,Name,31170,31169
STGMSG61.INI,changed,211089,31174,Name,31175,31174
STGMSG61.INI,changed,211150,31170,Name,31171,31170
STGMSG61.INI,changed,211097,31178,Name,31179,31178
STGMSG61.INI,changed,211029,31162,Name,31163,31162
STGMSG61.INI,changed,211119,31171,Name,31172,31171
STGMSG61.INI,changed,211116,31183,Name,31184,31183
STGMSG61.INI,changed,211054,31173,Name,31174,31173
STGMSG67.INI,changed,209029,31137,Name,31138,31137
STGMSG7.INI,changed,200330,30882,Name,30883,30882
STGMSG7.INI,changed,200066,30873,Name,30874,30873
STGMSG7.INI,changed,200819,30938,Name,30939,30938
STGMSG7.INI,changed,200833,30938,Name,30939,30938
STGMSG7.INI,changed,200498,30889,Name,30890,30889
STGMSG7.INI,changed,200131,30873,Name,30874,30873
STGMSG7.INI,changed,200866,30887,Name,30888,30887
STGMSG7.INI,changed,200126,30878,Name,30879,30878
STGMSG7.INI,changed,200404,30887,Name,30888,30887
STGMSG7.INI,changed,200617,30908,Name,30909,30908
STGMSG7.INI,changed,200719,30926,Name,30927,30926
STGMSG7.INI,changed,200995,30960,Name,30961,30960
STGMSG7.INI,changed,200112,30878,Name,30879,30878
STGMSG7.INI,changed,200365,30884,Name,30885,30884
STGMSG7.INI,changed,200841,30938,Name,30939,30938
STGMSG7.INI,changed,200993,30958,Name,30959,30958
STGMSG7.INI,changed,200454,30887,Name,30888,30887
STGMSG7.INI,changed,200534,30887,Name,30888,30887
STGMSG7.INI,changed,200803,30939,Name,30940,30939
STGMSG7.INI,changed,200615,30908,Name,30909,30908
STGMSG7.INI,changed,200759,30934,Name,30935,30934
STGMSG7.INI,changed,200085,30876,Name,30877,30876
STGMSG7.INI,changed,200424,30887,Name,30888,30887
STGMSG7.INI,changed,200685,30913,Name,30914,30913
STGMSG7.INI,changed,200718,30925,Name,30926,30925
STGMSG7.INI,changed,200970,30889,Name,30890,30889
STGMSG7.INI,changed,200441,30887,Name,30888,30887
STGMSG7.INI,changed,200979,30947,Name,30948,30947
STGMSG7.INI,changed,200253,30886,Name,30887,30886
STGMSG7.INI,changed,200861,30887,Name,30888,30887
STGMSG7.INI,changed,200399,30887,Name,30888,30887
STGMSG7.INI,changed,200657,30909,Name,30910,30909
STGMSG7.INI,changed,200175,30883,Name,30884,30883
STGMSG7.INI,changed,200978,30947,Name,30948,30947
STGMSG7.INI,changed,200456,30887,Name,30888,30887
STGMSG7.INI,changed,200711,30918,Name,30919,30918
STGMSG7.INI,changed,200878,30887,Name,30888,30887
STGMSG7.INI,changed,200879,30887,Name,30888,30887
STGMSG7.INI,changed,200516,30887,Name,30888,30887
STGMSG7.INI,changed,200991,30956,Name,30957,30956
STGMSG7.INI,changed,200625,30908,Name,30909,30908
STGMSG7.INI,changed,200139,30879,Name,30880,30879
STGMSG7.INI,changed,200610,30908,Name,30909,30908
STGMSG7.INI,changed,200248,30886,Name,30887,30886
STGMSG7.INI,changed,200696,30906,Name,30907,30906
STGMSG7.INI,changed,200727,30933,Name,30934,30933
STGMSG7.INI,changed,200445,30887,Name,30888,30887
STGMSG7.INI,changed,200589,30907,Name,30908,30907
STGMSG7.INI,changed,200087,30876,Name,30877,30876
STGMSG7.INI,changed,200798,30938,Name,30939,30938
STGMSG7.INI,changed,200834,30938,Name,30939,30938
STGMSG7.INI,changed,200553,30887,Name,30888,30887
STGMSG7.INI,changed,200150,30879,Name,30880,30879
STGMSG7.INI,changed,200451,30887,Name,30888,30887
STGMSG7.INI,changed,200659,30909,Name,30910,30909
STGMSG7.INI,changed,200626,30908,Name,30909,30908
STGMSG7.INI,changed,200322,30880,Name,30881,30880
STGMSG7.INI,changed,200984,30952,Name,30953,30952
STGMSG7.INI,changed,200811,30938,Name,30939,30938
STGMSG7.INI,changed,200804,30938,Name,30939,30938
STGMSG7.INI,changed,200735,30933,Name,30934,30933
STGMSG7.INI,changed,200857,30887,Name,30888,30887
STGMSG7.INI,changed,200906,30942,Name,30943,30942
STGMSG7.INI,changed,200194,30885,Name,30886,30885
STGMSG7.INI,changed,200721,30928,Name,30929,30928
STGMSG7.INI,changed,200386,30883,Name,30884,30883
STGMSG7.INI,changed,200855,30887,Name,30888,30887
STGMSG7.INI,changed,200320,30885,Name,30886,30885
STGMSG7.INI,changed,200896,30885,Name,30886,30885
STGMSG7.INI,changed,200394,30887,Name,30888,30887
STGMSG7.INI,changed,200658,30909,Name,30910,30909
STGMSG7.INI,changed,200668,30910,Name,30911,30910
STGMSG7.INI,changed,200434,30887,Name,30888,30887
STGMSG7.INI,changed,200578,30896,Name,30897,30896
STGMSG7.INI,changed,200982,30950,Name,30951,30950
STGMSG7.INI,changed,200453,30887,Name,30888,30887
STGMSG7.INI,changed,200848,30940,Name,30941,30940
STGMSG7.INI,changed,200390,30883,Name,30884,30883
STGMSG7.INI,changed,200667,30910,Name,30911,30910
STGMSG7.INI,changed,200130,30873,Name,30874,30873
STGMSG7.INI,changed,200513,30887,Name,30888,30887
STGMSG7.INI,changed,200097,30874,Name,30875,30874
STGMSG7.INI,changed,200787,30937,Name,30938,30937
STGMSG7.INI,changed,200529,30887,Name,30888,30887
STGMSG7.INI,changed,200186,30884,Name,30885,30884
STGMSG7.INI,changed,200070,30873,Name,30874,30873
STGMSG7.INI,changed,200197,30885,Name,30886,30885
STGMSG7.INI,changed,200689,30900,Name,30901,30900
STGMSG7.INI,changed,200770,30890,Name,30891,30890
STGMSG7.INI,changed,200771,30890,Name,30891,30890
STGMSG7.INI,changed,200064,30873,Name,30874,30873
STGMSG7.INI,changed,200574,30892,Name,30893,30892
STGMSG7.INI,changed,200268,30886,Name,30887,30886
STGMSG7.INI,changed,200814,30938,Name,30939,30938
STGMSG7.INI,changed,200118,30878,Name,30879,30878
STGMSG7.INI,changed,200261,30886,Name,30887,30886
STGMSG7.INI,changed,200671,30910,Name,30911,30910
STGMSG7.INI,changed,200869,30887,Name,30888,30887
STGMSG7.INI,changed,200695,30900,Name,30901,30900
STGMSG7.INI,changed,200581,30899,Name,30900,30899
STGMSG7.INI,changed,200752,30934,Name,30935,30934
STGMSG7.INI,changed,200639,30908,Name,30909,30908
STGMSG7.INI,changed,200198,30885,Name,30886,30885
STGMSG7.INI,changed,200619,30908,Name,30909,30908
STGMSG7.INI,changed,200251,30886,Name,30887,30886
STGMSG7.INI,changed,200459,30887,Name,30888,30887
STGMSG7.INI,changed,200334,30882,Name,30883,30882
STGMSG7.INI,changed,200195,30885,Name,30886,30885
STGMSG7.INI,changed,200856,30887,Name,30888,30887
STGMSG7.INI,changed,200419,30888,Name,30889,30888
STGMSG7.INI,changed,200333,30882,Name,30883,30882
STGMSG7.INI,changed,200867,30887,Name,30888,30887
STGMSG7.INI,changed,200521,30887,Name,30888,30887
STGMSG7.INI,changed,200401,30887,Name,30888,30887
STGMSG7.INI,changed,200135,30879,Name,30880,30879
STGMSG7.INI,changed,200660,30909,Name,30910,30909
STGMSG7.INI,changed,200823,30938,Name,30939,30938
STGMSG7.INI,changed,200409,30887,Name,30888,30887
STGMSG7.INI,changed,200410,30887,Name,30888,30887
STGMSG7.INI,changed,200712,30919,Name,30920,30919
STGMSG7.INI,changed,200460,30887,Name,30888,30887
STGMSG7.INI,changed,200500,30889,Name,30890,30889
STGMSG7.INI,changed,200900,30885,Name,30886,30885
STGMSG7.INI,changed,200133,30879,Name,30880,30879
STGMSG7.INI,changed,200758,30934,Name,30935,30934
STGMSG7.INI,changed,200170,30882,Name,30883,30882
STGMSG7.INI,changed,200609,30908,Name,30909,30908
STGMSG7.INI,changed,200377,30883,Name,30884,30883
STGMSG7.INI,changed,200827,30938,Name,30939,30938
STGMSG7.INI,changed,200405,30887,Name,30888,30887
STGMSG7.INI,changed,200761,30934,Name,30935,30934
STGMSG7.INI,changed,200159,30881,Name,30882,30881
STGMSG7.INI,changed,200418,30888,Name,30889,30888
STGMSG7.INI,changed,200338,30882,Name,30883,30882
STGMSG7.INI,changed,200697,30906,Name,30907,30906
STGMSG7.INI,changed,200602,30908,Name,30909,30908
STGMSG7.INI,changed,200318,30885,Name,30886,30885
STGMSG7.INI,changed,200296,30880,Name,30881,30880
STGMSG7.INI,changed,200446,30887,Name,30888,30887
STGMSG7.INI,changed,200558,30887,Name,30888,30887
STGMSG7.INI,changed,200907,30943,Name,30944,30943
STGMSG7.INI,changed,200293,30881,Name,30882,30881
STGMSG7.INI,changed,200969,30889,Name,30890,30889
STGMSG7.INI,changed,200974,30945,Name,30946,30945
STGMSG7.INI,changed,200274,30886,Name,30887,30886
STGMSG7.INI,changed,200396,30887,Name,30888,30887
STGMSG7.INI,changed,200060,30873,Name,30874,30873
STGMSG7.INI,changed,200688,30915,Name,30916,30915
STGMSG7.INI,changed,200355,30884,Name,30885,30884
STGMSG7.INI,changed,200826,30938,Name,30939,30938
STGMSG7.INI,changed,200317,30885,Name,30886,30885
STGMSG7.INI,changed,200705,30916,Name,30917,30916
STGMSG7.INI,changed,200880,30887,Name,30888,30887
STGMSG7.INI,changed,200127,30878,Name,30879,30878
STGMSG7.INI,changed,200324,30880,Name,30881,30880
STGMSG7.INI,changed,200514,30887,Name,30888,30887
STGMSG7.INI,changed,200608,30908,Name,30909,30908
STGMSG7.INI,changed,200858,30887,Name,30888,30887
STGMSG7.INI,changed,200824,30938,Name,30939,30938
STGMSG7.INI,changed,200774,30890,Name,30891,30890
STGMSG7.INI,changed,200106,30877,Name,30878,30877
STGMSG7.INI,changed,200145,30880,Name,30881,30880
STGMSG7.INI,changed,200873,30887,Name,30888,30887
STGMSG7.INI,changed,200123,30878,Name,30879,30878
STGMSG7.INI,changed,200985,30953,Name,30954,30953
STGMSG7.INI,changed,200074,30873,Name,30874,30873
STGMSG7.INI,changed,200164,30882,Name,30883,30882
STGMSG7.INI,changed,200447,30887,Name,30888,30887
STGMSG7.INI,changed,200777,30890,Name,30891,30890
STGMSG7.INI,changed,200511,30887,Name,30888,30887
STGMSG7.INI,changed,200071,30873,Name,30874,30873
STGMSG7.INI,changed,200587,30905,Name,30906,30905
STGMSG7.INI,changed,200240,30881,Name,30882,30881
STGMSG7.INI,changed,200442,30887,Name,30888,30887
STGMSG7.INI,changed,200731,30933,Name,30934,30933
STGMSG7.INI,changed,200851,30941,Name,30942,30941
STGMSG7.INI,changed,200593,30908,Name,30909,30908
STGMSG7.INI,changed,200532,30887,Name,30888,30887
STGMSG7.INI,changed,200863,30887,Name,30888,30887
STGMSG7.INI,changed,200661,30909,Name,30910,30909
STGMSG7.INI,changed,200751,30934,Name,30935,30934
STGMSG7.INI,changed,200357,30884,Name,30885,30884
STGMSG7.INI,changed,200822,30938,Name,30939,30938
STGMSG7.INI,changed,200361,30884,Name,30885,30884
STGMSG7.INI,changed,200528,30887,Name,30888,30887
STGMSG7.INI,changed,200801,30938,Name,30939,30938
STGMSG7.INI,changed,200767,30935,Name,30936,30935
STGMSG7.INI,changed,200439,30887,Name,30888,30887
STGMSG7.INI,changed,200772,30890,Name,30891,30890
STGMSG7.INI,changed,200448,30887,Name,30888,30887
STGMSG7.INI,changed,200717,30924,Name,30925,30924
STGMSG7.INI,changed,200059,30873,Name,30874,30873
STGMSG7.INI,changed,200820,30938,Name,30939,30938
STGMSG7.INI,changed,200850,30941,Name,30942,30941
STGMSG7.INI,changed,200444,30887,Name,30888,30887
STGMSG7.INI,changed,200559,30887,Name,30888,30887
STGMSG7.INI,changed,200830,30938,Name,30939,30938
STGMSG7.INI,changed,200178,30883,Name,30884,30883
STGMSG7.INI,changed,200821,30938,Name,30939,30938
STGMSG7.INI,changed,200588,30906,Name,30907,30906
STGMSG7.INI,changed,200303,30880,Name,30881,30880
STGMSG7.INI,changed,200081,30875,Name,30876,30875
STGMSG7.INI,changed,200708,30906,Name,30907,30906
STGMSG7.INI,changed,200286,30886,Name,30887,30886
STGMSG7.INI,changed,200604,30908,Name,30909,30908
STGMSG7.INI,changed,200781,30937,Name,30938,30937
STGMSG7.INI,changed,200408,30887,Name,30888,30887
STGMSG7.INI,changed,200413,30888,Name,30889,30888
STGMSG7.INI,changed,200412,30888,Name,30889,30888
STGMSG7.INI,changed,200989,30955,Name,30956,30955
STGMSG7.INI,changed,200562,30875,Name,30876,30875
STGMSG7.INI,changed,200264,30886,Name,30887,30886
STGMSG7.INI,changed,200973,30944,Name,30945,30944
STGMSG7.INI,changed,200703,30916,Name,30917,30916
STGMSG7.INI,changed,200076,30875,Name,30876,30875
STGMSG7.INI,changed,200450,30887,Name,30888,30887
STGMSG7.INI,changed,200501,30889,Name,30890,30889
STGMSG7.INI,changed,200255,30886,Name,30887,30886
STGMSG7.INI,changed,200785,30937,Name,30938,30937
STGMSG7.INI,changed,200829,30938,Name,30939,30938
STGMSG7.INI,changed,200700,30916,Name,30917,30916
STGMSG7.INI,changed,200692,30900,Name,30901,30900
STGMSG7.INI,changed,200676,30890,Name,30891,30890
STGMSG7.INI,changed,200156,30881,Name,30882,30881
STGMSG7.INI,changed,200455,30887,Name,30888,30887
STGMSG7.INI,changed,200246,30881,Name,30882,30881
STGMSG7.INI,changed,200192,30884,Name,30885,30884
STGMSG7.INI,changed,200295,30880,Name,30881,30880
STGMSG7.INI,changed,200560,30875,Name,30876,30875
STGMSG7.INI,changed,200870,30887,Name,30888,30887
STGMSG7.INI,changed,200802,30938,Name,30939,30938
STGMSG7.INI,changed,200116,30878,Name,30879,30878
STGMSG7.INI,changed,200306,30885,Name,30886,30885
STGMSG7.INI,changed,200662,30910,Name,30911,30910
STGMSG7.INI,changed,200901,30885,Name,30886,30885
STGMSG7.INI,changed,200556,30890,Name,30891,30890
STGMSG7.INI,changed,200899,30885,Name,30886,30885
STGMSG7.INI,changed,200397,30887,Name,30888,30887
STGMSG7.INI,changed,200825,30938,Name,30939,30938
STGMSG7.INI,changed,200504,30889,Name,30890,30889
STGMSG7.INI,changed,200836,30938,Name,30939,30938
STGMSG7.INI,changed,200414,30888,Name,30889,30888
STGMSG7.INI,changed,200062,30873,Name,30874,30873
STGMSG7.INI,changed,200348,30884,Name,30885,30884
STGMSG7.INI,changed,200701,30916,Name,30917,30916
STGMSG7.INI,changed,200362,30884,Name,30885,30884
STGMSG7.INI,changed,200427,30887,Name,30888,30887
STGMSG7.INI,changed,200537,30887,Name,30888,30887
STGMSG7.INI,changed,200299,30880,Name,30881,30880
STGMSG7.INI,changed,200670,30910,Name,30911,30910
STGMSG7.INI,changed,200868,30887,Name,30888,30887
STGMSG7.INI,changed,200431,30887,Name,30888,30887
STGMSG7.INI,changed,200425,30887,Name,30888,30887
STGMSG7.INI,changed,200591,30908,Name,30909,30908
STGMSG7.INI,changed,200663,30910,Name,30911,30910
STGMSG7.INI,changed,200416,30888,Name,30889,30888
STGMSG7.INI,changed,200346,30884,Name,30885,30884
STGMSG7.INI,changed,200189,30884,Name,30885,30884
STGMSG7.INI,changed,200531,30887,Name,30888,30887
STGMSG7.INI,changed,200519,30887,Name,30888,30887
STGMSG7.INI,changed,200832,30938,Name,30939,30938
STGMSG7.INI,changed,200780,30937,Name,30938,30937
STGMSG7.INI,changed,200371,30883,Name,30884,30883
STGMSG7.INI,changed,200429,30887,Name,30888,30887
STGMSG7.INI,changed,200968,30889,Name,30890,30889
STGMSG7.INI,changed,200764,30934,Name,30935,30934
STGMSG7.INI,changed,200072,30873,Name,30874,30873
STGMSG7.INI,changed,200503,30889,Name,30890,30889
STGMSG7.INI,changed,200716,30923,Name,30924,30923
STGMSG7.INI,changed,200838,30938,Name,30939,30938
STGMSG7.INI,changed,200406,30887,Name,30888,30887
STGMSG7.INI,changed,200573,30892,Name,30893,30892
STGMSG7.INI,changed,200259,30886,Name,30887,30886
STGMSG7.INI,changed,200128,30878,Name,30879,30878
STGMSG7.INI,changed,200291,30881,Name,30882,30881
STGMSG7.INI,changed,200994,30959,Name,30960,30959
STGMSG7.INI,changed,200105,30874,Name,30875,30874
STGMSG7.INI,changed,200698,30906,Name,30907,30906
STGMSG7.INI,changed,200871,30887,Name,30888,30887
STGMSG7.INI,changed,200262,30881,Name,30882,30881
STGMSG7.INI,changed,200524,30887,Name,30888,30887
STGMSG7.INI,changed,200693,30900,Name,30901,30900
STGMSG7.INI,changed,200815,30938,Name,30939,30938
STGMSG7.INI,changed,200437,30887,Name,30888,30887
STGMSG7.INI,changed,200922,30885,Name,30886,30885
STGMSG7.INI,changed,200104,30874,Name,30875,30874
STGMSG7.INI,changed,200637,30908,Name,30909,30908
STGMSG7.INI,changed,200831,30938,Name,30939,30938
STGMSG7.INI,changed,200684,30913,Name,30914,30913
STGMSG7.INI,changed,200319,30885,Name,30886,30885
STGMSG7.INI,changed,200364,30884,Name,30885,30884
STGMSG7.INI,changed,200492,30889,Name,30890,30889
STGMSG7.INI,changed,200818,30938,Name,30939,30938
STGMSG7.INI,changed,200875,30887,Name,30888,30887
STGMSG7.INI,changed,200344,30884,Name,30885,30884
STGMSG7.INI,changed,200590,30877,Name,30878,30877
STGMSG7.INI,changed,200298,30880,Name,30881,30880
STGMSG7.INI,changed,200535,30887,Name,30888,30887
STGMSG7.INI,changed,200980,30948,Name,30949,30948
STGMSG7.INI,changed,200167,30882,Name,30883,30882
STGMSG7.INI,changed,200098,30874,Name,30875,30874
STGMSG7.INI,changed,200389,30883,Name,30884,30883
STGMSG7.INI,changed,200523,30887,Name,30888,30887
STGMSG7.INI,changed,200632,30908,Name,30909,30908
STGMSG7.INI,changed,200533,30887,Name,30888,30887
STGMSG7.INI,changed,200635,30908,Name,30909,30908
STGMSG7.INI,changed,200965,30889,Name,30890,30889
STGMSG7.INI,changed,200137,30879,Name,30880,30879
STGMSG7.INI,changed,200874,30887,Name,30888,30887
STGMSG7.INI,changed,200352,30884,Name,30885,30884
STGMSG7.INI,changed,200877,30887,Name,30888,30887
STGMSG7.INI,changed,200840,30938,Name,30939,30938
STGMSG7.INI,changed,200976,30946,Name,30947,30946
STGMSG7.INI,changed,200288,30886,Name,30887,30886
STGMSG7.INI,changed,200136,30879,Name,30880,30879
STGMSG7.INI,changed,200730,30933,Name,30934,30933
STGMSG7.INI,changed,200449,30887,Name,30888,30887
STGMSG7.INI,changed,200628,30908,Name,30909,30908
STGMSG7.INI,changed,200138,30879,Name,30880,30879
STGMSG7.INI,changed,200687,30915,Name,30916,30915
STGMSG7.INI,changed,200722,30929,Name,30930,30929
STGMSG7.INI,changed,200232,30885,Name,30886,30885
STGMSG7.INI,changed,200683,30912,Name,30913,30912
STGMSG7.INI,changed,200495,30889,Name,30890,30889
STGMSG7.INI,changed,200235,30881,Name,30882,30881
STGMSG7.INI,changed,200584,30902,Name,30903,30902
STGMSG7.INI,changed,200706,30906,Name,30907,30906
STGMSG7.INI,changed,200793,30937,Name,30938,30937
STGMSG7.INI,changed,200902,30942,Name,30943,30942
STGMSG7.INI,changed,200517,30887,Name,30888,30887
STGMSG7.INI,changed,200988,30955,Name,30956,30955
STGMSG7.INI,changed,200508,30887,Name,30888,30887
STGMSG7.INI,changed,200325,30880,Name,30881,30880
STGMSG7.INI,changed,200641,30908,Name,30909,30908
STGMSG7.INI,changed,200606,30908,Name,30909,30908
STGMSG7.INI,changed,200142,30880,Name,30881,30880
STGMSG7.INI,changed,200904,30942,Name,30943,30942
STGMSG7.INI,changed,200462,30887,Name,30888,30887
STGMSG7.INI,changed,200724,30930,Name,30931,30930
STGMSG7.INI,changed,200666,30910,Name,30911,30910
STGMSG7.INI,changed,200736,30933,Name,30934,30933
STGMSG7.INI,changed,200812,30938,Name,30939,30938
STGMSG7.INI,changed,200905,30943,Name,30944,30943
STGMSG7.INI,changed,200279,30886,Name,30887,30886
STGMSG7.INI,changed,200622,30908,Name,30909,30908
STGMSG7.INI,changed,200552,30887,Name,30888,30887
STGMSG7.INI,changed,200835,30938,Name,30939,30938
STGMSG7.INI,changed,200305,30885,Name,30886,30885
STGMSG7.INI,changed,200382,30883,Name,30884,30883
STGMSG7.INI,changed,200506,30889,Name,30890,30889
STGMSG7.INI,changed,200876,30887,Name,30888,30887
STGMSG7.INI,changed,200557,30890,Name,30891,30890
STGMSG7.INI,changed,200387,30883,Name,30884,30883
STGMSG7.INI,changed,200086,30876,Name,30877,30876
STGMSG7.INI,changed,200337,30882,Name,30883,30882
STGMSG7.INI,changed,200080,30875,Name,30876,30875
STGMSG7.INI,changed,200563,30875,Name,30876,30875
STGMSG7.INI,changed,200987,30954,Name,30955,30954
STGMSG7.INI,changed,200316,30885,Name,30886,30885
STGMSG7.INI,changed,200122,30878,Name,30879,30878
STGMSG7.INI,changed,200301,30880,Name,30881,30880
STGMSG7.INI,changed,200864,30887,Name,30888,30887
STGMSG7.INI,changed,200411,30888,Name,30889,30888
STGMSG7.INI,changed,200776,30890,Name,30891,30890
STGMSG7.INI,changed,200571,30891,Name,30892,30891
STGMSG7.INI,changed,200839,30938,Name,30939,30938
STGMSG7.INI,changed,200402,30887,Name,30888,30887
STGMSG7.INI,changed,200153,30881,Name,30882,30881
STGMSG7.INI,changed,200510,30887,Name,30888,30887
STGMSG7.INI,changed,200440,30887,Name,30888,30887
STGMSG7.INI,changed,200458,30887,Name,30888,30887
STGMSG7.INI,changed,200725,30931,Name,30932,30931
STGMSG7.INI,changed,200792,30937,Name,30938,30937
STGMSG7.INI,changed,200903,30943,Name,30944,30943
STGMSG7.INI,changed,200865,30887,Name,30888,30887
STGMSG7.INI,changed,200990,30955,Name,30956,30955
STGMSG7.INI,changed,200586,30904,Name,30905,30904
STGMSG7.INI,changed,200699,30906,Name,30907,30906
STGMSG7.INI,changed,200681,30911,Name,30912,30911
STGMSG7.INI,changed,200436,30887,Name,30888,30887
STGMSG7.INI,changed,200134,30879,Name,30880,30879
STGMSG7.INI,changed,200592,30908,Name,30909,30908
STGMSG7.INI,changed,200769,30934,Name,30935,30934
STGMSG7.INI,changed,200237,30881,Name,30882,30881
STGMSG7.INI,changed,200443,30887,Name,30888,30887
STGMSG7.INI,changed,200515,30887,Name,30888,30887
STGMSG7.INI,changed,200726,30932,Name,30933,30932
STGMSG7.INI,changed,200119,30878,Name,30879,30878
STGMSG7.INI,changed,200342,30882,Name,30883,30882
STGMSG7.INI,changed,200597,30908,Name,30909,30908
STGMSG7.INI,changed,200849,30941,Name,30942,30941
STGMSG7.INI,changed,200065,30873,Name,30874,30873
STGMSG7.INI,changed,200570,30891,Name,30892,30891
STGMSG7.INI,changed,200672,30910,Name,30911,30910
STGMSG7.INI,changed,200281,30886,Name,30887,30886
STGMSG7.INI,changed,200898,30885,Name,30886,30885
STGMSG7.INI,changed,200196,30885,Name,30886,30885
STGMSG7.INI,changed,200853,30940,Name,30941,30940
STGMSG7.INI,changed,200398,30887,Name,30888,30887
STGMSG7.INI,changed,200403,30887,Name,30888,30887
STGMSG7.INI,changed,200075,30874,Name,30875,30874
STGMSG7.INI,changed,200363,30884,Name,30885,30884
STGMSG7.INI,changed,200682,30912,Name,30913,30912
STGMSG7.INI,changed,200518,30887,Name,30888,30887
STGMSG7.INI,changed,200986,30954,Name,30955,30954
STGMSG7.INI,changed,200729,30933,Name,30934,30933
STGMSG7.INI,changed,200753,30934,Name,30935,30934
STGMSG7.INI,changed,200100,30874,Name,30875,30874
STGMSG7.INI,changed,200278,30886,Name,30887,30886
STGMSG7.INI,changed,200285,30886,Name,30887,30886
STGMSG7.INI,changed,200579,30897,Name,30898,30897
STGMSG7.INI,changed,200509,30887,Name,30888,30887
STGMSG7.INI,changed,200400,30887,Name,30888,30887
STGMSG7.INI,changed,200493,30889,Name,30890,30889
STGMSG7.INI,changed,200572,30891,Name,30892,30891
STGMSG7.INI,changed,200522,30887,Name,30888,30887
STGMSG7.INI,changed,200267,30886,Name,30887,30886
STGMSG7.INI,changed,200423,30888,Name,30889,30888
STGMSG7.INI,changed,200181,30883,Name,30884,30883
STGMSG7.INI,changed,200270,30886,Name,30887,30886
STGMSG7.INI,changed,200109,30878,Name,30879,30878
STGMSG7.INI,changed,200368,30883,Name,30884,30883
STGMSG7.INI,changed,200381,30883,Name,30884,30883
STGMSG7.INI,changed,200582,30900,Name,30901,30900
STGMSG7.INI,changed,200598,30908,Name,30909,30908
STGMSG7.INI,changed,200287,30886,Name,30887,30886
STGMSG7.INI,changed,200311,30881,Name,30882,30881
STGMSG7.INI,changed,200757,30934,Name,30935,30934
STGMSG7.INI,changed,200981,30949,Name,30950,30949
STGMSG7.INI,changed,200421,30888,Name,30889,30888
STGMSG7.INI,changed,200846,30940,Name,30941,30940
STGMSG7.INI,changed,200369,30883,Name,30884,30883
STGMSG7.INI,changed,200977,30946,Name,30947,30946
STGMSG7.INI,changed,200860,30887,Name,30888,30887
STGMSG7.INI,changed,200069,30873,Name,30874,30873
STGMSG7.INI,changed,200595,30908,Name,30909,30908
STGMSG7.INI,changed,200773,30890,Name,30891,30890
STGMSG7.INI,changed,200795,30938,Name,30939,30938
STGMSG7.INI,changed,200760,30934,Name,30935,30934
STGMSG7.INI,changed,200393,30887,Name,30888,30887
STGMSG7.INI,changed,200438,30887,Name,30888,30887
STGMSG7.INI,changed,200710,30917,Name,30918,30917
STGMSG7.INI,changed,200079,30875,Name,30876,30875
STGMSG7.INI,changed,200669,30910,Name,30911,30910
STGMSG7.INI,changed,200837,30938,Name,30939,30938
STGMSG7.INI,changed,200709,30906,Name,30907,30906
STGMSG7.INI,changed,200575,30893,Name,30894,30893
STGMSG7.INI,changed,200817,30938,Name,30939,30938
STGMSG7.INI,changed,200312,30880,Name,30881,30880
STGMSG7.INI,changed,200512,30887,Name,30888,30887
STGMSG7.INI,changed,200585,30903,Name,30904,30903
STGMSG7.INI,changed,200690,30900,Name,30901,30900
STGMSG7.INI,changed,200103,30874,Name,30875,30874
STGMSG7.INI,changed,200647,30908,Name,30909,30908
STGMSG7.INI,changed,200577,30895,Name,30896,30895
STGMSG7.INI,changed,200715,30922,Name,30923,30922
STGMSG7.INI,changed,200304,30885,Name,30886,30885
STGMSG7.INI,changed,200420,30888,Name,30889,30888
STGMSG7.INI,changed,200975,30946,Name,30947,30946
STGMSG7.INI,changed,200272,30886,Name,30887,30886
STGMSG7.INI,changed,200694,30900,Name,30901,30900
STGMSG7.INI,changed,200380,30883,Name,30884,30883
STGMSG7.INI,changed,200067,30873,Name,30874,30873
STGMSG7.INI,changed,200433,30887,Name,30888,30887
STGMSG7.INI,changed,200714,30921,Name,30922,30921
STGMSG7.INI,changed,200983,30951,Name,30952,30951
STGMSG7.INI,changed,200576,30894,Name,30895,30894
STGMSG7.INI,changed,200768,30936,Name,30937,30936
STGMSG7.INI,changed,200244,30881,Name,30882,30881
STGMSG7.INI,changed,200257,30886,Name,30887,30886
STGMSG7.INI,changed,200358,30884,Name,30885,30884
STGMSG7.INI,changed,200432,30887,Name,30888,30887
STGMSG7.INI,changed,200417,30888,Name,30889,30888
STGMSG7.INI,changed,200275,30886,Name,30887,30886
STGMSG7.INI,changed,200328,30882,Name,30883,30882
STGMSG7.INI,changed,200583,30901,Name,30902,30901
STGMSG7.INI,changed,200756,30934,Name,30935,30934
STGMSG7.INI,changed,200783,30937,Name,30938,30937
STGMSG7.INI,changed,200461,30887,Name,30888,30887
STGMSG7.INI,changed,200536,30887,Name,30888,30887
STGMSG7.INI,changed,200391,30883,Name,30884,30883
STGMSG7.INI,changed,200645,30908,Name,30909,30908
STGMSG7.INI,changed,200686,30914,Name,30915,30914
STGMSG7.INI,changed,200435,30887,Name,30888,30887
STGMSG7.INI,changed,200763,30934,Name,30935,30934
STGMSG7.INI,changed,200083,30875,Name,30876,30875
STGMSG7.INI,changed,200242,30881,Name,30882,30881
STGMSG7.INI,changed,200828,30938,Name,30939,30938
STGMSG7.INI,changed,200422,30888,Name,30889,30888
STGMSG7.INI,changed,200283,30886,Name,30887,30886
STGMSG7.INI,changed,200148,30880,Name,30881,30880
STGMSG7.INI,changed,200796,30938,Name,30939,30938
STGMSG7.INI,changed,200816,30938,Name,30939,30938
STGMSG7.INI,changed,200789,30937,Name,30938,30937
STGMSG7.INI,changed,200430,30887,Name,30888,30887
STGMSG7.INI,changed,200972,30889,Name,30890,30889
STGMSG7.INI,changed,200762,30934,Name,30935,30934
STGMSG7.INI,changed,200199,30885,Name,30886,30885
STGMSG7.INI,changed,200395,30887,Name,30888,30887
STGMSG7.INI,changed,200366,30884,Name,30885,30884
STGMSG7.INI,changed,200624,30908,Name,30909,30908
STGMSG7.INI,changed,200967,30889,Name,30890,30889
STGMSG7.INI,changed,200966,30889,Name,30890,30889
STGMSG7.INI,changed,200428,30887,Name,30888,30887
STGMSG7.INI,changed,200630,30908,Name,30909,30908
STGMSG7.INI,changed,200580,30898,Name,30899,30898
STGMSG7.INI,changed,200102,30874,Name,30875,30874
STGMSG7.INI,changed,200374,30883,Name,30884,30883
STGMSG7.INI,changed,200341,30882,Name,30883,30882
STGMSG7.INI,changed,200530,30887,Name,30888,30887
STGMSG7.INI,changed,200379,30883,Name,30884,30883
STGMSG7.INI,changed,200790,30937,Name,30938,30937
STGMSG7.INI,changed,200378,30883,Name,30884,30883
STGMSG7.INI,changed,200643,30908,Name,30909,30908
STGMSG7.INI,changed,200791,30937,Name,30938,30937
STGMSG7.INI,changed,200809,30938,Name,30939,30938
STGMSG7.INI,changed,200099,30874,Name,30875,30874
STGMSG7.INI,changed,200569,30891,Name,30892,30891
STGMSG7.INI,changed,200844,30940,Name,30941,30940
STGMSG7.INI,changed,200385,30883,Name,30884,30883
STGMSG7.INI,changed,200063,30873,Name,30874,30873
STGMSG7.INI,changed,200388,30883,Name,30884,30883
STGMSG7.INI,changed,200881,30887,Name,30888,30887
STGMSG7.INI,changed,200505,30889,Name,30890,30889
STGMSG7.INI,changed,200282,30886,Name,30887,30886
STGMSG7.INI,changed,200073,30873,Name,30874,30873
STGMSG7.INI,changed,200068,30873,Name,30874,30873
STGMSG7.INI,changed,200082,30875,Name,30876,30875
STGMSG7.INI,changed,200813,30938,Name,30939,30938
STGMSG7.INI,changed,200309,30880,Name,30881,30880
STGMSG7.INI,changed,200520,30887,Name,30888,30887
STGMSG7.INI,changed,200600,30908,Name,30909,30908
STGMSG7.INI,changed,200775,30890,Name,30891,30890
STGMSG7.INI,changed,200277,30886,Name,30887,30886
STGMSG7.INI,changed,200265,30886,Name,30887,30886
STGMSG7.INI,changed,200415,30888,Name,30889,30888
STGMSG7.INI,changed,200872,30887,Name,30888,30887
STGMSG7.INI,changed,200078,30875,Name,30876,30875
STGMSG7.INI,changed,200713,30920,Name,30921,30920
STGMSG7.INI,changed,200862,30887,Name,30888,30887
STGMSG7.INI,changed,200665,30910,Name,30911,30910
STGMSG7.INI,changed,200723,30930,Name,30931,30930
STGMSG7.INI,changed,200728,30933,Name,30934,30933
STGMSG7.INI,changed,200315,30885,Name,30886,30885
STGMSG7.INI,changed,200921,30885,Name,30886,30885
STGMSG7.INI,changed,200859,30887,Name,30888,30887
STGMSG7.INI,changed,200260,30886,Name,30887,30886
STGMSG7.INI,changed,200720,30927,Name,30928,30927
STGMSG7.INI,changed,200308,30880,Name,30881,30880
STGMSG7.INI,changed,200457,30887,Name,30888,30887
STGMSG7.INI,changed,200664,30910,Name,30911,30910
STGMSG7.INI,changed,200407,30887,Name,30888,30887
STGMSG7.INI,changed,200452,30887,Name,30888,30887
STGMSG7.INI,changed,200897,30885,Name,30886,30885
STGMSG7.INI,changed,200992,30957,Name,30958,30957
STGMSG7.INI,changed,200088,30876,Name,30877,30876
STGMSG70.INI,changed,212119,31185,Name,31186,31185
STGMSG70.INI,changed,212139,31185,Name,31186,31185
STGMSG70.INI,changed,212016,31185,Name,31186,31185
STGMSG70.INI,changed,212135,31194,Name,31195,31194
STGMSG70.INI,changed,212073,31193,Name,31194,31193
STGMSG70.INI,changed,212082,31189,Name,31190,31189
STGMSG70.INI,changed,212083,31190,Name,31191,31190
STGMSG70.INI,changed,212137,31194,Name,31195,31194
STGMSG70.INI,changed,212075,31187,Name,31188,31187
STGMSG70.INI,changed,212090,31187,Name,31188,31187
STGMSG70.INI,changed,212110,31187,Name,31188,31187
STGMSG70.INI,changed,212042,31189,Name,31190,31189
STGMSG70.INI,changed,212014,31185,Name,31186,31185
STGMSG70.INI,changed,212015,31185,Name,31186,31185
STGMSG70.INI,changed,212092,31189,Name,31190,31189
STGMSG70.INI,changed,212055,31191,Name,31192,31191
STGMSG70.INI,changed,212057,31191,Name,31192,31191
STGMSG70.INI,changed,212100,31187,Name,31188,31187
STGMSG70.INI,changed,212081,31188,Name,31189,31188
STGMSG70.INI,changed,212079,31186,Name,31187,31186
STGMSG70.INI,changed,212032,31185,Name,31186,31185
STGMSG70.INI,changed,212031,31185,Name,31186,31185
STGMSG70.INI,changed,212134,31194,Name,31195,31194
STGMSG70.INI,changed,212007,31185,Name,31186,31185
STGMSG70.INI,changed,212051,31191,Name,31192,31191
STGMSG70.INI,changed,212087,31189,Name,31190,31189
STGMSG70.INI,changed,212067,31193,Name,31194,31193
STGMSG70.INI,changed,212078,31190,Name,31191,31190
STGMSG70.INI,changed,212002,31185,Name,31186,31185
STGMSG70.INI,changed,212069,31193,Name,31194,31193
STGMSG70.INI,changed,212103,31190,Name,31191,31190
STGMSG70.INI,changed,212109,31186,Name,31187,31186
STGMSG70.INI,changed,212058,31192,Name,31193,31192
STGMSG70.INI,changed,212060,31192,Name,31193,31192
STGMSG70.INI,changed,212107,31189,Name,31190,31189
STGMSG70.INI,changed,212024,31185,Name,31186,31185
STGMSG70.INI,changed,212088,31190,Name,31191,31190
STGMSG70.INI,changed,212112,31189,Name,31190,31189
STGMSG70.INI,changed,212115,31187,Name,31188,31187
STGMSG70.INI,changed,212123,31185,Name,31186,31185
STGMSG70.INI,changed,212061,31192,Name,31193,31192
STGMSG70.INI,changed,212129,31185,Name,31186,31185
STGMSG70.INI,changed,212041,31188,Name,31189,31188
STGMSG70.INI,changed,212013,31185,Name,31186,31185
STGMSG70.INI,changed,212133,31194,Name,31195,31194
STGMSG70.INI,changed,212080,31187,Name,31188,31187
STGMSG70.INI,changed,212034,31185,Name,31186,31185
STGMSG70.INI,changed,212070,31193,Name,31194,31193
STGMSG70.INI,changed,212018,31185,Name,31186,31185
STGMSG70.INI,changed,212068,31193,Name,31194,31193
STGMSG70.INI,changed,212010,31185,Name,31186,31185
STGMSG70.INI,changed,212106,31188,Name,31189,31188
STGMSG70.INI,changed,212111,31188,Name,31189,31188
STGMSG70.INI,changed,212071,31193,Name,31194,31193
STGMSG70.INI,changed,212120,31185,Name,31186,31185
STGMSG70.INI,changed,212124,31185,Name,31186,31185
STGMSG70.INI,changed,212122,31185,Name,31186,31185
STGMSG70.INI,changed,212021,31185,Name,31186,31185
STGMSG70.INI,changed,212086,31188,Name,31189,31188
STGMSG70.INI,changed,212047,31194,Name,31195,31194
STGMSG70.INI,changed,212113,31190,Name,31191,31190
STGMSG70.INI,changed,212077,31189,Name,31190,31189
STGMSG70.INI,changed,212053,31191,Name,31192,31191
STGMSG70.INI,changed,212003,31185,Name,31186,31185
STGMSG70.INI,changed,212131,31194,Name,31195,31194
STGMSG70.INI,changed,212093,31190,Name,31191,31190
STGMSG70.INI,changed,212114,31186,Name,31187,31186
STGMSG70.INI,changed,212004,31185,Name,31186,31185
STGMSG70.INI,changed,212044,31191,Name,31192,31191
STGMSG70.INI,changed,212039,31186,Name,31187,31186
STGMSG70.INI,changed,212033,31185,Name,31186,31185
STGMSG70.INI,changed,212056,31191,Name,31192,31191
STGMSG70.INI,changed,212096,31188,Name,31189,31188
STGMSG70.INI,changed,212118,31190,Name,31191,31190
STGMSG70.INI,changed,212095,31187,Name,31188,31187
STGMSG70.INI,changed,212043,31190,Name,31191,31190
STGMSG70.INI,changed,212099,31186,Name,31187,31186
STGMSG70.INI,changed,212046,31193,Name,31194,31193
STGMSG70.INI,changed,212054,31191,Name,31192,31191
STGMSG70.INI,changed,212011,31185,Name,31186,31185
STGMSG70.INI,changed,212105,31187,Name,31188,31187
STGMSG70.INI,changed,212063,31192,Name,31193,31192
STGMSG70.INI,changed,212104,31186,Name,31187,31186
STGMSG70.INI,changed,212128,31185,Name,31186,31185
STGMSG70.INI,changed,212126,31185,Name,31186,31185
STGMSG70.INI,changed,212085,31187,Name,31188,31187
STGMSG70.INI,changed,212019,31185,Name,31186,31185
STGMSG70.INI,changed,212117,31189,Name,31190,31189
STGMSG70.INI,changed,212140,31185,Name,31186,31185
STGMSG70.INI,changed,212064,31192,Name,31193,31192
STGMSG70.INI,changed,212091,31188,Name,31189,31188
STGMSG70.INI,changed,212136,31194,Name,31195,31194
STGMSG70.INI,changed,212097,31189,Name,31190,31189
STGMSG70.INI,changed,212108,31190,Name,31191,31190
STGMSG70.INI,changed,212132,31194,Name,31195,31194
STGMSG70.INI,changed,212029,31185,Name,31186,31185
STGMSG70.INI,changed,212076,31188,Name,31189,31188
STGMSG70.INI,changed,212089,31186,Name,31187,31186
STGMSG70.INI,changed,212127,31185,Name,31186,31185
STGMSG70.INI,changed,212138,31194,Name,31195,31194
STGMSG70.INI,changed,212012,31185,Name,31186,31185
STGMSG70.INI,changed,212098,31190,Name,31191,31190
STGMSG70.INI,changed,212006,31185,Name,31186,31185
STGMSG70.INI,changed,212130,31185,Name,31186,31185
STGMSG70.INI,changed,212049,31196,Name,31197,31196
STGMSG70.INI,changed,212050,31191,Name,31192,31191
STGMSG70.INI,changed,212074,31186,Name,31187,31186
STGMSG70.INI,changed,212025,31185,Name,31186,31185
STGMSG70.INI,changed,212072,31193,Name,31194,31193
STGMSG70.INI,changed,212008,31185,Name,31186,31185
STGMSG70.INI,changed,212052,31191,Name,31192,31191
STGMSG70.INI,changed,212065,31192,Name,31193,31192
STGMSG70.INI,changed,212023,31185,Name,31186,31185
STGMSG70.INI,changed,212062,31192,Name,31193,31192
STGMSG70.INI,changed,212101,31188,Name,31189,31188
STGMSG70.INI,changed,212102,31189,Name,31190,31189
STGMSG70.INI,changed,212121,31185,Name,31186,31185
STGMSG70.INI,changed,212045,31192,Name,31193,31192
STGMSG70.INI,changed,212009,31185,Name,31186,31185
STGMSG70.INI,changed,212059,31192,Name,31193,31192
STGMSG70.INI,changed,212027,31185,Name,31186,31185
STGMSG70.INI,changed,212026,31185,Name,31186,31185
STGMSG70.INI,changed,212048,31195,Name,31196,31195
STGMSG70.INI,changed,212084,31186,Name,31187,31186
STGMSG70.INI,changed,212040,31187,Name,31188,31187
STGMSG70.INI,changed,212094,31186,Name,31187,31186
STGMSG70.INI,changed,212066,31193,Name,31194,31193
STGMSG70.INI,changed,212116,31188,Name,31189,31188
STGMSG70.INI,changed,212001,31185,Name,31186,31185
STGMSG74.INI,changed,218053,31210,Name,31211,31210
STGMSG74.INI,changed,218101,31215,Name,31216,31215
STGMSG74.INI,changed,218038,31208,Name,31209,31208
STGMSG74.INI,changed,218082,31212,Name,31213,31212
STGMSG74.INI,changed,218002,31207,Name,31208,31207
STGMSG74.INI,changed,218080,31211,Name,31212,31211
STGMSG74.INI,changed,218034,31208,Name,31209,31208
STGMSG74.INI,changed,218096,31215,Name,31216,31215
STGMSG74.INI,changed,218055,31210,Name,31211,31210
STGMSG74.INI,changed,218108,31216,Name,31217,31216
STGMSG74.INI,changed,218044,31209,Name,31210,31209
STGMSG74.INI,changed,218021,31207,Name,31208,31207
STGMSG74.INI,changed,218048,31208,Name,31209,31208
STGMSG74.INI,changed,218051,31210,Name,31211,31210
STGMSG74.INI,changed,218087,31212,Name,31213,31212
STGMSG74.INI,changed,218016,31208,Name,31209,31208
STGMSG74.INI,changed,218036,31208,Name,31209,31208
STGMSG74.INI,changed,218092,31214,Name,31215,31214
STGMSG74.INI,changed,218095,31215,Name,31216,31215
STGMSG74.INI,changed,218091,31213,Name,31214,31213
STGMSG74.INI,changed,218103,31215,Name,31216,31215
STGMSG74.INI,changed,218007,31207,Name,31208,31207
STGMSG74.INI,changed,218104,31216,Name,31217,31216
STGMSG74.INI,changed,218033,31208,Name,31209,31208
STGMSG74.INI,changed,218086,31212,Name,31213,31212
STGMSG74.INI,changed,218045,31209,Name,31210,31209
STGMSG74.INI,changed,218025,31207,Name,31208,31207
STGMSG74.INI,changed,218105,31216,Name,31217,31216
STGMSG74.INI,changed,218119,31217,Name,31218,31217
STGMSG74.INI,changed,218069,31211,Name,31212,31211
STGMSG74.INI,changed,218056,31210,Name,31211,31210
STGMSG74.INI,changed,218011,31207,Name,31208,31207
STGMSG74.INI,changed,218061,31210,Name,31211,31210
STGMSG74.INI,changed,218039,31208,Name,31209,31208
STGMSG74.INI,changed,218028,31207,Name,31208,31207
STGMSG74.INI,changed,218070,31211,Name,31212,31211
STGMSG74.INI,changed,218023,31207,Name,31208,31207
STGMSG74.INI,changed,218063,31210,Name,31211,31210
STGMSG74.INI,changed,218008,31207,Name,31208,31207
STGMSG74.INI,changed,218102,31215,Name,31216,31215
STGMSG74.INI,changed,218003,31207,Name,31208,31207
STGMSG74.INI,changed,218077,31211,Name,31212,31211
STGMSG74.INI,changed,218019,31207,Name,31208,31207
STGMSG74.INI,changed,218001,31207,Name,31208,31207
STGMSG74.INI,changed,218090,31210,Name,31211,31210
STGMSG74.INI,changed,218089,31210,Name,31211,31210
STGMSG74.INI,changed,218106,31216,Name,31217,31216
STGMSG74.INI,changed,218114,31217,Name,31218,31217
STGMSG74.INI,changed,218035,31208,Name,31209,31208
STGMSG74.INI,changed,218009,31207,Name,31208,31207
STGMSG74.INI,changed,218078,31211,Name,31212,31211
STGMSG74.INI,changed,218117,31217,Name,31218,31217
STGMSG74.INI,changed,218041,31208,Name,31209,31208
STGMSG74.INI,changed,218112,31217,Name,31218,31217
STGMSG74.INI,changed,218032,31207,Name,31208,31207
STGMSG74.INI,changed,218116,31217,Name,31218,31217
STGMSG74.INI,changed,218004,31207,Name,31208,31207
STGMSG74.INI,changed,218107,31208,Name,31209,31208
STGMSG74.INI,changed,218060,31210,Name,31211,31210
STGMSG74.INI,changed,218088,31212,Name,31213,31212
STGMSG74.INI,changed,218094,31215,Name,31216,31215
STGMSG74.INI,changed,218066,31210,Name,31211,31210
STGMSG74.INI,changed,218024,31207,Name,31208,31207
STGMSG74.INI,changed,218026,31207,Name,31208,31207
STGMSG74.INI,changed,218075,31211,Name,31212,31211
STGMSG74.INI,changed,218050,31210,Name,31211,31210
STGMSG74.INI,changed,218111,31217,Name,31218,31217
STGMSG74.INI,changed,218121,31217,Name,31218,31217
STGMSG74.INI,changed,218017,31207,Name,31208,31207
STGMSG74.INI,changed,218013,31207,Name,31208,31207
STGMSG74.INI,changed,218062,31210,Name,31211,31210
STGMSG74.INI,changed,218030,31207,Name,31208,31207
STGMSG74.INI,changed,218098,31215,Name,31216,31215
STGMSG74.INI,changed,218085,31212,Name,31213,31212
STGMSG74.INI,changed,218083,31212,Name,31213,31212
STGMSG74.INI,changed,218037,31208,Name,31209,31208
STGMSG74.INI,changed,218072,31211,Name,31212,31211
STGMSG74.INI,changed,218006,31207,Name,31208,31207
STGMSG74.INI,changed,218046,31209,Name,31210,31209
STGMSG74.INI,changed,218059,31210,Name,31211,31210
STGMSG74.INI,changed,218058,31210,Name,31211,31210
STGMSG74.INI,changed,218064,31210,Name,31211,31210
STGMSG74.INI,changed,218068,31210,Name,31211,31210
STGMSG74.INI,changed,218097,31215,Name,31216,31215
STGMSG74.INI,changed,218015,31207,Name,31208,31207
STGMSG74.INI,changed,218079,31211,Name,31212,31211
STGMSG8.INI,changed,201798,30970,Name,30971,30970
STGMSG8.INI,changed,201426,30964,Name,30965,30964
STGMSG8.INI,changed,201430,30976,Name,30977,30976
STGMSG8.INI,changed,201812,30970,Name,30971,30970
STGMSG8.INI,changed,201951,30973,Name,30974,30973
STGMSG8.INI,changed,201829,30973,Name,30974,30973
STGMSG8.INI,changed,201582,30977,Name,30978,30977
STGMSG8.INI,changed,201934,30973,Name,30974,30973
STGMSG8.INI,changed,201576,30981,Name,30982,30981
STGMSG8.INI,changed,201280,30968,Name,30969,30968
STGMSG8.INI,changed,201397,30975,Name,30976,30975
STGMSG8.INI,changed,201666,30981,Name,30982,30981
STGMSG8.INI,changed,201677,30981,Name,30982,30981
STGMSG8.INI,changed,201289,30969,Name,30970,30969
STGMSG8.INI,changed,201478,30978,Name,30979,30978
STGMSG8.INI,changed,201161,30964,Name,30965,30964
STGMSG8.INI,changed,201830,30973,Name,30974,30973
STGMSG8.INI,changed,201228,30967,Name,30968,30967
STGMSG8.INI,changed,201867,30973,Name,30974,30973
STGMSG8.INI,changed,201825,30973,Name,30974,30973
STGMSG8.INI,changed,201584,30977,Name,30978,30977
STGMSG8.INI,changed,201390,30974,Name,30975,30974
STGMSG8.INI,changed,201214,30966,Name,30967,30966
STGMSG8.INI,changed,201557,30981,Name,30982,30981
STGMSG8.INI,changed,201784,30970,Name,30971,30970
STGMSG8.INI,changed,201626,30979,Name,30980,30979
STGMSG8.INI,changed,201074,30962,Name,30963,30962
STGMSG8.INI,changed,201975,30973,Name,30974,30973
STGMSG8.INI,changed,201404,30975,Name,30976,30975
STGMSG8.INI,changed,201718,30973,Name,30974,30973
STGMSG8.INI,changed,201239,30967,Name,30968,30967
STGMSG8.INI,changed,201700,30973,Name,30974,30973
STGMSG8.INI,changed,201634,30979,Name,30980,30979
STGMSG8.INI,changed,201450,30976,Name,30977,30976
STGMSG8.INI,changed,201222,30966,Name,30967,30966
STGMSG8.INI,changed,201279,30968,Name,30969,30968
STGMSG8.INI,changed,201761,30983,Name,30984,30983
STGMSG8.INI,changed,201729,30973,Name,30974,30973
STGMSG8.INI,changed,201251,30967,Name,30968,30967
STGMSG8.INI,changed,201075,30962,Name,30963,30962
STGMSG8.INI,changed,201866,30973,Name,30974,30973
STGMSG8.INI,changed,201350,30971,Name,30972,30971
STGMSG8.INI,changed,201410,30975,Name,30976,30975
STGMSG8.INI,changed,201063,30962,Name,30963,30962
STGMSG8.INI,changed,201810,30970,Name,30971,30970
STGMSG8.INI,changed,201456,30977,Name,30978,30977
STGMSG8.INI,changed,201799,30983,Name,30984,30983
STGMSG8.INI,changed,201608,30978,Name,30979,30978
STGMSG8.INI,changed,201499,30978,Name,30979,30978
STGMSG8.INI,changed,201637,30980,Name,30981,30980
STGMSG8.INI,changed,201071,30961,Name,30962,30961
STGMSG8.INI,changed,201586,30977,Name,30978,30977
STGMSG8.INI,changed,201051,30961,Name,30962,30961
STGMSG8.INI,changed,201796,30970,Name,30971,30970
STGMSG8.INI,changed,201845,30973,Name,30974,30973
STGMSG8.INI,changed,201424,30964,Name,30965,30964
STGMSG8.INI,changed,201473,30977,Name,30978,30977
STGMSG8.INI,changed,201465,30977,Name,30978,30977
STGMSG8.INI,changed,201707,30973,Name,30974,30973
STGMSG8.INI,changed,201304,30942,Name,30943,30942
STGMSG8.INI,changed,201218,30966,Name,30967,30966
STGMSG8.INI,changed,201682,30977,Name,30978,30977
STGMSG8.INI,changed,201396,30974,Name,30975,30974
STGMSG8.INI,changed,201068,30962,Name,30963,30962
STGMSG8.INI,changed,201723,30973,Name,30974,30973
STGMSG8.INI,changed,201482,30978,Name,30979,30978
STGMSG8.INI,changed,201640,30980,Name,30981,30980
STGMSG8.INI,changed,201818,30970,Name,30971,30970
STGMSG8.INI,changed,201540,30980,Name,30981,30980
STGMSG8.INI,changed,201985,30973,Name,30974,30973
STGMSG8.INI,changed,201506,30979,Name,30980,30979
STGMSG8.INI,changed,201052,30961,Name,30962,30961
STGMSG8.INI,changed,201526,30979,Name,30980,30979
STGMSG8.INI,changed,201663,30981,Name,30982,30981
STGMSG8.INI,changed,201405,30975,Name,30976,30975
STGMSG8.INI,changed,201302,30942,Name,30943,30942
STGMSG8.INI,changed,201325,30942,Name,30943,30942
STGMSG8.INI,changed,201157,30964,Name,30965,30964
STGMSG8.INI,changed,201241,30967,Name,30968,30967
STGMSG8.INI,changed,201528,30979,Name,30980,30979
STGMSG8.INI,changed,201773,30970,Name,30971,30970
STGMSG8.INI,changed,201731,30973,Name,30974,30973
STGMSG8.INI,changed,201964,30973,Name,30974,30973
STGMSG8.INI,changed,201959,30973,Name,30974,30973
STGMSG8.INI,changed,201464,30977,Name,30978,30977
STGMSG8.INI,changed,201602,30978,Name,30979,30978
STGMSG8.INI,changed,201705,30973,Name,30974,30973
STGMSG8.INI,changed,201371,30973,Name,30974,30973
STGMSG8.INI,changed,201613,30978,Name,30979,30978
STGMSG8.INI,changed,201597,30978,Name,30979,30978
STGMSG8.INI,changed,201262,30968,Name,30969,30968
STGMSG8.INI,changed,201592,30977,Name,30978,30977
STGMSG8.INI,changed,201178,30965,Name,30966,30965
STGMSG8.INI,changed,201860,30973,Name,30974,30973
STGMSG8.INI,changed,201349,30971,Name,30972,30971
STGMSG8.INI,changed,201863,30973,Name,30974,30973
STGMSG8.INI,changed,201903,30973,Name,30974,30973
STGMSG8.INI,changed,201059,30961,Name,30962,30961
STGMSG8.INI,changed,201593,30977,Name,30978,30977
STGMSG8.INI,changed,201246,30967,Name,30968,30967
STGMSG8.INI,changed,201674,30981,Name,30982,30981
STGMSG8.INI,changed,201751,30983,Name,30984,30983
STGMSG8.INI,changed,201376,30973,Name,30974,30973
STGMSG8.INI,changed,201760,30970,Name,30971,30970
STGMSG8.INI,changed,201254,30968,Name,30969,30968
STGMSG8.INI,changed,201202,30965,Name,30966,30965
STGMSG8.INI,changed,201632,30979,Name,30980,30979
STGMSG8.INI,changed,201224,30966,Name,30967,30966
STGMSG8.INI,changed,201369,30973,Name,30974,30973
STGMSG8.INI,changed,201937,30973,Name,30974,30973
STGMSG8.INI,changed,201872,30973,Name,30974,30973
STGMSG8.INI,changed,201606,30978,Name,30979,30978
STGMSG8.INI,changed,201831,30973,Name,30974,30973
STGMSG8.INI,changed,201922,30973,Name,30974,30973
STGMSG8.INI,changed,201875,30973,Name,30974,30973
STGMSG8.INI,changed,201599,30978,Name,30979,30978
STGMSG8.INI,changed,201352,30971,Name,30972,30971
STGMSG8.INI,changed,201832,30973,Name,30974,30973
STGMSG8.INI,changed,201855,30973,Name,30974,30973
STGMSG8.INI,changed,201672,30981,Name,30982,30981
STGMSG8.INI,changed,201227,30967,Name,30968,30967
STGMSG8.INI,changed,201703,30973,Name,30974,30973
STGMSG8.INI,changed,201792,30983,Name,30984,30983
STGMSG8.INI,changed,201301,30942,Name,30943,30942
STGMSG8.INI,changed,201826,30973,Name,30974,30973
STGMSG8.INI,changed,201183,30965,Name,30966,30965
STGMSG8.INI,changed,201690,30982,Name,30983,30982
STGMSG8.INI,changed,201869,30973,Name,30974,30973
STGMSG8.INI,changed,201373,30973,Name,30974,30973
STGMSG8.INI,changed,201649,30980,Name,30981,30980
STGMSG8.INI,changed,201782,30970,Name,30971,30970
STGMSG8.INI,changed,201249,30967,Name,30968,30967
STGMSG8.INI,changed,201976,30973,Name,30974,30973
STGMSG8.INI,changed,201168,30965,Name,30966,30965
STGMSG8.INI,changed,201512,30979,Name,30980,30979
STGMSG8.INI,changed,201654,30980,Name,30981,30980
STGMSG8.INI,changed,201846,30973,Name,30974,30973
STGMSG8.INI,changed,201888,30973,Name,30974,30973
STGMSG8.INI,changed,201452,30976,Name,30977,30976
STGMSG8.INI,changed,201455,30977,Name,30978,30977
STGMSG8.INI,changed,201603,30978,Name,30979,30978
STGMSG8.INI,changed,201737,30973,Name,30974,30973
STGMSG8.INI,changed,201828,30973,Name,30974,30973
STGMSG8.INI,changed,201273,30968,Name,30969,30968
STGMSG8.INI,changed,201728,30973,Name,30974,30973
STGMSG8.INI,changed,201909,30973,Name,30974,30973
STGMSG8.INI,changed,201624,30979,Name,30980,30979
STGMSG8.INI,changed,201935,30973,Name,30974,30973
STGMSG8.INI,changed,201413,30975,Name,30976,30975
STGMSG8.INI,changed,201443,30976,Name,30977,30976
STGMSG8.INI,changed,201642,30980,Name,30981,30980
STGMSG8.INI,changed,201660,30980,Name,30981,30980
STGMSG8.INI,changed,201701,30973,Name,30974,30973
STGMSG8.INI,changed,201721,30973,Name,30974,30973
STGMSG8.INI,changed,201720,30973,Name,30974,30973
STGMSG8.INI,changed,201902,30973,Name,30974,30973
STGMSG8.INI,changed,201360,30972,Name,30973,30972
STGMSG8.INI,changed,201151,30964,Name,30965,30964
STGMSG8.INI,changed,201730,30973,Name,30974,30973
STGMSG8.INI,changed,201811,30970,Name,30971,30970
STGMSG8.INI,changed,201850,30973,Name,30974,30973
STGMSG8.INI,changed,201386,30973,Name,30974,30973
STGMSG8.INI,changed,201419,30964,Name,30965,30964
STGMSG8.INI,changed,201750,30970,Name,30971,30970
STGMSG8.INI,changed,201415,30975,Name,30976,30975
STGMSG8.INI,changed,201514,30979,Name,30980,30979
STGMSG8.INI,changed,201447,30976,Name,30977,30976
STGMSG8.INI,changed,201757,30970,Name,30971,30970
STGMSG8.INI,changed,201805,30970,Name,30971,30970
STGMSG8.INI,changed,201923,30973,Name,30974,30973
STGMSG8.INI,changed,201391,30974,Name,30975,30974
STGMSG8.INI,changed,201474,30977,Name,30978,30977
STGMSG8.INI,changed,201726,30973,Name,30974,30973
STGMSG8.INI,changed,201351,30971,Name,30972,30971
STGMSG8.INI,changed,201231,30967,Name,30968,30967
STGMSG8.INI,changed,201215,30966,Name,30967,30966
STGMSG8.INI,changed,201211,30965,Name,30966,30965
STGMSG8.INI,changed,201708,30973,Name,30974,30973
STGMSG8.INI,changed,201847,30973,Name,30974,30973
STGMSG8.INI,changed,201176,30965,Name,30966,30965
STGMSG8.INI,changed,201297,30942,Name,30943,30942
STGMSG8.INI,changed,201865,30973,Name,30974,30973
STGMSG8.INI,changed,201857,30973,Name,30974,30973
STGMSG8.INI,changed,201269,30968,Name,30969,30968
STGMSG8.INI,changed,201904,30973,Name,30974,30973
STGMSG8.INI,changed,201434,30976,Name,30977,30976
STGMSG8.INI,changed,201611,30978,Name,30979,30978
STGMSG8.INI,changed,201398,30975,Name,30976,30975
STGMSG8.INI,changed,201372,30973,Name,30974,30973
STGMSG8.INI,changed,201207,30965,Name,30966,30965
STGMSG8.INI,changed,201780,30970,Name,30971,30970
STGMSG8.INI,changed,201878,30973,Name,30974,30973
STGMSG8.INI,changed,201564,30981,Name,30982,30981
STGMSG8.INI,changed,201166,30965,Name,30966,30965
STGMSG8.INI,changed,201438,30976,Name,30977,30976
STGMSG8.INI,changed,201589,30977,Name,30978,30977
STGMSG8.INI,changed,201824,30973,Name,30974,30973
STGMSG8.INI,changed,201252,30968,Name,30969,30968
STGMSG8.INI,changed,201877,30973,Name,30974,30973
STGMSG8.INI,changed,201069,30961,Name,30962,30961
STGMSG8.INI,changed,201621,30979,Name,30980,30979
STGMSG8.INI,changed,201385,30973,Name,30974,30973
STGMSG8.INI,changed,201502,30978,Name,30979,30978
STGMSG8.INI,changed,201806,30970,Name,30971,30970
STGMSG8.INI,changed,201881,30973,Name,30974,30973
STGMSG8.INI,changed,201969,30973,Name,30974,30973
STGMSG8.INI,changed,201880,30973,Name,30974,30973
STGMSG8.INI,changed,201659,30980,Name,30981,30980
STGMSG8.INI,changed,201282,30969,Name,30970,30969
STGMSG8.INI,changed,201154,30964,Name,30965,30964
STGMSG8.INI,changed,201216,30966,Name,30967,30966
STGMSG8.INI,changed,201612,30978,Name,30979,30978
STGMSG8.INI,changed,201789,30970,Name,30971,30970
STGMSG8.INI,changed,201629,30979,Name,30980,30979
STGMSG8.INI,changed,201879,30973,Name,30974,30973
STGMSG8.INI,changed,201454,30977,Name,30978,30977
STGMSG8.INI,changed,201890,30973,Name,30974,30973
STGMSG8.INI,changed,201600,30978,Name,30979,30978
STGMSG8.INI,changed,201281,30967,Name,30968,30967
STGMSG8.INI,changed,201675,30981,Name,30982,30981
STGMSG8.INI,changed,201722,30973,Name,30974,30973
STGMSG8.INI,changed,201822,30973,Name,30974,30973
STGMSG8.INI,changed,201163,30965,Name,30966,30965
STGMSG8.INI,changed,201409,30975,Name,30976,30975
STGMSG8.INI,changed,201548,30980,Name,30981,30980
STGMSG8.INI,changed,201680,30981,Name,30982,30981
STGMSG8.INI,changed,201383,30973,Name,30974,30973
STGMSG8.INI,changed,201521,30979,Name,30980,30979
STGMSG8.INI,changed,201318,30942,Name,30943,30942
STGMSG8.INI,changed,201967,30973,Name,30974,30973
STGMSG8.INI,changed,201299,30942,Name,30943,30942
STGMSG8.INI,changed,201658,30980,Name,30981,30980
STGMSG8.INI,changed,201667,30981,Name,30982,30981
STGMSG8.INI,changed,201616,30979,Name,30980,30979
STGMSG8.INI,changed,201953,30973,Name,30974,30973
STGMSG8.INI,changed,201064,30962,Name,30963,30962
STGMSG8.INI,changed,201428,30964,Name,30965,30964
STGMSG8.INI,changed,201791,30970,Name,30971,30970
STGMSG8.INI,changed,201483,30978,Name,30979,30978
STGMSG8.INI,changed,201884,30973,Name,30974,30973
STGMSG8.INI,changed,201861,30973,Name,30974,30973
STGMSG8.INI,changed,201416,30975,Name,30976,30975
STGMSG8.INI,changed,201507,30979,Name,30980,30979
STGMSG8.INI,changed,201889,30973,Name,30974,30973
STGMSG8.INI,changed,201882,30973,Name,30974,30973
STGMSG8.INI,changed,201627,30979,Name,30980,30979
STGMSG8.INI,changed,201242,30967,Name,30968,30967
STGMSG8.INI,changed,201755,30970,Name,30971,30970
STGMSG8.INI,changed,201988,30973,Name,30974,30973
STGMSG8.INI,changed,201497,30978,Name,30979,30978
STGMSG8.INI,changed,201314,30970,Name,30971,30970
STGMSG8.INI,changed,201933,30973,Name,30974,30973
STGMSG8.INI,changed,201414,30975,Name,30976,30975
STGMSG8.INI,changed,201807,30970,Name,30971,30970
STGMSG8.INI,changed,201816,30970,Name,30971,30970
STGMSG8.INI,changed,201267,30968,Name,30969,30968
STGMSG8.INI,changed,201900,30973,Name,30974,30973
STGMSG8.INI,changed,201492,30978,Name,30979,30978
STGMSG8.INI,changed,201665,30981,Name,30982,30981
STGMSG8.INI,changed,201684,30979,Name,30980,30979
STGMSG8.INI,changed,201712,30973,Name,30974,30973
STGMSG8.INI,changed,201927,30973,Name,30974,30973
STGMSG8.INI,changed,201393,30974,Name,30975,30974
STGMSG8.INI,changed,201328,30970,Name,30971,30970
STGMSG8.INI,changed,201244,30967,Name,30968,30967
STGMSG8.INI,changed,201894,30973,Name,30974,30973
STGMSG8.INI,changed,201384,30973,Name,30974,30973
STGMSG8.INI,changed,201623,30979,Name,30980,30979
STGMSG8.INI,changed,201630,30979,Name,30980,30979
STGMSG8.INI,changed,201678,30981,Name,30982,30981
STGMSG8.INI,changed,201348,30971,Name,30972,30971
STGMSG8.INI,changed,201650,30980,Name,30981,30980
STGMSG8.INI,changed,201460,30977,Name,30978,30977
STGMSG8.INI,changed,201753,30970,Name,30971,30970
STGMSG8.INI,changed,201394,30974,Name,30975,30974
STGMSG8.INI,changed,201622,30979,Name,30980,30979
STGMSG8.INI,changed,201768,30970,Name,30971,30970
STGMSG8.INI,changed,201803,30970,Name,30971,30970
STGMSG8.INI,changed,201859,30973,Name,30974,30973
STGMSG8.INI,changed,201713,30973,Name,30974,30973
STGMSG8.INI,changed,201366,30973,Name,30974,30973
STGMSG8.INI,changed,201984,30973,Name,30974,30973
STGMSG8.INI,changed,201209,30965,Name,30966,30965
STGMSG8.INI,changed,201131,30963,Name,30964,30963
STGMSG8.INI,changed,201724,30973,Name,30974,30973
STGMSG8.INI,changed,201363,30972,Name,30973,30972
STGMSG8.INI,changed,201479,30978,Name,30979,30978
STGMSG8.INI,changed,201772,30970,Name,30971,30970
STGMSG8.INI,changed,201320,30942,Name,30943,30942
STGMSG8.INI,changed,201840,30973,Name,30974,30973
STGMSG8.INI,changed,201233,30967,Name,30968,30967
STGMSG8.INI,changed,201437,30976,Name,30977,30976
STGMSG8.INI,changed,201259,30968,Name,30969,30968
STGMSG8.INI,changed,201382,30973,Name,30974,30973
STGMSG8.INI,changed,201585,30977,Name,30978,30977
STGMSG8.INI,changed,201471,30977,Name,30978,30977
STGMSG8.INI,changed,201827,30973,Name,30974,30973
STGMSG8.INI,changed,201944,30973,Name,30974,30973
STGMSG8.INI,changed,201856,30973,Name,30974,30973
STGMSG8.INI,changed,201375,30973,Name,30974,30973
STGMSG8.INI,changed,201633,30979,Name,30980,30979
STGMSG8.INI,changed,201258,30968,Name,30969,30968
STGMSG8.INI,changed,201327,30942,Name,30943,30942
STGMSG8.INI,changed,201498,30978,Name,30979,30978
STGMSG8.INI,changed,201541,30980,Name,30981,30980
STGMSG8.INI,changed,201546,30980,Name,30981,30980
STGMSG8.INI,changed,201949,30973,Name,30974,30973
STGMSG8.INI,changed,201973,30973,Name,30974,30973
STGMSG8.INI,changed,201567,30981,Name,30982,30981
STGMSG8.INI,changed,201432,30976,Name,30977,30976
STGMSG8.INI,changed,201571,30981,Name,30982,30981
STGMSG8.INI,changed,201716,30973,Name,30974,30973
STGMSG8.INI,changed,201907,30973,Name,30974,30973
STGMSG8.INI,changed,201978,30973,Name,30974,30973
STGMSG8.INI,changed,201661,30981,Name,30982,30981
STGMSG8.INI,changed,201837,30973,Name,30974,30973
STGMSG8.INI,changed,201605,30978,Name,30979,30978
STGMSG8.INI,changed,201657,30980,Name,30981,30980
STGMSG8.INI,changed,201769,30970,Name,30971,30970
STGMSG8.INI,changed,201886,30973,Name,30974,30973
STGMSG8.INI,changed,201986,30973,Name,30974,30973
STGMSG8.INI,changed,201913,30973,Name,30974,30973
STGMSG8.INI,changed,201609,30978,Name,30979,30978
STGMSG8.INI,changed,201652,30980,Name,30981,30980
STGMSG8.INI,changed,201073,30962,Name,30963,30962
STGMSG8.INI,changed,201732,30973,Name,30974,30973
STGMSG8.INI,changed,201583,30977,Name,30978,30977
STGMSG8.INI,changed,201715,30973,Name,30974,30973
STGMSG8.INI,changed,201794,30970,Name,30971,30970
STGMSG8.INI,changed,201310,30942,Name,30943,30942
STGMSG8.INI,changed,201939,30973,Name,30974,30973
STGMSG8.INI,changed,201306,30970,Name,30971,30970
STGMSG8.INI,changed,201418,30975,Name,30976,30975
STGMSG8.INI,changed,201445,30976,Name,30977,30976
STGMSG8.INI,changed,201205,30965,Name,30966,30965
STGMSG8.INI,changed,201061,30962,Name,30963,30962
STGMSG8.INI,changed,201802,30970,Name,30971,30970
STGMSG8.INI,changed,201531,30980,Name,30981,30980
STGMSG8.INI,changed,201631,30979,Name,30980,30979
STGMSG8.INI,changed,201853,30973,Name,30974,30973
STGMSG8.INI,changed,201843,30973,Name,30974,30973
STGMSG8.INI,changed,201368,30973,Name,30974,30973
STGMSG8.INI,changed,201910,30973,Name,30974,30973
STGMSG8.INI,changed,201920,30973,Name,30974,30973
STGMSG8.INI,changed,201966,30973,Name,30974,30973
STGMSG8.INI,changed,201793,30970,Name,30971,30970
STGMSG8.INI,changed,201842,30973,Name,30974,30973
STGMSG8.INI,changed,201883,30973,Name,30974,30973
STGMSG8.INI,changed,201354,30971,Name,30972,30971
STGMSG8.INI,changed,201595,30977,Name,30978,30977
STGMSG8.INI,changed,201854,30973,Name,30974,30973
STGMSG8.INI,changed,201940,30973,Name,30974,30973
STGMSG8.INI,changed,201671,30981,Name,30982,30981
STGMSG8.INI,changed,201578,30981,Name,30982,30981
STGMSG8.INI,changed,201813,30983,Name,30984,30983
STGMSG8.INI,changed,201834,30973,Name,30974,30973
STGMSG8.INI,changed,201774,30970,Name,30971,30970
STGMSG8.INI,changed,201974,30973,Name,30974,30973
STGMSG8.INI,changed,201476,30977,Name,30978,30977
STGMSG8.INI,changed,201573,30981,Name,30982,30981
STGMSG8.INI,changed,201711,30973,Name,30974,30973
STGMSG8.INI,changed,201615,30978,Name,30979,30978
STGMSG8.INI,changed,201864,30973,Name,30974,30973
STGMSG8.INI,changed,201898,30973,Name,30974,30973
STGMSG8.INI,changed,201965,30973,Name,30974,30973
STGMSG8.INI,changed,201639,30980,Name,30981,30980
STGMSG8.INI,changed,201291,30969,Name,30970,30969
STGMSG8.INI,changed,201656,30980,Name,30981,30980
STGMSG8.INI,changed,201313,30942,Name,30943,30942
STGMSG8.INI,changed,201260,30968,Name,30969,30968
STGMSG8.INI,changed,201938,30973,Name,30974,30973
STGMSG8.INI,changed,201932,30973,Name,30974,30973
STGMSG8.INI,changed,201554,30980,Name,30981,30980
STGMSG8.INI,changed,201607,30978,Name,30979,30978
STGMSG8.INI,changed,201942,30973,Name,30974,30973
STGMSG8.INI,changed,201190,30965,Name,30966,30965
STGMSG8.INI,changed,201367,30973,Name,30974,30973
STGMSG8.INI,changed,201683,30978,Name,30979,30978
STGMSG8.INI,changed,201815,30970,Name,30971,30970
STGMSG8.INI,changed,201873,30973,Name,30974,30973
STGMSG8.INI,changed,201331,30942,Name,30943,30942
STGMSG8.INI,changed,201511,30979,Name,30980,30979
STGMSG8.INI,changed,201555,30981,Name,30982,30981
STGMSG8.INI,changed,201706,30973,Name,30974,30973
STGMSG8.INI,changed,201838,30973,Name,30974,30973
STGMSG8.INI,changed,201516,30979,Name,30980,30979
STGMSG8.INI,changed,201562,30981,Name,30982,30981
STGMSG8.INI,changed,201596,30978,Name,30979,30978
STGMSG8.INI,changed,201950,30973,Name,30974,30973
STGMSG8.INI,changed,201734,30973,Name,30974,30973
STGMSG8.INI,changed,201598,30978,Name,30979,30978
STGMSG8.INI,changed,201399,30975,Name,30976,30975
STGMSG8.INI,changed,201580,30977,Name,30978,30977
STGMSG8.INI,changed,201664,30981,Name,30982,30981
STGMSG8.INI,changed,201981,30973,Name,30974,30973
STGMSG8.INI,changed,201406,30975,Name,30976,30975
STGMSG8.INI,changed,201422,30964,Name,30965,30964
STGMSG8.INI,changed,201955,30973,Name,30974,30973
STGMSG8.INI,changed,201871,30973,Name,30974,30973
STGMSG8.INI,changed,201581,30977,Name,30978,30977
STGMSG8.INI,changed,201908,30973,Name,30974,30973
STGMSG8.INI,changed,201620,30979,Name,30980,30979
STGMSG8.INI,changed,201277,30968,Name,30969,30968
STGMSG8.INI,changed,201300,30970,Name,30971,30970
STGMSG8.INI,changed,201835,30973,Name,30974,30973
STGMSG8.INI,changed,201787,30970,Name,30971,30970
STGMSG8.INI,changed,201185,30965,Name,30966,30965
STGMSG8.INI,changed,201619,30979,Name,30980,30979
STGMSG8.INI,changed,201381,30973,Name,30974,30973
STGMSG8.INI,changed,201560,30981,Name,30982,30981
STGMSG8.INI,changed,201504,30978,Name,30979,30978
STGMSG8.INI,changed,201643,30980,Name,30981,30980
STGMSG8.INI,changed,201155,30964,Name,30965,30964
STGMSG8.INI,changed,201906,30973,Name,30974,30973
STGMSG8.INI,changed,201987,30973,Name,30974,30973
STGMSG8.INI,changed,201379,30973,Name,30974,30973
STGMSG8.INI,changed,201395,30974,Name,30975,30974
STGMSG8.INI,changed,201874,30973,Name,30974,30973
STGMSG8.INI,changed,201225,30967,Name,30968,30967
STGMSG8.INI,changed,201174,30965,Name,30966,30965
STGMSG8.INI,changed,201833,30973,Name,30974,30973
STGMSG8.INI,changed,201836,30973,Name,30974,30973
STGMSG8.INI,changed,201551,30980,Name,30981,30980
STGMSG8.INI,changed,201057,30961,Name,30962,30961
STGMSG8.INI,changed,201758,30970,Name,30971,30970
STGMSG8.INI,changed,201467,30977,Name,30978,30977
STGMSG8.INI,changed,201196,30965,Name,30966,30965
STGMSG8.INI,changed,201515,30979,Name,30980,30979
STGMSG8.INI,changed,201055,30961,Name,30962,30961
STGMSG8.INI,changed,201572,30981,Name,30982,30981
STGMSG8.INI,changed,201238,30967,Name,30968,30967
STGMSG8.INI,changed,201072,30961,Name,30962,30961
STGMSG8.INI,changed,201956,30973,Name,30974,30973
STGMSG8.INI,changed,201329,30942,Name,30943,30942
STGMSG8.INI,changed,201453,30976,Name,30977,30976
STGMSG8.INI,changed,201610,30978,Name,30979,30978
STGMSG8.INI,changed,201614,30978,Name,30979,30978
STGMSG8.INI,changed,201673,30981,Name,30982,30981
STGMSG8.INI,changed,201201,30965,Name,30966,30965
STGMSG8.INI,changed,201263,30968,Name,30969,30968
STGMSG8.INI,changed,201403,30975,Name,30976,30975
STGMSG8.INI,changed,201943,30973,Name,30974,30973
STGMSG8.INI,changed,201924,30973,Name,30974,30973
STGMSG8.INI,changed,201181,30965,Name,30966,30965
STGMSG8.INI,changed,201311,30970,Name,30971,30970
STGMSG8.INI,changed,201457,30977,Name,30978,30977
STGMSG8.INI,changed,201417,30975,Name,30976,30975
STGMSG8.INI,changed,201493,30978,Name,30979,30978
STGMSG8.INI,changed,201870,30973,Name,30974,30973
STGMSG8.INI,changed,201054,30961,Name,30962,30961
STGMSG8.INI,changed,201077,30877,Name,30878,30877
STGMSG8.INI,changed,201851,30973,Name,30974,30973
STGMSG8.INI,changed,201957,30973,Name,30974,30973
STGMSG8.INI,changed,201501,30978,Name,30979,30978
STGMSG8.INI,changed,201361,30972,Name,30973,30972
STGMSG8.INI,changed,201930,30973,Name,30974,30973
STGMSG8.INI,changed,201901,30973,Name,30974,30973
STGMSG8.INI,changed,201522,30979,Name,30980,30979
STGMSG8.INI,changed,201766,30970,Name,30971,30970
STGMSG8.INI,changed,201152,30964,Name,30965,30964
STGMSG8.INI,changed,201401,30975,Name,30976,30975
STGMSG8.INI,changed,201436,30976,Name,30977,30976
STGMSG8.INI,changed,201477,30978,Name,30979,30978
STGMSG8.INI,changed,201189,30965,Name,30966,30965
STGMSG8.INI,changed,201977,30973,Name,30974,30973
STGMSG8.INI,changed,201841,30973,Name,30974,30973
STGMSG8.INI,changed,201763,30970,Name,30971,30970
STGMSG8.INI,changed,201921,30973,Name,30974,30973
STGMSG8.INI,changed,201535,30980,Name,30981,30980
STGMSG8.INI,changed,201275,30968,Name,30969,30968
STGMSG8.INI,changed,201556,30981,Name,30982,30981
STGMSG8.INI,changed,201509,30979,Name,30980,30979
STGMSG8.INI,changed,201662,30981,Name,30982,30981
STGMSG8.INI,changed,201076,30962,Name,30963,30962
STGMSG8.INI,changed,201591,30977,Name,30978,30977
STGMSG8.INI,changed,201588,30977,Name,30978,30977
STGMSG8.INI,changed,201704,30973,Name,30974,30973
STGMSG8.INI,changed,201293,30969,Name,30970,30969
STGMSG8.INI,changed,201538,30980,Name,30981,30980
STGMSG8.INI,changed,201236,30967,Name,30968,30967
STGMSG8.INI,changed,201668,30981,Name,30982,30981
STGMSG8.INI,changed,201552,30980,Name,30981,30980
STGMSG8.INI,changed,201779,30983,Name,30984,30983
STGMSG8.INI,changed,201446,30976,Name,30977,30976
STGMSG8.INI,changed,201926,30973,Name,30974,30973
STGMSG8.INI,changed,201968,30973,Name,30974,30973
STGMSG8.INI,changed,201693,30982,Name,30983,30982
STGMSG8.INI,changed,201982,30973,Name,30974,30973
STGMSG8.INI,changed,201408,30975,Name,30976,30975
STGMSG8.INI,changed,201223,30966,Name,30967,30966
STGMSG8.INI,changed,201172,30965,Name,30966,30965
STGMSG8.INI,changed,201532,30980,Name,30981,30980
STGMSG8.INI,changed,201989,30973,Name,30974,30973
STGMSG8.INI,changed,201220,30966,Name,30967,30966
STGMSG8.INI,changed,201160,30964,Name,30965,30964
STGMSG8.INI,changed,201646,30980,Name,30981,30980
STGMSG8.INI,changed,201387,30973,Name,30974,30973
STGMSG8.INI,changed,201868,30973,Name,30974,30973
STGMSG8.INI,changed,201765,30970,Name,30971,30970
STGMSG8.INI,changed,201308,30942,Name,30943,30942
STGMSG8.INI,changed,201066,30962,Name,30963,30962
STGMSG8.INI,changed,201821,30973,Name,30974,30973
STGMSG8.INI,changed,201679,30981,Name,30982,30981
STGMSG8.INI,changed,201543,30980,Name,30981,30980
STGMSG8.INI,changed,201714,30973,Name,30974,30973
STGMSG8.INI,changed,201893,30973,Name,30974,30973
STGMSG8.INI,changed,201617,30979,Name,30980,30979
STGMSG8.INI,changed,201891,30973,Name,30974,30973
STGMSG8.INI,changed,201709,30973,Name,30974,30973
STGMSG8.INI,changed,201958,30973,Name,30974,30973
STGMSG8.INI,changed,201322,30942,Name,30943,30942
STGMSG8.INI,changed,201170,30965,Name,30966,30965
STGMSG8.INI,changed,201685,30980,Name,30981,30980
STGMSG8.INI,changed,201896,30973,Name,30974,30973
STGMSG8.INI,changed,201925,30973,Name,30974,30973
STGMSG8.INI,changed,201691,30982,Name,30983,30982
STGMSG8.INI,changed,201248,30967,Name,30968,30967
STGMSG8.INI,changed,201469,30977,Name,30978,30977
STGMSG8.INI,changed,201670,30981,Name,30982,30981
STGMSG8.INI,changed,201265,30968,Name,30969,30968
STGMSG8.INI,changed,201972,30973,Name,30974,30973
STGMSG8.INI,changed,201636,30980,Name,30981,30980
STGMSG8.INI,changed,201518,30979,Name,30980,30979
STGMSG8.INI,changed,201676,30981,Name,30982,30981
STGMSG8.INI,changed,201458,30977,Name,30978,30977
STGMSG8.INI,changed,201618,30979,Name,30980,30979
STGMSG8.INI,changed,201862,30973,Name,30974,30973
STGMSG8.INI,changed,201635,30979,Name,30980,30979
STGMSG8.INI,changed,201647,30980,Name,30981,30980
STGMSG8.INI,changed,201287,30969,Name,30970,30969
STGMSG8.INI,changed,201407,30975,Name,30976,30975
STGMSG8.INI,changed,201213,30966,Name,30967,30966
STGMSG8.INI,changed,201638,30980,Name,30981,30980
STGMSG8.INI,changed,201486,30978,Name,30979,30978
STGMSG8.INI,changed,201897,30973,Name,30974,30973
STGMSG8.INI,changed,201804,30970,Name,30971,30970
STGMSG8.INI,changed,201060,30962,Name,30963,30962
STGMSG8.INI,changed,201752,30970,Name,30971,30970
STGMSG8.INI,changed,201378,30973,Name,30974,30973
STGMSG8.INI,changed,201388,30973,Name,30974,30973
STGMSG8.INI,changed,201324,30970,Name,30971,30970
STGMSG8.INI,changed,201420,30964,Name,30965,30964
STGMSG8.INI,changed,201727,30973,Name,30974,30973
STGMSG8.INI,changed,201162,30877,Name,30878,30877
STGMSG8.INI,changed,201770,30983,Name,30984,30983
STGMSG8.INI,changed,201912,30973,Name,30974,30973
STGMSG8.INI,changed,201412,30975,Name,30976,30975
STGMSG8.INI,changed,201587,30977,Name,30978,30977
STGMSG8.INI,changed,201505,30979,Name,30980,30979
STGMSG8.INI,changed,201520,30979,Name,30980,30979
STGMSG8.INI,changed,201848,30973,Name,30974,30973
STGMSG8.INI,changed,201579,30977,Name,30978,30977
STGMSG8.INI,changed,201735,30973,Name,30974,30973
STGMSG8.INI,changed,201462,30977,Name,30978,30977
STGMSG8.INI,changed,201736,30973,Name,30974,30973
STGMSG8.INI,changed,201800,30970,Name,30971,30970
STGMSG8.INI,changed,201911,30973,Name,30974,30973
STGMSG8.INI,changed,201221,30966,Name,30967,30966
STGMSG8.INI,changed,201601,30978,Name,30979,30978
STGMSG8.INI,changed,201801,30983,Name,30984,30983
STGMSG8.INI,changed,201374,30973,Name,30974,30973
STGMSG8.INI,changed,201559,30981,Name,30982,30981
STGMSG8.INI,changed,201960,30973,Name,30974,30973
STGMSG8.INI,changed,201219,30966,Name,30967,30966
STGMSG8.INI,changed,201823,30973,Name,30974,30973
STGMSG8.INI,changed,201489,30978,Name,30979,30978
STGMSG8.INI,changed,201945,30973,Name,30974,30973
STGMSG8.INI,changed,201899,30973,Name,30974,30973
STGMSG8.INI,changed,201312,30942,Name,30943,30942
STGMSG8.INI,changed,201193,30965,Name,30966,30965
STGMSG8.INI,changed,201645,30980,Name,30981,30980
STGMSG8.INI,changed,201625,30979,Name,30980,30979
STGMSG8.INI,changed,201431,30976,Name,30977,30976
STGMSG8.INI,changed,201524,30979,Name,30980,30979
STGMSG8.INI,changed,201844,30973,Name,30974,30973
STGMSG8.INI,changed,201948,30973,Name,30974,30973
STGMSG8.INI,changed,201530,30979,Name,30980,30979
STGMSG8.INI,changed,201173,30965,Name,30966,30965
STGMSG8.INI,changed,201686,30981,Name,30982,30981
STGMSG8.INI,changed,201485,30978,Name,30979,30978
STGMSG8.INI,changed,201402,30975,Name,30976,30975
STGMSG8.INI,changed,201070,30961,Name,30962,30961
STGMSG8.INI,changed,201490,30978,Name,30979,30978
STGMSG8.INI,changed,201655,30980,Name,30981,30980
STGMSG8.INI,changed,201946,30973,Name,30974,30973
STGMSG8.INI,changed,201536,30980,Name,30981,30980
STGMSG8.INI,changed,201887,30973,Name,30974,30973
STGMSG8.INI,changed,201411,30975,Name,30976,30975
STGMSG8.INI,changed,201776,30970,Name,30971,30970
STGMSG8.INI,changed,201892,30973,Name,30974,30973
STGMSG8.INI,changed,201733,30973,Name,30974,30973
STGMSG8.INI,changed,201648,30980,Name,30981,30980
STGMSG8.INI,changed,201165,30965,Name,30966,30965
STGMSG8.INI,changed,201549,30980,Name,30981,30980
STGMSG8.INI,changed,201569,30981,Name,30982,30981
STGMSG8.INI,changed,201380,30973,Name,30974,30973
STGMSG8.INI,changed,201296,30967,Name,30968,30967
STGMSG8.INI,changed,201198,30965,Name,30966,30965
STGMSG8.INI,changed,201852,30973,Name,30974,30973
STGMSG8.INI,changed,201952,30973,Name,30974,30973
STGMSG8.INI,changed,201905,30973,Name,30974,30973
STGMSG8.INI,changed,201442,30976,Name,30977,30976
STGMSG8.INI,changed,201929,30973,Name,30974,30973
STGMSG8.INI,changed,201533,30980,Name,30981,30980
STGMSG8.INI,changed,201979,30973,Name,30974,30973
STGMSG8.INI,changed,201971,30973,Name,30974,30973
STGMSG8.INI,changed,201565,30981,Name,30982,30981
STGMSG8.INI,changed,201702,30973,Name,30974,30973
STGMSG8.INI,changed,201941,30973,Name,30974,30973
STGMSG8.INI,changed,201980,30973,Name,30974,30973
STGMSG8.INI,changed,201164,30965,Name,30966,30965
STGMSG8.INI,changed,201481,30978,Name,30979,30978
STGMSG8.INI,changed,201651,30980,Name,30981,30980
STGMSG8.INI,changed,201778,30970,Name,30971,30970
STGMSG8.INI,changed,201594,30977,Name,30978,30977
STGMSG8.INI,changed,201440,30976,Name,30977,30976
STGMSG8.INI,changed,201468,30977,Name,30978,30977
STGMSG8.INI,changed,201970,30973,Name,30974,30973
STGMSG8.INI,changed,201641,30980,Name,30981,30980
STGMSG8.INI,changed,201719,30964,Name,30965,30964
STGMSG8.INI,changed,201179,30965,Name,30966,30965
STGMSG8.INI,changed,201158,30964,Name,30965,30964
STGMSG8.INI,changed,201653,30980,Name,30981,30980
STGMSG8.INI,changed,201954,30973,Name,30974,30973
STGMSG8.INI,changed,201590,30977,Name,30978,30977
STGMSG8.INI,changed,201628,30979,Name,30980,30979
STGMSG8.INI,changed,201377,30973,Name,30974,30973
STGMSG8.INI,changed,201809,30970,Name,30971,30970
STGMSG8.INI,changed,201931,30973,Name,30974,30973
STGMSG8.INI,changed,201936,30973,Name,30974,30973
STGMSG8.INI,changed,201710,30973,Name,30974,30973
STGMSG8.INI,changed,201928,30973,Name,30974,30973
STGMSG8.INI,changed,201298,30970,Name,30971,30970
STGMSG8.INI,changed,201885,30973,Name,30974,30973
STGMSG8.INI,changed,201644,30980,Name,30981,30980
STGMSG8.INI,changed,201271,30968,Name,30969,30968
STGMSG8.INI,changed,201272,30968,Name,30969,30968
STGMSG8.INI,changed,201849,30973,Name,30974,30973
STGMSG8.INI,changed,201725,30973,Name,30974,30973
STGMSG8.INI,changed,201283,30969,Name,30970,30969
STGMSG8.INI,changed,201358,30972,Name,30973,30972
STGMSG8.INI,changed,201575,30981,Name,30982,30981
STGMSG8.INI,changed,201786,30970,Name,30971,30970
STGMSG8.INI,changed,201316,30942,Name,30943,30942
STGMSG8.INI,changed,201545,30980,Name,30981,30980
STGMSG8.INI,changed,201256,30968,Name,30969,30968
STGMSG8.INI,changed,201754,30983,Name,30984,30983
STGMSG8.INI,changed,201365,30972,Name,30973,30972
STGMSG8.INI,changed,201488,30978,Name,30979,30978
STGMSG8.INI,changed,201604,30978,Name,30979,30978
STGMSG8.INI,changed,201669,30981,Name,30982,30981
STGMSG8.INI,changed,201495,30978,Name,30979,30978
STGMSG8.INI,changed,201797,30970,Name,30971,30970
STGMSG83.INI,changed,222223,31242,Name,31243,31242
STGMSG83.INI,changed,222326,30937,Name,30938,30937
STGMSG83.INI,changed,222083,31242,Name,31243,31242
STGMSG83.INI,changed,222090,31242,Name,31243,31242
STGMSG83.INI,changed,222340,30937,Name,30938,30937
STGMSG83.INI,changed,222337,30937,Name,30938,30937
STGMSG83.INI,changed,222332,30937,Name,30938,30937
STGMSG83.INI,changed,222086,31242,Name,31243,31242
STGMSG83.INI,changed,222080,31242,Name,31243,31242
STGMSG83.INI,changed,222106,31242,Name,31243,31242
STGMSG83.INI,changed,222095,31242,Name,31243,31242
STGMSG83.INI,changed,222334,30937,Name,30938,30937
STGMSG83.INI,changed,222155,31242,Name,31243,31242
STGMSG83.INI,changed,222344,30937,Name,30938,30937
STGMSG83.INI,changed,222315,30937,Name,30938,30937
STGMSG83.INI,changed,222124,31242,Name,31243,31242
STGMSG83.INI,changed,222328,30937,Name,30938,30937
STGMSG83.INI,changed,222316,30937,Name,30938,30937
STGMSG83.INI,changed,222173,31242,Name,31243,31242
STGMSG83.INI,changed,222342,30937,Name,30938,30937
STGMSG83.INI,changed,222341,30937,Name,30938,30937
STGMSG83.INI,changed,222190,31242,Name,31243,31242
STGMSG83.INI,changed,222311,30937,Name,30938,30937
STGMSG83.INI,changed,222075,31242,Name,31243,31242
STGMSG83.INI,changed,222126,31242,Name,31243,31242
STGMSG83.INI,changed,222312,30937,Name,30938,30937
STGMSG83.INI,changed,222073,31242,Name,31243,31242
STGMSG83.INI,changed,222122,31242,Name,31243,31242
STGMSG83.INI,changed,222116,31242,Name,31243,31242
STGMSG83.INI,changed,222221,31242,Name,31243,31242
STGMSG83.INI,changed,222119,31242,Name,31243,31242
STGMSG83.INI,changed,222171,31242,Name,31243,31242
STGMSG83.INI,changed,222108,31242,Name,31243,31242
STGMSG83.INI,changed,222072,31242,Name,31243,31242
STGMSG83.INI,changed,222194,31242,Name,31243,31242
STGMSG83.INI,changed,222345,30937,Name,30938,30937
STGMSG83.INI,changed,222331,30937,Name,30938,30937
STGMSG83.INI,changed,222102,31242,Name,31243,31242
STGMSG83.INI,changed,222135,31242,Name,31243,31242
STGMSG83.INI,changed,222112,31242,Name,31243,31242
STGMSG83.INI,changed,222071,31242,Name,31243,31242
STGMSG83.INI,changed,222121,31242,Name,31243,31242
STGMSG83.INI,changed,222098,31242,Name,31243,31242
STGMSG83.INI,changed,222324,30937,Name,30938,30937
STGMSG83.INI,changed,222318,30937,Name,30938,30937
STGMSG83.INI,changed,222110,31242,Name,31243,31242
STGMSG83.INI,changed,222153,31242,Name,31243,31242
STGMSG83.INI,changed,222117,31242,Name,31243,31242
STGMSG83.INI,changed,222199,31242,Name,31243,31242
STGMSG83.INI,changed,222343,30937,Name,30938,30937
STGMSG83.INI,changed,222143,31242,Name,31243,31242
STGMSG83.INI,changed,222320,30937,Name,30938,30937
STGMSG83.INI,changed,222097,31242,Name,31243,31242
STGMSG83.INI,changed,222077,31242,Name,31243,31242
STGMSG83.INI,changed,222196,31242,Name,31243,31242
STGMSG83.INI,changed,222157,31242,Name,31243,31242
STGMSG83.INI,changed,222099,31242,Name,31243,31242
STGMSG83.INI,changed,222178,31242,Name,31243,31242
STGMSG83.INI,changed,222091,31242,Name,31243,31242
STGMSG83.INI,changed,222088,31242,Name,31243,31242
STGMSG83.INI,changed,222322,30937,Name,30938,30937
STGMSG85.INI,changed,217454,31244,Name,31245,31244
STGMSG85.INI,changed,217041,31218,Name,31219,31218
STGMSG85.INI,changed,217386,31242,Name,31243,31242
STGMSG85.INI,changed,217006,31220,Name,31221,31220
STGMSG85.INI,changed,217103,31234,Name,31235,31234
STGMSG85.INI,changed,217376,31242,Name,31243,31242
STGMSG85.INI,changed,217331,31243,Name,31244,31243
STGMSG85.INI,changed,217054,31221,Name,31222,31221
STGMSG85.INI,changed,217280,31243,Name,31244,31243
STGMSG85.INI,changed,217081,31222,Name,31223,31222
STGMSG85.INI,changed,217104,31235,Name,31236,31235
STGMSG85.INI,changed,217429,31243,Name,31244,31243
STGMSG85.INI,changed,217059,31221,Name,31222,31221
STGMSG85.INI,changed,217020,31224,Name,31225,31224
STGMSG85.INI,changed,217216,31240,Name,31241,31240
STGMSG85.INI,changed,217308,31242,Name,31243,31242
STGMSG85.INI,changed,217271,31242,Name,31243,31242
STGMSG85.INI,changed,217491,31245,Name,31246,31245
STGMSG85.INI,changed,217233,31242,Name,31243,31242
STGMSG85.INI,changed,217254,31242,Name,31243,31242
STGMSG85.INI,changed,217003,31218,Name,31219,31218
STGMSG85.INI,changed,217360,31242,Name,31243,31242
STGMSG85.INI,changed,217392,31242,Name,31243,31242
STGMSG85.INI,changed,217090,31229,Name,31230,31229
STGMSG85.INI,changed,217473,31245,Name,31246,31245
STGMSG85.INI,changed,217099,31232,Name,31233,31232
STGMSG85.INI,changed,217336,31242,Name,31243,31242
STGMSG85.INI,changed,217001,31218,Name,31219,31218
STGMSG85.INI,changed,217475,31245,Name,31246,31245
STGMSG85.INI,changed,217471,31245,Name,31246,31245
STGMSG85.INI,changed,217136,31220,Name,31221,31220
STGMSG85.INI,changed,217272,31243,Name,31244,31243
STGMSG85.INI,changed,217040,31218,Name,31219,31218
STGMSG85.INI,changed,217461,31244,Name,31245,31244
STGMSG85.INI,changed,217230,31243,Name,31244,31243
STGMSG85.INI,changed,217427,31242,Name,31243,31242
STGMSG85.INI,changed,217234,31243,Name,31244,31243
STGMSG85.INI,changed,217418,31242,Name,31243,31242
STGMSG85.INI,changed,217097,31231,Name,31232,31231
STGMSG85.INI,changed,217367,31242,Name,31243,31242
STGMSG85.INI,changed,217019,31223,Name,31224,31223
STGMSG85.INI,changed,217085,31222,Name,31223,31222
STGMSG85.INI,changed,217180,31221,Name,31222,31221
STGMSG85.INI,changed,217488,31245,Name,31246,31245
STGMSG85.INI,changed,217182,31221,Name,31222,31221
STGMSG85.INI,changed,217436,31243,Name,31244,31243
STGMSG85.INI,changed,217321,31242,Name,31243,31242
STGMSG85.INI,changed,217288,31243,Name,31244,31243
STGMSG85.INI,changed,217459,31244,Name,31245,31244
STGMSG85.INI,changed,217071,31222,Name,31223,31222
STGMSG85.INI,changed,217490,31245,Name,31246,31245
STGMSG85.INI,changed,217384,31242,Name,31243,31242
STGMSG85.INI,changed,217330,31242,Name,31243,31242
STGMSG85.INI,changed,217415,31243,Name,31244,31243
STGMSG85.INI,changed,217487,31245,Name,31246,31245
STGMSG85.INI,changed,217484,31245,Name,31246,31245
STGMSG85.INI,changed,217476,31245,Name,31246,31245
STGMSG85.INI,changed,217095,31230,Name,31231,31230
STGMSG85.INI,changed,217162,31220,Name,31221,31220
STGMSG85.INI,changed,217067,31222,Name,31223,31222
STGMSG85.INI,changed,217075,31222,Name,31223,31222
STGMSG85.INI,changed,217290,30889,Name,30890,30889
STGMSG85.INI,changed,217088,31228,Name,31229,31228
STGMSG85.INI,changed,217106,31236,Name,31237,31236
STGMSG85.INI,changed,217036,31218,Name,31219,31218
STGMSG85.INI,changed,217107,31236,Name,31237,31236
STGMSG85.INI,changed,217443,31243,Name,31244,31243
STGMSG85.INI,changed,217167,31221,Name,31222,31221
STGMSG85.INI,changed,217242,31242,Name,31243,31242
STGMSG85.INI,changed,217074,31222,Name,31223,31222
STGMSG85.INI,changed,217296,31243,Name,31244,31243
STGMSG85.INI,changed,217380,31242,Name,31243,31242
STGMSG85.INI,changed,217224,31242,Name,31243,31242
STGMSG85.INI,changed,217159,31220,Name,31221,31220
STGMSG85.INI,changed,217395,31242,Name,31243,31242
STGMSG85.INI,changed,217225,31242,Name,31243,31242
STGMSG85.INI,changed,217341,31242,Name,31243,31242
STGMSG85.INI,changed,217087,31227,Name,31228,31227
STGMSG85.INI,changed,217258,31243,Name,31244,31243
STGMSG85.INI,changed,217175,31221,Name,31222,31221
STGMSG85.INI,changed,217094,31230,Name,31231,31230
STGMSG85.INI,changed,217105,31235,Name,31236,31235
STGMSG85.INI,changed,217117,31218,Name,31219,31218
STGMSG85.INI,changed,217057,31221,Name,31222,31221
STGMSG85.INI,changed,217028,31226,Name,31227,31226
STGMSG85.INI,changed,217431,31242,Name,31243,31242
STGMSG85.INI,changed,217014,31221,Name,31222,31221
STGMSG85.INI,changed,217262,31243,Name,31244,31243
STGMSG85.INI,changed,217102,31234,Name,31235,31234
STGMSG85.INI,changed,217442,31243,Name,31244,31243
STGMSG85.INI,changed,217108,31235,Name,31236,31235
STGMSG85.INI,changed,217323,31242,Name,31243,31242
STGMSG85.INI,changed,217033,31218,Name,31219,31218
STGMSG85.INI,changed,217015,31221,Name,31222,31221
STGMSG85.INI,changed,217438,31243,Name,31244,31243
STGMSG85.INI,changed,217373,31242,Name,31243,31242
STGMSG85.INI,changed,217349,31242,Name,31243,31242
STGMSG85.INI,changed,217127,31219,Name,31220,31219
STGMSG85.INI,changed,217278,31243,Name,31244,31243
STGMSG85.INI,changed,217115,31218,Name,31219,31218
STGMSG85.INI,changed,217264,31243,Name,31244,31243
STGMSG85.INI,changed,217289,31242,Name,31243,31242
STGMSG85.INI,changed,217335,31243,Name,31244,31243
STGMSG85.INI,changed,217038,31218,Name,31219,31218
STGMSG85.INI,changed,217390,31242,Name,31243,31242
STGMSG85.INI,changed,217465,31244,Name,31245,31244
STGMSG85.INI,changed,217155,31220,Name,31221,31220
STGMSG85.INI,changed,217138,31228,Name,31229,31228
STGMSG85.INI,changed,217063,31222,Name,31223,31222
STGMSG85.INI,changed,217032,31218,Name,31219,31218
STGMSG85.INI,changed,217132,31219,Name,31220,31219
STGMSG85.INI,changed,217371,31242,Name,31243,31242
STGMSG85.INI,changed,217407,31243,Name,31244,31243
STGMSG85.INI,changed,217215,31240,Name,31241,31240
STGMSG85.INI,changed,217050,31221,Name,31222,31221
STGMSG85.INI,changed,217046,31221,Name,31222,31221
STGMSG85.INI,changed,217027,31226,Name,31227,31226
STGMSG85.INI,changed,217250,31243,Name,31244,31243
STGMSG85.INI,changed,217464,31244,Name,31245,31244
STGMSG85.INI,changed,217111,31218,Name,31219,31218
STGMSG85.INI,changed,217432,31243,Name,31244,31243
STGMSG85.INI,changed,217179,31221,Name,31222,31221
STGMSG85.INI,changed,217126,31220,Name,31221,31220
STGMSG85.INI,changed,217369,31242,Name,31243,31242
STGMSG85.INI,changed,217109,31236,Name,31237,31236
STGMSG85.INI,changed,217013,31221,Name,31222,31221
STGMSG85.INI,changed,217236,31243,Name,31244,31243
STGMSG85.INI,changed,217134,31219,Name,31220,31219
STGMSG85.INI,changed,217249,31243,Name,31244,31243
STGMSG85.INI,changed,217416,31243,Name,31244,31243
STGMSG85.INI,changed,217348,31242,Name,31243,31242
STGMSG85.INI,changed,217401,31243,Name,31244,31243
STGMSG85.INI,changed,217453,31244,Name,31245,31244
STGMSG85.INI,changed,217273,31242,Name,31243,31242
STGMSG85.INI,changed,217151,31220,Name,31221,31220
STGMSG85.INI,changed,217096,31231,Name,31232,31231
STGMSG85.INI,changed,217089,31228,Name,31229,31228
STGMSG85.INI,changed,217463,31244,Name,31245,31244
STGMSG85.INI,changed,217246,31243,Name,31244,31243
STGMSG85.INI,changed,217268,31243,Name,31244,31243
STGMSG85.INI,changed,217434,31243,Name,31244,31243
STGMSG85.INI,changed,217275,31243,Name,31244,31243
STGMSG85.INI,changed,217034,31218,Name,31219,31218
STGMSG85.INI,changed,217382,31242,Name,31243,31242
STGMSG85.INI,changed,217478,31245,Name,31246,31245
STGMSG85.INI,changed,217428,31243,Name,31244,31243
STGMSG85.INI,changed,217164,31220,Name,31221,31220
STGMSG85.INI,changed,217056,31221,Name,31222,31221
STGMSG85.INI,changed,217324,31242,Name,31243,31242
STGMSG85.INI,changed,217142,31220,Name,31221,31220
STGMSG85.INI,changed,217181,31221,Name,31222,31221
STGMSG85.INI,changed,217010,31221,Name,31222,31221
STGMSG85.INI,changed,217150,31220,Name,31221,31220
STGMSG85.INI,changed,217021,31224,Name,31225,31224
STGMSG85.INI,changed,217235,31242,Name,31243,31242
STGMSG85.INI,changed,217228,31243,Name,31244,31243
STGMSG85.INI,changed,217176,31221,Name,31222,31221
STGMSG85.INI,changed,217023,31225,Name,31226,31225
STGMSG85.INI,changed,217214,31239,Name,31240,31239
STGMSG85.INI,changed,217163,31220,Name,31221,31220
STGMSG85.INI,changed,217482,31245,Name,31246,31245
STGMSG85.INI,changed,217048,31221,Name,31222,31221
STGMSG85.INI,changed,217052,31221,Name,31222,31221
STGMSG85.INI,changed,217295,31242,Name,31243,31242
STGMSG85.INI,changed,217007,31219,Name,31220,31219
STGMSG85.INI,changed,217171,31237,Name,31238,31237
STGMSG85.INI,changed,217158,31220,Name,31221,31220
STGMSG85.INI,changed,217113,31218,Name,31219,31218
STGMSG85.INI,changed,217022,31225,Name,31226,31225
STGMSG85.INI,changed,217213,31239,Name,31240,31239
STGMSG85.INI,changed,217061,31221,Name,31222,31221
STGMSG85.INI,changed,217131,31220,Name,31221,31220
STGMSG85.INI,changed,217011,31221,Name,31222,31221
STGMSG85.INI,changed,217076,31222,Name,31223,31222
STGMSG85.INI,changed,217217,31241,Name,31242,31241
STGMSG85.INI,changed,217344,31242,Name,31243,31242
STGMSG85.INI,changed,217474,31245,Name,31246,31245
STGMSG85.INI,changed,217029,31226,Name,31227,31226
STGMSG85.INI,changed,217083,31222,Name,31223,31222
STGMSG85.INI,changed,217073,31222,Name,31223,31222
STGMSG85.INI,changed,217238,31243,Name,31244,31243
STGMSG85.INI,changed,217044,31218,Name,31219,31218
STGMSG85.INI,changed,217098,31232,Name,31233,31232
STGMSG85.INI,changed,217479,31245,Name,31246,31245
STGMSG85.INI,changed,217024,31226,Name,31227,31226
STGMSG85.INI,changed,217240,31243,Name,31244,31243
STGMSG85.INI,changed,217265,31243,Name,31244,31243
STGMSG85.INI,changed,217093,31230,Name,31231,31230
STGMSG85.INI,changed,217404,31243,Name,31244,31243
STGMSG85.INI,changed,217243,31243,Name,31244,31243
STGMSG85.INI,changed,217362,31242,Name,31243,31242
STGMSG85.INI,changed,217092,31229,Name,31230,31229
STGMSG85.INI,changed,217146,31220,Name,31221,31220
STGMSG85.INI,changed,217322,31242,Name,31243,31242
STGMSG85.INI,changed,217389,31242,Name,31243,31242
STGMSG85.INI,changed,217485,31245,Name,31246,31245
STGMSG85.INI,changed,217030,31218,Name,31219,31218
STGMSG85.INI,changed,217129,31220,Name,31221,31220
STGMSG85.INI,changed,217201,31238,Name,31239,31238
STGMSG85.INI,changed,217123,31218,Name,31219,31218
STGMSG85.INI,changed,217062,31221,Name,31222,31221
STGMSG85.INI,changed,217139,31218,Name,31219,31218
STGMSG85.INI,changed,217387,31242,Name,31243,31242
STGMSG85.INI,changed,217203,30992,Name,30993,30992
STGMSG85.INI,changed,217339,31242,Name,31243,31242
STGMSG85.INI,changed,217016,31222,Name,31223,31222
STGMSG85.INI,changed,217347,31242,Name,31243,31242
STGMSG85.INI,changed,217279,31243,Name,31244,31243
STGMSG85.INI,changed,217009,31220,Name,31221,31220
STGMSG85.INI,changed,217100,31233,Name,31234,31233
STGMSG85.INI,changed,217284,31243,Name,31244,31243
STGMSG85.INI,changed,217409,31242,Name,31243,31242
STGMSG85.INI,changed,217086,31227,Name,31228,31227
STGMSG85.INI,changed,217160,31220,Name,31221,31220
STGMSG85.INI,changed,217261,31243,Name,31244,31243
STGMSG85.INI,changed,217156,31220,Name,31221,31220
STGMSG85.INI,changed,217042,31218,Name,31219,31218
STGMSG85.INI,changed,217184,31221,Name,31222,31221
STGMSG85.INI,changed,217452,31244,Name,31245,31244
STGMSG85.INI,changed,217204,30992,Name,30993,30992
STGMSG85.INI,changed,217338,31242,Name,31243,31242
STGMSG85.INI,changed,217130,31219,Name,31220,31219
STGMSG85.INI,changed,217403,31243,Name,31244,31243
STGMSG85.INI,changed,217058,31221,Name,31222,31221
STGMSG85.INI,changed,217065,31222,Name,31223,31222
STGMSG85.INI,changed,217012,31221,Name,31222,31221
STGMSG85.INI,changed,217060,31221,Name,31222,31221
STGMSG85.INI,changed,217069,31222,Name,31223,31222
STGMSG85.INI,changed,217026,31226,Name,31227,31226
STGMSG85.INI,changed,217422,31243,Name,31244,31243
STGMSG85.INI,changed,217135,31219,Name,31220,31219
STGMSG85.INI,changed,217055,31221,Name,31222,31221
STGMSG85.INI,changed,217018,31223,Name,31224,31223
STGMSG85.INI,changed,217456,31244,Name,31245,31244
STGMSG85.INI,changed,217017,31222,Name,31223,31222
STGMSG85.INI,changed,217247,31243,Name,31244,31243
STGMSG85.INI,changed,217144,31220,Name,31221,31220
STGMSG85.INI,changed,217147,31220,Name,31221,31220
STGMSG85.INI,changed,217402,31243,Name,31244,31243
STGMSG85.INI,changed,217413,31243,Name,31244,31243
STGMSG85.INI,changed,217079,31222,Name,31223,31222
STGMSG85.INI,changed,217137,31237,Name,31238,31237
STGMSG85.INI,changed,217165,31221,Name,31222,31221
STGMSG85.INI,changed,217424,30889,Name,30890,30889
STGMSG85.INI,changed,217257,31243,Name,31244,31243
STGMSG85.INI,changed,217008,31220,Name,31221,31220
STGMSG85.INI,changed,217333,31242,Name,31243,31242
STGMSG85.INI,changed,217166,31221,Name,31222,31221
STGMSG85.INI,changed,217480,31245,Name,31246,31245
STGMSG85.INI,changed,217328,31242,Name,31243,31242
STGMSG85.INI,changed,217153,31220,Name,31221,31220
STGMSG85.INI,changed,217148,31220,Name,31221,31220
STGMSG85.INI,changed,217231,31242,Name,31243,31242
STGMSG85.INI,changed,217283,31242,Name,31243,31242
STGMSG85.INI,changed,217152,31220,Name,31221,31220
STGMSG85.INI,changed,217177,31221,Name,31222,31221
STGMSG85.INI,changed,217119,31218,Name,31219,31218
STGMSG85.INI,changed,217355,31242,Name,31243,31242
STGMSG85.INI,changed,217141,31220,Name,31221,31220
STGMSG85.INI,changed,217411,31243,Name,31244,31243
STGMSG85.INI,changed,217458,31244,Name,31245,31244
STGMSG85.INI,changed,217140,31219,Name,31220,31219
STGMSG85.INI,changed,217101,31233,Name,31234,31233
STGMSG85.INI,changed,217004,31219,Name,31220,31219
STGMSG85.INI,changed,217091,31229,Name,31230,31229
STGMSG85.INI,changed,217326,31242,Name,31243,31242
STGMSG85.INI,changed,217440,31243,Name,31244,31243
STGMSG85.INI,changed,217451,31244,Name,31245,31244
STGMSG85.INI,changed,217253,31243,Name,31244,31243
STGMSG85.INI,changed,217364,31242,Name,31243,31242
STGMSG85.INI,changed,217259,31242,Name,31243,31242
STGMSG85.INI,changed,217121,31218,Name,31219,31218
STGMSG85.INI,changed,217378,31242,Name,31243,31242
STGMSG85.INI,changed,217358,31242,Name,31243,31242
STGMSG85.INI,changed,217124,31218,Name,31219,31218
STGMSG85.INI,changed,217232,31243,Name,31244,31243
STGMSG85.INI,changed,217173,31221,Name,31222,31221
STGMSG85.INI,changed,217077,31222,Name,31223,31222
STGMSG92.INI,changed,226992,30992,Name,30993,30992
STGMSG92.INI,changed,226991,30992,Name,30993,30992
STGMSG92.INI,changed,226996,30995,Name,30996,30995
STGMSG92.INI,changed,226997,30995,Name,30996,30995
