StageID,地圖名稱,怪物ID,怪物名稱,Pic,Lv,Type,終末樓層,代表X,代表Y,出生點數量,來源
1,山林地訓練營,5068,野豬,5063,1,0x00000080,,1503,1966,4,mpc
2,葬劍崖護法院,5067,狂猴,5012,1,0x00000080,,1210,859,5,mpc
3,黑水潭地龍穴,5069,蟾蜍,5064,1,0x00000040,,2662,1389,7,mpc
4,紫霞山養心觀,5066,山犬,5061,1,0x00000080,,1462,2293,4,mpc
5,踏雲頂梵天寺,5070,蜘蛛,5065,1,0x00000040,,768,3303,5,mpc
8,玄州城,5125,小夜叉奴隸,5049,20,0x00000004,,3310,3157,4,mpc
8,玄州城,5126,小夜叉士兵,5050,30,0x00000004,,2323,3126,4,mpc
8,玄州城,5127,小夜叉飛斧手,5051,30,0x00000004,,2964,3793,4,mpc
8,玄州城,5128,夜叉長矛手,5052,35,0x00000004,,1354,4239,2,mpc
8,玄州城,5129,夜叉刀斧手,5053,35,0x00000004,,1012,4177,1,mpc
8,玄州城,5131,夜叉王,5054,80,0x00000004,,1693,4272,1,mpc
9,入雲道,5005,野狼,5005,25,0x00000080,,2222,3600,2,mpc
9,入雲道,5006,雪狼,5006,35,0x00000080,,2446,3184,3,mpc
9,入雲道,5007,劍齒狼,5007,40,0x00000080,,2318,3603,3,mpc
9,入雲道,5012,黑狂猴,5062,15,0x00000080,,800,2639,2,mpc
9,入雲道,5013,狂猴王,5013,35,0x00000080,,700,2712,1,mpc
9,入雲道,5014,白毛巨猿,5014,40,0x00000080,,3206,1486,2,mpc
9,入雲道,5025,石怪,5025,40,0x00000010,,559,3074,2,mpc
9,入雲道,5057,金石怪,5057,60,0x00000010,,1070,3143,2,mpc
10,塞北關,5001,惡犬,5001,15,0x00000080,,2068,2765,4,mpc
10,塞北關,5002,狂犬,5002,20,0x00000080,,1844,2989,3,mpc
10,塞北關,5005,野狼,5005,25,0x00000080,,698,2155,2,mpc
10,塞北關,5006,雪狼,5006,35,0x00000080,,526,3024,3,mpc
10,塞北關,5007,劍齒狼,5007,40,0x00000080,,486,2198,2,mpc
10,塞北關,5033,飛賊,5033,30,0x00000002,,2568,3162,2,mpc
10,塞北關,5034,山賊,5034,30,0x00000002,,1644,4682,3,mpc
10,塞北關,5035,山賊頭目,5035,50,0x00000002,,1666,4590,2,mpc
10,塞北關,5036,山寨大王,5036,50,0x00000002,,1715,4649,1,mpc
10,塞北關,5121,纏身厲鬼,5037,30,0x00000008,,441,4076,1,mpc
10,塞北關,5158,小氣刺客,5122,45,0x00000002,,3257,3628,1,mpc
10,塞北關,5207,阿豹,6006,40,0x00000002,,2969,140,1,mpc
10,塞北關,15987,罣基妖犬,5929,125,0x00000020,,2470,2469,6,mpc
11,惡狼林,5005,野狼,5005,25,0x00000080,,4009,2036,19,mpc
11,惡狼林,5006,雪狼,5006,35,0x00000080,,3502,2704,2,mpc
11,惡狼林,5007,劍齒狼,5007,40,0x00000080,,1275,2259,2,mpc
11,惡狼林,5010,山豬,5010,15,0x00000080,,895,3503,4,mpc
11,惡狼林,5011,大山豬,5011,40,0x00000080,,1549,1298,2,mpc
11,惡狼林,5026,樹精,5026,40,0x00000010,,383,370,2,mpc
11,惡狼林,5058,老樹精,5058,60,0x00000010,,4044,1251,2,mpc
11,惡狼林,5066,山犬,5061,1,0x00000080,,6393,4780,1,mpc
11,惡狼林,5088,埋伏官差,6020,30,0x00000002,,5995,289,1,mpc
11,惡狼林,5144,鏢局成員,6008,30,0x00000002,,825,3404,1,mpc
11,惡狼林,5145,闇盟成員,6009,30,0x00000002,,1081,2668,1,mpc
11,惡狼林,5151,看門打手,6036,20,0x00000002,,6105,3724,1,mpc
11,惡狼林,5152,左右打手,6035,30,0x00000002,,6137,3468,2,mpc
11,惡狼林,5153,幕後首腦,5123,50,0x00000002,,6233,3500,1,mpc
11,惡狼林,5156,黃大官人,6017,15,0x00000002,,569,1836,1,mpc
11,惡狼林,5157,便衣隨扈,5119,45,0x00000002,,635,1776,2,mpc
12,古皇陵近郊,5001,惡犬,5001,15,0x00000080,,2474,378,3,mpc
12,古皇陵近郊,5002,狂犬,5002,20,0x00000080,,4914,1724,2,mpc
12,古皇陵近郊,5010,山豬,5010,15,0x00000080,,7813,4055,9,mpc
12,古皇陵近郊,5011,大山豬,5011,40,0x00000080,,3855,3027,2,mpc
12,古皇陵近郊,5012,黑狂猴,5062,15,0x00000080,,8523,1067,7,mpc
12,古皇陵近郊,5013,狂猴王,5013,35,0x00000080,,9239,886,1,mpc
12,古皇陵近郊,5017,巨蟾蜍,5017,15,0x00000040,,1866,4244,5,mpc
12,古皇陵近郊,5061,大山犬,5061,10,0x00000080,,4213,1469,15,mpc
12,古皇陵近郊,5062,大狂猴,5012,10,0x00000080,,7216,1528,13,mpc
12,古皇陵近郊,5063,大野豬,5063,10,0x00000080,,5648,4037,5,mpc
12,古皇陵近郊,5064,大蟾蜍,5064,10,0x00000040,,1773,3600,5,mpc
12,古皇陵近郊,5087,西域殺手,6008,30,0x00000002,,7084,2289,1,mpc
12,古皇陵近郊,5460,大惡犬,5001,15,0x00000080,,4820,1426,4,mpc
12,古皇陵近郊,5461,大狂犬,5002,20,0x00000080,,4729,1443,4,mpc
12,古皇陵近郊,5479,山犬王,5273,50,0x00000080,,4841,1525,1,mpc
12,古皇陵近郊,9212,疾狩忍者,5643,85,0x00000002,,8185,4396,1,mpc
12,古皇陵近郊,9213,極道浪人,5638,95,0x00000002,,8217,4364,1,mpc
12,古皇陵近郊,9214,精武兵衛,5641,95,0x00000002,,8249,4364,1,mpc
12,古皇陵近郊,9215,鬼嶽將軍,5642,130,0x00000002,,8249,4396,1,mpc
12,古皇陵近郊,9216,惡鬼,5664,105,0x00000004,,8249,4428,1,mpc
12,古皇陵近郊,9217,咒法陰陽師,5647,105,0x00000002,,8217,4428,1,mpc
12,古皇陵近郊,9225,武尊浪人,5639,120,0x00000002,,8185,4460,1,mpc
13,映月泊,5012,黑狂猴,5062,15,0x00000080,,3200,975,6,mpc
13,映月泊,5013,狂猴王,5013,35,0x00000080,,4378,1038,1,mpc
13,映月泊,5017,巨蟾蜍,5017,15,0x00000040,,1631,2839,15,mpc
13,映月泊,5019,冰蟾蜍,5019,20,0x00000040,,1119,2743,4,mpc
13,映月泊,5027,水鬼,5027,40,0x00000010,,3544,5017,1,mpc
13,映月泊,5033,飛賊,5033,30,0x00000002,,1629,3503,17,mpc
13,映月泊,5034,山賊,5034,30,0x00000002,,1523,3500,16,mpc
13,映月泊,5035,山賊頭目,5035,50,0x00000002,,1110,5011,4,mpc
13,映月泊,5036,山寨大王,5036,50,0x00000002,,887,4902,1,mpc
13,映月泊,5059,惡水鬼,5059,60,0x00000010,,3023,5126,1,mpc
13,映月泊,5064,大蟾蜍,5064,10,0x00000040,,2239,1590,6,mpc
13,映月泊,5088,埋伏官差,6020,30,0x00000002,,4121,204,2,mpc
13,映月泊,9212,疾狩忍者,5643,85,0x00000002,,3993,1932,1,mpc
13,映月泊,9214,精武兵衛,5641,95,0x00000002,,4249,2060,1,mpc
13,映月泊,9215,鬼嶽將軍,5642,130,0x00000002,,4345,2124,1,mpc
13,映月泊,9217,咒法陰陽師,5647,105,0x00000002,,4121,1996,1,mpc
14,釣日村,5001,惡犬,5001,15,0x00000080,,3398,513,3,mpc
14,釣日村,5002,狂犬,5002,20,0x00000080,,3474,460,3,mpc
14,釣日村,5063,大野豬,5063,10,0x00000080,,1286,624,2,mpc
14,釣日村,5122,船老大,6016,30,0x00000008,,275,2303,1,mpc
14,釣日村,5143,惡劣債主,6034,15,0x00000002,,1561,2636,1,mpc
14,釣日村,5163,釣日劍俠,6054,60,0x00000002,,4144,2162,1,mpc
14,釣日村,9204,倭國下忍,5691,70,0x00000002,,3291,2499,10,mpc
14,釣日村,9212,疾狩忍者,5643,85,0x00000002,,2814,1827,1,mpc
14,釣日村,9213,極道浪人,5638,95,0x00000002,,2969,1964,1,mpc
14,釣日村,9214,精武兵衛,5641,95,0x00000002,,3161,2092,1,mpc
14,釣日村,9215,鬼嶽將軍,5642,130,0x00000002,,3257,2156,1,mpc
14,釣日村,9218,倭國密探,5644,100,0x00000002,,4734,3694,1,mpc
15,平西關,5001,惡犬,5001,15,0x00000080,,7110,663,2,mpc
15,平西關,5002,狂犬,5002,20,0x00000080,,6976,547,2,mpc
15,平西關,5003,屍犬,5003,25,0x00000008,,7137,189,1,mpc
15,平西關,5017,巨蟾蜍,5017,15,0x00000040,,4475,3367,4,mpc
15,平西關,5018,火蟾蜍,5018,20,0x00000040,,3418,3231,3,mpc
15,平西關,5061,大山犬,5061,10,0x00000080,,6004,1992,3,mpc
15,平西關,5064,大蟾蜍,5064,10,0x00000040,,4179,3372,2,mpc
15,平西關,5149,西域番僧,5090,35,0x00000002,,3865,300,1,mpc
15,平西關,5576,蟾蜍怪客,5359,80,0x00000020,,1369,1456,5,mpc
16,望星坡,5001,惡犬,5001,15,0x00000080,,1364,1389,2,mpc
16,望星坡,5003,屍犬,5003,25,0x00000008,,1365,2854,3,mpc
16,望星坡,5010,山豬,5010,15,0x00000080,,3359,1679,3,mpc
16,望星坡,5021,巨蜘蛛,5021,15,0x00000040,,3869,1894,4,mpc
16,望星坡,5022,斑紋蜘蛛,5022,30,0x00000040,,4381,1606,2,mpc
16,望星坡,5028,火妖,5028,40,0x00000010,,1276,3027,2,mpc
16,望星坡,5037,遊魂,5037,30,0x00000008,,1585,2985,1,mpc
16,望星坡,5060,邪火妖,5060,60,0x00000010,,1343,3034,1,mpc
16,望星坡,5065,大蜘蛛,5065,10,0x00000040,,3694,2068,4,mpc
16,望星坡,5117,啞巴殺手,6036,30,0x00000002,,2569,2385,1,mpc
17,碧波谷徑,5008,老虎,5008,50,0x00000080,,3849,1860,1,mpc
17,碧波谷徑,5017,巨蟾蜍,5017,15,0x00000040,,735,2808,1,mpc
17,碧波谷徑,5018,火蟾蜍,5018,20,0x00000040,,472,1597,3,mpc
17,碧波谷徑,5020,毒蟾蜍,5020,25,0x00000040,,2746,1492,5,mpc
17,碧波谷徑,5021,巨蜘蛛,5021,15,0x00000040,,3060,2866,7,mpc
17,碧波谷徑,5022,斑紋蜘蛛,5022,30,0x00000040,,3074,2766,4,mpc
17,碧波谷徑,5023,鬼面蜘蛛,5023,40,0x00000020,,3131,2710,4,mpc
17,碧波谷徑,5025,石怪,5025,40,0x00000010,,2861,329,2,mpc
17,碧波谷徑,5026,樹精,5026,40,0x00000010,,2628,4016,2,mpc
17,碧波谷徑,5057,金石怪,5057,60,0x00000010,,2779,321,2,mpc
17,碧波谷徑,5058,老樹精,5058,60,0x00000010,,2689,3989,2,mpc
17,碧波谷徑,5117,啞巴殺手,6036,30,0x00000002,,2035,3503,1,mpc
17,碧波谷徑,5144,鏢局成員,6008,30,0x00000002,,1529,2220,1,mpc
17,碧波谷徑,5145,闇盟成員,6009,30,0x00000002,,1337,1708,1,mpc
17,碧波谷徑,5150,邪惡道人,5087,40,0x00000002,,5049,1164,1,mpc
17,碧波谷徑,5162,候捕快,6018,60,0x00000002,,2085,3510,1,mpc
18,猢猻嶺,5011,大山豬,5011,40,0x00000080,,4334,1174,1,mpc
18,猢猻嶺,5012,黑狂猴,5062,15,0x00000080,,2085,1752,3,mpc
18,猢猻嶺,5013,狂猴王,5013,35,0x00000080,,3382,2768,1,mpc
18,猢猻嶺,5015,紅毛巨猿,5015,40,0x00000080,,382,1972,4,mpc
18,猢猻嶺,5016,食人巨猿,5016,50,0x00000080,,611,2452,1,mpc
18,猢猻嶺,5034,山賊,5034,30,0x00000002,,2745,2220,3,mpc
18,猢猻嶺,5035,山賊頭目,5035,50,0x00000002,,2681,1164,1,mpc
18,猢猻嶺,5062,大狂猴,5012,10,0x00000080,,3009,2304,3,mpc
18,猢猻嶺,5118,欽犯黨羽,6034,40,0x00000002,,1543,2531,2,mpc
18,猢猻嶺,5119,欽犯胡濤,6009,60,0x00000002,,2617,1420,2,mpc
18,猢猻嶺,5120,黑衣無賴,6053,30,0x00000002,,2457,204,1,mpc
18,猢猻嶺,5164,湯捕快,6018,60,0x00000002,,1477,2550,1,mpc
18,猢猻嶺,5165,史捕快,6018,60,0x00000002,,2533,1462,1,mpc
18,猢猻嶺,5166,小流氓,6053,60,0x00000002,,240,1808,1,mpc
19,封神臺,5008,老虎,5008,50,0x00000080,,1721,1766,6,mpc
19,封神臺,5009,食人虎,5009,60,0x00000080,,3516,1780,1,mpc
19,封神臺,5010,山豬,5010,15,0x00000080,,287,4399,8,mpc
19,封神臺,5011,大山豬,5011,40,0x00000080,,237,3666,4,mpc
19,封神臺,5033,飛賊,5033,30,0x00000002,,2301,4399,32,mpc
19,封神臺,5034,山賊,5034,30,0x00000002,,2429,4211,27,mpc
19,封神臺,5035,山賊頭目,5035,50,0x00000002,,2186,3977,5,mpc
19,封神臺,5036,山寨大王,5036,50,0x00000002,,1303,4038,2,mpc
19,封神臺,5066,山犬,5061,1,0x00000080,,89,44,1,mpc
19,封神臺,5124,山寨小賊,6009,30,0x00000002,,601,5292,1,mpc
19,封神臺,14601,昇龍草,5758,1,0x00002000,,453,5345,5,mpc
20,獄門峽,5037,遊魂,5037,30,0x00000008,,3620,3189,1,mpc
20,獄門峽,5049,小夜叉奴隸,5049,20,0x00000004,,707,3319,1,mpc
20,獄門峽,5050,小夜叉士兵,5050,30,0x00000004,,467,2613,2,mpc
20,獄門峽,5051,小夜叉飛斧手,5051,30,0x00000004,,581,3372,2,mpc
20,獄門峽,5053,夜叉刀斧手,5053,35,0x00000004,,413,2531,1,mpc
20,獄門峽,5123,超巨靈魔王,5056,99,0x00000004,,3105,2643,1,mpc
20,獄門峽,5125,小夜叉奴隸,5049,20,0x00000004,,1625,1868,4,mpc
20,獄門峽,5126,小夜叉士兵,5050,30,0x00000004,,1145,3276,9,mpc
20,獄門峽,5127,小夜叉飛斧手,5051,30,0x00000004,,2105,1196,6,mpc
20,獄門峽,5128,夜叉長矛手,5052,35,0x00000004,,2041,1260,9,mpc
20,獄門峽,5129,夜叉刀斧手,5053,35,0x00000004,,2361,1516,8,mpc
20,獄門峽,5130,巨靈魔,5055,60,0x00000004,,2680,697,2,mpc
20,獄門峽,5131,夜叉王,5054,80,0x00000004,,2941,2768,3,mpc
20,獄門峽,5132,魔軍物資,5996,1,0x00002000,,1405,2928,12,mpc
20,獄門峽,5154,射鵰高手,6009,50,0x00000002,,1337,1964,1,mpc
20,獄門峽,5155,軍營逃犯,5121,50,0x00000002,,1460,1906,1,mpc
20,獄門峽,5206,方洪保,6034,55,0x00000002,,857,4268,1,mpc
21,鬼城,5003,屍犬,5003,25,0x00000008,,1648,3926,6,mpc
21,鬼城,5039,殭屍,5039,25,0x00000008,,7447,2410,3,mpc
21,鬼城,5450,萬嗔惡靈,5282,80,0x00000008,,3284,548,5,mpc
21,鬼城,5474,屍妖,5039,25,0x00000008,,3076,2797,6,mpc
21,鬼城,5475,幽魂,5037,30,0x00000008,,2918,3021,2,mpc
21,鬼城,5476,嗜血屍妖,5040,40,0x00000008,,3224,2908,2,mpc
21,鬼城,5477,幽駭犬,5004,40,0x00000008,,3153,3059,2,mpc
21,鬼城,5478,怨靈,5277,60,0x00000008,,3041,2937,1,mpc
22,鎮南關,5574,夜叉刺客,5357,80,0x00000004,,1175,3278,3,mpc
23,巨猿洞窟一層,5015,紅毛巨猿,5015,40,0x00000080,,2716,2528,19,mpc
23,巨猿洞窟一層,5016,食人巨猿,5016,50,0x00000080,,2478,1384,6,mpc
23,巨猿洞窟一層,5017,巨蟾蜍,5017,15,0x00000040,,3036,3641,6,mpc
23,巨猿洞窟一層,5018,火蟾蜍,5018,20,0x00000040,,699,4366,4,mpc
24,巨猿洞窟二層,5015,紅毛巨猿,5015,40,0x00000080,,4774,439,5,mpc
24,巨猿洞窟二層,5016,食人巨猿,5016,50,0x00000080,,4148,507,4,mpc
24,巨猿洞窟二層,5018,火蟾蜍,5018,20,0x00000040,,4063,1847,5,mpc
24,巨猿洞窟二層,5098,狂猿,5096,30,0x00000080,,2793,1300,5,mpc
24,巨猿洞窟二層,5099,巨狂猿,5097,45,0x00000080,,3798,2059,3,mpc
24,巨猿洞窟二層,5100,綠毛狂猿,5098,60,0x00000080,,3411,1027,1,mpc
24,巨猿洞窟二層,5106,小蠍子,5105,15,0x00000040,,1635,2006,4,mpc
24,巨猿洞窟二層,5108,赤蠍子,5107,25,0x00000040,,1728,2525,3,mpc
25,古皇陵第一層,5021,巨蜘蛛,5021,15,0x00000040,,5203,2046,4,mpc
25,古皇陵第一層,5022,斑紋蜘蛛,5022,30,0x00000040,,5073,1705,1,mpc
25,古皇陵第一層,5043,士兵俑,5043,50,0x00000200,,6839,635,18,mpc
25,古皇陵第一層,5080,巨鼠,5066,10,0x00000080,,4500,2490,10,mpc
25,古皇陵第一層,5081,巨灰鼠,5067,15,0x00000080,,4688,2040,6,mpc
25,古皇陵第一層,5082,食屍巨鼠,5068,20,0x00000080,,5871,1532,4,mpc
25,古皇陵第一層,5083,蝙蝠,5069,10,0x00000080,,3796,2571,8,mpc
25,古皇陵第一層,5084,灰蝙蝠,5070,15,0x00000080,,5159,1731,8,mpc
25,古皇陵第一層,5085,巨蝙蝠,5071,20,0x00000080,,5219,1716,4,mpc
25,古皇陵第一層,5086,士兵俑,5043,50,0x00000200,,6839,635,18,mpc
26,古皇陵第二層,5022,斑紋蜘蛛,5022,30,0x00000040,,5988,920,5,mpc
26,古皇陵第二層,5043,士兵俑,5043,50,0x00000200,,3982,2362,13,mpc
26,古皇陵第二層,5044,士兵俑,5044,50,0x00000200,,4046,2394,21,mpc
26,古皇陵第二層,5045,士兵俑,5045,50,0x00000200,,3726,1241,16,mpc
26,古皇陵第二層,5046,力士俑,5046,60,0x00000200,,6324,1748,15,mpc
26,古皇陵第二層,5047,力士俑,5047,60,0x00000200,,847,1714,2,mpc
26,古皇陵第二層,5081,巨灰鼠,5067,15,0x00000080,,2340,2307,3,mpc
26,古皇陵第二層,5082,食屍巨鼠,5068,20,0x00000080,,3836,2527,8,mpc
26,古皇陵第二層,5084,灰蝙蝠,5070,15,0x00000080,,2158,2448,3,mpc
26,古皇陵第二層,5085,巨蝙蝠,5071,20,0x00000080,,3123,1389,9,mpc
27,猛鬼窟第一層,5003,屍犬,5003,25,0x00000008,,4336,3528,4,mpc
27,猛鬼窟第一層,5004,幽冥犬,5004,40,0x00000008,,2880,2588,3,mpc
27,猛鬼窟第一層,5029,毒血屍,5029,50,0x00000008,,1162,3998,2,mpc
27,猛鬼窟第一層,5037,遊魂,5037,30,0x00000008,,5293,1312,9,mpc
27,猛鬼窟第一層,5038,冤魂,5038,50,0x00000008,,6026,362,3,mpc
27,猛鬼窟第一層,5039,殭屍,5039,25,0x00000008,,4154,3070,18,mpc
27,猛鬼窟第一層,5040,血屍,5040,35,0x00000008,,3113,2201,4,mpc
27,猛鬼窟第一層,5041,毒殭屍,5041,35,0x00000008,,5778,410,4,mpc
28,猛鬼窟第二層,5029,毒血屍,5029,50,0x00000008,,1164,2258,3,mpc
28,猛鬼窟第二層,5030,骷髏士兵,5030,40,0x00000008,,2605,984,6,mpc
28,猛鬼窟第二層,5031,骷髏弓手,5031,40,0x00000008,,3808,548,6,mpc
28,猛鬼窟第二層,5032,白骨精,5032,80,0x00000008,,3906,614,2,mpc
28,猛鬼窟第二層,5037,遊魂,5037,30,0x00000008,,695,962,3,mpc
28,猛鬼窟第二層,5038,冤魂,5038,50,0x00000008,,3126,2747,3,mpc
28,猛鬼窟第二層,5042,吸血殭屍,5042,70,0x00000008,,4314,2686,2,mpc
29,鎮南關密道,5081,巨灰鼠,5067,15,0x00000080,,3518,2390,3,mpc
29,鎮南關密道,5082,食屍巨鼠,5068,20,0x00000080,,3474,2360,2,mpc
29,鎮南關密道,5084,灰蝙蝠,5070,15,0x00000080,,5028,1474,3,mpc
29,鎮南關密道,5085,巨蝙蝠,5071,20,0x00000080,,2262,1287,2,mpc
29,鎮南關密道,5182,巨蜈蚣,5126,30,0x00000040,,2391,1211,7,mpc
29,鎮南關密道,5183,箭蜈蚣,5127,45,0x00000040,,3082,861,4,mpc
29,鎮南關密道,5185,翠蛇,5129,30,0x00000040,,4951,2613,6,mpc
29,鎮南關密道,5186,灰巨蟒,5130,45,0x00000040,,3675,2559,4,mpc
29,鎮南關密道,5452,蒙面賊寇,5284,65,0x00000002,,2702,2355,7,mpc
29,鎮南關密道,5480,攔路賊,5122,35,0x00000002,,5777,1348,5,mpc
29,鎮南關密道,5481,惡土匪,5123,45,0x00000002,,1540,467,4,mpc
29,鎮南關密道,5482,賊寇,5121,40,0x00000002,,1447,467,4,mpc
29,鎮南關密道,5483,賊寇頭目,5124,80,0x00000002,,4209,2733,3,mpc
29,鎮南關密道,5484,糧車,5283,50,0x00002000,,4369,2826,3,mpc
30,百妖穴第一層,5017,巨蟾蜍,5017,15,0x00000040,,1444,2942,3,mpc
30,百妖穴第一層,5018,火蟾蜍,5018,20,0x00000040,,4678,2385,5,mpc
30,百妖穴第一層,5019,冰蟾蜍,5019,20,0x00000040,,3014,2869,4,mpc
30,百妖穴第一層,5020,毒蟾蜍,5020,25,0x00000040,,4491,2414,4,mpc
30,百妖穴第一層,5021,巨蜘蛛,5021,15,0x00000040,,5602,3153,15,mpc
30,百妖穴第一層,5022,斑紋蜘蛛,5022,30,0x00000040,,4039,4688,6,mpc
30,百妖穴第一層,5023,鬼面蜘蛛,5023,40,0x00000020,,5323,1408,5,mpc
30,百妖穴第一層,5024,妖面蜘蛛,5024,60,0x00000020,,7029,1159,3,mpc
30,百妖穴第一層,5223,蟾蜍精,5151,40,0x00000020,,4212,2171,2,mpc
30,百妖穴第一層,5225,蜘蛛精,5153,70,0x00000020,,1909,1171,1,mpc
31,試煉之窟,5066,山犬,5061,1,0x00000080,,2178,2708,5,mpc
31,試煉之窟,5067,狂猴,5012,1,0x00000080,,972,2989,7,mpc
31,試煉之窟,5068,野豬,5063,1,0x00000080,,1704,2521,5,mpc
31,試煉之窟,5069,蟾蜍,5064,1,0x00000040,,1492,2805,5,mpc
31,試煉之窟,5070,蜘蛛,5065,1,0x00000040,,1744,2256,5,mpc
31,試煉之窟,5531,大蟾蜍,5064,10,0x00000040,,2479,4992,6,mpc
31,試煉之窟,5532,大蜘蛛,5065,10,0x00000040,,3694,4000,6,mpc
31,試煉之窟,5533,大山犬,5061,10,0x00000080,,1546,4215,6,mpc
31,試煉之窟,5534,大狂猴,5012,10,0x00000080,,3937,5350,6,mpc
31,試煉之窟,5535,大野豬,5063,10,0x00000080,,943,4886,6,mpc
31,試煉之窟,5536,惡犬,5001,15,0x00000080,,4520,4667,6,mpc
31,試煉之窟,5537,巨蟾蜍,5017,15,0x00000040,,5438,3592,6,mpc
31,試煉之窟,5538,巨蜘蛛,5021,15,0x00000040,,5239,2385,6,mpc
31,試煉之窟,5539,山豬,5010,15,0x00000080,,5340,4509,6,mpc
31,試煉之窟,5540,黑狂猴,5062,15,0x00000080,,4216,2753,6,mpc
31,試煉之窟,5541,狂犬,5002,20,0x00000080,,5210,3702,6,mpc
31,試煉之窟,5542,野狼,5005,25,0x00000080,,5016,681,4,mpc
31,試煉之窟,5543,殭屍,5039,25,0x00000008,,5492,854,4,mpc
31,試煉之窟,5544,飛賊,5033,30,0x00000002,,5138,1636,4,mpc
31,試煉之窟,5545,山賊,5034,30,0x00000002,,4447,708,4,mpc
31,試煉之窟,5546,邪教弟子,5088,30,0x00000002,,3783,1739,3,mpc
31,試煉之窟,5547,大山豬,5011,40,0x00000080,,1550,327,3,mpc
31,試煉之窟,5548,劍齒狼,5007,40,0x00000080,,1824,1117,3,mpc
31,試煉之窟,5549,邪教道士,5087,40,0x00000002,,2631,2280,3,mpc
31,試煉之窟,5550,土匪,5123,40,0x00000002,,2686,1041,3,mpc
31,試煉之窟,5551,土行者,5149,40,0x00000004,,2694,1319,3,mpc
32,萬人塚第一層,5002,狂犬,5002,20,0x00000080,,1473,492,1,mpc
32,萬人塚第一層,5003,屍犬,5003,25,0x00000008,,1197,386,2,mpc
32,萬人塚第一層,5017,巨蟾蜍,5017,15,0x00000040,,4415,1495,24,mpc
32,萬人塚第一層,5018,火蟾蜍,5018,20,0x00000040,,5621,506,2,mpc
32,萬人塚第一層,5019,冰蟾蜍,5019,20,0x00000040,,2751,503,2,mpc
32,萬人塚第一層,5020,毒蟾蜍,5020,25,0x00000040,,3391,2199,2,mpc
32,萬人塚第一層,5039,殭屍,5039,25,0x00000008,,1847,1290,4,mpc
33,萬人塚第二層,5003,屍犬,5003,25,0x00000008,,6860,994,6,mpc
33,萬人塚第二層,5004,幽冥犬,5004,40,0x00000008,,3966,2684,2,mpc
33,萬人塚第二層,5027,水鬼,5027,40,0x00000010,,4528,2950,2,mpc
33,萬人塚第二層,5028,火妖,5028,40,0x00000010,,4477,1274,2,mpc
33,萬人塚第二層,5029,毒血屍,5029,50,0x00000008,,1496,2894,1,mpc
33,萬人塚第二層,5032,白骨精,5032,80,0x00000008,,1404,2953,1,mpc
33,萬人塚第二層,5039,殭屍,5039,25,0x00000008,,5611,1558,18,mpc
33,萬人塚第二層,5040,血屍,5040,35,0x00000008,,2275,2490,2,mpc
33,萬人塚第二層,5041,毒殭屍,5041,35,0x00000008,,3903,2737,6,mpc
35,烈火靈界通道,5101,火界鬼卒,5099,45,0x00000020,,4439,2777,26,mpc
35,烈火靈界通道,5134,火界妖靈,5115,55,0x00000020,,3393,1408,6,mpc
35,烈火靈界通道,5137,火麟獸,5102,60,0x00001000,,1705,3177,2,mpc
36,瘴癘靈界通道,5102,毒界鬼卒,5100,45,0x00000020,,4048,2822,26,mpc
36,瘴癘靈界通道,5135,毒界妖靈,5116,55,0x00000020,,3564,2908,6,mpc
36,瘴癘靈界通道,5138,毒麟獸,5103,60,0x00001000,,5297,2338,2,mpc
37,怒雪靈界通道,5103,冰界鬼卒,5101,45,0x00000020,,4106,2556,26,mpc
37,怒雪靈界通道,5136,冰界妖靈,5117,55,0x00000020,,4444,2156,6,mpc
37,怒雪靈界通道,5139,冰麟獸,5104,60,0x00001000,,5760,1402,2,mpc
38,火雲洞府,5101,火界鬼卒,5099,45,0x00000020,,4228,2495,21,mpc
38,火雲洞府,5134,火界妖靈,5115,55,0x00000020,,2752,2641,12,mpc
38,火雲洞府,5137,火麟獸,5102,60,0x00001000,,3419,2738,8,mpc
38,火雲洞府,5140,火雲麒麟,5108,99,0x00001000,,5179,1494,1,mpc
38,火雲洞府,5177,火雲麒麟,5108,90,0x00001000,,5193,1551,1,mpc
39,蠱毒洞府,5102,毒界鬼卒,5100,45,0x00000020,,3958,3020,27,mpc
39,蠱毒洞府,5135,毒界妖靈,5116,55,0x00000020,,3218,2869,14,mpc
39,蠱毒洞府,5138,毒麟獸,5103,60,0x00001000,,3353,2931,8,mpc
39,蠱毒洞府,5141,蠱毒麒麟,5109,99,0x00001000,,4080,2223,1,mpc
39,蠱毒洞府,5178,蠱毒麒麟,5109,90,0x00001000,,4102,2257,1,mpc
40,怒雪洞府,5103,冰界鬼卒,5101,45,0x00000020,,7796,2451,23,mpc
40,怒雪洞府,5136,冰界妖靈,5117,55,0x00000020,,7488,2161,14,mpc
40,怒雪洞府,5139,冰麟獸,5104,60,0x00001000,,7931,2251,9,mpc
40,怒雪洞府,5142,怒雪麒麟,5110,99,0x00001000,,8760,1423,1,mpc
40,怒雪洞府,5179,怒雪麒麟,5110,90,0x00001000,,8777,1452,1,mpc
42,天山雪道,5006,雪狼,5006,35,0x00000080,,3099,3491,9,mpc
42,天山雪道,5014,白毛巨猿,5014,40,0x00000080,,5669,2190,9,mpc
42,天山雪道,5019,冰蟾蜍,5019,20,0x00000040,,4448,2228,10,mpc
42,天山雪道,5092,花和尚,5090,35,0x00000002,,3780,2845,14,mpc
42,天山雪道,5093,破戒僧,5091,50,0x00000002,,3317,2446,16,mpc
42,天山雪道,5094,嗜血頭陀,5092,80,0x00000002,,4263,3220,1,mpc
42,天山雪道,5105,秘法僧,5112,70,0x00000002,,4415,3213,2,mpc
42,天山雪道,9198,南野誠,5692,80,0x00000002,,7004,1609,1,mpc
43,碧波幽谷,5098,狂猿,5096,30,0x00000080,,3910,3053,7,mpc
43,碧波幽谷,5099,巨狂猿,5097,45,0x00000080,,3575,2747,4,mpc
43,碧波幽谷,5100,綠毛狂猿,5098,60,0x00000080,,4780,2602,1,mpc
43,碧波幽谷,5111,大盜,5122,35,0x00000002,,6640,1244,3,mpc
43,碧波幽谷,5112,大盜,5120,35,0x00000002,,6023,1538,6,mpc
43,碧波幽谷,5114,流寇,5118,30,0x00000002,,5273,4318,3,mpc
43,碧波幽谷,5115,流寇頭子,5119,40,0x00000002,,5173,4354,2,mpc
43,碧波幽谷,5116,江洋大盜,5124,60,0x00000002,,7198,952,1,mpc
43,碧波幽谷,5133,大盜,5121,40,0x00000002,,6399,1359,5,mpc
43,碧波幽谷,5147,土匪,5123,40,0x00000002,,2077,2117,9,mpc
43,碧波幽谷,5467,冬興堂主,5274,80,0x00000002,,1235,3256,1,mpc
43,碧波幽谷,5468,冬興打手,6006,70,0x00000002,,1322,3222,2,mpc
43,碧波幽谷,5469,山蓮首領,6054,80,0x00000002,,5145,4268,1,mpc
43,碧波幽谷,5470,山蓮打手,6052,70,0x00000002,,5177,4428,3,mpc
43,碧波幽谷,5471,鴻星扛把子,5275,85,0x00000002,,5160,1330,1,mpc
43,碧波幽谷,5472,鴻星打手,5285,70,0x00000002,,5986,695,3,mpc
43,碧波幽谷,5473,鴻星火藥惡棍,5289,70,0x00000002,,6686,1178,4,mpc
44,飛仙岩,5089,邪教弟子,5088,30,0x00000002,,4045,3433,10,mpc
44,飛仙岩,5090,邪教道士,5087,40,0x00000002,,5799,2167,15,mpc
44,飛仙岩,5091,邪教道長,5089,60,0x00000002,,5945,2240,8,mpc
44,飛仙岩,5104,邪魔尊者,5111,80,0x00000002,,6077,724,1,mpc
44,飛仙岩,5109,巨蠍子,5113,40,0x00000040,,4356,2525,3,mpc
44,飛仙岩,5110,蠍子王,5114,50,0x00000040,,4776,2699,2,mpc
45,朝天嶺,5089,邪教弟子,5088,30,0x00000002,,2921,2277,2,mpc
45,朝天嶺,5090,邪教道士,5087,40,0x00000002,,3496,2114,5,mpc
45,朝天嶺,5091,邪教道長,5089,60,0x00000002,,2760,2282,1,mpc
45,朝天嶺,5104,邪魔尊者,5111,80,0x00000002,,2813,2142,1,mpc
45,朝天嶺,5107,藍尾蠍,5106,15,0x00000040,,3723,3111,2,mpc
45,朝天嶺,5109,巨蠍子,5113,40,0x00000040,,700,676,3,mpc
45,朝天嶺,5110,蠍子王,5114,50,0x00000040,,803,660,1,mpc
46,烈火修煉場,5060,邪火妖,5060,60,0x00000010,,375,565,2,mpc
46,烈火修煉場,5101,火界鬼卒,5099,45,0x00000020,,1492,1107,2,mpc
46,烈火修煉場,5167,火雲麒麟,5108,90,0x00001000,,2889,559,1,mpc
47,瘴癘修煉場,5058,老樹精,5058,60,0x00000010,,396,515,2,mpc
47,瘴癘修煉場,5102,毒界鬼卒,5100,45,0x00000020,,1524,1075,2,mpc
47,瘴癘修煉場,5168,蠱毒麒麟,5109,90,0x00001000,,2918,561,1,mpc
48,怒雪修煉場,5059,惡水鬼,5059,60,0x00000010,,450,518,2,mpc
48,怒雪修煉場,5103,冰界鬼卒,5101,45,0x00000020,,1524,1107,2,mpc
48,怒雪修煉場,5169,怒雪麒麟,5110,90,0x00001000,,2825,588,1,mpc
49,朝天觀,5089,邪教弟子,5088,30,0x00000002,,5988,2434,5,mpc
49,朝天觀,5090,邪教道士,5087,40,0x00000002,,5222,2622,8,mpc
49,朝天觀,5091,邪教道長,5089,60,0x00000002,,8514,2465,2,mpc
49,朝天觀,5104,邪魔尊者,5111,80,0x00000002,,5691,538,1,mpc
49,朝天觀,5111,大盜,5122,35,0x00000002,,3639,2615,4,mpc
49,朝天觀,5112,大盜,5120,35,0x00000002,,5377,4022,7,mpc
49,朝天觀,5116,江洋大盜,5124,60,0x00000002,,5796,473,1,mpc
49,朝天觀,5133,大盜,5121,40,0x00000002,,3133,3931,8,mpc
49,朝天觀,5147,土匪,5123,40,0x00000002,,3281,2716,3,mpc
50,朝天觀,5027,水鬼,5027,40,0x00000010,,5833,2170,2,mpc
50,朝天觀,5028,火妖,5028,40,0x00000010,,8671,2275,2,mpc
50,朝天觀,5029,毒血屍,5029,50,0x00000008,,3155,2286,4,mpc
50,朝天觀,5030,骷髏士兵,5030,40,0x00000008,,5430,2362,14,mpc
50,朝天觀,5031,骷髏弓手,5031,40,0x00000008,,5748,2160,12,mpc
50,朝天觀,5037,遊魂,5037,30,0x00000008,,5474,645,2,mpc
50,朝天觀,5038,冤魂,5038,50,0x00000008,,3522,488,3,mpc
50,朝天觀,5040,血屍,5040,35,0x00000008,,3280,2232,2,mpc
50,朝天觀,5041,毒殭屍,5041,35,0x00000008,,8711,2094,1,mpc
50,朝天觀,5059,惡水鬼,5059,60,0x00000010,,8149,656,1,mpc
50,朝天觀,5060,邪火妖,5060,60,0x00000010,,8281,614,1,mpc
50,朝天觀,5090,邪教道士,5087,40,0x00000002,,3415,4069,2,mpc
50,朝天觀,5133,大盜,5121,40,0x00000002,,3306,4308,1,mpc
50,朝天觀,5147,土匪,5123,40,0x00000002,,5177,4174,1,mpc
50,朝天觀,5210,噬魔尊者,5111,90,0x00000002,,734,2248,1,mpc
51,亂藤林,5020,毒蟾蜍,5020,25,0x00000040,,5215,2423,3,mpc
51,亂藤林,5026,樹精,5026,40,0x00000010,,1279,786,2,mpc
51,亂藤林,5050,小夜叉士兵,5050,30,0x00000004,,4563,3094,2,mpc
51,亂藤林,5051,小夜叉飛斧手,5051,30,0x00000004,,4041,3158,6,mpc
51,亂藤林,5055,巨靈魔,5055,60,0x00000004,,3480,2233,1,mpc
51,亂藤林,5058,老樹精,5058,60,0x00000010,,1676,2475,3,mpc
51,亂藤林,5095,變色蜥蜴,5093,20,0x00000080,,1915,760,3,mpc
51,亂藤林,5106,小蠍子,5105,15,0x00000040,,5564,1909,3,mpc
51,亂藤林,5182,巨蜈蚣,5126,30,0x00000040,,3703,654,1,mpc
51,亂藤林,5186,灰巨蟒,5130,45,0x00000040,,5563,2002,1,mpc
51,亂藤林,5216,刑天戰狂,5147,60,0x00000004,,2295,3516,1,mpc
51,亂藤林,5219,土行鬼王,5142,60,0x00000004,,5458,1675,1,mpc
51,亂藤林,5220,土行者,5149,40,0x00000004,,3857,1415,5,mpc
51,亂藤林,5227,花精,5154,60,0x00000010,,2373,1588,1,mpc
52,亂藤林東方,5020,毒蟾蜍,5020,25,0x00000040,,1816,2757,5,mpc
52,亂藤林東方,5022,斑紋蜘蛛,5022,30,0x00000040,,4241,1128,4,mpc
52,亂藤林東方,5024,妖面蜘蛛,5024,60,0x00000020,,5021,1544,1,mpc
52,亂藤林東方,5036,山寨大王,5036,50,0x00000002,,3317,3228,3,mpc
52,亂藤林東方,5089,邪教弟子,5088,30,0x00000002,,4601,2131,1,mpc
52,亂藤林東方,5090,邪教道士,5087,40,0x00000002,,3582,2640,3,mpc
52,亂藤林東方,5091,邪教道長,5089,60,0x00000002,,4638,3092,1,mpc
52,亂藤林東方,5092,花和尚,5090,35,0x00000002,,804,2385,2,mpc
52,亂藤林東方,5093,破戒僧,5091,50,0x00000002,,597,2830,2,mpc
52,亂藤林東方,5094,嗜血頭陀,5092,80,0x00000002,,653,3158,1,mpc
52,亂藤林東方,5105,秘法僧,5112,70,0x00000002,,952,3029,1,mpc
52,亂藤林東方,5107,藍尾蠍,5106,15,0x00000040,,1499,1384,3,mpc
52,亂藤林東方,5108,赤蠍子,5107,25,0x00000040,,1696,1845,3,mpc
52,亂藤林東方,5109,巨蠍子,5113,40,0x00000040,,1024,1728,2,mpc
52,亂藤林東方,5110,蠍子王,5114,50,0x00000040,,2754,2186,1,mpc
52,亂藤林東方,5111,大盜,5122,35,0x00000002,,2011,3407,2,mpc
52,亂藤林東方,5112,大盜,5120,35,0x00000002,,1805,3687,2,mpc
52,亂藤林東方,5114,流寇,5118,30,0x00000002,,4827,2288,1,mpc
52,亂藤林東方,5115,流寇頭子,5119,40,0x00000002,,4878,2256,1,mpc
52,亂藤林東方,5116,江洋大盜,5124,60,0x00000002,,5136,3191,1,mpc
52,亂藤林東方,5133,大盜,5121,40,0x00000002,,3425,3136,2,mpc
52,亂藤林東方,5147,土匪,5123,40,0x00000002,,3425,2495,2,mpc
52,亂藤林東方,5220,土行者,5149,40,0x00000004,,3020,1200,6,mpc
52,亂藤林東方,5575,紫衫惡煞,5358,80,0x00000002,,3663,3374,4,mpc
53,亂藤林南方,5096,綠蜥蜴,5094,30,0x00000080,,2392,1448,5,mpc
53,亂藤林南方,5098,狂猿,5096,30,0x00000080,,3722,1202,5,mpc
53,亂藤林南方,5183,箭蜈蚣,5127,45,0x00000040,,4857,893,5,mpc
53,亂藤林南方,5219,土行鬼王,5142,60,0x00000004,,1330,2603,1,mpc
53,亂藤林南方,5220,土行者,5149,40,0x00000004,,3563,1336,9,mpc
53,亂藤林南方,5226,千年花精,5143,80,0x00000010,,4390,2463,3,mpc
53,亂藤林南方,5227,花精,5154,60,0x00000010,,3971,1508,4,mpc
54,亂藤林西方,5008,老虎,5008,50,0x00000080,,3452,2001,2,mpc
54,亂藤林西方,5009,食人虎,5009,60,0x00000080,,3516,1780,2,mpc
54,亂藤林西方,5010,山豬,5010,15,0x00000080,,1215,3215,2,mpc
54,亂藤林西方,5011,大山豬,5011,40,0x00000080,,1133,3154,2,mpc
54,亂藤林西方,5049,小夜叉奴隸,5049,20,0x00000004,,3534,3413,2,mpc
54,亂藤林西方,5050,小夜叉士兵,5050,30,0x00000004,,5203,1814,4,mpc
54,亂藤林西方,5051,小夜叉飛斧手,5051,30,0x00000004,,5001,1846,4,mpc
54,亂藤林西方,5052,夜叉長矛手,5052,35,0x00000004,,4906,1551,2,mpc
54,亂藤林西方,5053,夜叉刀斧手,5053,35,0x00000004,,5236,1521,2,mpc
54,亂藤林西方,5095,變色蜥蜴,5093,20,0x00000080,,2619,1400,5,mpc
54,亂藤林西方,5096,綠蜥蜴,5094,30,0x00000080,,2878,2163,4,mpc
54,亂藤林西方,5097,赤蜥蜴,5095,40,0x00000080,,5392,711,1,mpc
54,亂藤林西方,5185,翠蛇,5129,30,0x00000040,,3343,1713,5,mpc
54,亂藤林西方,5196,夸父勇士,5140,600,0x00000004,,1307,731,1,mpc
54,亂藤林西方,5197,夸父戰士,5145,500,0x00000004,,3227,650,4,mpc
55,葬日沼澤,5058,老樹精,5058,60,0x00000010,,7038,3055,2,mpc
55,葬日沼澤,5187,食人巨蟒,5131,55,0x00000040,,2442,1123,2,mpc
55,葬日沼澤,5188,鱷魚,5132,35,0x00000080,,3014,3163,11,mpc
55,葬日沼澤,5189,劍齒鱷,5133,50,0x00000080,,1668,4500,3,mpc
55,葬日沼澤,5191,千年樹精,5156,80,0x00000010,,6914,2782,1,mpc
55,葬日沼澤,5214,鷹族戰士,5139,55,0x00000004,,2185,658,4,mpc
55,葬日沼澤,5216,刑天戰狂,5147,60,0x00000004,,1293,3981,3,mpc
55,葬日沼澤,5219,土行鬼王,5142,60,0x00000004,,5298,3499,1,mpc
55,葬日沼澤,5220,土行者,5149,40,0x00000004,,5718,3373,7,mpc
55,葬日沼澤,5227,花精,5154,60,0x00000010,,6932,1643,1,mpc
56,葬日沼澤北方,5017,巨蟾蜍,5017,15,0x00000040,,1631,3415,2,mpc
56,葬日沼澤北方,5018,火蟾蜍,5018,20,0x00000040,,2847,2263,6,mpc
56,葬日沼澤北方,5020,毒蟾蜍,5020,25,0x00000040,,1343,2487,2,mpc
56,葬日沼澤北方,5058,老樹精,5058,60,0x00000010,,3468,291,2,mpc
56,葬日沼澤北方,5059,惡水鬼,5059,60,0x00000010,,3292,1982,4,mpc
56,葬日沼澤北方,5060,邪火妖,5060,60,0x00000010,,2729,2132,4,mpc
56,葬日沼澤北方,5188,鱷魚,5132,35,0x00000080,,3395,1266,14,mpc
56,葬日沼澤北方,5189,劍齒鱷,5133,50,0x00000080,,2874,1208,7,mpc
56,葬日沼澤北方,5190,食人巨鱷,5134,60,0x00000080,,649,381,4,mpc
56,葬日沼澤北方,5191,千年樹精,5156,80,0x00000010,,5842,1919,6,mpc
56,葬日沼澤北方,5226,千年花精,5143,80,0x00000010,,6079,1029,1,mpc
56,葬日沼澤北方,5227,花精,5154,60,0x00000010,,4933,372,2,mpc
57,毒龍潭,5020,毒蟾蜍,5020,25,0x00000040,,4279,1080,12,mpc
57,毒龍潭,5052,夜叉長矛手,5052,35,0x00000004,,1248,1613,3,mpc
57,毒龍潭,5053,夜叉刀斧手,5053,35,0x00000004,,1187,1689,3,mpc
57,毒龍潭,5055,巨靈魔,5055,60,0x00000004,,4838,778,3,mpc
57,毒龍潭,5188,鱷魚,5132,35,0x00000080,,3766,1963,13,mpc
57,毒龍潭,5189,劍齒鱷,5133,50,0x00000080,,3628,1980,8,mpc
57,毒龍潭,5192,毒巨蛟,5157,99,0x00000400,,3291,2075,4,mpc
57,毒龍潭,5218,百眼巫師,5148,60,0x00000004,,2392,447,6,mpc
57,毒龍潭,5577,百眼密探,5360,80,0x00000004,,3723,2755,5,mpc
58,葬日沼澤南方,5182,巨蜈蚣,5126,30,0x00000040,,3632,1378,10,mpc
58,葬日沼澤南方,5183,箭蜈蚣,5127,45,0x00000040,,3671,1326,6,mpc
58,葬日沼澤南方,5184,五毒蜈蚣,5128,55,0x00000040,,4000,2046,5,mpc
58,葬日沼澤南方,5185,翠蛇,5129,30,0x00000040,,4367,1169,4,mpc
58,葬日沼澤南方,5186,灰巨蟒,5130,45,0x00000040,,3314,319,4,mpc
58,葬日沼澤南方,5187,食人巨蟒,5131,55,0x00000040,,3998,991,3,mpc
58,葬日沼澤南方,5215,刑天魔王,5138,80,0x00000004,,2347,1897,3,mpc
58,葬日沼澤南方,5216,刑天戰狂,5147,60,0x00000004,,2647,2300,8,mpc
59,摘星嶺,5025,石怪,5025,40,0x00000010,,2054,2400,3,mpc
59,摘星嶺,5049,小夜叉奴隸,5049,20,0x00000004,,4494,3637,1,mpc
59,摘星嶺,5050,小夜叉士兵,5050,30,0x00000004,,4499,3702,1,mpc
59,摘星嶺,5051,小夜叉飛斧手,5051,30,0x00000004,,4913,2237,6,mpc
59,摘星嶺,5052,夜叉長矛手,5052,35,0x00000004,,3836,3035,5,mpc
59,摘星嶺,5053,夜叉刀斧手,5053,35,0x00000004,,5372,2104,5,mpc
59,摘星嶺,5054,夜叉王,5054,80,0x00000004,,5597,3984,1,mpc
59,摘星嶺,5055,巨靈魔,5055,60,0x00000004,,3704,1657,2,mpc
59,摘星嶺,5056,巨靈魔王,5056,80,0x00000004,,4449,1203,1,mpc
59,摘星嶺,5057,金石怪,5057,60,0x00000010,,1997,2364,3,mpc
59,摘星嶺,5098,狂猿,5096,30,0x00000080,,609,2037,1,mpc
59,摘星嶺,5099,巨狂猿,5097,45,0x00000080,,466,1710,1,mpc
59,摘星嶺,5106,小蠍子,5105,15,0x00000040,,2479,4437,4,mpc
59,摘星嶺,5107,藍尾蠍,5106,15,0x00000040,,2672,3693,4,mpc
59,摘星嶺,5108,赤蠍子,5107,25,0x00000040,,1136,2754,6,mpc
59,摘星嶺,5109,巨蠍子,5113,40,0x00000040,,1278,2761,4,mpc
59,摘星嶺,5110,蠍子王,5114,50,0x00000040,,756,4450,2,mpc
59,摘星嶺,5214,鷹族戰士,5139,55,0x00000004,,1729,1053,2,mpc
59,摘星嶺,5217,百眼長老,5137,80,0x00000004,,5542,4073,2,mpc
59,摘星嶺,5218,百眼巫師,5148,60,0x00000004,,5245,4229,2,mpc
62,鷹翅族部落,5008,老虎,5008,50,0x00000080,,5596,2385,2,mpc
62,鷹翅族部落,5009,食人虎,5009,60,0x00000080,,2716,1268,2,mpc
62,鷹翅族部落,5010,山豬,5010,15,0x00000080,,4771,1104,3,mpc
62,鷹翅族部落,5011,大山豬,5011,40,0x00000080,,4781,1234,3,mpc
62,鷹翅族部落,5096,綠蜥蜴,5094,30,0x00000080,,3371,575,4,mpc
62,鷹翅族部落,5097,赤蜥蜴,5095,40,0x00000080,,4078,2673,4,mpc
62,鷹翅族部落,5183,箭蜈蚣,5127,45,0x00000040,,4279,1902,5,mpc
62,鷹翅族部落,5184,五毒蜈蚣,5128,55,0x00000040,,4298,1939,5,mpc
62,鷹翅族部落,5213,金翅王,5146,80,0x00000004,,1875,2909,5,mpc
62,鷹翅族部落,5214,鷹族戰士,5139,55,0x00000004,,2220,2301,12,mpc
63,魔君陵墓,5055,巨靈魔,5055,60,0x00000004,,2708,4276,3,mpc
63,魔君陵墓,5056,巨靈魔王,5056,80,0x00000004,,993,3891,2,mpc
63,魔君陵墓,5195,阿修羅戰士,5155,60,0x00000004,,5706,2900,4,mpc
63,魔君陵墓,5217,百眼長老,5137,80,0x00000004,,5622,2790,4,mpc
63,魔君陵墓,5218,百眼巫師,5148,60,0x00000004,,3661,1750,10,mpc
63,魔君陵墓,5219,土行鬼王,5142,60,0x00000004,,4270,2333,4,mpc
63,魔君陵墓,5220,土行者,5149,40,0x00000004,,4413,2283,9,mpc
63,魔君陵墓,5228,死靈骷髏,5166,50,0x00000008,,2132,1265,6,mpc
63,魔君陵墓,5269,死靈弓手,5184,50,0x00000008,,2047,1330,6,mpc
64,魔君陵寢一層,5052,夜叉長矛手,5052,35,0x00000004,,2905,940,4,mpc
64,魔君陵寢一層,5053,夜叉刀斧手,5053,35,0x00000004,,3043,846,4,mpc
64,魔君陵寢一層,5056,巨靈魔王,5056,80,0x00000004,,1185,2355,2,mpc
64,魔君陵寢一層,5081,巨灰鼠,5067,15,0x00000080,,2992,988,5,mpc
64,魔君陵寢一層,5082,食屍巨鼠,5068,20,0x00000080,,3012,1022,5,mpc
64,魔君陵寢一層,5084,灰蝙蝠,5070,15,0x00000080,,2941,2831,6,mpc
64,魔君陵寢一層,5085,巨蝙蝠,5071,20,0x00000080,,2995,2843,6,mpc
64,魔君陵寢一層,5194,阿修羅王,5136,90,0x00000004,,5547,2477,1,mpc
64,魔君陵寢一層,5195,阿修羅戰士,5155,60,0x00000004,,4296,2366,6,mpc
64,魔君陵寢一層,5217,百眼長老,5137,80,0x00000004,,5482,2722,4,mpc
64,魔君陵寢一層,5218,百眼巫師,5148,60,0x00000004,,3166,1105,6,mpc
65,魔君陵寢二層,5081,巨灰鼠,5067,15,0x00000080,,3130,768,7,mpc
65,魔君陵寢二層,5082,食屍巨鼠,5068,20,0x00000080,,3118,802,7,mpc
65,魔君陵寢二層,5085,巨蝙蝠,5071,20,0x00000080,,3621,1505,9,mpc
65,魔君陵寢二層,5193,修羅魔君鬼魂,5152,99,0x00000004,,5213,2744,1,mpc
65,魔君陵寢二層,5195,阿修羅戰士,5155,60,0x00000004,,3553,1205,6,mpc
65,魔君陵寢二層,5217,百眼長老,5137,80,0x00000004,,4289,2161,7,mpc
65,魔君陵寢二層,5218,百眼巫師,5148,60,0x00000004,,3635,1269,8,mpc
66,百妖穴第二層,5021,巨蜘蛛,5021,15,0x00000040,,4573,3526,6,mpc
66,百妖穴第二層,5022,斑紋蜘蛛,5022,30,0x00000040,,1405,2790,8,mpc
66,百妖穴第二層,5023,鬼面蜘蛛,5023,40,0x00000020,,387,1395,3,mpc
66,百妖穴第二層,5024,妖面蜘蛛,5024,60,0x00000020,,2502,878,4,mpc
66,百妖穴第二層,5222,千年蟾蜍精,5144,70,0x00000020,,6019,2719,2,mpc
66,百妖穴第二層,5223,蟾蜍精,5151,40,0x00000020,,5942,2952,8,mpc
66,百妖穴第二層,5224,千年蜘蛛精,5141,80,0x00000020,,2466,2574,1,mpc
66,百妖穴第二層,5225,蜘蛛精,5153,70,0x00000020,,3129,2097,4,mpc
67,靖南古道,5049,小夜叉奴隸,5049,20,0x00000004,,1881,3084,5,mpc
67,靖南古道,5050,小夜叉士兵,5050,30,0x00000004,,1822,3117,5,mpc
67,靖南古道,5051,小夜叉飛斧手,5051,30,0x00000004,,1908,3149,5,mpc
67,靖南古道,5095,變色蜥蜴,5093,20,0x00000080,,1355,3816,5,mpc
67,靖南古道,5185,翠蛇,5129,30,0x00000040,,2816,3212,4,mpc
67,靖南古道,5186,灰巨蟒,5130,45,0x00000040,,1883,3922,1,mpc
67,靖南古道,5219,土行鬼王,5142,60,0x00000004,,573,2936,3,mpc
67,靖南古道,5220,土行者,5149,40,0x00000004,,2332,596,6,mpc
67,靖南古道,5230,血蕈,5158,1,0x00002000,,2165,1387,13,mpc
68,夜叉嶺,5049,小夜叉奴隸,5049,20,0x00000004,,3502,1493,3,mpc
68,夜叉嶺,5050,小夜叉士兵,5050,30,0x00000004,,2099,566,6,mpc
68,夜叉嶺,5051,小夜叉飛斧手,5051,30,0x00000004,,2057,1526,9,mpc
68,夜叉嶺,5052,夜叉長矛手,5052,35,0x00000004,,1642,495,5,mpc
68,夜叉嶺,5053,夜叉刀斧手,5053,35,0x00000004,,2164,1521,5,mpc
68,夜叉嶺,5054,夜叉王,5054,80,0x00000004,,2685,1232,5,mpc
68,夜叉嶺,5096,綠蜥蜴,5094,30,0x00000080,,4446,2675,3,mpc
68,夜叉嶺,5097,赤蜥蜴,5095,40,0x00000080,,3888,2535,3,mpc
68,夜叉嶺,5098,狂猿,5096,30,0x00000080,,5793,1045,2,mpc
68,夜叉嶺,5099,巨狂猿,5097,45,0x00000080,,722,3182,2,mpc
68,夜叉嶺,5100,綠毛狂猿,5098,60,0x00000080,,514,2882,2,mpc
69,修羅窟,5052,夜叉長矛手,5052,35,0x00000004,,3312,590,4,mpc
69,修羅窟,5053,夜叉刀斧手,5053,35,0x00000004,,3258,624,4,mpc
69,修羅窟,5056,巨靈魔王,5056,80,0x00000004,,2964,2390,3,mpc
69,修羅窟,5195,阿修羅戰士,5155,60,0x00000004,,4106,2100,4,mpc
69,修羅窟,5218,百眼巫師,5148,60,0x00000004,,4206,2039,8,mpc
69,修羅窟,5219,土行鬼王,5142,60,0x00000004,,2738,363,5,mpc
69,修羅窟,5220,土行者,5149,40,0x00000004,,2673,327,5,mpc
70,義勇軍校場,5232,大野豬幻影,5159,1,0x00000080,,556,915,1,mpc
70,義勇軍校場,5233,山豬幻影,5160,1,0x00000080,,633,860,1,mpc
70,義勇軍校場,5234,野狼幻影,5161,1,0x00000080,,473,1213,1,mpc
70,義勇軍校場,5235,劍齒狼幻影,5162,1,0x00000080,,503,1300,1,mpc
70,義勇軍校場,5236,老虎幻影,5163,1,0x00000080,,676,992,1,mpc
70,義勇軍校場,5237,食人虎幻影,5164,1,0x00000080,,783,936,1,mpc
70,義勇軍校場,5238,紅毛巨猿幻影,5165,1,0x00000080,,847,1077,1,mpc
70,義勇軍校場,5239,食人巨猿幻影,5167,1,0x00000080,,936,1018,1,mpc
70,義勇軍校場,5240,飛賊幻影,5168,1,0x00000002,,4558,1214,1,mpc
70,義勇軍校場,5241,山賊幻影,5169,1,0x00000002,,4608,1278,1,mpc
70,義勇軍校場,5242,邪教道士幻影,5170,1,0x00000002,,4545,1331,1,mpc
70,義勇軍校場,5243,邪教道長幻影,5171,1,0x00000002,,4485,1271,1,mpc
70,義勇軍校場,5244,土匪幻影,5172,1,0x00000002,,4359,1002,1,mpc
70,義勇軍校場,5245,大盜幻影,5173,1,0x00000002,,4212,915,1,mpc
70,義勇軍校場,5246,江洋大盜幻影,5174,1,0x00000002,,4281,967,1,mpc
70,義勇軍校場,5247,破戒僧幻影,5175,1,0x00000002,,4282,1056,1,mpc
70,義勇軍校場,5248,秘法僧幻影,5125,1,0x00000002,,4184,1003,1,mpc
70,義勇軍校場,5249,屍犬幻影,5176,1,0x00000008,,359,3084,1,mpc
70,義勇軍校場,5250,幽冥犬幻影,5177,1,0x00000008,,299,3063,1,mpc
70,義勇軍校場,5251,殭屍幻影,5178,1,0x00000008,,546,3047,1,mpc
70,義勇軍校場,5252,血屍幻影,5179,1,0x00000008,,485,3015,1,mpc
70,義勇軍校場,5253,石怪幻影,5180,1,0x00000010,,797,3241,1,mpc
70,義勇軍校場,5254,水鬼幻影,5181,1,0x00000010,,843,3206,1,mpc
70,義勇軍校場,5255,金石怪幻影,5182,1,0x00000010,,652,3315,1,mpc
70,義勇軍校場,5256,邪火妖幻影,5183,1,0x00000010,,725,3330,1,mpc
70,義勇軍校場,5257,骷髏士兵幻影,5166,1,0x00000008,,479,3088,1,mpc
70,義勇軍校場,5258,骷髏弓手幻影,5184,1,0x00000008,,429,3053,1,mpc
70,義勇軍校場,5259,白骨精幻影,5185,1,0x00000008,,377,3026,1,mpc
70,義勇軍校場,5260,土行者幻影,5186,1,0x00000004,,4448,2992,1,mpc
70,義勇軍校場,5261,土行鬼王幻影,5187,1,0x00000004,,4509,3032,1,mpc
70,義勇軍校場,5262,刀斧手幻影,5188,1,0x00000004,,4391,2904,1,mpc
70,義勇軍校場,5263,長矛手幻影,5189,1,0x00000004,,4464,2939,1,mpc
70,義勇軍校場,5264,夜叉王幻影,5190,1,0x00000004,,4540,2979,1,mpc
70,義勇軍校場,5265,巨靈魔幻影,5191,1,0x00000004,,4269,3202,1,mpc
70,義勇軍校場,5266,巨靈魔王幻影,5192,1,0x00000004,,4380,3267,1,mpc
70,義勇軍校場,5267,百眼巫師幻影,5193,1,0x00000004,,4314,3348,1,mpc
70,義勇軍校場,5268,修羅戰士幻影,5194,1,0x00000004,,4200,3325,1,mpc
71,古皇陵第三層,5043,士兵俑,5043,50,0x00000200,,2906,3195,31,mpc
71,古皇陵第三層,5044,士兵俑,5044,50,0x00000200,,3230,3020,32,mpc
71,古皇陵第三層,5045,士兵俑,5045,50,0x00000200,,3384,564,13,mpc
71,古皇陵第三層,5046,力士俑,5046,60,0x00000200,,1755,1100,14,mpc
71,古皇陵第三層,5047,力士俑,5047,60,0x00000200,,1816,2857,13,mpc
71,古皇陵第三層,5048,將軍俑,5048,80,0x00000200,,607,1123,4,mpc
71,古皇陵第三層,5082,食屍巨鼠,5068,20,0x00000080,,3407,922,6,mpc
71,古皇陵第三層,5085,巨蝙蝠,5071,20,0x00000080,,3551,2951,5,mpc
71,古皇陵第三層,5186,灰巨蟒,5130,45,0x00000040,,3967,2645,7,mpc
72,萬人塚第三層,5004,幽冥犬,5004,40,0x00000008,,3104,1051,12,mpc
72,萬人塚第三層,5027,水鬼,5027,40,0x00000010,,3839,658,3,mpc
72,萬人塚第三層,5028,火妖,5028,40,0x00000010,,1240,2489,3,mpc
72,萬人塚第三層,5029,毒血屍,5029,50,0x00000008,,6719,1906,2,mpc
72,萬人塚第三層,5032,白骨精,5032,80,0x00000008,,6775,532,1,mpc
72,萬人塚第三層,5039,殭屍,5039,25,0x00000008,,4388,2617,7,mpc
72,萬人塚第三層,5040,血屍,5040,35,0x00000008,,3047,777,7,mpc
72,萬人塚第三層,5041,毒殭屍,5041,35,0x00000008,,2982,2450,8,mpc
72,萬人塚第三層,5042,吸血殭屍,5042,70,0x00000008,,2674,3238,6,mpc
72,萬人塚第三層,5059,惡水鬼,5059,60,0x00000010,,3746,614,3,mpc
72,萬人塚第三層,5060,邪火妖,5060,60,0x00000010,,1147,2466,3,mpc
72,萬人塚第三層,5186,灰巨蟒,5130,45,0x00000040,,3883,1794,3,mpc
74,桃花林東方,5288,巨螯蝦兵,5198,45,0x00000020,,2353,2741,3,mpc
74,桃花林東方,5289,鬼螯蝦兵,5199,55,0x00000020,,797,3014,2,mpc
74,桃花林東方,5290,玄龜,5200,40,0x00000080,,1568,3132,2,mpc
74,桃花林東方,5291,巨角龜,5201,55,0x00000080,,1085,3227,1,mpc
74,桃花林東方,5292,桃花兵蜂,5202,45,0x00000040,,2727,322,6,mpc
74,桃花林東方,5293,桃花蜂,5203,30,0x00000040,,2787,338,6,mpc
74,桃花林東方,5301,飛毛兔,5211,30,0x00000020,,1765,287,2,mpc
74,桃花林東方,5312,小妖狸,5222,35,0x00000020,,3085,1206,3,mpc
74,桃花林東方,5313,妖狸射手,5223,55,0x00000020,,2981,1088,3,mpc
74,桃花林東方,5336,搗蛋小狸貓,5222,20,0x00000020,,3589,3617,2,mpc
74,桃花林東方,5345,{水鬼},5027,40,0x00000010,,3067,3995,3,mpc
74,桃花林東方,5355,惡僧人,5090,35,0x00000002,,1789,1871,3,mpc
75,桃花林,5185,翠蛇,5129,30,0x00000040,,2909,2128,3,mpc
75,桃花林,5292,桃花兵蜂,5202,45,0x00000040,,4952,1599,8,mpc
75,桃花林,5293,桃花蜂,5203,30,0x00000040,,4980,1647,8,mpc
75,桃花林,5294,女王蜂,5204,70,0x00000020,,6154,589,1,mpc
75,桃花林,5301,飛毛兔,5211,30,0x00000020,,4644,559,4,mpc
75,桃花林,5305,覓蜜熊,5215,60,0x00000020,,5189,3849,2,mpc
75,桃花林,5312,小妖狸,5222,35,0x00000020,,1476,1142,4,mpc
75,桃花林,5313,妖狸射手,5223,55,0x00000020,,4240,1260,6,mpc
75,桃花林,5320,林魅,5230,60,0x00000008,,5292,2465,5,mpc
76,桃花林西方,5185,翠蛇,5129,30,0x00000040,,3215,2513,2,mpc
76,桃花林西方,5186,灰巨蟒,5130,45,0x00000040,,2267,2546,1,mpc
76,桃花林西方,5292,桃花兵蜂,5202,45,0x00000040,,3126,994,6,mpc
76,桃花林西方,5293,桃花蜂,5203,30,0x00000040,,3103,1077,6,mpc
76,桃花林西方,5294,女王蜂,5204,70,0x00000020,,298,2061,1,mpc
76,桃花林西方,5301,飛毛兔,5211,30,0x00000020,,3716,3023,1,mpc
76,桃花林西方,5302,搗藥兔,5212,50,0x00000020,,4291,2898,1,mpc
76,桃花林西方,5304,大力熊,5214,45,0x00000020,,3300,1740,5,mpc
76,桃花林西方,5305,覓蜜熊,5215,60,0x00000020,,3242,1258,2,mpc
76,桃花林西方,5306,熊武者,5216,75,0x00000020,,4768,571,2,mpc
76,桃花林西方,5320,林魅,5230,60,0x00000008,,562,2400,4,mpc
76,桃花林西方,5342,{桃花兵蜂},5202,45,0x00000040,,4611,1618,2,mpc
76,桃花林西方,5344,樹精,5026,40,0x00000010,,3871,402,2,mpc
76,桃花林西方,5345,{水鬼},5027,40,0x00000010,,2143,2962,3,mpc
76,桃花林西方,5449,黯夜妖魔,5281,85,0x00000008,,4254,1090,1,mpc
76,桃花林西方,5485,巨石怪,5057,65,0x00000010,,4274,1206,1,mpc
76,桃花林西方,5486,邪樹妖,5058,65,0x00000010,,4401,1164,1,mpc
76,桃花林西方,5488,林魔,5234,75,0x00000008,,4010,1155,1,mpc
76,桃花林西方,5489,山魔,5235,75,0x00000008,,3974,1044,1,mpc
76,桃花林西方,5492,惡水妖,5059,65,0x00000010,,4148,1164,1,mpc
76,桃花林西方,5493,結界石,5977,1,0x00002000,,4347,1008,1,mpc
77,盤蛇洞,5018,火蟾蜍,5018,20,0x00000040,,854,3114,1,mpc
77,盤蛇洞,5019,冰蟾蜍,5019,20,0x00000040,,610,3239,1,mpc
77,盤蛇洞,5020,毒蟾蜍,5020,25,0x00000040,,852,3383,2,mpc
77,盤蛇洞,5023,鬼面蜘蛛,5023,40,0x00000020,,3996,2314,5,mpc
77,盤蛇洞,5085,巨蝙蝠,5071,20,0x00000080,,3843,2531,5,mpc
77,盤蛇洞,5185,翠蛇,5129,30,0x00000040,,2887,3483,10,mpc
77,盤蛇洞,5186,灰巨蟒,5130,45,0x00000040,,655,1225,3,mpc
77,盤蛇洞,5187,食人巨蟒,5131,55,0x00000040,,1332,603,2,mpc
77,盤蛇洞,5223,蟾蜍精,5151,40,0x00000020,,493,1310,3,mpc
77,盤蛇洞,5225,蜘蛛精,5153,70,0x00000020,,4162,2301,2,mpc
77,盤蛇洞,5286,蛇魔女,5232,65,0x00000020,,1674,341,2,mpc
77,盤蛇洞,5287,蛇魔女王,5197,85,0x00000020,,4379,557,1,mpc
77,盤蛇洞,5338,林魅,5234,60,0x00000008,,4127,921,1,mpc
77,盤蛇洞,5339,山魅,5235,60,0x00000008,,3782,713,1,mpc
78,桃花林南方,5288,巨螯蝦兵,5198,45,0x00000020,,939,2798,4,mpc
78,桃花林南方,5289,鬼螯蝦兵,5199,55,0x00000020,,381,3046,2,mpc
78,桃花林南方,5292,桃花兵蜂,5202,45,0x00000040,,4227,2958,12,mpc
78,桃花林南方,5293,桃花蜂,5203,30,0x00000040,,4159,2974,11,mpc
78,桃花林南方,5294,女王蜂,5204,70,0x00000020,,5962,3181,2,mpc
78,桃花林南方,5304,大力熊,5214,45,0x00000020,,5287,1034,2,mpc
78,桃花林南方,5305,覓蜜熊,5215,60,0x00000020,,5125,937,2,mpc
78,桃花林南方,5342,{桃花兵蜂},5202,45,0x00000040,,5955,2162,1,mpc
78,桃花林南方,5346,{火妖},5028,40,0x00000010,,5346,1334,4,mpc
78,桃花林南方,5348,胖嘍囉,5034,30,0x00000002,,2675,2092,6,mpc
78,桃花林南方,5349,瘦嘍囉,5033,30,0x00000002,,2749,2063,6,mpc
78,桃花林南方,5355,惡僧人,5090,35,0x00000002,,1091,2231,3,mpc
79,瀰煙山道,5007,劍齒狼,5007,40,0x00000080,,3353,2677,4,mpc
79,瀰煙山道,5008,老虎,5008,50,0x00000080,,1381,2874,2,mpc
79,瀰煙山道,5014,白毛巨猿,5014,40,0x00000080,,3141,2606,1,mpc
79,瀰煙山道,5307,虎鬥士,5217,55,0x00000020,,3864,1966,2,mpc
79,瀰煙山道,5309,千面狐,5219,30,0x00000020,,2982,206,3,mpc
79,瀰煙山道,5310,百草狐郎中,5220,45,0x00000020,,4985,884,3,mpc
79,瀰煙山道,5321,山魅,5231,60,0x00000008,,2964,2584,4,mpc
79,瀰煙山道,5322,{千面狐},5219,45,0x00000020,,3671,1783,3,mpc
79,瀰煙山道,5323,{百草狐郎中},5220,60,0x00000020,,4889,852,3,mpc
79,瀰煙山道,5327,千年樹精,5156,80,0x00000010,,594,2783,2,mpc
79,瀰煙山道,5328,千年樹精,5156,80,0x00000010,,5938,2175,2,mpc
79,瀰煙山道,5329,{老樹精},5058,60,0x00000010,,2057,2269,3,mpc
79,瀰煙山道,5330,<老樹精>,5058,60,0x00000010,,5260,2179,3,mpc
79,瀰煙山道,5350,仙姑,6040,30,0x00000002,,5408,2103,2,mpc
79,瀰煙山道,5351,仙姑,6041,40,0x00000002,,5573,2101,1,mpc
80,東方海域,5297,海巨蛟,5207,60,0x00000400,,2750,4469,9,mpc
80,東方海域,5298,黑巨蛟,5208,99,0x00000400,,3543,4026,5,mpc
80,東方海域,5319,海魅,5229,60,0x00000008,,5611,609,19,mpc
81,半天岩,5299,穿雲鶴,5209,400,0x00000800,,2679,1969,5,mpc
81,半天岩,5309,千面狐,5219,30,0x00000020,,2511,3768,5,mpc
81,半天岩,5310,百草狐郎中,5220,45,0x00000020,,824,3353,3,mpc
81,半天岩,5321,山魅,5231,60,0x00000008,,2909,5314,5,mpc
81,半天岩,5322,{千面狐},5219,45,0x00000020,,2461,3742,5,mpc
81,半天岩,5323,{百草狐郎中},5220,60,0x00000020,,723,3289,3,mpc
81,半天岩,5339,山魅,5235,60,0x00000008,,1884,3592,2,mpc
81,半天岩,5347,山大王,5036,50,0x00000002,,517,5669,4,mpc
81,半天岩,5348,胖嘍囉,5034,30,0x00000002,,757,5308,5,mpc
81,半天岩,5349,瘦嘍囉,5033,30,0x00000002,,630,5250,5,mpc
81,半天岩,5350,仙姑,6040,30,0x00000002,,2308,1461,2,mpc
81,半天岩,5351,仙姑,6041,40,0x00000002,,2245,1493,2,mpc
81,半天岩,5352,仙姑,6042,60,0x00000002,,1253,1365,1,mpc
81,半天岩,5353,小頑童,6015,40,0x00000002,,2192,1520,2,mpc
81,半天岩,5354,糟老頭,6048,40,0x00000002,,2128,1522,2,mpc
82,棲鳳崖,5018,火蟾蜍,5018,20,0x00000040,,3385,627,7,mpc
82,棲鳳崖,5057,金石怪,5057,60,0x00000010,,5620,1999,2,mpc
82,棲鳳崖,5079,烈火妖魔,5060,60,0x00000010,,5882,2423,11,mpc
82,棲鳳崖,5097,赤蜥蜴,5095,40,0x00000080,,6576,679,3,mpc
82,棲鳳崖,5108,赤蠍子,5107,25,0x00000040,,3701,504,4,mpc
82,棲鳳崖,5134,火界妖靈,5115,55,0x00000020,,5698,2309,15,mpc
82,棲鳳崖,5295,鳳凰,5205,70,0x00000800,,4501,4132,4,mpc
82,棲鳳崖,5300,赤羽鶴,5210,65,0x00000800,,4673,4030,12,mpc
82,棲鳳崖,5370,火鳳凰,5236,90,0x00000800,,7653,3797,1,mpc
83,掩月松林,5008,老虎,5008,50,0x00000080,,2044,1425,2,mpc
83,掩月松林,5009,食人虎,5009,60,0x00000080,,2492,1268,1,mpc
83,掩月松林,5301,飛毛兔,5211,30,0x00000020,,1252,2831,2,mpc
83,掩月松林,5302,搗藥兔,5212,50,0x00000020,,1987,2290,2,mpc
83,掩月松林,5307,虎鬥士,5217,55,0x00000020,,4024,1038,4,mpc
83,掩月松林,5308,虎霸王,5218,70,0x00000020,,4840,1542,5,mpc
83,掩月松林,5320,林魅,5230,60,0x00000008,,4797,2912,5,mpc
83,掩月松林,5327,千年樹精,5156,80,0x00000010,,3378,1567,2,mpc
83,掩月松林,5328,千年樹精,5156,80,0x00000010,,3794,2335,2,mpc
83,掩月松林,5329,{老樹精},5058,60,0x00000010,,4796,2838,3,mpc
83,掩月松林,5330,<老樹精>,5058,60,0x00000010,,5428,3482,3,mpc
83,掩月松林,5338,林魅,5234,60,0x00000008,,5949,2498,2,mpc
84,不老峰,5304,大力熊,5214,45,0x00000020,,3559,2730,7,mpc
84,不老峰,5306,熊武者,5216,75,0x00000020,,1774,2078,3,mpc
84,不老峰,5309,千面狐,5219,30,0x00000020,,3238,2766,5,mpc
84,不老峰,5313,妖狸射手,5223,55,0x00000020,,5296,1475,5,mpc
84,不老峰,5315,靈芝精,5225,50,0x00000010,,3693,2710,2,mpc
84,不老峰,5317,人蔘精,5227,50,0x00000010,,1508,1101,2,mpc
84,不老峰,5322,{千面狐},5219,45,0x00000020,,3270,2798,5,mpc
84,不老峰,5327,千年樹精,5156,80,0x00000010,,6066,1567,2,mpc
84,不老峰,5328,千年樹精,5156,80,0x00000010,,6098,3615,2,mpc
84,不老峰,5343,{石怪},5025,40,0x00000010,,3314,3629,3,mpc
84,不老峰,5344,樹精,5026,40,0x00000010,,3038,1330,3,mpc
84,不老峰,5346,{火妖},5028,40,0x00000010,,2580,3596,2,mpc
84,不老峰,5353,小頑童,6015,40,0x00000002,,4290,1728,3,mpc
84,不老峰,5354,糟老頭,6048,40,0x00000002,,4701,1679,2,mpc
84,不老峰,16635,白虎,6472,425,0x00000080,,3371,2641,3,mpc
86,鳳凰台,5057,金石怪,5057,60,0x00000010,,4364,2692,1,mpc
86,鳳凰台,5079,烈火妖魔,5060,60,0x00000010,,2083,1017,5,mpc
86,鳳凰台,5134,火界妖靈,5115,55,0x00000020,,4894,3198,3,mpc
86,鳳凰台,5295,鳳凰,5205,70,0x00000800,,2255,693,3,mpc
86,鳳凰台,5296,真火鳳凰,5206,90,0x00000800,,1542,614,1,mpc
86,鳳凰台,5300,赤羽鶴,5210,65,0x00000800,,2548,1319,5,mpc
89,臨海道,5384,梭魚群,5247,35,0x00004000,,3905,1294,4,mpc
89,臨海道,5385,銀灰魟,5248,25,0x00004000,,2058,2031,5,mpc
89,臨海道,5387,小虎魨,5250,25,0x00004000,,2221,3152,5,mpc
89,臨海道,5392,海鰻,5255,30,0x00004000,,3263,3782,5,mpc
89,臨海道,5400,海章魚,5269,30,0x00004000,,5062,1065,3,mpc
89,臨海道,5421,銀灰魟,5248,25,0x00004000,,2339,1841,8,mpc
89,臨海道,5422,小虎魨,5250,25,0x00004000,,3945,3905,5,mpc
89,臨海道,5423,海鰻,5255,30,0x00004000,,3390,3680,6,mpc
90,魚棲地,5380,螢水母,5243,25,0x00004000,,4311,1128,4,mpc
90,魚棲地,5384,梭魚群,5247,35,0x00004000,,3407,3290,7,mpc
90,魚棲地,5385,銀灰魟,5248,25,0x00004000,,3792,1540,5,mpc
90,魚棲地,5386,紫紋魟,5249,35,0x00004000,,3139,3507,3,mpc
90,魚棲地,5387,小虎魨,5250,25,0x00004000,,2842,2074,3,mpc
90,魚棲地,5391,電鰻,5254,30,0x00004000,,4727,2812,2,mpc
90,魚棲地,5392,海鰻,5255,30,0x00004000,,2154,1066,3,mpc
90,魚棲地,5400,海章魚,5269,30,0x00004000,,3560,1877,4,mpc
90,魚棲地,5421,銀灰魟,5248,25,0x00004000,,3715,1514,4,mpc
90,魚棲地,5422,小虎魨,5250,25,0x00004000,,2770,2051,3,mpc
90,魚棲地,5423,海鰻,5255,30,0x00004000,,4608,2443,4,mpc
91,海草林,5380,螢水母,5243,25,0x00004000,,3286,4156,9,mpc
91,海草林,5384,梭魚群,5247,35,0x00004000,,4475,2071,5,mpc
91,海草林,5386,紫紋魟,5249,35,0x00004000,,2617,2723,3,mpc
91,海草林,5387,小虎魨,5250,25,0x00004000,,3172,1148,7,mpc
91,海草林,5388,野豬魨,5251,35,0x00004000,,2628,2117,5,mpc
91,海草林,5391,電鰻,5254,30,0x00004000,,4172,1906,6,mpc
91,海草林,5392,海鰻,5255,30,0x00004000,,2985,585,3,mpc
91,海草林,5400,海章魚,5269,30,0x00004000,,4766,3982,2,mpc
91,海草林,5422,小虎魨,5250,25,0x00004000,,3258,1074,4,mpc
91,海草林,5423,海鰻,5255,30,0x00004000,,2602,475,2,mpc
92,珊瑚帶,5288,巨螯蝦兵,5198,45,0x00000020,,3968,3474,3,mpc
92,珊瑚帶,5385,銀灰魟,5248,25,0x00004000,,3014,2646,8,mpc
92,珊瑚帶,5386,紫紋魟,5249,35,0x00004000,,4818,1307,2,mpc
92,珊瑚帶,5387,小虎魨,5250,25,0x00004000,,964,3327,2,mpc
92,珊瑚帶,5388,野豬魨,5251,35,0x00004000,,3558,4077,2,mpc
92,珊瑚帶,5389,安康,5252,30,0x00004000,,5857,3384,2,mpc
92,珊瑚帶,5391,電鰻,5254,30,0x00004000,,2858,842,5,mpc
92,珊瑚帶,5392,海鰻,5255,30,0x00004000,,1610,2666,4,mpc
92,珊瑚帶,5421,銀灰魟,5248,25,0x00004000,,4593,2671,4,mpc
92,珊瑚帶,5422,小虎魨,5250,25,0x00004000,,998,3259,2,mpc
92,珊瑚帶,5423,海鰻,5255,30,0x00004000,,1813,2682,3,mpc
93,大寶礁,5288,巨螯蝦兵,5198,45,0x00000020,,3498,3750,3,mpc
93,大寶礁,5289,鬼螯蝦兵,5199,55,0x00000020,,2554,1389,2,mpc
93,大寶礁,5380,螢水母,5243,25,0x00004000,,2647,3528,14,mpc
93,大寶礁,5384,梭魚群,5247,35,0x00004000,,1616,2923,5,mpc
93,大寶礁,5386,紫紋魟,5249,35,0x00004000,,1853,3064,2,mpc
93,大寶礁,5388,野豬魨,5251,35,0x00004000,,3452,950,4,mpc
93,大寶礁,5389,安康,5252,30,0x00004000,,1760,1922,4,mpc
93,大寶礁,5390,太古安康,5253,45,0x00004000,,2593,2559,2,mpc
93,大寶礁,5395,潛水肥兔,5260,30,0x00000020,,4485,3783,4,mpc
94,龍宮第一層,5385,銀灰魟,5248,25,0x00004000,,2433,1820,9,mpc
94,龍宮第一層,5387,小虎魨,5250,25,0x00004000,,2547,1858,9,mpc
94,龍宮第一層,5405,海膽,5984,1,0x00002000,,1997,1514,33,mpc
95,龍宮第二層,5380,螢水母,5243,25,0x00004000,,2696,2176,23,mpc
95,龍宮第二層,5399,怨靈水母,5244,80,0x00000008,,2941,2209,17,mpc
96,龍宮第三層,5387,小虎魨,5250,25,0x00004000,,2728,1946,5,mpc
96,龍宮第三層,5388,野豬魨,5251,35,0x00004000,,1173,2228,1,mpc
96,龍宮第三層,5389,安康,5252,30,0x00004000,,2387,1046,5,mpc
96,龍宮第三層,5390,太古安康,5253,45,0x00004000,,4030,784,1,mpc
96,龍宮第三層,5393,潛水胖貍,5258,30,0x00000020,,2314,1097,2,mpc
96,龍宮第三層,5394,潛水小狐,5259,30,0x00000020,,3787,2143,2,mpc
96,龍宮第三層,5395,潛水肥兔,5260,30,0x00000020,,1440,831,2,mpc
98,龍宮第五層,5381,幽靈水母,5261,50,0x00000008,,2682,1478,7,mpc
98,龍宮第五層,5388,野豬魨,5251,35,0x00004000,,2522,1120,4,mpc
98,龍宮第五層,5390,太古安康,5253,45,0x00004000,,1205,1084,3,mpc
98,龍宮第五層,5418,青龍,5157,65,0x00000400,,1239,696,4,mpc
99,龍宮第六層,5376,利鉗蟹兵,5239,55,0x00000020,,2564,1894,4,mpc
99,龍宮第六層,5378,藍鯊兵,5241,65,0x00000020,,1864,1464,4,mpc
99,龍宮第六層,5382,海賊章魚,5245,50,0x00000020,,1752,1360,2,mpc
99,龍宮第六層,5384,梭魚群,5247,35,0x00004000,,2661,1889,4,mpc
100,龍宮第七層,5289,鬼螯蝦兵,5199,55,0x00000020,,1789,1030,2,mpc
100,龍宮第七層,5376,利鉗蟹兵,5239,55,0x00000020,,2374,2292,4,mpc
100,龍宮第七層,5377,巨鉗蟹將,5240,70,0x00000020,,1975,1027,2,mpc
100,龍宮第七層,5378,藍鯊兵,5241,65,0x00000020,,1160,2538,4,mpc
100,龍宮第七層,5382,海賊章魚,5245,50,0x00000020,,2117,2116,6,mpc
100,龍宮第七層,5383,八爪海怪,5246,65,0x00000020,,1638,1174,2,mpc
100,龍宮第七層,5405,海膽,5984,1,0x00002000,,1272,1530,3,mpc
100,龍宮第七層,5420,死靈水母,5270,70,0x00000008,,2021,1762,2,mpc
100,龍宮第七層,5431,小黑龍,5208,65,0x00000400,,2551,1503,1,mpc
101,龍宮八層一隅,5374,龍駻將,5237,75,0x00000400,,1397,2372,1,mpc
101,龍宮八層一隅,5376,利鉗蟹兵,5239,55,0x00000020,,2421,1684,1,mpc
101,龍宮八層一隅,5377,巨鉗蟹將,5240,70,0x00000020,,1200,689,2,mpc
101,龍宮八層一隅,5378,藍鯊兵,5241,65,0x00000020,,786,899,1,mpc
101,龍宮八層一隅,5379,鯊將軍,5242,75,0x00000020,,3463,2251,2,mpc
101,龍宮八層一隅,5383,八爪海怪,5246,65,0x00000020,,1900,1346,2,mpc
101,龍宮八層一隅,5420,死靈水母,5270,70,0x00000008,,1373,731,3,mpc
102,龍宮八層廣場,5288,巨螯蝦兵,5198,45,0x00000020,,2560,2418,2,mpc
102,龍宮八層廣場,5289,鬼螯蝦兵,5199,55,0x00000020,,4243,1562,2,mpc
102,龍宮八層廣場,5374,龍駻將,5237,75,0x00000400,,2371,1434,1,mpc
102,龍宮八層廣場,5375,神龍將,5238,99,0x00000400,,2806,1260,1,mpc
102,龍宮八層廣場,5376,利鉗蟹兵,5239,55,0x00000020,,3477,1461,1,mpc
102,龍宮八層廣場,5377,巨鉗蟹將,5240,70,0x00000020,,3587,1392,1,mpc
102,龍宮八層廣場,5378,藍鯊兵,5241,65,0x00000020,,1641,1301,1,mpc
102,龍宮八層廣場,5379,鯊將軍,5242,75,0x00000020,,1511,1371,1,mpc
102,龍宮八層廣場,5381,幽靈水母,5261,50,0x00000008,,2579,1964,1,mpc
102,龍宮八層廣場,5382,海賊章魚,5245,50,0x00000020,,2268,928,1,mpc
102,龍宮八層廣場,5383,八爪海怪,5246,65,0x00000020,,2473,857,1,mpc
102,龍宮八層廣場,5388,野豬魨,5251,35,0x00004000,,728,1535,2,mpc
102,龍宮八層廣場,5390,太古安康,5253,45,0x00004000,,2738,692,2,mpc
102,龍宮八層廣場,5420,死靈水母,5270,70,0x00000008,,2433,1988,1,mpc
104,封獸擂台,5436,神棍,6106,99,0x00002000,,886,849,1,mpc
105,天山冰池,5316,千年靈芝精,5226,65,0x00000010,,6881,4363,2,mpc
105,天山冰池,5318,千年蔘精,5228,65,0x00000010,,5241,4635,3,mpc
105,天山冰池,5440,狼王,5272,70,0x00000080,,692,2647,4,mpc
105,天山冰池,5454,白巨虎,5286,85,0x00000080,,3413,2719,2,mpc
105,天山冰池,5459,雪山獵戶,6008,30,0x00000001,,2351,3679,1,mpc
105,天山冰池,5462,天山老虎,5008,70,0x00000080,,6235,3065,11,mpc
105,天山冰池,5463,天山食人虎,5009,80,0x00000080,,2484,3746,2,mpc
105,天山冰池,5464,天山惡狼,5005,60,0x00000080,,3190,2825,15,mpc
105,天山冰池,5465,天山雪狼,5006,70,0x00000080,,2132,3716,9,mpc
105,天山冰池,5466,天山巨猿,5014,80,0x00000080,,3531,2830,15,mpc
106,長林谷,5514,長林青蛇,5291,70,0x00000040,,2737,1914,10,mpc
106,長林谷,5515,幻面蜘蛛,5293,75,0x00000020,,2824,1893,6,mpc
106,長林谷,5516,大獒犬,5273,75,0x00000080,,5524,3632,5,mpc
106,長林谷,5517,長林狂猴,5013,70,0x00000080,,1820,3783,8,mpc
106,長林谷,5518,長林狂猿,5098,75,0x00000080,,4638,2536,3,mpc
106,長林谷,5519,長林大盜,5292,80,0x00000002,,4219,4077,12,mpc
106,長林谷,5520,長林惡匪,5294,80,0x00000002,,4122,4073,5,mpc
106,長林谷,5521,長林惡棍,5295,80,0x00000002,,3781,4071,5,mpc
106,長林谷,5522,邪火刀僧,5296,85,0x00000002,,6889,2445,5,mpc
106,長林谷,5523,風雷頭陀,5297,95,0x00000002,,6887,2109,1,mpc
106,長林谷,5524,江湖刀客,5275,95,0x00000002,,4000,4111,1,mpc
106,長林谷,5525,火藥惡賊,5289,80,0x00000002,,3824,4154,5,mpc
106,長林谷,5526,鐵勾惡盜,5276,95,0x00000002,,6882,4116,1,mpc
106,長林谷,5527,大刀賊寇,5274,85,0x00000002,,6691,4202,1,mpc
106,長林谷,5528,夜行大盜,5284,80,0x00000002,,4156,4161,17,mpc
106,長林谷,5529,天邪道人,5298,85,0x00000002,,6826,1995,3,mpc
108,皇城,16164,皇城武衛,6985,190,0x00000001,,3104,3549,10,mpc
108,皇城,16165,皇城駐軍,6986,195,0x00000001,,2244,3332,10,mpc
108,皇城,16166,東校精衛,6985,210,0x00000001,,6812,3608,10,mpc
108,皇城,16167,東校鎮軍,6986,215,0x00000001,,5929,3991,10,mpc
108,皇城,16168,西校精衛,6985,230,0x00000001,,2127,1486,10,mpc
108,皇城,16169,西校鎮軍,6986,235,0x00000001,,2971,896,10,mpc
108,皇城,16170,武冠驍衛,6985,250,0x00000001,,5820,1551,10,mpc
108,皇城,16171,武冠勇軍,6986,255,0x00000001,,6444,1418,10,mpc
109,神州武冠台,16172,飛雲大將軍,6978,990,0x00002000,,1775,3409,1,mpc
109,神州武冠台,16173,武冠英衛,6985,260,0x00000001,,1640,3472,11,mpc
109,神州武冠台,16174,武冠雄軍,6986,265,0x00000001,,1688,3320,11,mpc
109,神州武冠台,16175,武冠鬥將,6990,270,0x00000001,,2280,3000,11,mpc
109,神州武冠台,16176,五嶽劍者,6018,275,0x00000001,,1736,1392,5,mpc
109,神州武冠台,16177,東瀛劍豪,5638,300,0x00000002,,1368,1384,5,mpc
109,神州武冠台,16178,御劍宗師,6566,325,0x00000001,,2104,1368,6,mpc
109,神州武冠台,16179,豪情勇者,6027,275,0x00000001,,3720,1816,5,mpc
109,神州武冠台,16180,蒼狼蠻勇,5424,300,0x00000002,,3432,1632,5,mpc
109,神州武冠台,16181,歐陸十字軍,6513,325,0x00000001,,4648,1472,6,mpc
109,神州武冠台,16182,影協術士,5122,275,0x00000001,,5216,2144,5,mpc
109,神州武冠台,16183,艾濟舞侍,6937,300,0x00000002,,5440,2352,5,mpc
109,神州武冠台,16184,風魔上忍,5644,325,0x00000002,,6096,2320,6,mpc
109,神州武冠台,16185,群峰道長,5089,275,0x00000001,,5704,3496,5,mpc
109,神州武冠台,16186,天照陰陽師,5647,300,0x00000001,,6584,3544,5,mpc
109,神州武冠台,16187,大汗祭司,5416,325,0x00000002,,6184,3432,6,mpc
109,神州武冠台,16188,山雲行僧,5090,275,0x00000001,,6472,4928,5,mpc
109,神州武冠台,16189,孔雀聖師,5731,300,0x00000001,,6032,4800,5,mpc
109,神州武冠台,16190,密宗班禪,5850,325,0x00000001,,6968,4848,6,mpc
109,神州武冠台,16191,劍仙？,6943,400,0x00002000,,3639,234,1,mpc
109,神州武冠台,16192,武神？,6945,400,0x00002000,,5933,518,1,mpc
109,神州武冠台,16193,龍女？,6947,400,0x00002000,,7424,1312,1,mpc
109,神州武冠台,16194,天師？,6949,400,0x00002000,,8000,2496,1,mpc
109,神州武冠台,16195,活佛？,6951,400,0x00002000,,8416,3712,1,mpc
109,神州武冠台,16278,武冠台隱刑,6990,300,0x00002000,,5224,2456,98,mpc
110,東校場,16355,東校場士兵,6108,1090,0x00000001,,2488,1437,9,mpc
110,東校場,16356,東校場司尉,6110,1100,0x00000001,,2971,2564,11,mpc
110,東校場,16357,東陣悍馬,5404,1105,0x00000080,,4902,2825,15,mpc
110,東校場,16358,東陣獵鷹,5405,1110,0x00000100,,1396,2791,12,mpc
110,東校場,16359,東陣黑豹,5406,1115,0x00000080,,5570,2341,11,mpc
110,東校場,16360,東校場精衛,6985,1120,0x00000001,,5376,4271,15,mpc
110,東校場,16361,東校場鎮軍,6986,1130,0x00000001,,5654,3345,15,mpc
110,東校場,17462,蛇眼星刺客,8705,1780,0x00008000,,4873,3727,2,mpc
110,東校場,17910,洛基幻象,8898,1900,0x00008000,,4960,3659,1,mpc
111,西校場,16362,葬劍崖俠宗,6991,1140,0x00000001,,4304,502,7,mpc
111,西校場,16364,踏雲頂俠宗,6995,1140,0x00000001,,3599,2648,8,mpc
111,西校場,16365,山林地俠宗,6992,1140,0x00000001,,4138,1091,7,mpc
111,西校場,16366,紫霞山俠宗,6994,1140,0x00000001,,3738,1755,7,mpc
111,西校場,16367,葬劍崖俠宗,6996,1140,0x00000001,,3785,2035,8,mpc
111,西校場,16368,黑水潭俠宗,6998,1140,0x00000001,,4367,3472,9,mpc
111,西校場,16369,踏雲頂俠宗,7000,1140,0x00000001,,4362,3043,7,mpc
111,西校場,16370,山林地俠宗,6997,1140,0x00000001,,3935,2358,8,mpc
111,西校場,16371,紫霞山俠宗,6999,1140,0x00000001,,4020,2769,7,mpc
112,藏意武窟,16427,雷武機關兵,5043,1175,0x00000200,,7374,2006,4,mpc
112,藏意武窟,16428,火武機關兵,5044,1185,0x00000200,,7114,1401,4,mpc
112,藏意武窟,16429,遠襲機關兵,5045,1190,0x00000200,,6346,2963,8,mpc
112,藏意武窟,16430,雷霸機關長,5046,1200,0x00000200,,5256,4274,4,mpc
112,藏意武窟,16431,火霸機關長,5047,1205,0x00000200,,6297,4637,4,mpc
112,藏意武窟,16432,大內秘衛,5506,1185,0x00000001,,891,1217,6,mpc
112,藏意武窟,16433,影武暗部,5505,1195,0x00000001,,2218,2474,7,mpc
112,藏意武窟,16434,武窟先銳,6985,1210,0x00000001,,2224,3674,5,mpc
112,藏意武窟,16435,武窟精衛,6986,1220,0x00000001,,1305,4520,4,mpc
112,藏意武窟,16436,鎮國黑虎騎,6990,1230,0x00000001,,3704,1402,4,mpc
113,烈火靈界裂隙,5552,黯火鬼卒,5299,55,0x00000020,,2820,2338,15,mpc
113,烈火靈界裂隙,5555,黯火妖靈,5302,65,0x00000020,,2551,2209,13,mpc
113,烈火靈界裂隙,5558,巨石魔,5305,70,0x00000010,,3408,1263,3,mpc
113,烈火靈界裂隙,5561,冥火妖,5308,70,0x00000010,,1503,1623,3,mpc
113,烈火靈界裂隙,5562,火螫蠍,5345,60,0x00000040,,5592,1360,4,mpc
113,烈火靈界裂隙,5565,熾火蜈蚣,5348,55,0x00000040,,4403,825,7,mpc
113,烈火靈界裂隙,5568,火影蜘蛛精,5351,70,0x00000020,,1226,4355,2,mpc
113,烈火靈界裂隙,5571,赤鍊蛇,5354,55,0x00000040,,5481,1306,7,mpc
113,烈火靈界裂隙,5633,妖靈屍骸,5976,1,0x00002000,,1335,4331,1,mpc
113,烈火靈界裂隙,5635,妖靈屍骸,5976,1,0x00002000,,1340,4347,1,mpc
113,烈火靈界裂隙,5637,裂隙火靈,5332,95,0x00000008,,1354,4333,1,mpc
114,瘴癘靈界裂隙,5553,蠱毒鬼卒,5301,55,0x00000020,,1874,2926,18,mpc
114,瘴癘靈界裂隙,5556,淬毒妖靈,5303,65,0x00000020,,4024,1430,14,mpc
114,瘴癘靈界裂隙,5559,邪樹妖,5306,70,0x00000010,,1143,3192,2,mpc
114,瘴癘靈界裂隙,5560,冤水鬼,5307,70,0x00000010,,6584,2519,2,mpc
114,瘴癘靈界裂隙,5564,青毒蠍,5347,60,0x00000040,,3964,2839,6,mpc
114,瘴癘靈界裂隙,5567,百毒蜈蚣,5350,55,0x00000040,,4336,523,7,mpc
114,瘴癘靈界裂隙,5570,五毒蜘蛛精,5353,70,0x00000020,,5487,4387,3,mpc
114,瘴癘靈界裂隙,5573,黑魅蛇,5356,55,0x00000040,,5160,1628,7,mpc
114,瘴癘靈界裂隙,5633,妖靈屍骸,5976,1,0x00002000,,5784,4389,1,mpc
114,瘴癘靈界裂隙,5635,妖靈屍骸,5976,1,0x00002000,,5789,4405,1,mpc
114,瘴癘靈界裂隙,5639,裂隙蠱靈,5334,95,0x00000008,,5803,4391,1,mpc
114,瘴癘靈界裂隙,5649,蠱毒鬼卒,5301,55,0x00000020,,5304,3387,1,mpc
114,瘴癘靈界裂隙,5650,淬毒妖靈,5303,65,0x00000020,,5661,3361,1,mpc
115,怒雪靈界裂隙,5554,寒冰鬼卒,5300,55,0x00000020,,3723,2472,18,mpc
115,怒雪靈界裂隙,5557,玄冰妖靈,5304,65,0x00000020,,3661,2467,12,mpc
115,怒雪靈界裂隙,5558,巨石魔,5305,70,0x00000010,,3574,712,2,mpc
115,怒雪靈界裂隙,5560,冤水鬼,5307,70,0x00000010,,6957,3978,2,mpc
115,怒雪靈界裂隙,5563,冰鑽蠍,5346,60,0x00000040,,6044,3174,7,mpc
115,怒雪靈界裂隙,5566,冰蠶蜈蚣,5349,55,0x00000040,,5996,1895,5,mpc
115,怒雪靈界裂隙,5569,冰封蜘蛛精,5352,70,0x00000020,,1546,818,2,mpc
115,怒雪靈界裂隙,5572,寒霜蛇,5355,55,0x00000040,,5973,1839,5,mpc
115,怒雪靈界裂隙,5635,妖靈屍骸,5976,1,0x00002000,,1785,876,1,mpc
115,怒雪靈界裂隙,5638,裂隙冰靈,5333,95,0x00000008,,1786,793,1,mpc
115,怒雪靈界裂隙,5648,妖靈屍骸,5976,1,0x00002000,,1721,908,1,mpc
116,五派禁地,5455,山神豬,5287,75,0x00000080,,4898,3716,1,mpc
116,五派禁地,5558,巨石魔,5305,70,0x00000010,,6579,3421,1,mpc
116,五派禁地,5578,2轉劍影,5361,85,0x00000001,,4906,1231,2,mpc
116,五派禁地,5583,2轉女劍影,5366,85,0x00000001,,5017,625,2,mpc
116,五派禁地,5588,1轉劍影,5371,78,0x00000001,,5280,1411,4,mpc
116,五派禁地,5593,1轉女劍影,5376,78,0x00000001,,5742,1410,4,mpc
116,五派禁地,5598,石窟劍俑,5323,78,0x00000200,,1416,453,6,mpc
116,五派禁地,5599,石窟戈俑,5324,78,0x00000200,,1383,1084,7,mpc
116,五派禁地,5600,石窟箭俑,5325,78,0x00000200,,1262,387,7,mpc
116,五派禁地,5601,石窟雙錘俑,5326,80,0x00000200,,1679,1311,4,mpc
116,五派禁地,5602,石窟雙斧俑,5327,80,0x00000200,,1397,288,4,mpc
116,五派禁地,5603,石窟武士俑,5328,90,0x00000200,,1467,1313,4,mpc
116,五派禁地,5605,九陽劍宗,5382,85,0x00000001,,4979,1227,1,mpc
116,五派禁地,5606,雷霆劍宗,5383,85,0x00000001,,6084,1237,1,mpc
116,五派禁地,5607,煉氣宗,5384,85,0x00000001,,6004,686,1,mpc
116,五派禁地,5608,玄氣宗,5385,85,0x00000001,,5045,678,1,mpc
116,五派禁地,5609,真火神龍,5386,95,0x00000400,,3477,1975,2,mpc
116,五派禁地,5610,玄冰神龍,5387,95,0x00000400,,3195,2103,2,mpc
116,五派禁地,5611,無影手,5388,80,0x00000001,,3581,2760,4,mpc
116,五派禁地,5612,奔雷手,5389,80,0x00000001,,4003,2570,4,mpc
116,五派禁地,5613,千手神偷,5390,85,0x00000001,,3565,2203,1,mpc
116,五派禁地,5614,玄天宗師,5391,85,0x00000001,,1148,3261,3,mpc
116,五派禁地,5615,綠袍老祖,5392,90,0x00000001,,1547,3618,3,mpc
116,五派禁地,5616,無塵子,5393,85,0x00000001,,1624,3588,4,mpc
116,五派禁地,5617,天外神僧,5394,85,0x00000001,,4949,3153,1,mpc
116,五派禁地,5618,凡人,5395,70,0x00000002,,4397,3441,1,mpc
116,五派禁地,5619,雷骨獄卒,5315,85,0x00000008,,6029,3734,1,mpc
116,五派禁地,5620,吸精鬼屍,5318,80,0x00000008,,5496,4007,1,mpc
116,五派禁地,5621,屍花精,5344,80,0x00000010,,6018,3141,1,mpc
116,五派禁地,5622,鬼修羅,5340,90,0x00000004,,5385,3443,1,mpc
116,五派禁地,5636,北斗星君,5396,95,0x00000001,,2208,3281,1,mpc
116,五派禁地,5646,龍星陣,5975,80,0x00002000,,1755,3492,3,mpc
116,五派禁地,5647,龍星陣,5975,70,0x00002000,,1259,3299,3,mpc
116,五派禁地,5651,食日巨靈,5397,90,0x00000004,,5545,3423,1,mpc
117,五派禁地,5446,白骨精長老,5278,95,0x00000008,,5354,1121,1,mpc
117,五派禁地,5578,2轉劍影,5361,85,0x00000001,,3546,1915,1,mpc
117,五派禁地,5579,2轉術影,5362,85,0x00000001,,3627,1865,1,mpc
117,五派禁地,5580,2轉僧影,5363,85,0x00000001,,3714,1851,1,mpc
117,五派禁地,5581,2轉勇影,5364,85,0x00000001,,3815,1881,1,mpc
117,五派禁地,5582,2轉道影,5365,85,0x00000001,,3893,1933,1,mpc
117,五派禁地,5583,2轉女劍影,5366,85,0x00000001,,3542,1992,1,mpc
117,五派禁地,5584,2轉女術影,5367,85,0x00000001,,3614,2053,1,mpc
117,五派禁地,5585,2轉女僧影,5368,85,0x00000001,,3713,2082,1,mpc
117,五派禁地,5586,2轉女勇影,5369,85,0x00000001,,3821,2049,1,mpc
117,五派禁地,5587,2轉女道影,5370,85,0x00000001,,3895,2001,1,mpc
117,五派禁地,5588,1轉劍影,5371,78,0x00000001,,4745,3198,2,mpc
117,五派禁地,5589,1轉術影,5372,78,0x00000001,,5048,3042,2,mpc
117,五派禁地,5590,1轉僧影,5373,78,0x00000001,,4906,3119,5,mpc
117,五派禁地,5591,1轉勇影,5374,78,0x00000001,,4737,3683,3,mpc
117,五派禁地,5592,1轉道影,5375,78,0x00000001,,5118,3874,3,mpc
117,五派禁地,5593,1轉女劍影,5376,78,0x00000001,,5944,3310,2,mpc
117,五派禁地,5594,1轉女術影,5377,78,0x00000001,,5963,3583,2,mpc
117,五派禁地,5595,1轉女僧影,5378,78,0x00000001,,4919,3443,2,mpc
117,五派禁地,5596,1轉女勇影,5379,78,0x00000001,,5073,3596,1,mpc
117,五派禁地,5597,1轉女道影,5380,78,0x00000001,,5093,3295,1,mpc
117,五派禁地,5619,雷骨獄卒,5315,85,0x00000008,,5332,881,1,mpc
117,五派禁地,5620,吸精鬼屍,5318,80,0x00000008,,5277,863,1,mpc
117,五派禁地,5623,火骨精長老,5309,95,0x00000008,,5308,1094,1,mpc
117,五派禁地,5624,冰骨精長老,5310,95,0x00000008,,5224,1053,1,mpc
117,五派禁地,5625,冥骨精長老,5311,95,0x00000008,,5266,1069,1,mpc
117,五派禁地,5626,火骨獄卒,5312,85,0x00000008,,5339,1049,1,mpc
117,五派禁地,5627,寒骨獄卒,5313,85,0x00000008,,5699,1075,1,mpc
117,五派禁地,5628,冥骨獄卒,5314,85,0x00000008,,5672,887,1,mpc
117,五派禁地,5629,惡靈骷髏兵,5316,80,0x00000008,,6038,1269,4,mpc
117,五派禁地,5630,惡靈弓手,5317,80,0x00000008,,5507,623,4,mpc
117,五派禁地,5631,惡靈殭屍,5319,80,0x00000008,,5782,1104,1,mpc
117,五派禁地,5632,怨靈,5320,80,0x00000008,,5738,860,1,mpc
118,東宮碧庭,16409,磐石精,5057,1130,0x00000010,,2994,1215,4,mpc
118,東宮碧庭,16410,扶疏樹精,5058,1135,0x00000010,,1168,1024,4,mpc
118,東宮碧庭,16411,龍脈神蔘,5228,1140,0x00000010,,2268,803,4,mpc
118,東宮碧庭,16412,南境蒔花,5154,1145,0x00000010,,2194,1791,4,mpc
118,東宮碧庭,16413,蔚奇園鼠,5572,1150,0x00000080,,4054,2205,4,mpc
118,東宮碧庭,16414,錦卉旋蜂,5203,1155,0x00000040,,3384,3496,4,mpc
118,東宮碧庭,16415,亭台聽蝶,6568,1160,0x00000010,,4594,2746,4,mpc
118,東宮碧庭,16416,深靈化水,5952,1165,0x00000010,,5794,3317,5,mpc
118,東宮碧庭,16417,東庭古木,5156,1175,0x00000010,,6994,4254,4,mpc
118,東宮碧庭,16454,虛途座王鬼,6811,1250,0x00000020,,2272,4640,1,mpc
119,西宮翠苑,16418,西苑花侍,6041,1160,0x00000002,,7131,4019,4,mpc
119,西宮翠苑,16419,朱燕后衛,6042,1165,0x00000002,,5506,4865,4,mpc
119,西宮翠苑,16420,金蓮碧手,5720,1170,0x00000002,,5158,3851,4,mpc
119,西宮翠苑,16421,北原俠女,5425,1175,0x00000002,,5815,2171,4,mpc
119,西宮翠苑,16422,羅剎劍瑛,5578,1180,0x00000002,,5287,2557,5,mpc
119,西宮翠苑,16423,羅剎逸姝,5580,1180,0x00000002,,1595,2233,7,mpc
119,西宮翠苑,16424,紅櫻藝者,5659,1190,0x00000008,,1679,3822,4,mpc
119,西宮翠苑,16425,麗火魔法使,6505,1190,0x00000002,,1580,2891,4,mpc
119,西宮翠苑,16426,艾濟武姬,6937,1200,0x00000002,,6338,760,4,mpc
119,西宮翠苑,16455,透界座王鬼,6811,1250,0x00000020,,2976,224,1,mpc
120,黃龍秘殿,16456,黃龍天鋒尉,6985,1240,0x00000002,,2866,3484,15,mpc
120,黃龍秘殿,16457,黃龍蒼刃尉,6986,1250,0x00000002,,2509,2728,14,mpc
120,黃龍秘殿,16458,黃龍黑虎騎,6980,1265,0x00000002,,3080,3350,15,mpc
120,黃龍秘殿,16459,黃龍悍衝車,6984,1280,0x00000002,,3404,3265,15,mpc
120,黃龍秘殿,16460,九尾狐禍影,6448,1350,0x00002000,,1952,864,1,mpc
120,黃龍秘殿,16461,九尾狐禍影,6448,1350,0x00002000,,7094,3617,1,mpc
120,黃龍秘殿,16462,虛意化劍宗,6996,1295,0x00000002,,7176,2246,9,mpc
120,黃龍秘殿,16463,虛意化武宗,6992,1295,0x00000002,,6201,2325,14,mpc
120,黃龍秘殿,16464,虛意化術宗,6993,1295,0x00000002,,6968,2214,9,mpc
120,黃龍秘殿,16465,虛意化道宗,6999,1295,0x00000002,,4088,719,9,mpc
120,黃龍秘殿,16466,虛意化禪宗,6995,1295,0x00000002,,4328,767,9,mpc
120,黃龍秘殿,16467,虛空布道使,6983,1310,0x00000004,,4827,1904,15,mpc
120,黃龍秘殿,16468,虛空誅異使,6982,1310,0x00000004,,5079,2336,15,mpc
120,黃龍秘殿,16469,禍國九尾狐,6428,1400,0x00002000,,6041,1320,1,mpc
120,黃龍秘殿,16470,虛還大秦始皇帝,6975,1450,0x00002000,,7232,512,1,mpc
121,修羅級黃龍秘殿,16639,<黃龍天鋒尉>,6985,1540,0x00000002,,2866,6044,15,mpc
121,修羅級黃龍秘殿,16640,<黃龍蒼刃尉>,6986,1550,0x00000002,,2509,5288,14,mpc
121,修羅級黃龍秘殿,16641,<黃龍黑虎騎>,6980,1565,0x00000002,,3080,5910,15,mpc
121,修羅級黃龍秘殿,16642,<黃龍悍衝車>,6984,1580,0x00000002,,3404,5825,15,mpc
121,修羅級黃龍秘殿,16643,<九尾狐禍影>,6448,1650,0x00002000,,1952,3424,1,mpc
121,修羅級黃龍秘殿,16644,<九尾狐禍影>,6448,1650,0x00002000,,7095,6177,1,mpc
121,修羅級黃龍秘殿,16645,<虛意化劍宗>,6996,1595,0x00000002,,7176,4806,9,mpc
121,修羅級黃龍秘殿,16646,<虛意化武宗>,6992,1595,0x00000002,,6201,4885,14,mpc
121,修羅級黃龍秘殿,16647,<虛意化術宗>,6993,1595,0x00000002,,6968,4774,9,mpc
121,修羅級黃龍秘殿,16648,<虛意化道宗>,6999,1595,0x00000002,,4088,3279,9,mpc
121,修羅級黃龍秘殿,16649,<虛意化禪宗>,6995,1595,0x00000002,,4328,3327,9,mpc
121,修羅級黃龍秘殿,16650,<虛空布道使>,6983,1610,0x00000004,,4827,4464,15,mpc
121,修羅級黃龍秘殿,16651,<虛空誅異使>,6982,1610,0x00000004,,5079,4896,15,mpc
121,修羅級黃龍秘殿,16652,<禍國九尾狐>,6428,1700,0x00002000,,6041,3880,1,mpc
121,修羅級黃龍秘殿,16653,<虛還大秦始皇帝>,6975,1750,0x00002000,,7232,3072,1,mpc
121,修羅級黃龍秘殿,16654,虛無行者．劍,6602,1650,0x00000004,,2983,1247,4,mpc
121,修羅級黃龍秘殿,16655,虛無行者．拳,6456,1650,0x00000010,,3201,1051,4,mpc
121,修羅級黃龍秘殿,16656,虛無行者．獸,6906,1650,0x00000200,,2631,852,4,mpc
121,修羅級黃龍秘殿,16657,降世．虛空主宰,6847,1799,0x00002000,,3231,364,1,mpc
122,八達嶺,5007,劍齒狼,5007,40,0x00000080,,2725,3138,9,mpc
122,八達嶺,5008,老虎,5008,50,0x00000080,,2883,3173,8,mpc
122,八達嶺,5009,食人虎,5009,60,0x00000080,,1267,2772,3,mpc
122,八達嶺,5016,食人巨猿,5016,50,0x00000080,,2842,3047,4,mpc
122,八達嶺,5440,狼王,5272,70,0x00000080,,5661,4707,3,mpc
122,八達嶺,5681,野馬,5404,35,0x00000080,,1931,3937,3,mpc
122,八達嶺,5683,獵鷹,5405,70,0x00000100,,5313,4781,4,mpc
122,八達嶺,5688,流亡叛軍士兵,5437,70,0x00000002,,5786,1007,7,mpc
122,八達嶺,5689,流亡叛軍隊長,5438,80,0x00000002,,6007,1838,5,mpc
122,八達嶺,5690,流亡叛軍頭目,5439,90,0x00000002,,6190,1790,3,mpc
122,八達嶺,5691,邊關賊寇嘍囉,5280,70,0x00000002,,4022,1462,7,mpc
122,八達嶺,5692,邊關賊寇隊長,5290,80,0x00000002,,4367,1359,6,mpc
122,八達嶺,5693,邊關賊寇頭目,5440,90,0x00000002,,4507,1444,3,mpc
122,八達嶺,5835,鬼影奔雷手,5488,80,0x00000001,,4923,3061,2,mpc
123,古北口,5007,劍齒狼,5007,40,0x00000080,,2077,3095,2,mpc
123,古北口,5008,老虎,5008,50,0x00000080,,2769,3980,2,mpc
123,古北口,5009,食人虎,5009,60,0x00000080,,2179,2508,1,mpc
123,古北口,5016,食人巨猿,5016,50,0x00000080,,2687,3993,1,mpc
123,古北口,5681,野馬,5404,35,0x00000080,,1741,5076,2,mpc
123,古北口,5688,流亡叛軍士兵,5437,70,0x00000002,,612,5282,3,mpc
123,古北口,5689,流亡叛軍隊長,5438,80,0x00000002,,476,4234,2,mpc
123,古北口,5690,流亡叛軍頭目,5439,90,0x00000002,,803,1777,1,mpc
123,古北口,5691,邊關賊寇嘍囉,5280,70,0x00000002,,1695,5927,2,mpc
123,古北口,5692,邊關賊寇隊長,5290,80,0x00000002,,428,5292,1,mpc
123,古北口,5693,邊關賊寇頭目,5440,90,0x00000002,,433,3292,1,mpc
123,古北口,5835,鬼影奔雷手,5488,80,0x00000001,,529,3278,2,mpc
124,塞北草原,5007,劍齒狼,5007,40,0x00000080,,7138,4706,2,mpc
124,塞北草原,5008,老虎,5008,50,0x00000080,,7146,4606,2,mpc
124,塞北草原,5680,山羊,5402,35,0x00000080,,4090,381,5,mpc
124,塞北草原,5681,野馬,5404,35,0x00000080,,3350,2064,5,mpc
124,塞北草原,5682,黃牛,5403,40,0x00000080,,2648,1686,6,mpc
124,塞北草原,5683,獵鷹,5405,70,0x00000100,,3331,4534,8,mpc
124,塞北草原,5694,草原長槍兵,5421,70,0x00000002,,4722,3143,11,mpc
124,塞北草原,5695,草原刀盾兵,5422,70,0x00000002,,4936,3237,13,mpc
124,塞北草原,5696,神射手哲別,5417,100,0x00000002,,4527,1861,3,mpc
124,塞北草原,5730,流亡兵馬隊長,5446,80,0x00000001,,2632,2909,2,mpc
124,塞北草原,5731,蒼狼精兵,5422,70,0x00000002,,4234,3359,3,mpc
125,呼倫草原,5680,山羊,5402,35,0x00000080,,1635,3173,9,mpc
125,呼倫草原,5682,黃牛,5403,40,0x00000080,,1531,3063,10,mpc
125,呼倫草原,5683,獵鷹,5405,70,0x00000100,,4827,3870,4,mpc
125,呼倫草原,5684,紫靈貂,5401,55,0x00001000,,4406,3065,7,mpc
125,呼倫草原,5685,蒼狼,5407,60,0x00001000,,2663,4471,9,mpc
125,呼倫草原,5686,白鹿,5408,60,0x00001000,,1716,2649,6,mpc
125,呼倫草原,5694,草原長槍兵,5421,70,0x00000002,,4533,1359,1,mpc
125,呼倫草原,5695,草原刀盾兵,5422,70,0x00000002,,4060,1462,1,mpc
125,呼倫草原,5699,草原戰士,5419,80,0x00000002,,6749,2306,5,mpc
125,呼倫草原,5700,疾風戰士,5418,80,0x00000002,,6673,2335,5,mpc
126,貝爾草原,5680,山羊,5402,35,0x00000080,,1731,768,4,mpc
126,貝爾草原,5682,黃牛,5403,40,0x00000080,,2330,652,5,mpc
126,貝爾草原,5683,獵鷹,5405,70,0x00000100,,5023,2171,6,mpc
126,貝爾草原,5684,紫靈貂,5401,55,0x00001000,,7220,2333,3,mpc
126,貝爾草原,5685,蒼狼,5407,60,0x00001000,,3971,3003,11,mpc
126,貝爾草原,5686,白鹿,5408,60,0x00001000,,3477,5216,7,mpc
126,貝爾草原,5699,草原戰士,5419,80,0x00000002,,6920,4148,5,mpc
126,貝爾草原,5700,疾風戰士,5418,80,0x00000002,,6173,3481,5,mpc
127,亂石林,5684,紫靈貂,5401,55,0x00001000,,1794,2119,12,mpc
127,亂石林,5687,黑豹,5406,70,0x00000080,,1572,723,9,mpc
127,亂石林,5694,草原長槍兵,5421,70,0x00000002,,3498,2772,5,mpc
127,亂石林,5695,草原刀盾兵,5422,70,0x00000002,,3774,2221,8,mpc
127,亂石林,5697,勇士合薩兒,5411,100,0x00000002,,4630,3621,3,mpc
127,亂石林,5702,女王護法,5412,90,0x00000002,,4201,3608,3,mpc
127,亂石林,5703,大汗親兵,5414,90,0x00000002,,4947,2881,2,mpc
127,亂石林,5707,獵人頭祭司,5416,110,0x00000002,,739,3906,3,mpc
127,亂石林,5730,流亡兵馬隊長,5446,80,0x00000001,,1591,500,2,mpc
127,亂石林,5749,哲別幻影,5429,100,0x00000002,,3227,2007,1,mpc
127,亂石林,5750,合薩兒幻影,5427,100,0x00000002,,3034,1926,1,mpc
127,亂石林,5751,衝石徹幻影,5428,100,0x00000002,,2887,2019,1,mpc
127,亂石林,5752,祭司幻影,5426,110,0x00000002,,2857,1892,4,mpc
129,黑城遺跡,5683,獵鷹,5405,70,0x00000100,,3874,3357,5,mpc
129,黑城遺跡,5685,蒼狼,5407,60,0x00001000,,3514,3585,9,mpc
129,黑城遺跡,5687,黑豹,5406,70,0x00000080,,1915,676,6,mpc
129,黑城遺跡,5698,大將衝石徹,5413,100,0x00000002,,869,1894,2,mpc
129,黑城遺跡,5702,女王護法,5412,90,0x00000002,,1019,2003,1,mpc
129,黑城遺跡,5703,大汗親兵,5414,90,0x00000002,,6758,1292,2,mpc
129,黑城遺跡,5704,傭兵飛茅手,5423,70,0x00000002,,3779,2571,6,mpc
129,黑城遺跡,5705,傭兵重鎚手,5424,70,0x00000002,,2916,2415,5,mpc
129,黑城遺跡,5730,流亡兵馬隊長,5446,80,0x00000001,,7026,3144,2,mpc
131,疾風谷,5683,獵鷹,5405,70,0x00000100,,1826,2525,4,mpc
131,疾風谷,5684,紫靈貂,5401,55,0x00001000,,450,1405,1,mpc
131,疾風谷,5687,黑豹,5406,70,0x00000080,,3286,3260,2,mpc
131,疾風谷,5702,女王護法,5412,90,0x00000002,,3914,933,4,mpc
131,疾風谷,5703,大汗親兵,5414,90,0x00000002,,1431,962,4,mpc
131,疾風谷,5704,傭兵飛茅手,5423,70,0x00000002,,2909,2450,5,mpc
131,疾風谷,5705,傭兵重鎚手,5424,70,0x00000002,,3650,1140,2,mpc
131,疾風谷,5706,傭兵女戰士,5425,80,0x00000002,,979,2221,4,mpc
131,疾風谷,5708,拉薩跳神,5415,110,0x00000002,,1683,763,2,mpc
132,大汗陵墓,5694,草原長槍兵,5421,70,0x00000002,,6202,4372,9,mpc
132,大汗陵墓,5695,草原刀盾兵,5422,70,0x00000002,,6304,4369,9,mpc
132,大汗陵墓,5699,草原戰士,5419,80,0x00000002,,5254,3268,4,mpc
132,大汗陵墓,5700,疾風戰士,5418,80,0x00000002,,4437,1976,4,mpc
132,大汗陵墓,5702,女王護法,5412,90,0x00000002,,6203,2023,7,mpc
132,大汗陵墓,5703,大汗親兵,5414,90,0x00000002,,6067,3913,5,mpc
132,大汗陵墓,5704,傭兵飛茅手,5423,70,0x00000002,,5078,3878,9,mpc
132,大汗陵墓,5705,傭兵重鎚手,5424,70,0x00000002,,5165,3938,9,mpc
132,大汗陵墓,5706,傭兵女戰士,5425,80,0x00000002,,5499,1090,4,mpc
132,大汗陵墓,5707,獵人頭祭司,5416,110,0x00000002,,5007,2602,1,mpc
132,大汗陵墓,5709,蒼狼族大汗,5410,120,0x00000002,,4718,2613,1,mpc
132,大汗陵墓,5753,哲別,5449,100,0x00000002,,6004,2092,1,mpc
132,大汗陵墓,5754,合薩兒,5447,100,0x00000002,,6543,3597,1,mpc
132,大汗陵墓,5755,衝石徹,5448,100,0x00000002,,3866,3224,1,mpc
132,大汗陵墓,5756,燎原戰士,5451,95,0x00000002,,5669,3110,1,mpc
132,大汗陵墓,5757,烈風戰士,5450,95,0x00000002,,3843,2137,1,mpc
132,大汗陵墓,5760,騰格爾大纛,5974,1,0x00002000,,4929,2605,1,mpc
133,極七寶仙境　壹,16033,★仙露花精★,5143,610,0x00000010,,6084,1870,2,mpc
133,極七寶仙境　壹,16034,★松齡聖龜★,5201,620,0x00000080,,5820,1709,2,mpc
133,極七寶仙境　壹,16035,★步天敖犬★,5273,630,0x00000080,,5411,1717,2,mpc
133,極七寶仙境　壹,16036,★萬曆星將★,5396,640,0x00000001,,5168,1835,2,mpc
133,極七寶仙境　壹,16037,★幻月銀狼★,5407,650,0x00001000,,4938,2007,2,mpc
133,極七寶仙境　壹,16038,★岩羅角獸★,5477,660,0x00000080,,6002,2173,2,mpc
133,極七寶仙境　壹,16039,★妙捷跳鼠★,5570,670,0x00000080,,5841,2270,2,mpc
133,極七寶仙境　壹,16040,★霧隱忍武★,5643,680,0x00000002,,5434,2316,2,mpc
133,極七寶仙境　壹,16041,★來世象尊★,5712,690,0x00000020,,5111,2336,2,mpc
133,極七寶仙境　壹,16042,★問頂仙龍★,5862,700,0x00000400,,4837,2331,2,mpc
133,極七寶仙境　壹,16043,☆仙露花精☆,5143,710,0x00000010,,2696,2586,2,mpc
133,極七寶仙境　壹,16044,☆松齡聖龜☆,5201,730,0x00000080,,2407,2387,2,mpc
133,極七寶仙境　壹,16045,☆步天敖犬☆,5273,750,0x00000080,,2625,2804,2,mpc
133,極七寶仙境　壹,16046,☆萬曆星將☆,5396,770,0x00000001,,2091,2369,2,mpc
133,極七寶仙境　壹,16047,☆幻月銀狼☆,5407,790,0x00001000,,2423,2995,2,mpc
133,極七寶仙境　壹,16048,☆岩羅角獸☆,5477,810,0x00000080,,2049,2960,2,mpc
133,極七寶仙境　壹,16049,☆妙捷跳鼠☆,5570,830,0x00000080,,1797,2936,2,mpc
133,極七寶仙境　壹,16050,☆霧隱忍武☆,5643,850,0x00000002,,1782,2422,2,mpc
133,極七寶仙境　壹,16051,☆來世象尊☆,5712,870,0x00000020,,1580,2800,2,mpc
133,極七寶仙境　壹,16052,☆問頂仙龍☆,5862,890,0x00000400,,1379,2702,2,mpc
133,極七寶仙境　壹,16053,⊕仙露花精⊕,5143,910,0x00000010,,5197,3800,2,mpc
133,極七寶仙境　壹,16054,⊕松齡聖龜⊕,5201,930,0x00000080,,5499,3676,2,mpc
133,極七寶仙境　壹,16055,⊕步天敖犬⊕,5273,950,0x00000080,,5722,3788,2,mpc
133,極七寶仙境　壹,16056,⊕萬曆星將⊕,5396,970,0x00000001,,5927,3693,2,mpc
133,極七寶仙境　壹,16057,⊕幻月銀狼⊕,5407,990,0x00001000,,6065,3834,2,mpc
133,極七寶仙境　壹,16058,⊕岩羅角獸⊕,5477,1010,0x00000080,,6194,3679,2,mpc
133,極七寶仙境　壹,16059,⊕妙捷跳鼠⊕,5570,1030,0x00000080,,6393,3823,2,mpc
133,極七寶仙境　壹,16060,⊕霧隱忍武⊕,5643,1055,0x00000002,,6337,3448,2,mpc
133,極七寶仙境　壹,16061,⊕來世象尊⊕,5712,1080,0x00000020,,6439,3583,2,mpc
133,極七寶仙境　壹,16062,⊕問頂仙龍⊕,5862,1105,0x00000400,,6585,3495,2,mpc
134,關外草原,5714,獵鷹,5405,70,0x00000100,,4787,3811,10,mpc
134,關外草原,5715,蒼狼,5407,60,0x00001000,,2938,413,6,mpc
134,關外草原,5717,黑豹,5406,70,0x00000080,,4700,1981,10,mpc
134,關外草原,5724,草原長槍兵,5421,70,0x00000002,,4987,3353,17,mpc
134,關外草原,5725,草原刀盾兵,5422,70,0x00000002,,5093,890,22,mpc
134,關外草原,5726,神射手哲別,5417,100,0x00000002,,4221,3230,3,mpc
134,關外草原,5727,勇士合薩兒,5411,100,0x00000002,,4631,261,1,mpc
134,關外草原,5728,大將衝石徹,5413,100,0x00000002,,3112,523,3,mpc
135,關外草原,5714,獵鷹,5405,70,0x00000100,,4787,3811,10,mpc
135,關外草原,5715,蒼狼,5407,60,0x00001000,,2938,413,6,mpc
135,關外草原,5717,黑豹,5406,70,0x00000080,,4700,1981,10,mpc
135,關外草原,5724,草原長槍兵,5421,70,0x00000002,,4987,3353,17,mpc
135,關外草原,5725,草原刀盾兵,5422,70,0x00000002,,5093,890,22,mpc
135,關外草原,5726,神射手哲別,5417,100,0x00000002,,4258,3271,3,mpc
135,關外草原,5727,勇士合薩兒,5411,100,0x00000002,,4631,261,1,mpc
135,關外草原,5728,大將衝石徹,5413,100,0x00000002,,3112,523,3,mpc
137,天戮魔殿,9775,生死一權宰,5838,135,0x00000020,,4151,3726,5,mpc
137,天戮魔殿,9776,鬼界大棺王,5832,135,0x00000008,,4031,3240,5,mpc
137,天戮魔殿,9777,鎮魂獅神將,5840,140,0x00000020,,3137,3868,7,mpc
137,天戮魔殿,9778,劍山牛魔神,5833,140,0x00000020,,6220,4463,8,mpc
137,天戮魔殿,9779,血河馬魔神,5834,140,0x00000020,,6525,2042,7,mpc
137,天戮魔殿,9780,掠魂白死將,5835,140,0x00000020,,2294,2106,6,mpc
137,天戮魔殿,9781,奪魄黑死將,5836,140,0x00000020,,1704,2105,7,mpc
137,天戮魔殿,9782,地斗大元帥,5837,150,0x00000020,,2519,2829,7,mpc
137,天戮魔殿,9783,森羅大殿主,5839,150,0x00000020,,5854,4273,5,mpc
137,天戮魔殿,9784,無界閻羅邪元,5831,200,0x00000400,,7468,456,1,mpc
137,天戮魔殿,9785,九天邪觀,5844,165,0x00000020,,7561,3150,1,mpc
137,天戮魔殿,9786,十地魔見,5843,165,0x00000020,,3169,1410,1,mpc
137,天戮魔殿,9787,毀天魎王,5842,170,0x00000004,,8063,1095,1,mpc
137,天戮魔殿,9788,滅世非我,5841,170,0x00000020,,5057,1181,1,mpc
138,古北大營,5448,叛軍,5280,50,0x00000001,,4489,1403,2,mpc
138,古北大營,5683,獵鷹,5405,70,0x00000100,,5340,2705,19,mpc
138,古北大營,5688,流亡叛軍士兵,5437,70,0x00000002,,3777,1506,10,mpc
138,古北大營,5689,流亡叛軍隊長,5438,80,0x00000002,,3506,1362,4,mpc
138,古北大營,5691,邊關賊寇嘍囉,5280,70,0x00000002,,7731,1890,2,mpc
138,古北大營,5705,傭兵重鎚手,5424,70,0x00000002,,5036,841,2,mpc
138,古北大營,5706,傭兵女戰士,5425,80,0x00000002,,5592,1148,5,mpc
138,古北大營,5708,拉薩跳神,5415,110,0x00000002,,5755,1103,1,mpc
139,統萬大營,5685,蒼狼,5407,60,0x00001000,,2607,3021,16,mpc
139,統萬大營,5694,草原長槍兵,5421,70,0x00000002,,3973,3599,8,mpc
139,統萬大營,5695,草原刀盾兵,5422,70,0x00000002,,3783,3202,10,mpc
139,統萬大營,5703,大汗親兵,5414,90,0x00000002,,2777,3214,5,mpc
139,統萬大營,5706,傭兵女戰士,5425,80,0x00000002,,4432,1773,1,mpc
139,統萬大營,5709,蒼狼族大汗,5410,120,0x00000002,,4231,1570,1,mpc
140,蒼狼大營,5686,白鹿,5408,60,0x00001000,,3329,3283,17,mpc
140,蒼狼大營,5697,勇士合薩兒,5411,100,0x00000002,,1592,1307,1,mpc
140,蒼狼大營,5699,草原戰士,5419,80,0x00000002,,3616,2703,14,mpc
140,蒼狼大營,5700,疾風戰士,5418,80,0x00000002,,3518,2594,11,mpc
140,蒼狼大營,5701,蒼狼族女王,5409,120,0x00000002,,5687,991,1,mpc
140,蒼狼大營,5702,女王護法,5412,90,0x00000002,,4651,1700,8,mpc
141,邊關要塞,5691,邊關賊寇嘍囉,5280,70,0x00000002,,3172,6010,1,mpc
141,邊關要塞,5692,邊關賊寇隊長,5290,80,0x00000002,,3534,5889,1,mpc
141,邊關要塞,5718,流亡叛軍士兵,5437,70,0x00000002,,3502,3369,31,mpc
141,邊關要塞,5719,流亡叛軍隊長,5438,80,0x00000002,,3552,3041,14,mpc
141,邊關要塞,5720,流亡叛軍頭目,5439,90,0x00000002,,3701,3049,2,mpc
141,邊關要塞,5721,邊關賊寇嘍囉,5280,70,0x00000002,,3490,5148,36,mpc
141,邊關要塞,5722,邊關賊寇隊長,5290,80,0x00000002,,3368,5606,12,mpc
141,邊關要塞,5723,邊關賊寇頭目,5440,90,0x00000002,,3316,5715,2,mpc
142,森羅閻殿,9609,化屍大魔棺,5771,130,0x00000008,,1943,1505,5,mpc
142,森羅閻殿,9612,煉獄邪眼,5774,130,0x00000020,,1974,894,5,mpc
142,森羅閻殿,9615,開山牛魔將,5777,135,0x00000020,,4861,3671,5,mpc
142,森羅閻殿,9618,衝天馬魔將,5780,135,0x00000020,,5088,2592,5,mpc
142,森羅閻殿,9621,報喪七王爺,5783,130,0x00000020,,7870,731,6,mpc
142,森羅閻殿,9624,弔靈八王爺,5786,130,0x00000020,,2148,4908,6,mpc
142,森羅閻殿,9627,黃泉大元帥,5789,140,0x00000020,,2349,1401,7,mpc
142,森羅閻殿,9633,御獅大將軍,5795,145,0x00000020,,4852,2705,6,mpc
142,森羅閻殿,9635,十獄殿主,5797,150,0x00000020,,2639,980,5,mpc
142,森羅閻殿,9636,無界閻羅,5798,200,0x00000020,,7495,4521,1,mpc
142,森羅閻殿,9656,再造濕婆,5803,155,0x00000020,,4552,3566,3,mpc
142,森羅閻殿,9657,焚天大獅皇,5821,165,0x00000020,,2039,1327,1,mpc
142,森羅閻殿,9658,煉獄邪神,5814,180,0x00000200,,3835,2336,1,mpc
142,森羅閻殿,9733,魔獄妖將,5625,999,0x00002000,,3950,2430,11,mpc
143,古皇陵密室,5437,{力士俑},5046,60,0x00000200,,2333,4624,4,mpc
143,古皇陵密室,5439,屍靈首,5271,99,0x00000008,,7687,1171,4,mpc
143,古皇陵密室,5456,無頭將軍俑,5288,120,0x00000200,,6775,4661,1,mpc
143,古皇陵密室,5625,冥骨精長老,5311,95,0x00000008,,6568,4930,1,mpc
143,古皇陵密室,5665,屍靈劍俑,5430,78,0x00000200,,4212,2845,20,mpc
143,古皇陵密室,5666,屍靈戈俑,5431,78,0x00000200,,5045,1137,20,mpc
143,古皇陵密室,5667,屍靈箭俑,5432,78,0x00000200,,2638,2598,38,mpc
143,古皇陵密室,5668,屍靈雙錘俑,5433,80,0x00000200,,4929,2539,22,mpc
143,古皇陵密室,5669,屍靈雙斧俑,5434,80,0x00000200,,5033,2907,22,mpc
143,古皇陵密室,5670,屍靈武士俑,5435,90,0x00000200,,4950,2968,13,mpc
143,古皇陵密室,5671,屍靈將軍俑,5436,80,0x00000200,,5125,2654,19,mpc
143,古皇陵密室,5677,無頭將軍俑,5288,120,0x00000200,,5790,4702,2,mpc
143,古皇陵密室,5678,無頭將軍俑,5288,120,0x00000200,,6591,4223,1,mpc
143,古皇陵密室,5679,無頭將軍俑,5288,120,0x00000200,,6248,4479,2,mpc
144,地靈穴,5023,鬼面蜘蛛,5023,40,0x00000020,,2097,2905,4,mpc
144,地靈穴,5025,石怪,5025,40,0x00000010,,2596,739,5,mpc
144,地靈穴,5028,火妖,5028,40,0x00000010,,5922,2863,5,mpc
144,地靈穴,5057,金石怪,5057,60,0x00000010,,1646,1197,3,mpc
144,地靈穴,5182,巨蜈蚣,5126,30,0x00000040,,1983,2849,4,mpc
144,地靈穴,5856,兇地靈,5529,45,0x00000020,,1819,4761,3,mpc
144,地靈穴,5867,地靈,5486,35,0x00000020,,4354,1919,8,mpc
144,地靈穴,5872,小蕈傘人,5516,60,0x00000020,,2264,4755,5,mpc
144,地靈穴,5874,屍骸,5976,1,0x00002000,,5494,3303,2,mpc
144,地靈穴,5879,洞穴蜥蜴,5498,40,0x00000080,,2339,1121,2,mpc
145,蕈菇林,5023,鬼面蜘蛛,5023,40,0x00000020,,1895,957,4,mpc
145,蕈菇林,5025,石怪,5025,40,0x00000010,,4011,3193,2,mpc
145,蕈菇林,5028,火妖,5028,40,0x00000010,,5152,4442,1,mpc
145,蕈菇林,5057,金石怪,5057,60,0x00000010,,1773,5105,3,mpc
145,蕈菇林,5842,侏人工鏟兵,5471,65,0x00000002,,8029,4636,2,mpc
145,蕈菇林,5843,侏人鐵鎬兵,5472,65,0x00000002,,618,3867,2,mpc
145,蕈菇林,5851,火蕈傘人,5481,85,0x00000020,,6353,3958,1,mpc
145,蕈菇林,5853,毒蕈傘人,5483,85,0x00000020,,2536,408,1,mpc
145,蕈菇林,5856,兇地靈,5529,45,0x00000020,,5625,4903,4,mpc
145,蕈菇林,5867,地靈,5486,35,0x00000020,,6427,1335,5,mpc
145,蕈菇林,5870,小火蕈傘人,5514,60,0x00000020,,6144,3787,4,mpc
145,蕈菇林,5871,小冰蕈傘人,5515,60,0x00000020,,5981,4878,4,mpc
145,蕈菇林,5872,小蕈傘人,5516,60,0x00000020,,4819,1928,7,mpc
145,蕈菇林,5874,屍骸,5976,1,0x00002000,,4045,5058,4,mpc
146,蕈菇林東方,5840,侏人戰士,5469,75,0x00000002,,6769,4789,6,mpc
146,蕈菇林東方,5842,侏人工鏟兵,5471,65,0x00000002,,2014,3110,4,mpc
146,蕈菇林東方,5843,侏人鐵鎬兵,5472,65,0x00000002,,2180,3984,4,mpc
146,蕈菇林東方,5844,侏人炸彈兵,5513,70,0x00000002,,1948,2249,7,mpc
146,蕈菇林東方,5850,嘯地幼犀,5478,70,0x00000080,,5946,3913,5,mpc
146,蕈菇林東方,5851,火蕈傘人,5481,85,0x00000020,,8339,748,1,mpc
146,蕈菇林東方,5852,冰蕈傘人,5482,85,0x00000020,,6906,641,2,mpc
146,蕈菇林東方,5853,毒蕈傘人,5483,85,0x00000020,,7186,4015,2,mpc
146,蕈菇林東方,5856,兇地靈,5529,45,0x00000020,,4322,590,3,mpc
146,蕈菇林東方,5867,地靈,5486,35,0x00000020,,776,1057,2,mpc
146,蕈菇林東方,5870,小火蕈傘人,5514,60,0x00000020,,5476,1583,4,mpc
146,蕈菇林東方,5871,小冰蕈傘人,5515,60,0x00000020,,5297,2516,5,mpc
146,蕈菇林東方,5872,小蕈傘人,5516,60,0x00000020,,5512,3462,8,mpc
146,蕈菇林東方,5873,地穴樹精,5525,80,0x00000010,,7168,634,3,mpc
146,蕈菇林東方,5874,屍骸,5976,1,0x00002000,,3540,4056,3,mpc
147,蕈菇林西方,5837,小地藏王,5972,1,0x00002000,,2425,539,2,mpc
147,蕈菇林西方,5840,侏人戰士,5469,75,0x00000002,,4887,3133,7,mpc
147,蕈菇林西方,5841,侏人戰將,5470,80,0x00000002,,5242,4045,1,mpc
147,蕈菇林西方,5842,侏人工鏟兵,5471,65,0x00000002,,5061,2590,1,mpc
147,蕈菇林西方,5843,侏人鐵鎬兵,5472,65,0x00000002,,4880,2593,2,mpc
147,蕈菇林西方,5844,侏人炸彈兵,5513,70,0x00000002,,3895,2567,6,mpc
147,蕈菇林西方,5845,侏人護法,5473,85,0x00000002,,1922,4431,2,mpc
147,蕈菇林西方,5847,侏人狂戰士,5475,85,0x00000002,,3429,4734,1,mpc
147,蕈菇林西方,5849,嘯地巨犀,5477,85,0x00000080,,299,1459,2,mpc
147,蕈菇林西方,5850,嘯地幼犀,5478,70,0x00000080,,1150,1767,1,mpc
147,蕈菇林西方,5851,火蕈傘人,5481,85,0x00000020,,6073,2475,2,mpc
147,蕈菇林西方,5852,冰蕈傘人,5482,85,0x00000020,,2648,3783,2,mpc
147,蕈菇林西方,5853,毒蕈傘人,5483,85,0x00000020,,1015,729,2,mpc
147,蕈菇林西方,5870,小火蕈傘人,5514,60,0x00000020,,4847,815,1,mpc
147,蕈菇林西方,5871,小冰蕈傘人,5515,60,0x00000020,,2425,3781,3,mpc
147,蕈菇林西方,5872,小蕈傘人,5516,60,0x00000020,,5536,1905,1,mpc
147,蕈菇林西方,5873,地穴樹精,5525,80,0x00000010,,6536,2382,2,mpc
147,蕈菇林西方,5874,屍骸,5976,1,0x00002000,,1401,2887,2,mpc
148,侏人部落,5837,小地藏王,5972,1,0x00002000,,1943,856,2,mpc
148,侏人部落,5851,火蕈傘人,5481,85,0x00000020,,2823,379,1,mpc
148,侏人部落,5852,冰蕈傘人,5482,85,0x00000020,,4706,527,1,mpc
148,侏人部落,5853,毒蕈傘人,5483,85,0x00000020,,2015,857,1,mpc
148,侏人部落,5855,晶石怪,5485,90,0x00000200,,4289,5184,6,mpc
148,侏人部落,5870,小火蕈傘人,5514,60,0x00000020,,3310,752,2,mpc
148,侏人部落,5871,小冰蕈傘人,5515,60,0x00000020,,5377,481,2,mpc
148,侏人部落,5872,小蕈傘人,5516,60,0x00000020,,2637,1099,2,mpc
148,侏人部落,5874,屍骸,5976,1,0x00002000,,3390,554,3,mpc
149,晶湖水道,5836,幸運草,5971,1,0x00002000,,3840,2944,3,mpc
149,晶湖水道,5837,小地藏王,5972,1,0x00002000,,6000,2456,2,mpc
149,晶湖水道,5849,嘯地巨犀,5477,85,0x00000080,,6118,2062,2,mpc
149,晶湖水道,5850,嘯地幼犀,5478,70,0x00000080,,4800,3456,9,mpc
149,晶湖水道,5851,火蕈傘人,5481,85,0x00000020,,1547,5190,1,mpc
149,晶湖水道,5852,冰蕈傘人,5482,85,0x00000020,,3447,2723,4,mpc
149,晶湖水道,5853,毒蕈傘人,5483,85,0x00000020,,3060,3148,4,mpc
149,晶湖水道,5855,晶石怪,5485,90,0x00000200,,3923,883,2,mpc
149,晶湖水道,5857,灰侏人工鏟兵,5519,75,0x00000002,,3442,4281,3,mpc
149,晶湖水道,5858,灰侏人鐵鎬兵,5520,75,0x00000002,,1149,510,2,mpc
149,晶湖水道,5859,灰侏人炸彈兵,5528,80,0x00000002,,5143,601,6,mpc
149,晶湖水道,5860,灰侏人戰士,5517,85,0x00000002,,3674,4263,2,mpc
149,晶湖水道,5866,玄陰地靈,5487,75,0x00000020,,7220,1052,4,mpc
149,晶湖水道,5871,小冰蕈傘人,5515,60,0x00000020,,5157,5217,3,mpc
149,晶湖水道,5873,地穴樹精,5525,80,0x00000010,,1446,4831,1,mpc
150,地下水道,5836,幸運草,5971,1,0x00002000,,2528,740,3,mpc
150,地下水道,5837,小地藏王,5972,1,0x00002000,,1116,877,2,mpc
150,地下水道,5844,侏人炸彈兵,5513,70,0x00000002,,3908,3059,1,mpc
150,地下水道,5849,嘯地巨犀,5477,85,0x00000080,,994,853,1,mpc
150,地下水道,5850,嘯地幼犀,5478,70,0x00000080,,1662,984,3,mpc
150,地下水道,5852,冰蕈傘人,5482,85,0x00000020,,6640,2169,3,mpc
150,地下水道,5853,毒蕈傘人,5483,85,0x00000020,,5831,2144,3,mpc
150,地下水道,5855,晶石怪,5485,90,0x00000200,,1010,2227,2,mpc
150,地下水道,5857,灰侏人工鏟兵,5519,75,0x00000002,,4923,3997,3,mpc
150,地下水道,5858,灰侏人鐵鎬兵,5520,75,0x00000002,,5904,1270,3,mpc
150,地下水道,5859,灰侏人炸彈兵,5528,80,0x00000002,,4385,3643,4,mpc
150,地下水道,5860,灰侏人戰士,5517,85,0x00000002,,4035,2666,3,mpc
150,地下水道,5861,灰侏人戰將,5518,90,0x00000002,,2606,3016,2,mpc
150,地下水道,5862,灰侏人狂戰士,5523,95,0x00000002,,2707,2965,1,mpc
150,地下水道,5864,灰侏人護法,5521,90,0x00000002,,2070,278,1,mpc
150,地下水道,5871,小冰蕈傘人,5515,60,0x00000020,,3310,851,1,mpc
150,地下水道,5874,屍骸,5976,1,0x00002000,,1359,2127,1,mpc
151,水晶礦坑,5835,鬼影奔雷手,5488,80,0x00000001,,8097,1164,1,mpc
151,水晶礦坑,5836,幸運草,5971,1,0x00002000,,6319,1972,2,mpc
151,水晶礦坑,5837,小地藏王,5972,1,0x00002000,,2721,1594,3,mpc
151,水晶礦坑,5854,晶石巨怪,5484,100,0x00000200,,4701,2027,7,mpc
151,水晶礦坑,5855,晶石怪,5485,90,0x00000200,,3676,3684,8,mpc
151,水晶礦坑,5857,灰侏人工鏟兵,5519,75,0x00000002,,4191,1022,2,mpc
151,水晶礦坑,5858,灰侏人鐵鎬兵,5520,75,0x00000002,,3733,1273,2,mpc
151,水晶礦坑,5859,灰侏人炸彈兵,5528,80,0x00000002,,3030,1968,8,mpc
151,水晶礦坑,5860,灰侏人戰士,5517,85,0x00000002,,2186,3293,3,mpc
151,水晶礦坑,5861,灰侏人戰將,5518,90,0x00000002,,2089,3294,3,mpc
151,水晶礦坑,5862,灰侏人狂戰士,5523,95,0x00000002,,2591,2113,1,mpc
151,水晶礦坑,5864,灰侏人護法,5521,90,0x00000002,,835,4560,1,mpc
151,水晶礦坑,5866,玄陰地靈,5487,75,0x00000020,,3184,3144,6,mpc
151,水晶礦坑,5874,屍骸,5976,1,0x00002000,,2262,1658,4,mpc
152,神兵塚,5851,火蕈傘人,5481,85,0x00000020,,4548,4209,1,mpc
152,神兵塚,5852,冰蕈傘人,5482,85,0x00000020,,5439,4635,1,mpc
152,神兵塚,5853,毒蕈傘人,5483,85,0x00000020,,5031,4330,1,mpc
152,神兵塚,5855,晶石怪,5485,90,0x00000200,,5488,922,3,mpc
152,神兵塚,5866,玄陰地靈,5487,75,0x00000020,,2422,1077,5,mpc
152,神兵塚,5870,小火蕈傘人,5514,60,0x00000020,,1886,4884,1,mpc
152,神兵塚,5871,小冰蕈傘人,5515,60,0x00000020,,1754,4785,1,mpc
152,神兵塚,5872,小蕈傘人,5516,60,0x00000020,,1542,4780,1,mpc
152,神兵塚,5891,蕈傘魔人,5538,99,0x00000020,,1682,4844,1,mpc
152,神兵塚,5892,萬年樹精,5539,100,0x00000010,,5185,4395,1,mpc
152,神兵塚,5894,魔侏人戰士,5541,85,0x00000002,,6021,2038,2,mpc
152,神兵塚,5895,魔侏人戰將,5542,100,0x00000002,,6790,2269,1,mpc
152,神兵塚,5896,魔侏人工鏟兵,5543,65,0x00000002,,3297,2984,4,mpc
152,神兵塚,5897,魔侏人工頭,5544,99,0x00000002,,2939,3121,1,mpc
152,神兵塚,5898,魔侏人炸彈兵,5545,85,0x00000002,,6440,2076,4,mpc
152,神兵塚,5901,地煞幻影,5548,99,0x00000020,,1606,710,1,mpc
152,神兵塚,5902,晶石魔怪,5549,100,0x00000200,,5671,403,1,mpc
153,神兵塚,5837,小地藏王,5972,1,0x00002000,,4443,205,5,mpc
153,神兵塚,5849,嘯地巨犀,5477,85,0x00000080,,1584,513,2,mpc
153,神兵塚,5851,火蕈傘人,5481,85,0x00000020,,2294,1138,1,mpc
153,神兵塚,5852,冰蕈傘人,5482,85,0x00000020,,1290,681,1,mpc
153,神兵塚,5853,毒蕈傘人,5483,85,0x00000020,,2016,663,1,mpc
153,神兵塚,5866,玄陰地靈,5487,75,0x00000020,,5272,2656,1,mpc
153,神兵塚,5868,真萬年魑魅,5479,120,0x00000020,,2730,2393,1,mpc
153,神兵塚,5869,地煞,5480,100,0x00000020,,5336,2448,2,mpc
153,神兵塚,5893,魔巨犀,5540,110,0x00000080,,2082,707,1,mpc
153,神兵塚,5898,魔侏人炸彈兵,5545,85,0x00000002,,1586,3909,2,mpc
153,神兵塚,5899,魔侏人狂戰士,5546,95,0x00000002,,1797,4030,1,mpc
153,神兵塚,5900,魔侏人祭司,5547,110,0x00000002,,1999,4033,1,mpc
153,神兵塚,5903,晶石巨魔,5550,110,0x00000200,,5016,2424,1,mpc
153,神兵塚,9100,萬年魑魅,5479,90,0x00000020,,2713,2312,1,mpc
153,神兵塚,9101,萬年魑魅,5479,100,0x00000020,,2667,2364,1,mpc
154,礦坑戰場,5890,侏人狂戰將,5475,100,0x00000002,,717,539,1,mpc
155,幽玄靈界,5837,小地藏王,5972,1,0x00002000,,3810,3617,1,mpc
155,幽玄靈界,5917,幼犀元靈,5494,70,0x00000080,,1507,299,3,mpc
155,幽玄靈界,5918,小蕈傘人元靈,5493,60,0x00000020,,1736,380,3,mpc
155,幽玄靈界,5919,玄陰地靈元靈,5495,75,0x00000020,,1879,330,3,mpc
155,幽玄靈界,5920,侏人戰士鬼魂,5496,75,0x00000002,,2076,1050,4,mpc
155,幽玄靈界,5921,侏人工兵鬼魂,5497,65,0x00000002,,2238,1561,4,mpc
156,萬魔蜃樓陣,5956,神行跳鼠,5570,80,0x00000080,,8889,4012,1,mpc
157,萬魔蜃樓陣檢錄處,5956,神行跳鼠,5570,80,0x00000080,,57,1836,1,mpc
158,河西谷地,5017,巨蟾蜍,5017,15,0x00000040,,5288,3582,1,mpc
158,河西谷地,5018,火蟾蜍,5018,20,0x00000040,,5529,3663,3,mpc
158,河西谷地,5020,毒蟾蜍,5020,25,0x00000040,,6399,2519,3,mpc
158,河西谷地,5109,巨蠍子,5113,40,0x00000040,,983,1198,7,mpc
158,河西谷地,5110,蠍子王,5114,50,0x00000040,,820,1314,3,mpc
158,河西谷地,5182,巨蜈蚣,5126,30,0x00000040,,4727,718,2,mpc
158,河西谷地,5183,箭蜈蚣,5127,45,0x00000040,,6775,1230,2,mpc
158,河西谷地,5184,五毒蜈蚣,5128,55,0x00000040,,5802,467,1,mpc
158,河西谷地,5185,翠蛇,5129,30,0x00000040,,2095,3793,4,mpc
158,河西谷地,5187,食人巨蟒,5131,55,0x00000040,,1034,3331,1,mpc
158,河西谷地,5680,山羊,5402,35,0x00000080,,4578,2996,2,mpc
158,河西谷地,5681,野馬,5404,35,0x00000080,,3830,3376,3,mpc
159,塔干沙漠東方,5108,赤蠍子,5107,25,0x00000040,,6427,872,2,mpc
159,塔干沙漠東方,5109,巨蠍子,5113,40,0x00000040,,5495,1038,3,mpc
159,塔干沙漠東方,5110,蠍子王,5114,50,0x00000040,,4884,4322,1,mpc
159,塔干沙漠東方,5945,禿鷹,5569,45,0x00000100,,3220,1183,1,mpc
159,塔干沙漠東方,5946,巨禿鷹,5568,70,0x00000100,,4279,2106,2,mpc
159,塔干沙漠東方,5948,西域沙蟲,5558,45,0x00000040,,6701,3712,2,mpc
159,塔干沙漠東方,5949,狼斑沙蟲,5557,70,0x00000040,,5197,2400,2,mpc
159,塔干沙漠東方,5951,岩龜,5561,50,0x00000080,,2509,3048,2,mpc
159,塔干沙漠東方,5954,跳鼠,5572,50,0x00000080,,1809,1563,2,mpc
159,塔干沙漠東方,5955,飛毛跳鼠,5571,65,0x00000080,,1125,1711,2,mpc
159,塔干沙漠東方,5957,沙漠刀匪,5562,70,0x00000002,,3075,2615,5,mpc
159,塔干沙漠東方,5958,沙漠射手,5563,80,0x00000002,,3066,4245,1,mpc
160,塔干沙漠南方,5945,禿鷹,5569,45,0x00000100,,3634,3886,3,mpc
160,塔干沙漠南方,5946,巨禿鷹,5568,70,0x00000100,,1529,3419,7,mpc
160,塔干沙漠南方,5947,嗜血禿鷹,5567,90,0x00000100,,892,3306,2,mpc
160,塔干沙漠南方,5951,岩龜,5561,50,0x00000080,,4230,3405,3,mpc
160,塔干沙漠南方,5952,礫岩龜,5560,65,0x00000080,,4596,4254,5,mpc
160,塔干沙漠南方,5953,銅石龜,5559,80,0x00000080,,6292,5047,2,mpc
160,塔干沙漠南方,5957,沙漠刀匪,5562,70,0x00000002,,7475,2100,5,mpc
160,塔干沙漠南方,5958,沙漠射手,5563,80,0x00000002,,7949,2288,3,mpc
160,塔干沙漠南方,5959,盜匪頭目,5564,90,0x00000002,,7775,2172,2,mpc
160,塔干沙漠南方,9015,沙漠響尾蛇,5596,30,0x00000040,,4479,1214,4,mpc
160,塔干沙漠南方,9016,沙漠巨蟒,5597,55,0x00000040,,4202,931,2,mpc
160,塔干沙漠南方,9027,叛逃高昌守衛,5582,70,0x00000002,,912,1074,1,mpc
161,塔干沙漠西方,5952,礫岩龜,5560,65,0x00000080,,2724,3733,4,mpc
161,塔干沙漠西方,5953,銅石龜,5559,80,0x00000080,,1547,3050,3,mpc
161,塔干沙漠西方,5955,飛毛跳鼠,5571,65,0x00000080,,4117,3249,5,mpc
161,塔干沙漠西方,5956,神行跳鼠,5570,80,0x00000080,,2588,2324,3,mpc
161,塔干沙漠西方,5960,羅剎槍士,5566,70,0x00000002,,1485,1572,3,mpc
161,塔干沙漠西方,5961,羅剎劍俠,5565,80,0x00000002,,2231,1923,3,mpc
161,塔干沙漠西方,5964,羅剎鏢客,5580,70,0x00000002,,2622,1679,3,mpc
161,塔干沙漠西方,5965,羅剎鞭子手,5579,80,0x00000002,,2604,1217,3,mpc
161,塔干沙漠西方,9017,沙漠斑蛛,5598,30,0x00000040,,4965,2207,6,mpc
161,塔干沙漠西方,9018,沙漠蠱毒蜘蛛,5599,40,0x00000020,,6002,2409,3,mpc
161,塔干沙漠西方,9032,羅剎部隊長,5578,95,0x00000002,,972,1430,1,mpc
162,高昌郡,5704,傭兵飛茅手,5423,70,0x00000002,,7080,597,1,mpc
162,高昌郡,5705,傭兵重鎚手,5424,70,0x00000002,,6873,716,1,mpc
162,高昌郡,5974,禿鷹幫響馬,5562,60,0x00000002,,7788,2148,2,mpc
162,高昌郡,5975,禿鷹幫首領,5617,80,0x00000002,,6868,2804,1,mpc
162,高昌郡,5976,布衣幫響馬,5562,70,0x00000002,,4458,2105,5,mpc
162,高昌郡,5977,布衣幫小頭目,5563,80,0x00000002,,4388,2480,4,mpc
162,高昌郡,5978,布衣幫首領,5618,90,0x00000002,,4053,1954,1,mpc
162,高昌郡,5979,血槍幫響馬,5564,80,0x00000002,,2611,3323,5,mpc
162,高昌郡,5980,血槍幫小頭目,5566,90,0x00000002,,2828,3504,4,mpc
162,高昌郡,5981,血槍幫首領,5619,100,0x00000002,,1341,3355,1,mpc
162,高昌郡,5995,黑焰大王,5601,90,0x00000002,,8007,640,1,mpc
162,高昌郡,9028,圖曼,5424,80,0x00000002,,3505,1892,1,mpc
163,萬佛窟,5946,巨禿鷹,5568,70,0x00000100,,1175,5466,2,mpc
163,萬佛窟,5949,狼斑沙蟲,5557,70,0x00000040,,941,2976,4,mpc
163,萬佛窟,5955,飛毛跳鼠,5571,65,0x00000080,,4012,3731,9,mpc
163,萬佛窟,5956,神行跳鼠,5570,80,0x00000080,,3883,3930,3,mpc
163,萬佛窟,5968,黑天妖魔,5573,90,0x00000008,,3000,2052,1,mpc
163,萬佛窟,5969,大黑天,5574,100,0x00000008,,1428,1512,2,mpc
163,萬佛窟,5987,傀儡沙漠刀匪,5583,70,0x00000002,,2723,2359,7,mpc
163,萬佛窟,5989,傀儡盜匪頭目,5585,90,0x00000002,,3361,1811,9,mpc
163,萬佛窟,5994,大黑天幻影,5590,120,0x00000008,,1227,1435,2,mpc
164,樓蘭遺址,5038,冤魂,5038,50,0x00000008,,4240,3416,3,mpc
164,樓蘭遺址,5040,血屍,5040,35,0x00000008,,5227,5193,2,mpc
164,樓蘭遺址,5041,毒殭屍,5041,35,0x00000008,,4880,4376,4,mpc
164,樓蘭遺址,5042,吸血殭屍,5042,70,0x00000008,,4417,3232,1,mpc
164,樓蘭遺址,5109,巨蠍子,5113,40,0x00000040,,4831,4179,3,mpc
164,樓蘭遺址,5110,蠍子王,5114,50,0x00000040,,4558,3136,1,mpc
164,樓蘭遺址,5945,禿鷹,5569,45,0x00000100,,2149,3003,2,mpc
164,樓蘭遺址,5946,巨禿鷹,5568,70,0x00000100,,2100,2877,2,mpc
164,樓蘭遺址,5948,西域沙蟲,5558,45,0x00000040,,6028,2336,2,mpc
164,樓蘭遺址,5949,狼斑沙蟲,5557,70,0x00000040,,6473,2244,1,mpc
164,樓蘭遺址,5950,沙蟲蠱王,5556,90,0x00000040,,6307,2270,1,mpc
164,樓蘭遺址,5951,岩龜,5561,50,0x00000080,,744,4681,3,mpc
164,樓蘭遺址,5953,銅石龜,5559,80,0x00000080,,1652,4631,1,mpc
164,樓蘭遺址,5954,跳鼠,5572,50,0x00000080,,3889,987,2,mpc
164,樓蘭遺址,5955,飛毛跳鼠,5571,65,0x00000080,,4272,1273,2,mpc
164,樓蘭遺址,5956,神行跳鼠,5570,80,0x00000080,,4796,1396,2,mpc
164,樓蘭遺址,5970,大黑天尊者,5575,120,0x00000008,,8537,5548,1,mpc
164,樓蘭遺址,5982,樓蘭沙蟲王,5627,100,0x00000040,,6407,2259,1,mpc
164,樓蘭遺址,5983,樓蘭跳鼠王,5630,100,0x00000080,,4633,1132,1,mpc
164,樓蘭遺址,5984,樓蘭禿鷹王,5629,100,0x00000100,,2331,2985,1,mpc
164,樓蘭遺址,5985,樓蘭岩龜王,5628,100,0x00000080,,1328,4275,1,mpc
164,樓蘭遺址,5986,樓蘭黑天王,5631,100,0x00000008,,8311,2863,1,mpc
164,樓蘭遺址,5987,傀儡沙漠刀匪,5583,70,0x00000002,,7862,3438,1,mpc
164,樓蘭遺址,5988,傀儡沙漠射手,5584,80,0x00000002,,8581,3421,1,mpc
164,樓蘭遺址,5989,傀儡盜匪頭目,5585,90,0x00000002,,8034,3058,1,mpc
164,樓蘭遺址,9009,大黑天王,5575,100,0x00000008,,1550,498,2,mpc
164,樓蘭遺址,9038,黑天小妖,5573,90,0x00000008,,2076,854,9,mpc
165,火焰山,5945,禿鷹,5569,45,0x00000100,,2256,5880,1,mpc
165,火焰山,5946,巨禿鷹,5568,70,0x00000100,,2939,5631,1,mpc
165,火焰山,5968,黑天妖魔,5573,90,0x00000008,,5457,2923,3,mpc
165,火焰山,5969,大黑天,5574,100,0x00000008,,5091,1759,6,mpc
165,火焰山,5970,大黑天尊者,5575,120,0x00000008,,6372,559,1,mpc
165,火焰山,5972,西域邪神,5615,120,0x00000200,,1753,540,1,mpc
165,火焰山,5996,邪神信徒,5600,75,0x00000002,,767,5077,2,mpc
165,火焰山,5997,邪神勇士,5601,80,0x00000002,,5823,5843,2,mpc
165,火焰山,5998,邪神勇士鬼魂,5602,85,0x00000008,,7337,5636,2,mpc
165,火焰山,5999,羅剎男妖,5603,95,0x00000002,,8473,4717,1,mpc
165,火焰山,9000,羅剎女妖,5604,95,0x00000002,,8002,4908,1,mpc
165,火焰山,9001,火岩龜,5606,90,0x00000080,,1117,3643,1,mpc
165,火焰山,9002,噴焰巨龜,5605,100,0x00000080,,1523,3727,1,mpc
165,火焰山,9003,鬼禿鷹,5609,90,0x00000100,,5327,5929,2,mpc
165,火焰山,9004,血神禿鷹,5610,100,0x00000100,,3485,3141,1,mpc
165,火焰山,9005,邪跳鼠,5607,90,0x00000080,,6062,4696,1,mpc
165,火焰山,9006,邪魔靈鼠,5608,100,0x00000080,,5905,4723,1,mpc
165,火焰山,9007,妖化沙蟲,5611,90,0x00000040,,1528,2885,2,mpc
165,火焰山,9008,妖煞蟲王,5612,100,0x00000040,,1951,2520,1,mpc
165,火焰山,9010,沙暴颶靈,5613,110,0x00000020,,4796,1830,1,mpc
165,火焰山,9012,邪神軀殼,5577,110,0x00000200,,7904,1463,1,mpc
165,火焰山,9013,沙漠邪神,5614,100,0x00000200,,1573,579,1,mpc
165,火焰山,9014,暴風邪神,5614,110,0x00000200,,1702,628,1,mpc
166,極東海域,9167,奪魂海魅,5683,65,0x00000008,,2280,2976,6,mpc
166,極東海域,9168,幻魔海魅,5684,70,0x00000008,,2400,1656,8,mpc
166,極東海域,9169,海上怨靈,5685,70,0x00000008,,6160,3480,9,mpc
166,極東海域,9170,血咒怨靈,5686,80,0x00000008,,5880,1880,4,mpc
166,極東海域,9173,怒海狂蛟,5688,65,0x00000400,,2760,2976,8,mpc
166,極東海域,9174,蒼鱗蛟龍,5689,75,0x00000400,,4168,5441,7,mpc
166,極東海域,9175,黑巨蛟,5208,99,0x00000400,,5600,2136,5,mpc
167,長野沙濱,9121,護衛侍,5640,80,0x00000001,,4745,2655,12,mpc
167,長野沙濱,9128,海賊迅忍,5670,75,0x00000002,,4611,4128,15,mpc
167,長野沙濱,9132,長野海賊,5671,70,0x00000002,,5000,4056,15,mpc
167,長野沙濱,9143,傘鬼,5655,75,0x00000010,,4765,836,9,mpc
167,長野沙濱,9149,激雷鐮鼬,5649,80,0x00000080,,6048,1424,7,mpc
167,長野沙濱,9155,富田莊八郎,5673,110,0x00000002,,477,857,1,mpc
167,長野沙濱,9160,巨鮫平次郎,5677,110,0x00000002,,8384,2496,1,mpc
167,長野沙濱,9172,野良犬,5061,60,0x00000080,,4488,3240,21,mpc
167,長野沙濱,9176,阿波狸仙,5690,75,0x00001000,,5104,5080,7,mpc
168,葉隱蒼林,9121,護衛侍,5640,80,0x00000001,,6207,696,5,mpc
168,葉隱蒼林,9129,疾狩忍者,5643,85,0x00000002,,4986,4353,15,mpc
168,葉隱蒼林,9133,鄉野浪人,5637,80,0x00000002,,4445,4642,15,mpc
168,葉隱蒼林,9135,流亡山賊,5672,100,0x00000002,,5938,4337,7,mpc
168,葉隱蒼林,9143,傘鬼,5655,75,0x00000010,,2070,2339,7,mpc
168,葉隱蒼林,9146,鬼河童,5652,85,0x00000020,,4333,2802,15,mpc
168,葉隱蒼林,9149,激雷鐮鼬,5649,80,0x00000080,,3345,2896,12,mpc
168,葉隱蒼林,9152,天狗,5661,95,0x00000400,,4511,3996,6,mpc
168,葉隱蒼林,9172,野良犬,5061,60,0x00000080,,4739,4531,9,mpc
168,葉隱蒼林,9176,阿波狸仙,5690,75,0x00001000,,5979,5262,6,mpc
169,神室關所,5061,大山犬,5061,10,0x00000080,,2486,661,1,mpc
169,神室關所,9121,護衛侍,5640,80,0x00000001,,4800,2720,6,mpc
169,神室關所,9125,初陰陽師,5646,90,0x00000001,,5504,1408,8,mpc
169,神室關所,9129,疾狩忍者,5643,85,0x00000002,,3712,1824,11,mpc
169,神室關所,9133,鄉野浪人,5637,80,0x00000002,,4160,3104,15,mpc
169,神室關所,9134,極道浪人,5638,95,0x00000002,,2880,4384,9,mpc
169,神室關所,9146,鬼河童,5652,85,0x00000020,,3168,2560,4,mpc
169,神室關所,9149,激雷鐮鼬,5649,80,0x00000080,,3648,2816,5,mpc
169,神室關所,9158,谷村真一,5675,110,0x00000002,,862,2504,1,mpc
169,神室關所,9172,野良犬,5061,60,0x00000080,,4182,3477,4,mpc
169,神室關所,9199,藤村龍二,5693,100,0x00000002,,1962,3186,1,mpc
169,神室關所,9200,逸劍流劍師,5694,100,0x00000002,,7984,2115,1,mpc
170,內崎埠原,9121,護衛侍,5640,80,0x00000001,,6752,1408,5,mpc
170,內崎埠原,9123,精武兵衛,5641,95,0x00000001,,7136,2048,4,mpc
170,內崎埠原,9125,初陰陽師,5646,90,0x00000001,,4032,2528,5,mpc
170,內崎埠原,9129,疾狩忍者,5643,85,0x00000002,,2080,1120,4,mpc
170,內崎埠原,9134,極道浪人,5638,95,0x00000002,,6752,2656,6,mpc
170,內崎埠原,9137,惡鬼,5664,105,0x00000004,,4672,4928,6,mpc
170,內崎埠原,9144,魅亂傘鬼,5656,90,0x00000010,,5280,4320,3,mpc
170,內崎埠原,9147,溺誘河童,5653,100,0x00000020,,6240,3744,5,mpc
170,內崎埠原,9150,冰執鐮鼬,5650,95,0x00000080,,5440,3744,5,mpc
170,內崎埠原,9159,宇都宮長齋,5676,115,0x00000002,,4382,4488,1,mpc
170,內崎埠原,9172,野良犬,5061,60,0x00000080,,4630,2101,6,mpc
170,內崎埠原,9201,逸劍流副首,5695,110,0x00000002,,566,1784,1,mpc
172,外崎埠原,9121,護衛侍,5640,80,0x00000001,,3092,3058,4,mpc
172,外崎埠原,9123,精武兵衛,5641,95,0x00000001,,3551,2646,4,mpc
172,外崎埠原,9126,咒法陰陽師,5647,105,0x00000001,,2198,4305,3,mpc
172,外崎埠原,9130,幕影忍者,5644,100,0x00000002,,3517,5149,6,mpc
172,外崎埠原,9134,極道浪人,5638,95,0x00000002,,5086,4479,2,mpc
172,外崎埠原,9138,青行鬼,5665,115,0x00000004,,7069,1368,6,mpc
172,外崎埠原,9144,魅亂傘鬼,5656,90,0x00000010,,7515,1229,4,mpc
172,外崎埠原,9147,溺誘河童,5653,100,0x00000020,,7264,3469,2,mpc
172,外崎埠原,9150,冰執鐮鼬,5650,95,0x00000080,,6587,1963,6,mpc
172,外崎埠原,9151,燃影鐮鼬,5651,115,0x00000080,,6632,1611,6,mpc
172,外崎埠原,9161,直島新太郎,5678,125,0x00000002,,8606,1832,1,mpc
172,外崎埠原,9202,逸劍流統主,5696,120,0x00000002,,4584,4620,1,mpc
173,十津原樹海,9126,咒法陰陽師,5647,105,0x00000001,,6726,307,5,mpc
173,十津原樹海,9130,幕影忍者,5644,100,0x00000002,,4746,307,7,mpc
173,十津原樹海,9131,秘行忍者,5645,115,0x00000002,,4603,803,7,mpc
173,十津原樹海,9140,執怨般若,5658,95,0x00000008,,3841,3816,7,mpc
173,十津原樹海,9144,魅亂傘鬼,5656,90,0x00000010,,4553,2067,6,mpc
173,十津原樹海,9147,溺誘河童,5653,100,0x00000020,,7600,2216,4,mpc
173,十津原樹海,9148,邪骨河童,5654,120,0x00000020,,7335,3606,4,mpc
173,十津原樹海,9150,冰執鐮鼬,5650,95,0x00000080,,7877,4294,8,mpc
173,十津原樹海,9152,天狗,5661,95,0x00000400,,5623,3331,2,mpc
173,十津原樹海,9171,玉藻九尾狐,5687,100,0x00000020,,2552,4849,6,mpc
173,十津原樹海,9176,阿波狸仙,5690,75,0x00001000,,3240,3696,6,mpc
174,天照不二峰,9127,御使陰陽師,5648,125,0x00000002,,1038,3854,2,mpc
174,天照不二峰,9131,秘行忍者,5645,115,0x00000002,,4136,3716,2,mpc
174,天照不二峰,9138,青行鬼,5665,115,0x00000004,,2334,1238,4,mpc
174,天照不二峰,9140,執怨般若,5658,95,0x00000008,,5799,3381,6,mpc
174,天照不二峰,9141,血刃般若,5659,105,0x00000008,,3810,4317,3,mpc
174,天照不二峰,9149,激雷鐮鼬,5649,80,0x00000080,,7077,3753,5,mpc
174,天照不二峰,9151,燃影鐮鼬,5651,115,0x00000080,,3110,1435,6,mpc
174,天照不二峰,9152,天狗,5661,95,0x00000400,,5407,3176,4,mpc
174,天照不二峰,9153,鴉天狗,5662,110,0x00000400,,4031,2472,7,mpc
174,天照不二峰,9154,鼻高天狗,5663,130,0x00000400,,6569,1789,6,mpc
174,天照不二峰,9440,八歧大蛇,5768,190,0x00000020,,5728,1536,1,mpc
175,八荒古墳,9126,咒法陰陽師,5647,105,0x00000001,,3488,3136,7,mpc
175,八荒古墳,9127,御使陰陽師,5648,125,0x00000002,,1184,608,4,mpc
175,八荒古墳,9137,惡鬼,5664,105,0x00000004,,1664,2688,4,mpc
175,八荒古墳,9138,青行鬼,5665,115,0x00000004,,3104,608,2,mpc
175,八荒古墳,9141,血刃般若,5659,105,0x00000008,,5792,4032,7,mpc
175,八荒古墳,9142,鬼斬刀般若,5660,125,0x00000008,,5568,3712,5,mpc
175,八荒古墳,9143,傘鬼,5655,75,0x00000010,,4384,3552,5,mpc
175,八荒古墳,9145,劍刺傘鬼,5657,110,0x00000010,,6144,3584,7,mpc
175,八荒古墳,9148,邪骨河童,5654,120,0x00000020,,5472,960,7,mpc
175,八荒古墳,9153,鴉天狗,5662,110,0x00000400,,3392,2112,6,mpc
175,八荒古墳,9157,冥戶永德,5674,135,0x00000002,,8254,392,1,mpc
176,伊取川大陣,9122,鬼嶽親衛弓侍,5668,115,0x00000002,,5986,2877,4,mpc
176,伊取川大陣,9123,精武兵衛,5641,95,0x00000001,,6424,4928,2,mpc
176,伊取川大陣,9124,鬼嶽親衛槍侍,5669,120,0x00000002,,6116,4161,3,mpc
176,伊取川大陣,9127,御使陰陽師,5648,125,0x00000002,,5511,3294,3,mpc
176,伊取川大陣,9130,幕影忍者,5644,100,0x00000002,,6072,4866,2,mpc
176,伊取川大陣,9131,秘行忍者,5645,115,0x00000002,,4216,3764,6,mpc
176,伊取川大陣,9136,武尊浪人,5639,120,0x00000002,,5297,3742,4,mpc
176,伊取川大陣,9138,青行鬼,5665,115,0x00000004,,5691,3958,5,mpc
176,伊取川大陣,9139,赤烈鬼,5666,135,0x00000004,,2312,2035,4,mpc
176,伊取川大陣,9156,鬼嶽將軍,5642,130,0x00000002,,1284,693,1,mpc
176,伊取川大陣,9162,鬼將酒吞,5679,140,0x00000004,,918,3366,1,mpc
176,伊取川大陣,9163,天邪魎王,5667,150,0x00000004,,1408,704,1,mpc
176,伊取川大陣,9164,鬼將青面般若,5680,135,0x00000008,,3085,4458,1,mpc
176,伊取川大陣,9165,鬼將妖河童,5681,130,0x00000020,,7414,2631,1,mpc
176,伊取川大陣,9166,鬼將大天狗,5682,135,0x00000400,,5270,1984,1,mpc
177,千佛遺跡東側,5191,千年樹精,5156,80,0x00000010,,5691,2085,1,mpc
177,千佛遺跡東側,5220,土行者,5149,40,0x00000004,,5517,2054,1,mpc
177,千佛遺跡東側,9370,南蠻狂戰士,5707,100,0x00000002,,2056,4516,18,mpc
177,千佛遺跡東側,9388,密林妖禽,5714,95,0x00000020,,7080,3176,17,mpc
177,千佛遺跡東側,9394,巨錘猴精,5717,95,0x00000020,,2235,867,13,mpc
177,千佛遺跡東側,9397,沼地巨蛇,5734,95,0x00000040,,3261,2096,15,mpc
177,千佛遺跡東側,9401,叢林猛虎,5739,90,0x00000080,,5818,1236,24,mpc
177,千佛遺跡東側,9402,叢林毒蠍,5114,85,0x00000040,,5881,1096,15,mpc
177,千佛遺跡東側,9404,巨靈悍匪,5741,100,0x00000004,,1692,4676,12,mpc
177,千佛遺跡東側,9405,邪咒骷髏,5742,100,0x00000008,,6720,3856,10,mpc
177,千佛遺跡東側,9406,邪咒骷髏弓手,5743,100,0x00000008,,6847,4936,8,mpc
178,千佛遺跡西側,9370,南蠻狂戰士,5707,100,0x00000002,,4264,4833,18,mpc
178,千佛遺跡西側,9374,南蠻女戰士,5720,105,0x00000002,,2277,1677,5,mpc
178,千佛遺跡西側,9377,無念僧,5731,105,0x00000002,,3330,4024,7,mpc
178,千佛遺跡西側,9380,叢林野象,5723,105,0x00000080,,259,3082,8,mpc
178,千佛遺跡西側,9388,密林妖禽,5714,95,0x00000020,,6686,1689,7,mpc
178,千佛遺跡西側,9394,巨錘猴精,5717,95,0x00000020,,6505,4878,7,mpc
178,千佛遺跡西側,9397,沼地巨蛇,5734,95,0x00000040,,6929,3906,5,mpc
178,千佛遺跡西側,9401,叢林猛虎,5739,90,0x00000080,,7624,1249,5,mpc
178,千佛遺跡西側,9403,叢林黑豹,5406,95,0x00000080,,6668,903,8,mpc
178,千佛遺跡西側,9405,邪咒骷髏,5742,100,0x00000008,,3574,2828,5,mpc
178,千佛遺跡西側,9406,邪咒骷髏弓手,5743,100,0x00000008,,3013,4139,5,mpc
178,千佛遺跡西側,9407,林間老屍,5744,105,0x00000008,,3985,3215,8,mpc
178,千佛遺跡西側,9442,叢林蛇王,5735,110,0x00000040,,7552,5216,1,mpc
179,摩羅國境,9370,南蠻狂戰士,5707,100,0x00000002,,7301,4359,8,mpc
179,摩羅國境,9374,南蠻女戰士,5720,105,0x00000002,,5724,5182,20,mpc
179,摩羅國境,9377,無念僧,5731,105,0x00000002,,5290,1103,14,mpc
179,摩羅國境,9383,象騎兵,5726,110,0x00000002,,5967,2843,11,mpc
179,摩羅國境,9384,象騎射手,5727,110,0x00000002,,6051,2396,11,mpc
179,摩羅國境,9389,金翅鳥,5715,115,0x00000020,,923,3123,11,mpc
179,摩羅國境,9391,拔山象妖,5711,110,0x00000020,,2221,918,6,mpc
179,摩羅國境,9410,噬屍地蟲,5747,105,0x00000008,,7076,2661,9,mpc
181,菩提聖原,9371,摩羅御軍戰士,5708,115,0x00000002,,3092,3552,10,mpc
181,菩提聖原,9372,摩羅御軍射手,5709,115,0x00000002,,2577,2422,10,mpc
181,菩提聖原,9378,魔道行者,5732,120,0x00000002,,2102,4856,12,mpc
181,菩提聖原,9381,摩羅戰象,5724,120,0x00000080,,1870,5062,8,mpc
181,菩提聖原,9383,象騎兵,5726,110,0x00000002,,3779,2983,6,mpc
181,菩提聖原,9384,象騎射手,5727,110,0x00000002,,3384,3891,6,mpc
181,菩提聖原,9389,金翅鳥,5715,115,0x00000020,,7097,2572,10,mpc
181,菩提聖原,9391,拔山象妖,5711,110,0x00000020,,7330,2736,10,mpc
181,菩提聖原,9395,金鎧靈猴,5718,115,0x00000020,,7156,2309,10,mpc
181,菩提聖原,9398,旱野蛇魔,5735,115,0x00000040,,3298,570,11,mpc
181,菩提聖原,9408,荒野猛虎,5740,110,0x00000080,,6582,5130,6,mpc
181,菩提聖原,9409,焚風禿鷹,5746,105,0x00000100,,6883,5427,6,mpc
182,大梵河岸,9371,摩羅御軍戰士,5708,115,0x00000002,,5812,3651,13,mpc
182,大梵河岸,9372,摩羅御軍射手,5709,115,0x00000002,,5732,4016,11,mpc
182,大梵河岸,9375,摩羅女武侍,5721,125,0x00000002,,1440,3257,8,mpc
182,大梵河岸,9378,魔道行者,5732,120,0x00000002,,3160,1896,15,mpc
182,大梵河岸,9382,邪甲巨象,5725,135,0x00000080,,2960,1616,16,mpc
182,大梵河岸,9389,金翅鳥,5715,115,0x00000020,,5018,3766,10,mpc
182,大梵河岸,9392,蓋世象魔,5712,125,0x00000020,,1192,3784,8,mpc
182,大梵河岸,9395,金鎧靈猴,5718,115,0x00000020,,5321,3538,10,mpc
182,大梵河岸,9398,旱野蛇魔,5735,115,0x00000040,,7894,2947,8,mpc
182,大梵河岸,9408,荒野猛虎,5740,110,0x00000080,,7605,3238,6,mpc
182,大梵河岸,9443,濕婆神教刺客,5755,120,0x00000002,,7643,779,1,mpc
182,大梵河岸,9447,濕婆神教祭司,5757,130,0x00000002,,3360,896,1,mpc
183,金霄佛寺,9375,摩羅女武侍,5721,125,0x00000002,,6784,2476,12,mpc
183,金霄佛寺,9378,魔道行者,5732,120,0x00000002,,7186,4744,8,mpc
183,金霄佛寺,9379,滅界邪陀,5733,135,0x00000002,,2206,3874,10,mpc
183,金霄佛寺,9385,巨象騎兵,5728,120,0x00000002,,4713,3448,17,mpc
183,金霄佛寺,9386,巨象騎射手,5729,120,0x00000002,,5259,3205,17,mpc
183,金霄佛寺,9390,大鵬金翅鳥,5716,135,0x00000020,,752,1622,7,mpc
183,金霄佛寺,9392,蓋世象魔,5712,125,0x00000020,,3394,4478,10,mpc
183,金霄佛寺,9396,白猿鬥神,5719,135,0x00000020,,2029,1390,7,mpc
183,金霄佛寺,9398,旱野蛇魔,5735,115,0x00000040,,6551,1059,8,mpc
183,金霄佛寺,9415,墮天魔佛,5750,140,0x00000008,,1412,2009,7,mpc
184,濕婆神廟,9373,魔人贊毗拉禔,5710,160,0x00000002,,800,3936,1,mpc
184,濕婆神廟,9376,紅蓮女戰將,5722,145,0x00000002,,2392,1984,7,mpc
184,濕婆神廟,9379,滅界邪陀,5733,135,0x00000002,,4402,4276,12,mpc
184,濕婆神廟,9387,破壞神濕婆,5730,170,0x00000002,,7456,1088,1,mpc
184,濕婆神廟,9390,大鵬金翅鳥,5716,135,0x00000020,,4264,2736,13,mpc
184,濕婆神廟,9393,怒威象神,5713,140,0x00000020,,2880,1408,7,mpc
184,濕婆神廟,9396,白猿鬥神,5719,135,0x00000020,,5344,2152,13,mpc
184,濕婆神廟,9399,九首邪蟒,5736,130,0x00000040,,4895,4154,12,mpc
184,濕婆神廟,9411,無間骷髏兵,5748,115,0x00000008,,5330,5146,5,mpc
184,濕婆神廟,9412,無間骷髏弓手,5749,115,0x00000008,,5269,4508,5,mpc
184,濕婆神廟,9413,喪魂邪屍,5745,120,0x00000008,,8276,3089,5,mpc
184,濕婆神廟,9414,金叉修羅王,5751,150,0x00000004,,3112,2016,5,mpc
184,濕婆神廟,9444,千手妖姬,5752,150,0x00000020,,8032,2240,1,mpc
184,濕婆神廟,9445,阿喇耶尊者,5754,150,0x00000002,,2976,4640,1,mpc
184,濕婆神廟,9446,三霸象皇,5753,155,0x00000080,,2624,1856,1,mpc
185,六滅血宮,9416,羯羅疣豬,5287,130,0x00000080,,1393,5308,4,mpc
185,六滅血宮,9417,風刃蒼狐,5650,130,0x00000080,,1292,4927,4,mpc
185,六滅血宮,9418,地動象神,5713,130,0x00000080,,1575,4676,4,mpc
185,六滅血宮,9419,畜生道主宰,5197,140,0x00000020,,1630,4712,1,mpc
185,六滅血宮,9420,黑繩上忍,5645,110,0x00000002,,7104,2976,4,mpc
185,六滅血宮,9421,血沼戰將,5150,110,0x00000002,,7492,2731,4,mpc
185,六滅血宮,9422,絕霸勇士,5413,110,0x00000002,,7418,3160,4,mpc
185,六滅血宮,9423,人間道主宰,5642,120,0x00000002,,7712,2848,1,mpc
185,六滅血宮,9424,腐糜鬼屍,5042,110,0x00000008,,4308,4560,4,mpc
185,六滅血宮,9425,荼黎鬼刀,5301,110,0x00000008,,4481,4846,4,mpc
185,六滅血宮,9426,棘鞭怨鬼,5595,110,0x00000008,,4680,4591,4,mpc
185,六滅血宮,9427,餓鬼道主宰,5479,120,0x00000008,,3988,4920,1,mpc
185,六滅血宮,9428,滅羅女將,5722,130,0x00000004,,7264,832,4,mpc
185,六滅血宮,9429,殺道武尊,5639,130,0x00000004,,7584,640,4,mpc
185,六滅血宮,9430,狂怒修羅,5155,130,0x00000004,,7531,813,4,mpc
185,六滅血宮,9431,修羅道主宰,5615,140,0x00000004,,7247,1004,1,mpc
185,六滅血宮,9432,大江山邪鬼,5666,150,0x00000004,,4083,2407,5,mpc
185,六滅血宮,9433,煉獄審官,5415,150,0x00000002,,4041,3098,5,mpc
185,六滅血宮,9434,紫業黑天,5631,150,0x00000008,,4327,3227,5,mpc
185,六滅血宮,9435,地獄道主宰,5667,160,0x00000008,,4617,2652,1,mpc
185,六滅血宮,9436,天艷火凰,5236,170,0x00000800,,1718,1606,5,mpc
185,六滅血宮,9437,化神麒麟,5108,170,0x00001000,,1439,1442,5,mpc
185,六滅血宮,9438,富嶽山神,5663,170,0x00000002,,2636,1033,5,mpc
185,六滅血宮,9439,天王道主宰,5238,180,0x00000400,,1115,722,1,mpc
185,六滅血宮,9441,六滅邪王,5730,200,0x00000004,,1152,672,1,mpc
186,七寶仙境　壹,14706,仙露花精,5143,25,0x00000010,,6084,1870,2,mpc
186,七寶仙境　壹,14707,松齡聖龜,5201,35,0x00000080,,5820,1709,2,mpc
186,七寶仙境　壹,14708,步天敖犬,5273,45,0x00000080,,5411,1717,2,mpc
186,七寶仙境　壹,14709,萬曆星將,5396,55,0x00000001,,5168,1835,2,mpc
186,七寶仙境　壹,14710,幻月銀狼,5407,65,0x00001000,,4938,2007,2,mpc
186,七寶仙境　壹,14711,岩羅角獸,5477,75,0x00000080,,6002,2173,2,mpc
186,七寶仙境　壹,14712,妙捷跳鼠,5570,85,0x00000080,,5841,2270,2,mpc
186,七寶仙境　壹,14713,霧隱忍武,5643,95,0x00000002,,5434,2316,2,mpc
186,七寶仙境　壹,14714,來世象尊,5712,100,0x00000020,,5111,2336,2,mpc
186,七寶仙境　壹,14715,問頂仙龍,5862,105,0x00000400,,4837,2331,2,mpc
186,七寶仙境　壹,14716,[仙露花精],5143,110,0x00000010,,2696,2586,2,mpc
186,七寶仙境　壹,14717,[松齡聖龜],5201,115,0x00000080,,2407,2387,2,mpc
186,七寶仙境　壹,14718,[步天敖犬],5273,120,0x00000080,,2625,2804,2,mpc
186,七寶仙境　壹,14719,[萬曆星將],5396,125,0x00000001,,2091,2369,2,mpc
186,七寶仙境　壹,14720,[幻月銀狼],5407,130,0x00001000,,2423,2995,2,mpc
186,七寶仙境　壹,14721,[岩羅角獸],5477,135,0x00000080,,2049,2960,2,mpc
186,七寶仙境　壹,14722,[妙捷跳鼠],5570,140,0x00000080,,1797,2936,2,mpc
186,七寶仙境　壹,14723,[霧隱忍武],5643,145,0x00000002,,1782,2422,2,mpc
186,七寶仙境　壹,14724,[來世象尊],5712,150,0x00000020,,1580,2800,2,mpc
186,七寶仙境　壹,14725,[問頂仙龍],5862,155,0x00000400,,1379,2702,2,mpc
186,七寶仙境　壹,14726,<仙露花精>,5143,160,0x00000010,,5197,3800,2,mpc
186,七寶仙境　壹,14727,<松齡聖龜>,5201,165,0x00000080,,5499,3676,2,mpc
186,七寶仙境　壹,14728,<步天敖犬>,5273,170,0x00000080,,5722,3788,2,mpc
186,七寶仙境　壹,14729,<萬曆星將>,5396,175,0x00000001,,5927,3693,2,mpc
186,七寶仙境　壹,14730,<幻月銀狼>,5407,180,0x00001000,,6065,3834,2,mpc
186,七寶仙境　壹,14731,<岩羅角獸>,5477,185,0x00000080,,6194,3679,2,mpc
186,七寶仙境　壹,14732,<妙捷跳鼠>,5570,190,0x00000080,,6393,3823,2,mpc
186,七寶仙境　壹,14733,<霧隱忍武>,5643,195,0x00000002,,6337,3448,2,mpc
186,七寶仙境　壹,14734,<來世象尊>,5712,200,0x00000020,,6439,3583,2,mpc
186,七寶仙境　壹,14735,<問頂仙龍>,5862,205,0x00000400,,6585,3495,2,mpc
191,恨生不歸途,5081,巨灰鼠,5067,15,0x00000080,,3547,4249,1,mpc
191,恨生不歸途,9607,三途棺差,5769,100,0x00000008,,4316,1559,11,mpc
191,恨生不歸途,9610,血瘤眼,5772,100,0x00000020,,4541,1818,11,mpc
191,恨生不歸途,9619,拘魂使,5781,100,0x00000020,,5495,2403,11,mpc
191,恨生不歸途,9622,提刑差,5784,100,0x00000020,,4899,2079,11,mpc
191,恨生不歸途,9628,白靈石獅,5790,100,0x00000200,,6389,2867,11,mpc
191,恨生不歸途,9637,千古怨靈,5805,90,0x00000008,,3033,4340,8,mpc
191,恨生不歸途,9638,殉葬血屍,5806,95,0x00000008,,1734,3533,6,mpc
191,恨生不歸途,9639,烈燄風魔,5804,105,0x00000010,,4691,401,5,mpc
191,恨生不歸途,9640,伏毒地蟒,5802,100,0x00000040,,7607,2116,6,mpc
192,三途之都,9607,三途棺差,5769,100,0x00000008,,4220,2081,10,mpc
192,三途之都,9610,血瘤眼,5772,100,0x00000020,,5592,3206,8,mpc
192,三途之都,9613,斬斧牛妖,5775,105,0x00000020,,2698,4879,8,mpc
192,三途之都,9616,嘯槍鬼馬,5778,105,0x00000020,,2376,4908,8,mpc
192,三途之都,9619,拘魂使,5781,100,0x00000020,,4041,1812,8,mpc
192,三途之都,9622,提刑差,5784,100,0x00000020,,5085,3114,8,mpc
192,三途之都,9625,酆神陣頭,5787,110,0x00000020,,2177,4679,5,mpc
192,三途之都,9628,白靈石獅,5790,100,0x00000200,,5638,2786,8,mpc
192,三途之都,9639,烈燄風魔,5804,105,0x00000010,,6600,3940,5,mpc
192,三途之都,9641,酆都鬼役,5807,115,0x00000004,,3694,2495,5,mpc
192,三途之都,9642,酆都遊魂,5808,105,0x00000008,,2859,2220,5,mpc
193,枉死之城,9607,三途棺差,5769,100,0x00000008,,5120,1201,6,mpc
193,枉死之城,9608,殮壽靈柩,5770,115,0x00000008,,7025,3089,6,mpc
193,枉死之城,9611,鬼牙開眼,5773,115,0x00000020,,7075,3656,6,mpc
193,枉死之城,9613,斬斧牛妖,5775,105,0x00000020,,1945,2975,6,mpc
193,枉死之城,9616,嘯槍鬼馬,5778,105,0x00000020,,2650,4465,6,mpc
193,枉死之城,9619,拘魂使,5781,100,0x00000020,,4694,1586,7,mpc
193,枉死之城,9622,提刑差,5784,100,0x00000020,,5188,2322,6,mpc
193,枉死之城,9625,酆神陣頭,5787,110,0x00000020,,4648,3307,8,mpc
193,枉死之城,9628,白靈石獅,5790,100,0x00000200,,4055,573,6,mpc
193,枉死之城,9634,懲善判官,5796,120,0x00000020,,6713,3695,5,mpc
193,枉死之城,9641,酆都鬼役,5807,115,0x00000004,,2266,2083,6,mpc
193,枉死之城,9642,酆都遊魂,5808,105,0x00000008,,3571,2241,10,mpc
193,枉死之城,9643,萬刑惡靈,5809,105,0x00000008,,5703,3190,6,mpc
193,枉死之城,9646,白懺大喪神,5817,150,0x00000020,,5809,2959,1,mpc
194,悲歡渡口,9608,殮壽靈柩,5770,115,0x00000008,,3913,5122,10,mpc
194,悲歡渡口,9613,斬斧牛妖,5775,105,0x00000020,,1898,2328,8,mpc
194,悲歡渡口,9616,嘯槍鬼馬,5778,105,0x00000020,,839,2126,8,mpc
194,悲歡渡口,9620,拘魂白無常,5782,115,0x00000020,,5085,2135,8,mpc
194,悲歡渡口,9623,提刑黑無常,5785,115,0x00000020,,5336,1911,8,mpc
194,悲歡渡口,9625,酆神陣頭,5787,110,0x00000020,,2208,4058,8,mpc
194,悲歡渡口,9631,破陣鬼騎,5793,115,0x00000020,,4579,4789,10,mpc
194,悲歡渡口,9634,懲善判官,5796,120,0x00000020,,6964,699,7,mpc
194,悲歡渡口,9643,萬刑惡靈,5809,105,0x00000008,,2133,800,8,mpc
194,悲歡渡口,9644,冥土鬼爪,5810,115,0x00000008,,4882,3775,8,mpc
194,悲歡渡口,9647,黑尸大喪神,5819,150,0x00000020,,5072,1002,1,mpc
195,永劫刑場,9608,殮壽靈柩,5770,115,0x00000008,,2480,1465,10,mpc
195,永劫刑場,9611,鬼牙開眼,5773,115,0x00000020,,2358,1742,11,mpc
195,永劫刑場,9612,煉獄邪眼,5774,130,0x00000020,,3474,3919,6,mpc
195,永劫刑場,9620,拘魂白無常,5782,115,0x00000020,,5950,1723,8,mpc
195,永劫刑場,9623,提刑黑無常,5785,115,0x00000020,,5990,1274,8,mpc
195,永劫刑場,9625,酆神陣頭,5787,110,0x00000020,,1368,1508,6,mpc
195,永劫刑場,9626,八路王將,5788,125,0x00000020,,5222,3844,8,mpc
195,永劫刑場,9629,蒼炎怒獅,5791,115,0x00000200,,7530,3365,7,mpc
195,永劫刑場,9644,冥土鬼爪,5810,115,0x00000008,,2147,1944,6,mpc
195,永劫刑場,9645,魔域狂刀,5811,120,0x00000020,,5380,2992,10,mpc
195,永劫刑場,9648,馬面大喪神,5816,155,0x00000020,,3425,2870,1,mpc
195,永劫刑場,9654,奈落邪鬼,5812,130,0x00000004,,4621,4302,5,mpc
196,九曲邪徑,9608,殮壽靈柩,5770,115,0x00000008,,4495,1633,8,mpc
196,九曲邪徑,9609,化屍大魔棺,5771,130,0x00000008,,5521,5429,5,mpc
196,九曲邪徑,9611,鬼牙開眼,5773,115,0x00000020,,4161,1919,8,mpc
196,九曲邪徑,9614,索命牛頭,5776,120,0x00000020,,4574,4779,8,mpc
196,九曲邪徑,9617,追魂馬面,5779,120,0x00000020,,3853,4501,8,mpc
196,九曲邪徑,9620,拘魂白無常,5782,115,0x00000020,,4512,1131,8,mpc
196,九曲邪徑,9623,提刑黑無常,5785,115,0x00000020,,4376,1887,8,mpc
196,九曲邪徑,9626,八路王將,5788,125,0x00000020,,4165,4627,6,mpc
196,九曲邪徑,9629,蒼炎怒獅,5791,115,0x00000200,,6759,1418,7,mpc
196,九曲邪徑,9631,破陣鬼騎,5793,115,0x00000020,,7231,2949,8,mpc
196,九曲邪徑,9634,懲善判官,5796,120,0x00000020,,5188,4566,10,mpc
197,寒愴冰獄,9614,索命牛頭,5776,120,0x00000020,,5020,3641,10,mpc
197,寒愴冰獄,9617,追魂馬面,5779,120,0x00000020,,4257,3627,10,mpc
197,寒愴冰獄,9626,八路王將,5788,125,0x00000020,,6845,2065,6,mpc
197,寒愴冰獄,9629,蒼炎怒獅,5791,115,0x00000200,,3064,711,8,mpc
197,寒愴冰獄,9632,赦世驃騎,5794,130,0x00000020,,5746,3157,6,mpc
197,寒愴冰獄,9634,懲善判官,5796,120,0x00000020,,6203,4616,6,mpc
197,寒愴冰獄,9650,紫霜冰魄,5487,120,0x00000020,,3287,2259,9,mpc
197,寒愴冰獄,9651,晶凍傀儡,5485,120,0x00000200,,2313,2199,9,mpc
197,寒愴冰獄,9652,冰獄獠鬼,5665,125,0x00000004,,6702,2313,8,mpc
197,寒愴冰獄,9653,謳邪僧正,5760,125,0x00000002,,7191,1886,8,mpc
197,寒愴冰獄,9942,傾天絕邪,5849,240,0x00000200,,1280,3456,1,mpc
198,奈落紅川,9609,化屍大魔棺,5771,130,0x00000008,,4690,3501,10,mpc
198,奈落紅川,9615,開山牛魔將,5777,135,0x00000020,,4932,1617,6,mpc
198,奈落紅川,9618,衝天馬魔將,5780,135,0x00000020,,5022,885,6,mpc
198,奈落紅川,9621,報喪七王爺,5783,130,0x00000020,,6240,3085,8,mpc
198,奈落紅川,9624,弔靈八王爺,5786,130,0x00000020,,5741,2906,8,mpc
198,奈落紅川,9626,八路王將,5788,125,0x00000020,,1841,3388,8,mpc
198,奈落紅川,9627,黃泉大元帥,5789,140,0x00000020,,5499,1265,5,mpc
198,奈落紅川,9632,赦世驃騎,5794,130,0x00000020,,5224,4357,8,mpc
198,奈落紅川,9635,十獄殿主,5797,150,0x00000020,,5292,1037,5,mpc
198,奈落紅川,9645,魔域狂刀,5811,120,0x00000020,,976,4483,8,mpc
198,奈落紅川,9649,牛頭大喪神,5815,155,0x00000020,,5531,1111,1,mpc
198,奈落紅川,9659,奈落邪鬼,5812,130,0x00000004,,2137,2701,11,mpc
199,荒禍殘墟,9609,化屍大魔棺,5771,130,0x00000008,,4913,1253,8,mpc
199,荒禍殘墟,9612,煉獄邪眼,5774,130,0x00000020,,4180,1121,8,mpc
199,荒禍殘墟,9615,開山牛魔將,5777,135,0x00000020,,4404,4235,11,mpc
199,荒禍殘墟,9618,衝天馬魔將,5780,135,0x00000020,,3930,4343,11,mpc
199,荒禍殘墟,9621,報喪七王爺,5783,130,0x00000020,,3019,2989,8,mpc
199,荒禍殘墟,9624,弔靈八王爺,5786,130,0x00000020,,2588,3077,7,mpc
199,荒禍殘墟,9630,業火獅王,5792,130,0x00000200,,3679,2997,8,mpc
199,荒禍殘墟,9632,赦世驃騎,5794,130,0x00000020,,4537,1189,8,mpc
199,荒禍殘墟,9635,十獄殿主,5797,150,0x00000020,,5073,4919,5,mpc
199,荒禍殘墟,9655,阿鼻霸鬼,5666,140,0x00000004,,4645,5051,6,mpc
199,荒禍殘墟,9661,扶乩大喪神,5818,160,0x00000020,,574,3251,1,mpc
203,登天棧道,9824,黑教僧兵,5850,115,0x00000002,,4335,3000,15,mpc
203,登天棧道,9830,雪峰野人,5856,120,0x00000080,,5996,1004,9,mpc
203,登天棧道,9833,藏地氂牛,5859,125,0x00000080,,3659,1647,8,mpc
203,登天棧道,9836,幽谷翔龍,5862,130,0x00000400,,3304,2486,10,mpc
203,登天棧道,9842,穿峽禿鷹,5869,105,0x00000100,,3550,1439,8,mpc
203,登天棧道,9851,吐蕃行者,5846,110,0x00000002,,3913,3713,8,mpc
203,登天棧道,9852,高原冰靈,5330,115,0x00000008,,5582,751,7,mpc
203,登天棧道,9854,霧峰暴猿,5878,120,0x00000080,,5287,622,8,mpc
203,登天棧道,9859,黑教侍衛,5883,120,0x00000002,,3125,4788,10,mpc
204,懸空仙嶺,9824,黑教僧兵,5850,115,0x00000002,,3227,3066,15,mpc
204,懸空仙嶺,9830,雪峰野人,5856,120,0x00000080,,4863,3422,15,mpc
204,懸空仙嶺,9833,藏地氂牛,5859,125,0x00000080,,5205,3726,15,mpc
204,懸空仙嶺,9836,幽谷翔龍,5862,130,0x00000400,,5494,2308,10,mpc
204,懸空仙嶺,9839,輪迴外邪,5865,135,0x00000004,,2904,1686,12,mpc
204,懸空仙嶺,9845,往生血眼,5872,125,0x00000020,,6439,1994,5,mpc
204,懸空仙嶺,9848,仙嶺妖禽,5875,125,0x00000020,,6797,1741,6,mpc
204,懸空仙嶺,9851,吐蕃行者,5846,110,0x00000002,,2418,4417,5,mpc
204,懸空仙嶺,9852,高原冰靈,5330,115,0x00000008,,6163,3934,10,mpc
204,懸空仙嶺,9859,黑教侍衛,5883,120,0x00000002,,5591,4522,10,mpc
205,青藏高原,9825,赤壇喇嘛,5851,130,0x00000001,,4197,1828,15,mpc
205,青藏高原,9830,雪峰野人,5856,120,0x00000080,,6638,3607,7,mpc
205,青藏高原,9831,萬岳囂異,5857,135,0x00000080,,3531,4374,7,mpc
205,青藏高原,9833,藏地氂牛,5859,125,0x00000080,,3027,3236,10,mpc
205,青藏高原,9836,幽谷翔龍,5862,130,0x00000400,,5033,1635,12,mpc
205,青藏高原,9839,輪迴外邪,5865,135,0x00000004,,4801,2639,10,mpc
205,青藏高原,9842,穿峽禿鷹,5869,105,0x00000100,,1705,1261,5,mpc
205,青藏高原,9843,天谷禿鷹,5870,120,0x00000100,,2888,1908,11,mpc
205,青藏高原,9845,往生血眼,5872,125,0x00000020,,7108,4920,5,mpc
205,青藏高原,9857,黑教隱鏢手,5885,130,0x00000002,,4818,3053,10,mpc
205,青藏高原,9858,黑教舞鞭者,5884,135,0x00000002,,4585,3160,10,mpc
205,青藏高原,9859,黑教侍衛,5883,120,0x00000002,,6989,3705,5,mpc
205,青藏高原,9886,冥鬼提訥西,5906,155,0x00000008,,1383,656,1,mpc
206,大梵聖湖,9824,黑教僧兵,5850,115,0x00000002,,1373,5401,5,mpc
206,大梵聖湖,9825,赤壇喇嘛,5851,130,0x00000001,,5735,2067,14,mpc
206,大梵聖湖,9831,萬岳囂異,5857,135,0x00000080,,3252,2759,15,mpc
206,大梵聖湖,9834,穿雲聖牛,5860,140,0x00000080,,2762,2525,12,mpc
206,大梵聖湖,9836,幽谷翔龍,5862,130,0x00000400,,6867,3303,12,mpc
206,大梵聖湖,9839,輪迴外邪,5865,135,0x00000004,,5789,1612,12,mpc
206,大梵聖湖,9843,天谷禿鷹,5870,120,0x00000100,,6268,1804,7,mpc
206,大梵聖湖,9846,逆反外眼,5873,140,0x00000020,,4287,3128,5,mpc
206,大梵聖湖,9849,衝雲亂梟,5876,140,0x00000020,,3951,3104,10,mpc
206,大梵聖湖,9857,黑教隱鏢手,5885,130,0x00000002,,1859,4981,10,mpc
206,大梵聖湖,9858,黑教舞鞭者,5884,135,0x00000002,,1700,5249,11,mpc
206,大梵聖湖,9859,黑教侍衛,5883,120,0x00000002,,1502,5326,5,mpc
206,大梵聖湖,9887,劇鬼貝倫普因,5904,155,0x00000004,,3969,940,1,mpc
207,吐蕃集鎮,9826,金剛仁波切,5852,145,0x00000001,,3217,894,9,mpc
207,吐蕃集鎮,9832,龍磐帝蠻,5858,150,0x00000080,,2900,1069,12,mpc
207,吐蕃集鎮,9835,御天七彩牛,5861,155,0x00000080,,2912,915,9,mpc
207,吐蕃集鎮,9837,傲霜飛龍,5863,145,0x00000400,,3053,974,12,mpc
207,吐蕃集鎮,9922,叛道梵鬼,5909,170,0x00000004,,2848,689,3,mpc
208,萬岳聖峰,9825,赤壇喇嘛,5851,130,0x00000001,,4924,3200,15,mpc
208,萬岳聖峰,9831,萬岳囂異,5857,135,0x00000080,,4997,2985,17,mpc
208,萬岳聖峰,9834,穿雲聖牛,5860,140,0x00000080,,4437,3067,12,mpc
208,萬岳聖峰,9837,傲霜飛龍,5863,145,0x00000400,,5790,2686,14,mpc
208,萬岳聖峰,9839,輪迴外邪,5865,135,0x00000004,,3530,4386,7,mpc
208,萬岳聖峰,9840,逆宗梵鬼,5866,160,0x00000004,,4269,1179,10,mpc
208,萬岳聖峰,9846,逆反外眼,5873,140,0x00000020,,4229,3267,7,mpc
208,萬岳聖峰,9849,衝雲亂梟,5876,140,0x00000020,,2756,5107,7,mpc
208,萬岳聖峰,9853,雪山冰靈,5333,140,0x00000008,,2994,5248,10,mpc
208,萬岳聖峰,9855,絕凍冰妖,5882,145,0x00000008,,5733,2456,10,mpc
208,萬岳聖峰,9856,聖峰白虎,5286,150,0x00000080,,5398,817,7,mpc
208,萬岳聖峰,9884,赤勒辛,5898,150,0x00000002,,774,5469,1,mpc
209,香格里拉聖路,9825,赤壇喇嘛,5851,130,0x00000001,,5705,4001,10,mpc
209,香格里拉聖路,9826,金剛仁波切,5852,145,0x00000001,,3432,2159,15,mpc
209,香格里拉聖路,9832,龍磐帝蠻,5858,150,0x00000080,,2808,2448,14,mpc
209,香格里拉聖路,9834,穿雲聖牛,5860,140,0x00000080,,5046,4365,12,mpc
209,香格里拉聖路,9837,傲霜飛龍,5863,145,0x00000400,,6124,1683,7,mpc
209,香格里拉聖路,9839,輪迴外邪,5865,135,0x00000004,,6619,2339,7,mpc
209,香格里拉聖路,9840,逆宗梵鬼,5866,160,0x00000004,,3076,744,12,mpc
209,香格里拉聖路,9844,絕峰禿鷹,5871,135,0x00000100,,6315,1904,10,mpc
209,香格里拉聖路,9847,天戮三滅視,5874,155,0x00000020,,2736,4391,10,mpc
209,香格里拉聖路,9853,雪山冰靈,5333,140,0x00000008,,7444,1482,5,mpc
209,香格里拉聖路,9855,絕凍冰妖,5882,145,0x00000008,,6678,1162,5,mpc
209,香格里拉聖路,9856,聖峰白虎,5286,150,0x00000080,,7147,483,5,mpc
209,香格里拉聖路,9888,禪鬼宗部斑,5905,160,0x00000001,,8327,355,1,mpc
209,香格里拉聖路,9889,梵煞金陀烈瑪,5909,165,0x00000004,,1209,4012,1,mpc
210,香格里拉神廟,9825,赤壇喇嘛,5851,130,0x00000001,,3100,4154,12,mpc
210,香格里拉神廟,9826,金剛仁波切,5852,145,0x00000001,,2546,2486,10,mpc
210,香格里拉神廟,9832,龍磐帝蠻,5858,150,0x00000080,,6134,4307,16,mpc
210,香格里拉神廟,9835,御天七彩牛,5861,155,0x00000080,,3654,1987,15,mpc
210,香格里拉神廟,9837,傲霜飛龍,5863,145,0x00000400,,6534,3157,10,mpc
210,香格里拉神廟,9840,逆宗梵鬼,5866,160,0x00000004,,4750,2349,15,mpc
210,香格里拉神廟,9850,護天金翅鳥,5877,155,0x00000020,,4191,2587,20,mpc
210,香格里拉神廟,9882,雷吼聖將,5899,160,0x00000400,,4719,2529,11,mpc
210,香格里拉神廟,9883,金穹蒼龍,5896,165,0x00000400,,4455,2476,10,mpc
211,天授之間,9826,金剛仁波切,5852,145,0x00000001,,4832,1640,12,mpc
211,天授之間,9832,龍磐帝蠻,5858,150,0x00000080,,2206,2820,9,mpc
211,天授之間,9835,御天七彩牛,5861,155,0x00000080,,7653,5002,2,mpc
211,天授之間,9838,九華神曜龍,5864,220,0x00000400,,792,504,1,mpc
211,天授之間,9860,3轉劍影,5886,125,0x00000001,,5671,3583,10,mpc
211,天授之間,9861,3轉術影,5887,125,0x00000001,,5608,3453,10,mpc
211,天授之間,9862,3轉僧影,5888,125,0x00000001,,5108,3690,10,mpc
211,天授之間,9863,3轉勇影,5889,125,0x00000001,,5337,3813,10,mpc
211,天授之間,9864,3轉道影,5890,125,0x00000001,,5305,4035,10,mpc
211,天授之間,9865,3轉女劍影,5891,125,0x00000001,,6154,3845,10,mpc
211,天授之間,9866,3轉女術影,5892,125,0x00000001,,4950,3741,10,mpc
211,天授之間,9867,3轉女僧影,5893,125,0x00000001,,5140,3869,10,mpc
211,天授之間,9868,3轉女勇影,5894,125,0x00000001,,5510,3706,10,mpc
211,天授之間,9869,3轉女道影,5895,125,0x00000001,,5446,3509,10,mpc
211,天授之間,9882,雷吼聖將,5899,160,0x00000400,,5239,1841,7,mpc
211,天授之間,9883,金穹蒼龍,5896,165,0x00000400,,4675,1147,8,mpc
211,天授之間,9890,大仁波切聖魂,5910,150,0x00000008,,1856,688,6,mpc
212,神煉之間,9827,不死亡僧,5912,135,0x00000008,,7194,3640,12,mpc
212,神煉之間,9828,超生化骸,5913,150,0x00000008,,3520,2056,21,mpc
212,神煉之間,9829,闇心滅宗,5914,165,0x00000008,,1870,3913,9,mpc
212,神煉之間,9841,天鬼神羅奢薩,5867,240,0x00000004,,2592,5408,1,mpc
212,神煉之間,9905,絕邪皇蠻,5916,160,0x00000080,,2908,2436,20,mpc
212,神煉之間,9906,祭邪大魔牛,5917,165,0x00000080,,3439,2378,15,mpc
212,神煉之間,9907,魔蠹屍龍,5918,190,0x00000400,,3704,4233,5,mpc
212,神煉之間,9908,怒心梵鬼,5919,155,0x00000004,,7906,2860,13,mpc
212,神煉之間,9909,碎峰大梵鬼,5920,170,0x00000004,,1859,3783,8,mpc
212,神煉之間,9910,梵邪戰士,5921,140,0x00000002,,7840,3576,10,mpc
212,神煉之間,9911,梵邪射手,5922,140,0x00000002,,7281,3577,13,mpc
212,神煉之間,9912,邪冰祭師,5925,145,0x00000002,,7391,4621,1,mpc
212,神煉之間,9913,邪火祭師,5926,145,0x00000002,,6242,4800,1,mpc
212,神煉之間,9914,邪雷祭師,5415,145,0x00000002,,8239,5169,1,mpc
212,神煉之間,9915,邪冥祭師,5416,145,0x00000002,,7046,3632,1,mpc
212,神煉之間,9916,闇天九龍蛇,5924,200,0x00000020,,5689,438,1,mpc
212,神煉之間,9918,奪魂天魔,5911,200,0x00000004,,3392,2446,11,mpc
212,神煉之間,9919,震岳魔囂,5915,150,0x00000080,,7607,3329,11,mpc
213,黃塵荒漠,14102,波斯鐵衛,5934,130,0x00000001,,3435,1699,16,mpc
213,黃塵荒漠,14105,魔喚使者,5731,135,0x00000001,,3080,3212,10,mpc
213,黃塵荒漠,14108,半身虎人,5937,135,0x00000020,,2999,2802,8,mpc
213,黃塵荒漠,14111,駱駝,5940,125,0x00000080,,4164,2430,15,mpc
213,黃塵荒漠,14129,飛塵風靈,5281,120,0x00000010,,3297,3234,9,mpc
213,黃塵荒漠,14130,羅剎流寇,5565,125,0x00000002,,7793,2651,8,mpc
213,黃塵荒漠,14131,怒砂土靈,5057,125,0x00000010,,2821,3332,10,mpc
213,黃塵荒漠,14132,邪神殉徒,5601,130,0x00000002,,5781,2107,10,mpc
213,黃塵荒漠,14153,波斯戰象,5723,120,0x00000080,,7940,3581,10,mpc
214,聖域之門,14102,波斯鐵衛,5934,130,0x00000001,,6137,2949,11,mpc
214,聖域之門,14105,魔喚使者,5731,135,0x00000001,,4188,4987,15,mpc
214,聖域之門,14108,半身虎人,5937,135,0x00000020,,3295,5277,8,mpc
214,聖域之門,14111,駱駝,5940,125,0x00000080,,5376,3308,18,mpc
214,聖域之門,14114,波斯騎兵,5943,140,0x00000001,,2859,2071,12,mpc
214,聖域之門,14131,怒砂土靈,5057,125,0x00000010,,6037,3488,12,mpc
214,聖域之門,14133,赤日火靈,5573,130,0x00000010,,2720,4536,10,mpc
214,聖域之門,14134,波斯步卒,5582,130,0x00000001,,4926,3519,10,mpc
214,聖域之門,14135,蜃樓水靈,5307,135,0x00000010,,2240,616,11,mpc
214,聖域之門,14154,真知衛士,5935,145,0x00000001,,5913,1307,2,mpc
214,聖域之門,14377,波斯亂黨,6537,145,0x00000001,,5191,5426,15,mpc
215,清教院街,14102,波斯鐵衛,5934,130,0x00000001,,3008,4161,12,mpc
215,清教院街,14105,魔喚使者,5731,135,0x00000001,,3688,2057,15,mpc
215,清教院街,14114,波斯騎兵,5943,140,0x00000001,,4980,2600,16,mpc
215,清教院街,14123,巨憾之土,5955,150,0x00000010,,4073,966,10,mpc
215,清教院街,14126,嘯狂之風,5946,145,0x00000010,,4064,2284,12,mpc
215,清教院街,14133,赤日火靈,5573,130,0x00000010,,4654,4289,12,mpc
215,清教院街,14134,波斯步卒,5582,130,0x00000001,,4970,4118,10,mpc
215,清教院街,14135,蜃樓水靈,5307,135,0x00000010,,3844,4659,5,mpc
215,清教院街,14136,真知芳衛,5720,135,0x00000001,,4320,1056,10,mpc
216,飛簷頂徑,14103,真知聖戰士,5935,145,0x00000001,,4105,3486,15,mpc
216,飛簷頂徑,14106,通天術師,5732,150,0x00000001,,2503,2310,10,mpc
216,飛簷頂徑,14108,半身虎人,5937,135,0x00000020,,5456,2686,12,mpc
216,飛簷頂徑,14114,波斯騎兵,5943,140,0x00000001,,4707,3175,15,mpc
216,飛簷頂徑,14117,焚怒之火,5949,155,0x00000010,,1947,4305,7,mpc
216,飛簷頂徑,14120,騰湧之水,5952,150,0x00000010,,2089,3274,10,mpc
216,飛簷頂徑,14126,嘯狂之風,5946,145,0x00000010,,5006,2355,16,mpc
216,飛簷頂徑,14137,波斯蒼鷹,5405,140,0x00000100,,3242,1674,10,mpc
216,飛簷頂徑,14138,樑上飛賊,5284,145,0x00000002,,2316,2281,10,mpc
216,飛簷頂徑,14155,真知黑聖衛,5958,160,0x00000001,,4505,1228,1,mpc
217,波斯西市,14103,真知聖戰士,5935,145,0x00000001,,4827,2179,9,mpc
217,波斯西市,14106,通天術師,5732,150,0x00000001,,4200,4456,10,mpc
217,波斯西市,14109,聖血戰虎,5938,150,0x00000020,,1552,4571,6,mpc
217,波斯西市,14112,征軍駱駝,5941,140,0x00000080,,4326,2428,8,mpc
217,波斯西市,14114,波斯騎兵,5943,140,0x00000001,,5212,2072,11,mpc
217,波斯西市,14117,焚怒之火,5949,155,0x00000010,,5776,3993,8,mpc
217,波斯西市,14120,騰湧之水,5952,150,0x00000010,,4636,4273,15,mpc
217,波斯西市,14123,巨憾之土,5955,150,0x00000010,,1810,5002,5,mpc
217,波斯西市,14126,嘯狂之風,5946,145,0x00000010,,4535,2350,6,mpc
217,波斯西市,14139,夜鴆鱗莽,5735,160,0x00000040,,6542,4181,5,mpc
218,法誡參道,14103,真知聖戰士,5935,145,0x00000001,,4251,1213,15,mpc
218,法誡參道,14106,通天術師,5732,150,0x00000001,,4320,3028,15,mpc
218,法誡參道,14109,聖血戰虎,5938,150,0x00000020,,3984,1374,15,mpc
218,法誡參道,14115,真知聖御將,5944,170,0x00000001,,4037,2375,5,mpc
218,法誡參道,14117,焚怒之火,5949,155,0x00000010,,4871,3972,15,mpc
218,法誡參道,14120,騰湧之水,5952,150,0x00000010,,5929,2985,15,mpc
218,法誡參道,14127,剎羽風靈,5947,160,0x00000010,,4727,3311,15,mpc
218,法誡參道,14140,鬼虎殺手,5440,165,0x00000002,,2658,2657,10,mpc
219,漆黑水路,14103,真知聖戰士,5935,145,0x00000001,,6820,2897,11,mpc
219,漆黑水路,14107,四相位靈尊,5733,165,0x00000001,,2498,2772,15,mpc
219,漆黑水路,14109,聖血戰虎,5938,150,0x00000020,,6833,2551,10,mpc
219,漆黑水路,14112,征軍駱駝,5941,140,0x00000080,,5800,1441,6,mpc
219,漆黑水路,14118,燎原火靈,5950,170,0x00000010,,1861,3324,10,mpc
219,漆黑水路,14121,掀濤水靈,5953,165,0x00000010,,1873,2905,10,mpc
219,漆黑水路,14124,激震土靈,5956,165,0x00000010,,1544,4262,6,mpc
219,漆黑水路,14127,剎羽風靈,5947,160,0x00000010,,6012,5097,11,mpc
219,漆黑水路,14139,夜鴆鱗莽,5735,160,0x00000040,,5312,4686,6,mpc
219,漆黑水路,14140,鬼虎殺手,5440,165,0x00000002,,5880,5378,6,mpc
219,漆黑水路,14141,黑池饜屍,5042,175,0x00000008,,2403,747,5,mpc
220,真知寺,14107,四相位靈尊,5733,165,0x00000001,,5897,3475,21,mpc
220,真知寺,14110,虎威戰神,5939,165,0x00000020,,4960,3376,10,mpc
220,真知寺,14113,波斯戰駱,5942,155,0x00000080,,2155,2119,8,mpc
220,真知寺,14115,真知聖御將,5944,170,0x00000001,,4079,1415,9,mpc
220,真知寺,14118,燎原火靈,5950,170,0x00000010,,5973,1737,10,mpc
220,真知寺,14121,掀濤水靈,5953,165,0x00000010,,5702,3231,15,mpc
220,真知寺,14124,激震土靈,5956,165,0x00000010,,4575,4938,10,mpc
220,真知寺,14127,剎羽風靈,5947,160,0x00000010,,2351,1889,10,mpc
220,真知寺,14141,黑池饜屍,5042,175,0x00000008,,5266,3092,11,mpc
220,真知寺,14142,真知神烈將,5958,180,0x00000001,,6817,425,5,mpc
221,萬識聖宮,14104,武皇查拉欽,5936,220,0x00000001,,6570,2008,1,mpc
221,萬識聖宮,14107,四相位靈尊,5733,165,0x00000001,,4395,4029,10,mpc
221,萬識聖宮,14110,虎威戰神,5939,165,0x00000020,,4247,4226,12,mpc
221,萬識聖宮,14113,波斯戰駱,5942,155,0x00000080,,3602,3238,8,mpc
221,萬識聖宮,14115,真知聖御將,5944,170,0x00000001,,3761,3436,11,mpc
221,萬識聖宮,14119,烈火聖靈,5951,185,0x00000010,,5388,1652,12,mpc
221,萬識聖宮,14122,瀚水聖靈,5954,180,0x00000010,,6659,1911,15,mpc
221,萬識聖宮,14125,搫土聖靈,5957,180,0x00000010,,4652,2653,11,mpc
221,萬識聖宮,14128,天風聖靈,5948,175,0x00000010,,4390,2385,11,mpc
221,萬識聖宮,14142,真知神烈將,5958,180,0x00000001,,3316,3325,10,mpc
221,萬識聖宮,14143,聖宮砂王龍,5896,190,0x00000400,,7625,777,8,mpc
221,萬識聖宮,14156,火元素神將,5534,190,0x00000010,,3973,3395,1,mpc
221,萬識聖宮,14157,水元素神將,5535,190,0x00000010,,4497,3616,1,mpc
221,萬識聖宮,14158,土元素神將,5536,190,0x00000010,,589,2747,1,mpc
221,萬識聖宮,14159,風元素神將,5537,190,0x00000010,,5911,5443,1,mpc
222,飛昇大廳,14116,真知四聖武皇,5945,255,0x00000001,,6913,4668,1,mpc
222,飛昇大廳,14144,真知太聖衛,5958,185,0x00000001,,2651,2439,12,mpc
222,飛昇大廳,14145,彪虎古戰神,5939,190,0x00000020,,3671,1915,15,mpc
222,飛昇大廳,14146,神御輝鎧駝,5942,180,0x00000080,,2468,2538,11,mpc
222,飛昇大廳,14147,熾火真帝靈,5951,190,0x00000020,,4923,2749,9,mpc
222,飛昇大廳,14148,荒水真帝靈,5954,190,0x00000020,,5650,3073,11,mpc
222,飛昇大廳,14149,裂土真帝靈,5957,195,0x00000010,,5115,2889,9,mpc
222,飛昇大廳,14150,剎風真帝靈,5948,195,0x00000008,,4763,3013,9,mpc
222,飛昇大廳,14151,金冑聖象衛,5738,200,0x00000080,,5331,3015,5,mpc
222,飛昇大廳,14152,四聖位化神,5479,200,0x00000020,,6115,4100,1,mpc
222,飛昇大廳,14160,查拉欽,5936,255,0x00000001,,6892,4668,1,mpc
222,飛昇大廳,14161,無限之火,5573,170,0x00000010,,5301,1601,6,mpc
222,飛昇大廳,14162,無限之水,5307,170,0x00000010,,4510,861,6,mpc
222,飛昇大廳,14163,無限之土,5057,170,0x00000010,,7809,3115,5,mpc
222,飛昇大廳,14164,無限之風,5281,170,0x00000010,,7964,3252,5,mpc
223,真七寶仙境　壹,15333,〈仙露花精〉,5143,210,0x00000010,,6084,1870,2,mpc
223,真七寶仙境　壹,15334,〈松齡聖龜〉,5201,215,0x00000080,,5820,1709,2,mpc
223,真七寶仙境　壹,15335,〈步天敖犬〉,5273,220,0x00000080,,5411,1717,2,mpc
223,真七寶仙境　壹,15336,〈萬曆星將〉,5396,225,0x00000001,,5168,1835,2,mpc
223,真七寶仙境　壹,15337,〈幻月銀狼〉,5407,230,0x00001000,,4938,2007,2,mpc
223,真七寶仙境　壹,15338,〈岩羅角獸〉,5477,235,0x00000080,,6002,2173,2,mpc
223,真七寶仙境　壹,15339,〈妙捷跳鼠〉,5570,240,0x00000080,,5841,2270,2,mpc
223,真七寶仙境　壹,15340,〈霧隱忍武〉,5643,245,0x00000002,,5434,2316,2,mpc
223,真七寶仙境　壹,15341,〈來世象尊〉,5712,250,0x00000020,,5111,2336,2,mpc
223,真七寶仙境　壹,15342,〈問頂仙龍〉,5862,255,0x00000400,,4837,2331,2,mpc
223,真七寶仙境　壹,15343,《仙露花精》,5143,260,0x00000010,,2696,2586,2,mpc
223,真七寶仙境　壹,15344,《松齡聖龜》,5201,265,0x00000080,,2407,2387,2,mpc
223,真七寶仙境　壹,15345,《步天敖犬》,5273,270,0x00000080,,2625,2804,2,mpc
223,真七寶仙境　壹,15346,《萬曆星將》,5396,275,0x00000001,,2091,2369,2,mpc
223,真七寶仙境　壹,15347,《幻月銀狼》,5407,280,0x00001000,,2423,2995,2,mpc
223,真七寶仙境　壹,15348,《岩羅角獸》,5477,285,0x00000080,,2049,2960,2,mpc
223,真七寶仙境　壹,15349,《妙捷跳鼠》,5570,290,0x00000080,,1797,2936,2,mpc
223,真七寶仙境　壹,15350,《霧隱忍武》,5643,295,0x00000002,,1782,2422,2,mpc
223,真七寶仙境　壹,15351,《來世象尊》,5712,300,0x00000020,,1580,2800,2,mpc
223,真七寶仙境　壹,15352,《問頂仙龍》,5862,305,0x00000400,,1379,2702,2,mpc
223,真七寶仙境　壹,15353,【仙露花精】,5143,310,0x00000010,,5197,3800,2,mpc
223,真七寶仙境　壹,15354,【松齡聖龜】,5201,320,0x00000080,,5499,3676,2,mpc
223,真七寶仙境　壹,15355,【步天敖犬】,5273,330,0x00000080,,5722,3788,2,mpc
223,真七寶仙境　壹,15356,【萬曆星將】,5396,340,0x00000001,,5927,3693,2,mpc
223,真七寶仙境　壹,15357,【幻月銀狼】,5407,350,0x00001000,,6065,3834,2,mpc
223,真七寶仙境　壹,15358,【岩羅角獸】,5477,360,0x00000080,,6194,3679,2,mpc
223,真七寶仙境　壹,15359,【妙捷跳鼠】,5570,370,0x00000080,,6393,3823,2,mpc
223,真七寶仙境　壹,15360,【霧隱忍武】,5643,380,0x00000002,,6337,3448,2,mpc
223,真七寶仙境　壹,15361,【來世象尊】,5712,390,0x00000020,,6439,3583,2,mpc
223,真七寶仙境　壹,15362,【問頂仙龍】,5862,400,0x00000400,,6585,3495,2,mpc
224,真七寶仙境　貳,14261,<真知太聖衛>,5958,190,0x00000001,,2651,2439,12,mpc
224,真七寶仙境　貳,14262,<彪虎古戰神>,5939,195,0x00000020,,3671,1915,15,mpc
224,真七寶仙境　貳,14263,<神御輝鎧駝>,5942,185,0x00000080,,2468,2538,11,mpc
224,真七寶仙境　貳,14264,<熾火真帝靈>,5951,195,0x00000020,,4923,2749,9,mpc
224,真七寶仙境　貳,14265,<荒水真帝靈>,5954,195,0x00000020,,5650,3073,11,mpc
224,真七寶仙境　貳,14266,<裂土真帝靈>,5957,200,0x00000010,,5115,2889,9,mpc
224,真七寶仙境　貳,14267,<剎風真帝靈>,5948,200,0x00000008,,4763,3013,9,mpc
224,真七寶仙境　貳,14268,<金冑聖象衛>,5738,205,0x00000080,,5331,3015,5,mpc
224,真七寶仙境　貳,14269,<四聖位化神>,5479,205,0x00000020,,6115,4100,1,mpc
224,真七寶仙境　貳,14270,<查拉欽>,5936,255,0x00000001,,6892,4668,1,mpc
224,真七寶仙境　貳,14271,<無限之火>,5573,175,0x00000010,,5301,1601,6,mpc
224,真七寶仙境　貳,14272,<無限之水>,5307,175,0x00000010,,4509,862,6,mpc
224,真七寶仙境　貳,14273,<無限之土>,5057,175,0x00000010,,7809,3115,5,mpc
224,真七寶仙境　貳,14274,<無限之風>,5281,175,0x00000010,,7964,3252,5,mpc
224,真七寶仙境　貳,14277,<真知四聖武皇>,5945,255,0x00000001,,6913,4668,1,mpc
229,止戰邊境,14311,十字軍,6513,150,0x00000002,,4985,2639,14,mpc
229,止戰邊境,14314,黑袍魔女,6504,155,0x00000002,,4937,2298,10,mpc
229,止戰邊境,14320,赫丕族女,6519,160,0x00000020,,3690,1736,9,mpc
229,止戰邊境,14323,悍野獅,6510,165,0x00000080,,2057,1080,7,mpc
229,止戰邊境,14338,土之精靈,6531,165,0x00000010,,3410,1838,9,mpc
229,止戰邊境,14341,風之精靈,6522,160,0x00000010,,4788,1947,9,mpc
229,止戰邊境,14344,軍騎駱駝,6536,140,0x00000080,,3764,4943,10,mpc
229,止戰邊境,14345,波斯戰士,6537,145,0x00000001,,3353,5266,13,mpc
229,止戰邊境,14346,波斯猛將,6538,150,0x00000001,,6367,4100,13,mpc
230,豐穗平原,14311,十字軍,6513,150,0x00000002,,4584,2928,12,mpc
230,豐穗平原,14317,蜥蜴人,6501,160,0x00000020,,3856,4326,12,mpc
230,豐穗平原,14320,赫丕族女,6519,160,0x00000020,,6737,4869,12,mpc
230,豐穗平原,14323,悍野獅,6510,165,0x00000080,,5938,3020,10,mpc
230,豐穗平原,14326,惡魔,6507,175,0x00000004,,4441,452,9,mpc
230,豐穗平原,14329,銀鱗飛龍,6516,180,0x00000400,,5238,1046,5,mpc
230,豐穗平原,14335,水之精靈,6528,170,0x00000010,,5632,1843,22,mpc
230,豐穗平原,14378,黑袍魔女,6504,155,0x00000002,,6423,3392,10,mpc
231,血鴉嶺,14314,黑袍魔女,6504,155,0x00000002,,6509,2507,9,mpc
231,血鴉嶺,14317,蜥蜴人,6501,160,0x00000020,,6570,3311,10,mpc
231,血鴉嶺,14318,冷血狂蜥,6502,175,0x00000020,,1598,3018,7,mpc
231,血鴉嶺,14321,掠空兇翼,6520,175,0x00000020,,1065,3265,7,mpc
231,血鴉嶺,14326,惡魔,6507,175,0x00000004,,3408,912,9,mpc
231,血鴉嶺,14329,銀鱗飛龍,6516,180,0x00000400,,2840,2416,8,mpc
231,血鴉嶺,14335,水之精靈,6528,170,0x00000010,,6133,2506,10,mpc
231,血鴉嶺,14338,土之精靈,6531,165,0x00000010,,6591,2813,9,mpc
231,血鴉嶺,14347,詛咒骸骨兵,5030,175,0x00000008,,6800,3016,12,mpc
231,血鴉嶺,14348,亡骸弓箭手,5031,170,0x00000008,,4804,4023,12,mpc
231,血鴉嶺,14380,鬼后蘿絲,6554,190,0x00000002,,3328,672,1,mpc
232,靜默之丘,14312,聖十字軍,6514,165,0x00000002,,6800,2176,12,mpc
232,靜默之丘,14315,墮魔巫女,6505,170,0x00000002,,4483,2295,9,mpc
232,靜默之丘,14318,冷血狂蜥,6502,175,0x00000020,,2619,2076,9,mpc
232,靜默之丘,14321,掠空兇翼,6520,175,0x00000020,,2759,1535,9,mpc
232,靜默之丘,14324,歐陸雄獅,6511,180,0x00000080,,2456,2316,7,mpc
232,靜默之丘,14326,惡魔,6507,175,0x00000004,,5013,2244,12,mpc
232,靜默之丘,14329,銀鱗飛龍,6516,180,0x00000400,,2067,1652,9,mpc
232,靜默之丘,14332,火之精靈,6525,170,0x00000010,,4769,2443,9,mpc
232,靜默之丘,14336,原始水靈,6529,185,0x00000010,,4603,2120,8,mpc
232,靜默之丘,14341,風之精靈,6522,160,0x00000010,,7453,2797,9,mpc
233,擎空壁壘,14312,聖十字軍,6514,165,0x00000002,,7334,2222,12,mpc
233,擎空壁壘,14315,墮魔巫女,6505,170,0x00000002,,5927,4163,10,mpc
233,擎空壁壘,14321,掠空兇翼,6520,175,0x00000020,,3170,1571,12,mpc
233,擎空壁壘,14324,歐陸雄獅,6511,180,0x00000080,,2806,3393,10,mpc
233,擎空壁壘,14326,惡魔,6507,175,0x00000004,,6892,1738,10,mpc
233,擎空壁壘,14330,禍翼巨龍,6517,195,0x00000400,,1965,2952,7,mpc
233,擎空壁壘,14336,原始水靈,6529,185,0x00000010,,6873,2347,10,mpc
233,擎空壁壘,14342,原始風靈,6523,175,0x00000010,,8099,3265,10,mpc
233,擎空壁壘,14349,闇夜死神,6534,190,0x00000001,,3124,4042,9,mpc
233,擎空壁壘,14389,北海戰鬼基恩,6545,215,0x00000020,,4942,254,1,mpc
234,獅堡軍事區,14312,聖十字軍,6514,165,0x00000002,,4341,2657,12,mpc
234,獅堡軍事區,14315,墮魔巫女,6505,170,0x00000002,,5885,1447,10,mpc
234,獅堡軍事區,14318,冷血狂蜥,6502,175,0x00000020,,5784,4180,10,mpc
234,獅堡軍事區,14319,酷瘧蜥魔,6503,190,0x00000020,,1572,2621,10,mpc
234,獅堡軍事區,14324,歐陸雄獅,6511,180,0x00000080,,5301,2712,10,mpc
234,獅堡軍事區,14329,銀鱗飛龍,6516,180,0x00000400,,5630,2581,10,mpc
234,獅堡軍事區,14333,原始火靈,6526,185,0x00000010,,2780,3963,9,mpc
234,獅堡軍事區,14336,原始水靈,6529,185,0x00000010,,3325,4296,10,mpc
234,獅堡軍事區,14339,原始土靈,6532,180,0x00000010,,5912,2439,9,mpc
234,獅堡軍事區,14388,帝御飛龍維邦,6552,215,0x00000400,,995,5122,1,mpc
234,獅堡軍事區,14904,魏基,6571,225,0x00000001,,7969,5427,1,mpc
235,凱旋廣場,14313,神耀十字軍,6515,180,0x00000002,,4963,2740,12,mpc
235,凱旋廣場,14316,地獄女爵,6506,185,0x00000002,,3532,3080,9,mpc
235,凱旋廣場,14319,酷瘧蜥魔,6503,190,0x00000020,,6086,4547,11,mpc
235,凱旋廣場,14322,紫羽災后,6535,190,0x00000020,,5396,1408,9,mpc
235,凱旋廣場,14324,歐陸雄獅,6511,180,0x00000080,,5996,2234,9,mpc
235,凱旋廣場,14327,煉獄魔梟,6508,190,0x00000004,,801,2602,9,mpc
235,凱旋廣場,14330,禍翼巨龍,6517,195,0x00000400,,1737,3691,7,mpc
235,凱旋廣場,14334,神火領主,6527,200,0x00000010,,1354,2328,7,mpc
235,凱旋廣場,14340,神土領主,6533,195,0x00000010,,3443,3770,9,mpc
235,凱旋廣場,14343,神風領主,6524,190,0x00000010,,3928,3209,9,mpc
235,凱旋廣場,14381,十字總將普萊斯,6556,220,0x00000002,,515,899,1,mpc
235,凱旋廣場,14382,深紅史嘉列,6553,215,0x00000002,,778,1008,1,mpc
235,凱旋廣場,14383,蒼白達苟士,6555,215,0x00000001,,652,704,1,mpc
236,聖禱天廳,14313,神耀十字軍,6515,180,0x00000002,,7293,4950,9,mpc
236,聖禱天廳,14316,地獄女爵,6506,185,0x00000002,,4404,3114,7,mpc
236,聖禱天廳,14319,酷瘧蜥魔,6503,190,0x00000020,,7872,3827,7,mpc
236,聖禱天廳,14322,紫羽災后,6535,190,0x00000020,,4614,4039,7,mpc
236,聖禱天廳,14325,霸戰獅王,6512,195,0x00000080,,4920,3396,10,mpc
236,聖禱天廳,14327,煉獄魔梟,6508,190,0x00000004,,5404,3622,10,mpc
236,聖禱天廳,14331,冥府魘龍,6518,210,0x00000400,,3327,2652,10,mpc
236,聖禱天廳,14334,神火領主,6527,200,0x00000010,,1442,4026,9,mpc
236,聖禱天廳,14337,神水領主,6530,200,0x00000010,,6118,1576,10,mpc
236,聖禱天廳,14340,神土領主,6533,195,0x00000010,,6487,3405,9,mpc
236,聖禱天廳,14343,神風領主,6524,190,0x00000010,,4807,4389,7,mpc
236,聖禱天廳,14372,燬天女魔后,6521,255,0x00000020,,715,1045,1,mpc
236,聖禱天廳,14373,聖帝君士坦汀,6539,255,0x00000002,,884,999,1,mpc
237,神臨之地,14328,魔帝君士坦汀,6509,275,0x00000004,,1138,4273,1,mpc
237,神臨之地,14354,原罪十字軍,6540,205,0x00000002,,5782,2763,20,mpc
237,神臨之地,14355,煉獄淑女,6541,195,0x00000002,,6361,1523,10,mpc
237,神臨之地,14356,幻魔‧火鐮,6542,200,0x00000080,,7138,436,5,mpc
237,神臨之地,14357,幻魔‧海蛇,6543,200,0x00000040,,7691,1391,5,mpc
237,神臨之地,14358,米諾陶勒斯,6544,210,0x00000020,,6159,1636,10,mpc
237,神臨之地,14359,聖帝君士坦汀,6539,255,0x00000002,,5817,1837,1,mpc
237,神臨之地,14360,地獄蜥蜴人,6545,215,0x00000020,,7225,3778,7,mpc
237,神臨之地,14361,地獄鷹身女,6546,215,0x00000020,,6899,3625,7,mpc
237,神臨之地,14362,地獄狂獅王,6547,220,0x00000080,,7016,4089,7,mpc
237,神臨之地,14363,始魔梅非斯特,6558,245,0x00000004,,7920,4496,1,mpc
237,神臨之地,14364,傲慢之魔,6548,215,0x00000004,,2371,1283,7,mpc
237,神臨之地,14365,狂怒之魔,6549,215,0x00000004,,1480,719,7,mpc
237,神臨之地,14366,貪慾之魔,6550,220,0x00000004,,1569,1026,7,mpc
237,神臨之地,14367,始魔巴爾,6559,245,0x00000004,,690,550,1,mpc
237,神臨之地,14368,終末巨龍,6551,225,0x00000400,,2297,3359,7,mpc
237,神臨之地,14369,幻滅巨龍,6552,225,0x00000400,,1798,3573,5,mpc
239,修羅級神臨之地,14487,<原罪十字軍>,6540,210,0x00000002,,5782,2763,20,mpc
239,修羅級神臨之地,14488,<煉獄淑女>,6541,200,0x00000002,,6361,1523,10,mpc
239,修羅級神臨之地,14489,<幻魔‧火鐮>,6542,205,0x00000080,,7138,436,5,mpc
239,修羅級神臨之地,14490,<幻魔‧海蛇>,6543,205,0x00000040,,7691,1391,5,mpc
239,修羅級神臨之地,14491,<米諾陶勒斯>,6544,215,0x00000020,,6159,1636,10,mpc
239,修羅級神臨之地,14492,<聖帝君士坦汀>,6539,255,0x00000002,,5817,1837,1,mpc
239,修羅級神臨之地,14493,<地獄蜥蜴人>,6545,220,0x00000020,,7225,3778,7,mpc
239,修羅級神臨之地,14494,<地獄鷹身女>,6546,220,0x00000020,,6899,3625,7,mpc
239,修羅級神臨之地,14495,<地獄狂獅王>,6547,225,0x00000080,,7016,4089,7,mpc
239,修羅級神臨之地,14496,<始魔梅非斯特>,6558,250,0x00000004,,7920,4496,1,mpc
239,修羅級神臨之地,14497,<傲慢之魔>,6548,220,0x00000004,,2371,1283,7,mpc
239,修羅級神臨之地,14498,<狂怒之魔>,6549,220,0x00000004,,1480,719,7,mpc
239,修羅級神臨之地,14499,<貪慾之魔>,6550,225,0x00000004,,1569,1026,7,mpc
239,修羅級神臨之地,14500,<始魔巴爾>,6559,250,0x00000004,,690,550,1,mpc
239,修羅級神臨之地,14501,<終末巨龍>,6551,230,0x00000400,,2297,3359,7,mpc
239,修羅級神臨之地,14502,<幻滅巨龍>,6552,230,0x00000400,,1798,3573,5,mpc
239,修羅級神臨之地,14503,<魔帝君士坦汀>,6509,275,0x00000004,,1138,4273,1,mpc
240,登龍道,14541,魔劍子,6565,165,0x00000002,,1941,2620,12,mpc
240,登龍道,14544,蝶舞精,6568,170,0x00000010,,3737,3549,10,mpc
240,登龍道,14547,巡天監,6571,175,0x00000001,,3454,2360,8,mpc
240,登龍道,14550,賦文臣,6580,185,0x00000001,,5800,4736,5,mpc
240,登龍道,14553,雲蛟衛,6574,190,0x00000400,,6794,3620,5,mpc
240,登龍道,14556,豬痴妖,6577,180,0x00000020,,5845,3285,6,mpc
240,登龍道,14565,笑傲飛鷹,6589,160,0x00000004,,1270,3675,6,mpc
240,登龍道,14566,窮奇,6590,170,0x00000008,,2759,1544,6,mpc
240,登龍道,14567,巡天遊龍,6591,185,0x00000400,,6827,5654,5,mpc
241,凌風修境,14541,魔劍子,6565,165,0x00000002,,5126,3773,8,mpc
241,凌風修境,14544,蝶舞精,6568,170,0x00000010,,5724,5014,6,mpc
241,凌風修境,14547,巡天監,6571,175,0x00000001,,5914,3845,10,mpc
241,凌風修境,14550,賦文臣,6580,185,0x00000001,,4086,3441,6,mpc
241,凌風修境,14553,雲蛟衛,6574,190,0x00000400,,2851,2557,6,mpc
241,凌風修境,14556,豬痴妖,6577,180,0x00000020,,3916,3264,8,mpc
241,凌風修境,14559,雷公,6583,195,0x00000001,,4549,296,6,mpc
241,凌風修境,14562,風伯,6586,195,0x00000001,,4122,388,6,mpc
241,凌風修境,14566,窮奇,6590,170,0x00000008,,5710,3682,6,mpc
241,凌風修境,14568,巡天舞將,6592,200,0x00000001,,3632,616,5,mpc
241,凌風修境,14766,妖三娘翦虹,6622,220,0x00000002,,6443,3495,1,mpc
242,繚空碎島,14542,墮真劍仙,6566,180,0x00000002,,3654,687,8,mpc
242,繚空碎島,14544,蝶舞精,6568,170,0x00000010,,6057,4389,6,mpc
242,繚空碎島,14547,巡天監,6571,175,0x00000001,,4951,4273,8,mpc
242,繚空碎島,14550,賦文臣,6580,185,0x00000001,,4130,523,6,mpc
242,繚空碎島,14553,雲蛟衛,6574,190,0x00000400,,5903,3484,10,mpc
242,繚空碎島,14556,豬痴妖,6577,180,0x00000020,,6685,4671,6,mpc
242,繚空碎島,14559,雷公,6583,195,0x00000001,,3880,3066,8,mpc
242,繚空碎島,14562,風伯,6586,195,0x00000001,,3648,3261,8,mpc
242,繚空碎島,14568,巡天舞將,6592,200,0x00000001,,4010,2830,6,mpc
242,繚空碎島,14569,檮杌,6593,205,0x00000008,,1457,3795,5,mpc
242,繚空碎島,14603,魔劍仙無上,6616,220,0x00000002,,545,3846,1,mpc
243,浮世夢鄉,14602,夢迴草,5767,1,0x00002000,,4958,5002,10,mpc
243,浮世夢鄉,14604,照心劍影,5886,200,0x00000001,,4601,5068,1,mpc
243,浮世夢鄉,14605,照心術影,5887,200,0x00000001,,4665,5036,1,mpc
243,浮世夢鄉,14606,照心僧影,5888,200,0x00000001,,4729,5004,1,mpc
243,浮世夢鄉,14607,照心勇影,5889,200,0x00000001,,4793,4972,1,mpc
243,浮世夢鄉,14608,照心道影,5890,200,0x00000001,,4857,4940,1,mpc
243,浮世夢鄉,14609,照心劍影,5891,200,0x00000001,,4697,4972,1,mpc
243,浮世夢鄉,14610,照心術影,5892,200,0x00000001,,4761,4940,1,mpc
243,浮世夢鄉,14611,照心僧影,5893,200,0x00000001,,4729,5068,1,mpc
243,浮世夢鄉,14612,照心勇影,5894,200,0x00000001,,4793,5036,1,mpc
243,浮世夢鄉,14613,照心道影,5895,200,0x00000001,,4857,5004,1,mpc
244,飛雲忘野,14542,墮真劍仙,6566,180,0x00000002,,1741,3197,8,mpc
244,飛雲忘野,14545,夢花蝶仙,6569,185,0x00000010,,1279,2667,8,mpc
244,飛雲忘野,14548,巡天千戶,6572,190,0x00000001,,5910,1395,10,mpc
244,飛雲忘野,14551,瑞照天官,6581,200,0x00000001,,7896,2343,6,mpc
244,飛雲忘野,14557,千斤豬狂,6578,195,0x00000020,,5072,1746,7,mpc
244,飛雲忘野,14560,怒雷尊者,6584,210,0x00000001,,5345,4196,6,mpc
244,飛雲忘野,14563,暴風尊者,6587,210,0x00000001,,4826,3573,6,mpc
244,飛雲忘野,14569,檮杌,6593,205,0x00000008,,4733,1991,6,mpc
244,飛雲忘野,14570,朝天妖道,6594,190,0x00000002,,1936,3043,6,mpc
244,飛雲忘野,14571,饕餮,6595,220,0x00000008,,4429,3650,5,mpc
244,飛雲忘野,14765,犯戒僧極樂,6621,220,0x00000002,,3318,4153,1,mpc
244,飛雲忘野,14767,文誅筆妄言,6623,220,0x00000020,,5215,630,1,mpc
245,橫劍天關,14543,蕩神劍聖,6567,195,0x00000001,,5600,3789,8,mpc
245,橫劍天關,14545,夢花蝶仙,6569,185,0x00000010,,3149,4212,6,mpc
245,橫劍天關,14548,巡天千戶,6572,190,0x00000001,,1460,3212,9,mpc
245,橫劍天關,14551,瑞照天官,6581,200,0x00000001,,5704,3347,6,mpc
245,橫劍天關,14552,凰權天督,6582,215,0x00000001,,6804,1818,5,mpc
245,橫劍天關,14557,千斤豬狂,6578,195,0x00000020,,1845,3077,6,mpc
245,橫劍天關,14560,怒雷尊者,6584,210,0x00000001,,7247,2169,9,mpc
245,橫劍天關,14563,暴風尊者,6587,210,0x00000001,,7051,2404,9,mpc
245,橫劍天關,14571,饕餮,6595,220,0x00000008,,6717,2405,5,mpc
245,橫劍天關,14572,太初劍魄,6596,205,0x00000200,,2599,3166,8,mpc
245,橫劍天關,14768,幻魔忍無鄉,5692,220,0x00000002,,7707,5333,1,mpc
246,仙庭玉階,14543,蕩神劍聖,6567,195,0x00000001,,3240,4416,6,mpc
246,仙庭玉階,14546,靨羽蝶后,6570,200,0x00000010,,4854,4839,6,mpc
246,仙庭玉階,14549,九天神將,6573,205,0x00000001,,2162,3865,8,mpc
246,仙庭玉階,14552,凰權天督,6582,215,0x00000001,,5840,2055,10,mpc
246,仙庭玉階,14555,天海神蛟,6576,220,0x00000400,,5396,1768,6,mpc
246,仙庭玉階,14558,酒肉豬仙,6579,210,0x00000020,,1940,3179,6,mpc
246,仙庭玉階,14560,怒雷尊者,6584,210,0x00000001,,3759,1902,7,mpc
246,仙庭玉階,14563,暴風尊者,6587,210,0x00000001,,6904,3460,7,mpc
246,仙庭玉階,14571,饕餮,6595,220,0x00000008,,6175,838,6,mpc
246,仙庭玉階,14573,天地宰相,6597,225,0x00000001,,7474,972,5,mpc
246,仙庭玉階,14574,玉階飛凰,6598,235,0x00000800,,7035,955,5,mpc
247,闕真金閣,14543,蕩神劍聖,6567,195,0x00000001,,2678,3939,7,mpc
247,闕真金閣,14546,靨羽蝶后,6570,200,0x00000010,,2197,4264,7,mpc
247,闕真金閣,14549,九天神將,6573,205,0x00000001,,5633,4284,11,mpc
247,闕真金閣,14552,凰權天督,6582,215,0x00000001,,3151,3591,8,mpc
247,闕真金閣,14555,天海神蛟,6576,220,0x00000400,,5280,2473,9,mpc
247,闕真金閣,14558,酒肉豬仙,6579,210,0x00000020,,4429,4089,6,mpc
247,闕真金閣,14561,劈天大雷神,6585,225,0x00000001,,4121,1820,6,mpc
247,闕真金閣,14564,挪宇大風神,6588,225,0x00000001,,7644,3611,6,mpc
247,闕真金閣,14575,金閣天龍將,6599,230,0x00000400,,6808,2186,5,mpc
247,闕真金閣,14576,神御泰平龍,6600,235,0x00000400,,5717,2322,5,mpc
247,闕真金閣,14577,混沌,6601,240,0x00000008,,7153,2357,5,mpc
248,九霄天樓,14578,蒼真劍聖,6602,215,0x00000001,,1277,5021,10,mpc
248,九霄天樓,14579,九霄英衛,6603,220,0x00000001,,1217,4827,10,mpc
248,九霄天樓,14580,赤怒豬妖,6604,215,0x00000020,,2742,4301,3,mpc
248,九霄天樓,14581,青面豬妖,6605,215,0x00000020,,2423,4356,3,mpc
248,九霄天樓,14582,紫兇豬魂,6606,230,0x00000020,,2582,4334,3,mpc
248,九霄天樓,14583,墮簾月牙妖,6607,225,0x00000020,,2152,4327,5,mpc
248,九霄天樓,14584,鬥戰聖徒孫,6608,225,0x00000020,,1860,4272,5,mpc
248,九霄天樓,14585,天樓龍驍將,6609,230,0x00000001,,6247,3127,15,mpc
248,九霄天樓,14586,迴天九翼蝶,6610,225,0x00000010,,6710,3150,10,mpc
248,九霄天樓,14587,錦袍仙丞,6611,235,0x00000001,,6150,3317,10,mpc
248,九霄天樓,14588,雲蛟巨將,6612,240,0x00000400,,4534,2324,15,mpc
248,九霄天樓,14589,天龍驃龍神,6613,245,0x00000400,,4009,2526,10,mpc
248,九霄天樓,14590,真‧窮奇,6590,260,0x00000008,,7970,3207,2,mpc
248,九霄天樓,14591,真‧檮杌,6593,260,0x00000008,,6951,1269,2,mpc
248,九霄天樓,14592,真‧饕餮,6595,260,0x00000008,,5916,828,2,mpc
248,九霄天樓,14593,真‧混沌,6601,260,0x00000008,,2483,403,2,mpc
248,九霄天樓,14594,九天尊雷神王,6614,295,0x00000001,,560,2109,1,mpc
248,九霄天樓,14595,九天御風神王,6615,295,0x00000001,,650,1897,1,mpc
249,修羅級九霄天樓,14682,<蒼真劍聖>,6602,220,0x00000001,,1277,5021,10,mpc
249,修羅級九霄天樓,14683,<九霄英衛>,6603,225,0x00000001,,1217,4827,10,mpc
249,修羅級九霄天樓,14684,<赤怒豬妖>,6604,220,0x00000020,,2742,4301,3,mpc
249,修羅級九霄天樓,14685,<青面豬妖>,6605,220,0x00000020,,2423,4356,3,mpc
249,修羅級九霄天樓,14686,<紫兇豬魂>,6606,235,0x00000020,,2582,4334,3,mpc
249,修羅級九霄天樓,14687,<墮簾月牙妖>,6607,230,0x00000020,,2152,4327,5,mpc
249,修羅級九霄天樓,14688,<鬥戰聖徒孫>,6608,230,0x00000020,,1860,4272,5,mpc
249,修羅級九霄天樓,14689,<天樓龍驍將>,6609,235,0x00000001,,6247,3127,15,mpc
249,修羅級九霄天樓,14690,<迴天九翼蝶>,6610,230,0x00000010,,6710,3150,10,mpc
249,修羅級九霄天樓,14691,<錦袍仙丞>,6611,240,0x00000001,,6150,3317,10,mpc
249,修羅級九霄天樓,14692,<雲蛟巨將>,6612,240,0x00000400,,4534,2324,15,mpc
249,修羅級九霄天樓,14693,<天龍驃龍神>,6613,245,0x00000400,,4009,2526,10,mpc
249,修羅級九霄天樓,14694,<真‧窮奇>,6590,260,0x00000008,,7970,3207,2,mpc
249,修羅級九霄天樓,14695,<真‧檮杌>,6593,260,0x00000008,,6951,1269,2,mpc
249,修羅級九霄天樓,14696,<真‧饕餮>,6595,260,0x00000008,,5916,828,2,mpc
249,修羅級九霄天樓,14697,<真‧混沌>,6601,260,0x00000008,,2483,403,2,mpc
249,修羅級九霄天樓,14698,<九天尊雷神王>,6614,295,0x00000001,,560,2109,1,mpc
249,修羅級九霄天樓,14699,<九天御風神王>,6615,295,0x00000001,,650,1897,1,mpc
250,天啟八關,14786,穹天千戶,6624,205,0x00000001,,2826,4990,5,mpc
250,天啟八關,14787,穹天軍長,6633,205,0x00000001,,1441,4659,5,mpc
250,天啟八關,14788,八部天章,6626,210,0x00000001,,2493,3513,5,mpc
250,天啟八關,14789,肅狄夷公,6627,215,0x00000020,,5363,4945,5,mpc
250,天啟八關,14790,連雲精衛,6628,220,0x00000002,,6914,2532,5,mpc
250,天啟八關,14791,深宮幻蝶,6629,220,0x00000010,,7280,3696,5,mpc
250,天啟八關,14792,滄浪隱劍,6630,225,0x00000002,,7581,2849,5,mpc
250,天啟八關,14793,時真靈狸,5224,230,0x00001000,,3724,1689,5,mpc
250,天啟八關,14794,雷域金仙,6631,235,0x00000004,,3933,1056,5,mpc
250,天啟八關,14795,驚雷鴻蛟,6632,240,0x00000400,,3158,935,5,mpc
251,紫雷轟原,14796,太古戰俑,6634,225,0x00000200,,6172,4419,5,mpc
251,紫雷轟原,14797,太古射俑,6635,225,0x00000200,,6885,4055,5,mpc
251,紫雷轟原,14798,佑天神僧,6636,230,0x00000002,,6508,4943,5,mpc
251,紫雷轟原,14799,電影疾鷹,6637,235,0x00000100,,5479,4705,5,mpc
251,紫雷轟原,14800,八天左雷王,6638,240,0x00000001,,2353,3037,5,mpc
251,紫雷轟原,14801,八天右風王,6639,240,0x00000001,,3294,3793,5,mpc
251,紫雷轟原,14802,轟原風精,6640,245,0x00000008,,4055,2698,5,mpc
251,紫雷轟原,14803,天柱巨靈,6641,250,0x00000080,,2371,2373,5,mpc
251,紫雷轟原,14804,異時遊魔,6642,255,0x00000002,,2256,1936,5,mpc
251,紫雷轟原,14805,亂界雷鬼,6643,255,0x00000004,,2797,1475,5,mpc
252,四聖祭台,14806,四聖劍仙,6651,250,0x00000002,,6772,4575,5,mpc
252,四聖祭台,14807,雀台朱鳳,5205,255,0x00000800,,7141,4250,5,mpc
252,四聖祭台,14808,玄台岩齡,6644,255,0x00000080,,6260,4548,5,mpc
252,四聖祭台,14809,虎台白吼,5286,255,0x00000080,,3696,4134,5,mpc
252,四聖祭台,14810,龍台飛影,6645,255,0x00000400,,6498,2719,5,mpc
252,四聖祭台,14811,真劍修者,6646,255,0x00000001,,4349,2575,5,mpc
252,四聖祭台,14812,真勇修者,6647,255,0x00000001,,4386,3533,5,mpc
252,四聖祭台,14813,真術修者,6648,255,0x00000001,,6042,2353,5,mpc
252,四聖祭台,14814,真道修者,6649,255,0x00000001,,5956,1900,5,mpc
252,四聖祭台,14815,真禪修者,6650,255,0x00000001,,4128,3853,5,mpc
253,青龍東殿,14816,紫暮影蛟,6656,255,0x00000400,,5435,727,5,mpc
253,青龍東殿,14817,強襲飛龍,6654,255,0x00000400,,4213,617,6,mpc
253,青龍東殿,14818,裂軀王龍,6655,255,0x00000400,,2415,2780,5,mpc
253,青龍東殿,14819,飲歲羅蛟,6652,255,0x00000400,,6516,3213,5,mpc
253,青龍東殿,14820,拂雲崩龍,6657,255,0x00000400,,5591,1583,5,mpc
253,青龍東殿,14821,東天龍人,6658,255,0x00000020,,5449,1993,5,mpc
253,青龍東殿,14822,破日鬥龍,6659,255,0x00000400,,5141,1679,5,mpc
253,青龍東殿,14823,雷海神蛟,6653,255,0x00000400,,5806,5135,5,mpc
253,青龍東殿,14824,怒疆霸龍,6660,255,0x00000400,,4980,4456,5,mpc
253,青龍東殿,14825,八荒碧龍麟,5109,255,0x00001000,,1667,3826,10,mpc
254,白虎西殿,14826,褐紋天虎,5009,255,0x00000080,,6201,4228,5,mpc
254,白虎西殿,14827,虛辰戰虎,6661,255,0x00000020,,6174,3545,5,mpc
254,白虎西殿,14828,風行刀獸,6662,255,0x00000080,,6842,3870,5,mpc
254,白虎西殿,14829,鎮國象神,6663,255,0x00000020,,5470,4460,5,mpc
254,白虎西殿,14830,星虎白皇,5286,255,0x00000080,,5069,2496,5,mpc
254,白虎西殿,14831,截拳虎衛,6664,255,0x00000020,,3878,3153,5,mpc
254,白虎西殿,14832,天尊獅座,6665,255,0x00000080,,3053,2048,5,mpc
254,白虎西殿,14833,銀霜神牛,6666,255,0x00000080,,3682,1206,5,mpc
254,白虎西殿,14834,碎時狂虎,6667,255,0x00000020,,2572,1919,5,mpc
254,白虎西殿,14835,八卦戰虎王,6668,255,0x00000020,,2059,1610,10,mpc
255,朱雀南殿,14836,雀翼燼火,5060,255,0x00000010,,7858,1708,5,mpc
255,朱雀南殿,14837,南天火影,5332,255,0x00000008,,7015,915,5,mpc
255,朱雀南殿,14838,雀殿妃凰,5206,255,0x00000800,,5871,1707,5,mpc
255,朱雀南殿,14839,萬炎殺顱,5848,255,0x00000008,,5562,1844,5,mpc
255,朱雀南殿,14840,護火聖像,6669,255,0x00000200,,5754,2967,5,mpc
255,朱雀南殿,14841,雀殿闇凰,5933,255,0x00000800,,4938,3125,5,mpc
255,朱雀南殿,14842,戰火刀魔,6670,255,0x00000020,,3496,3518,5,mpc
255,朱雀南殿,14843,焚劫厲將,6671,255,0x00000200,,2682,4473,5,mpc
255,朱雀南殿,14844,光耀神凰,5965,255,0x00000800,,1762,4268,5,mpc
255,朱雀南殿,14845,八熾燹鳳麟,5108,255,0x00001000,,1928,5180,10,mpc
256,玄武北殿,14846,憾山拳熊,6672,255,0x00000020,,3148,4781,5,mpc
256,玄武北殿,14847,動界武犢,6673,255,0x00000020,,2446,5057,5,mpc
256,玄武北殿,14848,玄武甲龜,6644,255,0x00000080,,3670,4457,5,mpc
256,玄武北殿,14849,北天吼霸,6674,255,0x00000080,,2272,3481,5,mpc
256,玄武北殿,14850,盤古石尊,6675,255,0x00000010,,1653,2611,5,mpc
256,玄武北殿,14851,重絕泰斗,6676,255,0x00000020,,7119,3100,5,mpc
256,玄武北殿,14852,無瑕鎧妖,6677,255,0x00000004,,6204,1611,5,mpc
256,玄武北殿,14853,闢地巨獸,6678,255,0x00000080,,6489,1476,5,mpc
256,玄武北殿,14854,巖崴魔魁,6679,255,0x00000004,,7066,1156,5,mpc
256,玄武北殿,14855,八極凜冰麟,5110,255,0x00001000,,4474,2665,10,mpc
257,殘雲天境,15421,靈芝精‧強,5225,410,0x00000010,,1392,4298,5,mpc
257,殘雲天境,15422,人蔘精‧強,5227,410,0x00000010,,2205,4800,5,mpc
257,殘雲天境,15423,蒼狼‧強,5407,420,0x00001000,,1984,4464,5,mpc
257,殘雲天境,15424,黑豹‧強,5406,420,0x00000080,,2946,3970,5,mpc
257,殘雲天境,15425,獵鷹‧強,5405,420,0x00000100,,4983,4457,5,mpc
257,殘雲天境,15426,大黑天‧強,5574,425,0x00000008,,6835,4427,5,mpc
257,殘雲天境,15427,鬼河童‧強,5652,430,0x00000020,,6935,4664,5,mpc
257,殘雲天境,15428,鋼冑聖騎‧強,6514,435,0x00000002,,7474,3415,7,mpc
257,殘雲天境,15429,墮真劍邪‧強,6567,440,0x00000001,,6780,1649,7,mpc
257,殘雲天境,15430,紫雷蠻蛟‧強,6576,455,0x00000400,,7504,1344,7,mpc
257,殘雲天境,15431,女邪蜘蛛‧強,5660,450,0x00000008,,2761,1602,3,mpc
257,殘雲天境,15432,幽空飛龍‧強,5862,460,0x00000400,,2112,1722,3,mpc
257,殘雲天境,15433,噬地梵鬼‧強,5865,470,0x00000004,,2840,1428,3,mpc
257,殘雲天境,15434,太古天風‧強,5946,480,0x00000010,,1835,1444,3,mpc
257,殘雲天境,15435,太古水靈‧強,5952,480,0x00000010,,2227,1025,3,mpc
257,殘雲天境,15436,太古土魁‧強,5955,480,0x00000010,,2045,1241,3,mpc
257,殘雲天境,15437,太古火尊‧強,5949,480,0x00000010,,2360,891,3,mpc
257,殘雲天境,15438,霧城巨獅‧強,6511,490,0x00000080,,2155,744,3,mpc
257,殘雲天境,15439,嵐荒天虎‧強,5938,500,0x00000020,,894,1501,3,mpc
257,殘雲天境,16163,武神‧異神靈識,6988,995,0x00002000,,4857,2728,1,mpc
258,無限鬥界,14886,無限‧窮奇,6590,300,0x00000008,,5528,1736,5,mpc
258,無限鬥界,14887,無限‧檮杌,6593,305,0x00000008,,3696,3336,5,mpc
258,無限鬥界,14888,無限‧饕餮,6595,310,0x00000008,,3320,3192,5,mpc
258,無限鬥界,14889,無限‧混沌,6601,310,0x00000008,,4496,1256,5,mpc
258,無限鬥界,14890,時之天守,6573,315,0x00000001,,7566,1704,10,mpc
258,無限鬥界,14891,業之觀者,6582,315,0x00000001,,7600,1984,10,mpc
258,無限鬥界,14892,界之聖護,6708,315,0x00000002,,6632,944,10,mpc
258,無限鬥界,14893,業障劍者,6693,320,0x00000002,,1122,2992,11,mpc
258,無限鬥界,14894,業障勇衛,6694,320,0x00000001,,1160,3192,11,mpc
258,無限鬥界,14895,業障道者,6697,320,0x00000002,,1680,3224,11,mpc
258,無限鬥界,14896,業障術士,6695,320,0x00000002,,770,2808,11,mpc
258,無限鬥界,14897,業障僧者,6696,320,0x00000001,,2000,3392,11,mpc
258,無限鬥界,14898,幻業劍魔,6698,330,0x00000001,,4272,5326,5,mpc
258,無限鬥界,14899,幻業勇魔,6701,330,0x00000001,,5416,4792,5,mpc
258,無限鬥界,14900,幻業術魔,6704,330,0x00000001,,5160,4912,5,mpc
258,無限鬥界,14901,幻業道魔,6702,330,0x00000001,,5728,4624,5,mpc
258,無限鬥界,14902,幻業僧魔,6700,330,0x00000001,,4910,5032,5,mpc
258,無限鬥界,14903,永劫‧修羅魔君,6680,350,0x00000004,,7659,4973,1,mpc
258,無限鬥界,14905,永劫‧無界閻羅,6681,350,0x00000020,,7648,5216,1,mpc
258,無限鬥界,14906,永劫‧地獄邪帝,6682,350,0x00000004,,7656,4804,1,mpc
258,無限鬥界,14907,時業魔王‧卡馬,6689,400,0x00000200,,7616,5024,1,mpc
258,無限鬥界,14913,時幻‧五族龍帝,6690,325,0x00000002,,7308,765,1,mpc
258,無限鬥界,14914,時幻‧四殿霸將,6691,325,0x00000002,,1431,610,1,mpc
258,無限鬥界,14915,時幻‧武神超體,6692,325,0x00000200,,1248,5152,1,mpc
258,無限鬥界,14916,永劫‧北荒狼王,6683,350,0x00000002,,8096,4994,1,mpc
258,無限鬥界,14917,永劫‧神魔非我,6684,350,0x00000020,,7643,5331,1,mpc
258,無限鬥界,14918,永劫‧業火邪神,6685,350,0x00000200,,7150,5037,1,mpc
258,無限鬥界,14919,永劫‧東鬼太閣,6687,350,0x00000004,,7648,4672,1,mpc
258,無限鬥界,14920,永劫‧萬世武皇,6688,350,0x00000001,,7943,5096,1,mpc
258,無限鬥界,14921,永劫‧天鬼神羅,6686,350,0x00000004,,7360,4896,1,mpc
259,修羅級無限鬥界,14992,<無限‧窮奇>,6590,350,0x00000008,,5528,1736,5,mpc
259,修羅級無限鬥界,14993,<無限‧檮杌>,6593,355,0x00000008,,3696,3336,5,mpc
259,修羅級無限鬥界,14994,<無限‧饕餮>,6595,360,0x00000008,,3320,3192,5,mpc
259,修羅級無限鬥界,14995,<無限‧混沌>,6601,360,0x00000008,,4496,1256,5,mpc
259,修羅級無限鬥界,14996,<時之天守>,6573,365,0x00000001,,7566,1704,10,mpc
259,修羅級無限鬥界,14997,<業之觀者>,6582,365,0x00000001,,7600,1984,10,mpc
259,修羅級無限鬥界,14998,<界之聖護>,6708,365,0x00000002,,6632,944,10,mpc
259,修羅級無限鬥界,14999,<業障劍者>,6693,370,0x00000002,,1122,2992,11,mpc
259,修羅級無限鬥界,15000,<業障勇衛>,6694,370,0x00000001,,1160,3192,11,mpc
259,修羅級無限鬥界,15001,<業障道者>,6697,370,0x00000002,,1680,3224,11,mpc
259,修羅級無限鬥界,15002,<業障術士>,6695,370,0x00000002,,770,2808,11,mpc
259,修羅級無限鬥界,15003,<業障僧者>,6696,370,0x00000001,,2000,3392,11,mpc
259,修羅級無限鬥界,15004,<幻業劍魔>,6698,380,0x00000001,,4272,5326,5,mpc
259,修羅級無限鬥界,15005,<幻業勇魔>,6701,380,0x00000001,,5416,4792,5,mpc
259,修羅級無限鬥界,15006,<幻業術魔>,6704,380,0x00000001,,5160,4912,5,mpc
259,修羅級無限鬥界,15007,<幻業道魔>,6702,380,0x00000001,,5728,4624,5,mpc
259,修羅級無限鬥界,15008,<幻業僧魔>,6700,380,0x00000001,,4910,5032,5,mpc
259,修羅級無限鬥界,15009,<永劫‧修羅魔君>,6680,400,0x00000004,,7659,4973,1,mpc
259,修羅級無限鬥界,15010,<永劫‧無界閻羅>,6681,400,0x00000020,,7654,5214,1,mpc
259,修羅級無限鬥界,15011,<永劫‧地獄邪帝>,6682,400,0x00000004,,7656,4804,1,mpc
259,修羅級無限鬥界,15012,<時業魔王‧卡馬>,6689,450,0x00000200,,7616,5024,1,mpc
259,修羅級無限鬥界,15013,<時幻‧五族龍帝>,6690,375,0x00000002,,7308,765,1,mpc
259,修羅級無限鬥界,15014,<時幻‧四殿霸將>,6691,375,0x00000002,,1431,610,1,mpc
259,修羅級無限鬥界,15015,<時幻‧武神超體>,6692,375,0x00000200,,1248,5152,1,mpc
259,修羅級無限鬥界,15016,<永劫‧北荒狼王>,6683,400,0x00000002,,8096,4994,1,mpc
259,修羅級無限鬥界,15017,<永劫‧神魔非我>,6684,400,0x00000020,,7643,5331,1,mpc
259,修羅級無限鬥界,15018,<永劫‧業火邪神>,6685,400,0x00000200,,7150,5037,1,mpc
259,修羅級無限鬥界,15019,<永劫‧東鬼太閣>,6687,400,0x00000004,,7648,4672,1,mpc
259,修羅級無限鬥界,15020,<永劫‧萬世武皇>,6688,400,0x00000001,,7935,5093,1,mpc
259,修羅級無限鬥界,15021,<永劫‧天鬼神羅>,6686,400,0x00000004,,7360,4896,1,mpc
261,異時界‧亂藤林,15061,毒隱蠍,5105,290,0x00000040,,5564,1909,3,mpc
261,異時界‧亂藤林,15062,火喉蟾蜍,5018,280,0x00000040,,2448,2205,4,mpc
261,異時界‧亂藤林,15063,冰眼蟾蜍,5019,280,0x00000040,,5215,2423,4,mpc
261,異時界‧亂藤林,15064,毒皰蟾蜍,5020,280,0x00000040,,2702,3010,5,mpc
261,異時界‧亂藤林,15065,幻色蜥蜴,5093,270,0x00000080,,1915,760,3,mpc
261,異時界‧亂藤林,15066,猛蜈蚣,5126,260,0x00000040,,512,1280,2,mpc
261,異時界‧亂藤林,15067,灰魁蟒,5130,290,0x00000040,,5563,2002,1,mpc
261,異時界‧亂藤林,15068,魔樹精,5058,270,0x00000010,,1676,2475,5,mpc
261,異時界‧亂藤林,15069,小夜叉士兵,5050,310,0x00000004,,4563,3094,2,mpc
261,異時界‧亂藤林,15070,小夜叉飛斧手,5051,310,0x00000004,,4041,3158,6,mpc
261,異時界‧亂藤林,15071,土行者,5149,300,0x00000004,,5458,1675,6,mpc
261,異時界‧亂藤林,15072,刑天戰狂,5147,320,0x00000004,,2295,3516,1,mpc
261,異時界‧亂藤林,15073,嗇花精,5154,300,0x00000010,,2373,1588,1,mpc
261,異時界‧亂藤林,15074,巨靈魔,5055,330,0x00000004,,3471,2317,1,mpc
262,異時界‧亂藤林東,15075,疲憊的夜叉士兵,5050,300,0x00000004,,3595,1549,8,mpc
262,異時界‧亂藤林東,15076,疲憊的夜叉斧手,5051,310,0x00000004,,2828,1180,8,mpc
262,異時界‧亂藤林東,15077,疲憊的土行者,5149,310,0x00000004,,3550,1061,8,mpc
262,異時界‧亂藤林東,15078,疲憊的刑天戰士,5147,320,0x00000004,,2240,1983,7,mpc
262,異時界‧亂藤林東,15079,疲憊的鷹族戰士,5139,320,0x00000004,,1643,1844,7,mpc
262,異時界‧亂藤林東,15080,疲憊的百眼巫師,5148,330,0x00000004,,4061,1454,10,mpc
262,異時界‧亂藤林東,15081,疲憊的夸父戰士,5145,330,0x00000004,,4910,1590,5,mpc
262,異時界‧亂藤林東,15082,疲憊的巨靈魔,5055,340,0x00000004,,1367,2789,5,mpc
262,異時界‧亂藤林東,15083,疲憊的阿修羅戰士,5155,340,0x00000004,,3615,2808,6,mpc
262,異時界‧亂藤林東,15084,遊界福神,6582,250,0x00000004,,3150,2366,1,mpc
263,異時界‧亂藤林南,15071,土行者,5149,300,0x00000004,,2564,628,3,mpc
263,異時界‧亂藤林南,15073,嗇花精,5154,300,0x00000010,,4776,981,3,mpc
263,異時界‧亂藤林南,15094,綠林蜥蜴,5094,310,0x00000080,,4107,755,5,mpc
263,異時界‧亂藤林南,15095,食人狂猿,5016,310,0x00000080,,4414,967,5,mpc
263,異時界‧亂藤林南,15096,烈火蜈蚣,5348,320,0x00000040,,1178,953,3,mpc
263,異時界‧亂藤林南,15097,冰絕蜈蚣,5349,320,0x00000040,,4911,739,3,mpc
263,異時界‧亂藤林南,15098,至毒蜈蚣,5350,320,0x00000040,,5194,2251,3,mpc
263,異時界‧亂藤林南,15099,殺人蜂,5202,330,0x00000040,,775,1778,5,mpc
263,異時界‧亂藤林南,15100,百眼巫師,5148,330,0x00000004,,3701,2874,5,mpc
263,異時界‧亂藤林南,15101,銳牙大鱷,5133,340,0x00000080,,4271,2534,5,mpc
263,異時界‧亂藤林南,15102,劍齒灰狼,5007,350,0x00000080,,2416,1520,5,mpc
263,異時界‧亂藤林南,15103,土行鬼王,5142,360,0x00000004,,3173,1211,5,mpc
263,異時界‧亂藤林南,15104,大王花精,5143,360,0x00000010,,3512,2711,5,mpc
263,異時界‧亂藤林南,15105,襲影鬼虎,5009,370,0x00000080,,2210,2356,5,mpc
263,異時界‧亂藤林南,15106,大黑豹,5406,380,0x00000080,,2635,3114,5,mpc
264,異時界‧亂藤林西,15069,小夜叉士兵,5050,310,0x00000004,,4652,2930,5,mpc
264,異時界‧亂藤林西,15070,小夜叉飛斧手,5051,310,0x00000004,,4943,2791,5,mpc
264,異時界‧亂藤林西,15085,蔭爪魔棺,5769,325,0x00000008,,3474,3517,6,mpc
264,異時界‧亂藤林西,15086,突疣膿眼,5772,340,0x00000020,,2311,3173,5,mpc
264,異時界‧亂藤林西,15087,死牢牛鬼,5776,335,0x00000020,,5298,1442,5,mpc
264,異時界‧亂藤林西,15088,活獄馬鬼,5779,335,0x00000020,,5210,1864,5,mpc
264,異時界‧亂藤林西,15089,太白無常,5782,345,0x00000020,,3656,461,5,mpc
264,異時界‧亂藤林西,15090,甚黑無常,5785,345,0x00000020,,3038,2174,5,mpc
264,異時界‧亂藤林西,15091,牽亡妖將,5787,355,0x00000020,,1951,707,5,mpc
264,異時界‧亂藤林西,15092,舞墓白獅,5790,350,0x00000200,,2687,1455,5,mpc
264,異時界‧亂藤林西,15093,造殺判官,5796,360,0x00000020,,1574,753,5,mpc
265,異時界‧摘星嶺,15110,夜叉獵矛手,5052,360,0x00000004,,4729,2266,10,mpc
265,異時界‧摘星嶺,15111,夜叉血斧手,5053,360,0x00000004,,4647,3567,10,mpc
265,異時界‧摘星嶺,15112,夜叉王,5054,425,0x00000004,,5597,3984,1,mpc
265,異時界‧摘星嶺,15113,巨靈魔衛,5055,400,0x00000004,,3990,1389,7,mpc
265,異時界‧摘星嶺,15114,巨靈魔山王,5056,425,0x00000004,,4449,1203,1,mpc
265,異時界‧摘星嶺,15115,鷹族精兵,5139,380,0x00000004,,915,1782,10,mpc
265,異時界‧摘星嶺,15116,金毛鷹王,5146,425,0x00000004,,695,646,1,mpc
265,異時界‧摘星嶺,15117,纏火蠍,5345,370,0x00000040,,2611,3651,5,mpc
265,異時界‧摘星嶺,15118,冰壁蠍,5346,370,0x00000040,,1639,2020,5,mpc
265,異時界‧摘星嶺,15119,璽毒蠍,5347,370,0x00000040,,2438,2599,5,mpc
265,異時界‧摘星嶺,15120,金岩怪,5057,390,0x00000010,,1911,3261,8,mpc
266,異時界‧夜叉嶺,15189,夜叉血刀妖,5050,410,0x00000004,,4171,2683,5,mpc
266,異時界‧夜叉嶺,15190,夜叉殺斧妖,5051,410,0x00000004,,4266,2681,5,mpc
266,異時界‧夜叉嶺,15191,夜叉邪棒妖,5049,410,0x00000004,,4366,2680,5,mpc
266,異時界‧夜叉嶺,15192,火影蜘蛛精,5351,420,0x00000020,,3914,2592,6,mpc
266,異時界‧夜叉嶺,15193,冰封蜘蛛精,5352,420,0x00000020,,4317,1847,6,mpc
266,異時界‧夜叉嶺,15194,五毒蜘蛛精,5353,420,0x00000020,,3983,2300,6,mpc
266,異時界‧夜叉嶺,15195,魔山狂猿,5014,425,0x00000080,,4636,456,7,mpc
266,異時界‧夜叉嶺,15196,夜叉禍槍鬼,5052,430,0x00000004,,2329,2862,7,mpc
266,異時界‧夜叉嶺,15197,夜叉荒斧鬼,5053,430,0x00000004,,2578,2771,7,mpc
266,異時界‧夜叉嶺,15198,冷刀魔蜥,6503,440,0x00000020,,2564,1436,7,mpc
266,異時界‧夜叉嶺,15199,天劫大夜叉,5054,450,0x00000004,,2129,1545,7,mpc
266,異時界‧夜叉嶺,15200,太古傾天絕邪,5849,455,0x00000200,,1051,446,1,mpc
267,異時界‧葬日沼澤,15121,濕婆軍狂戰士,5708,375,0x00000002,,1834,1984,10,mpc
267,異時界‧葬日沼澤,15122,濕婆軍強弓手,5709,375,0x00000002,,2130,1241,10,mpc
267,異時界‧葬日沼澤,15123,妄想非僧,5731,390,0x00000002,,2816,2685,10,mpc
267,異時界‧葬日沼澤,15124,夷林巨象,5723,380,0x00000080,,3185,1856,10,mpc
267,異時界‧葬日沼澤,15125,護教金鳥,5715,390,0x00000020,,5401,2392,10,mpc
267,異時界‧葬日沼澤,15126,破斬象妖,5711,410,0x00000020,,6325,3507,10,mpc
267,異時界‧葬日沼澤,15127,魔心殺猿,5718,390,0x00000020,,3418,3984,10,mpc
267,異時界‧葬日沼澤,15128,諸首大蛇,5735,400,0x00000040,,4637,3315,10,mpc
268,異時界‧葬日沼北,15130,亡邪獵矛夜叉,6721,380,0x00000008,,2484,3027,5,mpc
268,異時界‧葬日沼北,15131,亡邪血斧夜叉,6720,380,0x00000008,,2238,2900,5,mpc
268,異時界‧葬日沼北,15132,亡邪土行骸,5186,385,0x00000008,,3786,2795,5,mpc
268,異時界‧葬日沼北,15133,亡邪刑天戰骸,5337,400,0x00000008,,3489,2866,5,mpc
268,異時界‧葬日沼北,15134,亡邪鷹族喪兵,5343,390,0x00000008,,2319,1557,6,mpc
268,異時界‧葬日沼北,15135,亡邪百眼死巫,5342,405,0x00000008,,3209,1907,8,mpc
268,異時界‧葬日沼北,15136,亡邪夸父戰尸,5339,410,0x00000008,,2968,1288,5,mpc
268,異時界‧葬日沼北,15137,亡邪巨靈殭魔,6722,415,0x00000008,,4752,1455,7,mpc
268,異時界‧葬日沼北,15138,亡邪阿修羅鬼,5340,420,0x00000008,,5469,1185,5,mpc
268,異時界‧葬日沼北,15140,食尸巨鱷,5134,395,0x00000080,,2996,2814,10,mpc
269,異時界‧葬日沼南,15141,細瘴蛇,5129,390,0x00000040,,4035,1007,7,mpc
269,異時界‧葬日沼南,15142,沼巨蟒,5130,395,0x00000040,,3535,1064,7,mpc
269,異時界‧葬日沼南,15143,修羅巨蟒,5131,400,0x00000040,,3700,1340,7,mpc
269,異時界‧葬日沼南,15144,巨靈魔侍,5055,415,0x00000004,,4110,1244,10,mpc
269,異時界‧葬日沼南,15145,夸父猛者,5145,410,0x00000004,,4038,2157,10,mpc
269,異時界‧葬日沼南,15146,刑天殺者,5147,420,0x00000004,,3328,1233,10,mpc
269,異時界‧葬日沼南,15147,刑天殺王,5138,435,0x00000004,,1020,3287,1,mpc
269,異時界‧葬日沼南,15148,土行魔,5149,405,0x00000004,,2807,1624,10,mpc
269,異時界‧葬日沼南,15149,土行魔王,5142,435,0x00000004,,2495,1759,1,mpc
270,異時界‧毒龍潭,15169,夜叉魔槍者,5052,400,0x00000004,,3593,2011,8,mpc
270,異時界‧毒龍潭,15170,夜叉鬼斧者,5053,400,0x00000004,,3489,1721,8,mpc
270,異時界‧毒龍潭,15171,火咬鱷,6717,410,0x00000080,,4135,1010,7,mpc
270,異時界‧毒龍潭,15172,冰噬鱷,6718,410,0x00000080,,3714,2741,7,mpc
270,異時界‧毒龍潭,15173,毒嚙鱷,6719,410,0x00000080,,3706,1816,7,mpc
270,異時界‧毒龍潭,15174,百眼巫妖,5148,420,0x00000008,,2290,1159,10,mpc
270,異時界‧毒龍潭,15175,巨靈煞,5055,430,0x00000004,,4815,2589,10,mpc
270,異時界‧毒龍潭,15176,莽毒狂龍,5157,435,0x00000400,,3291,2075,11,mpc
270,異時界‧毒龍潭,15177,百眼大長老,5137,435,0x00000004,,411,2823,1,mpc
270,異時界‧毒龍潭,15178,煉黑巨龍首,5208,435,0x00000400,,5846,243,1,mpc
271,異時界‧修羅窟,15179,夜叉魔槍者,5052,400,0x00000004,,3457,578,5,mpc
271,異時界‧修羅窟,15180,夜叉鬼斧者,5053,400,0x00000004,,4262,311,5,mpc
271,異時界‧修羅窟,15181,鷹翅天衛,5139,410,0x00000004,,4190,1115,7,mpc
271,異時界‧修羅窟,15182,土行刺客,5149,410,0x00000004,,3771,665,7,mpc
271,異時界‧修羅窟,15183,百眼巫妖,5148,420,0x00000008,,3755,1855,10,mpc
271,異時界‧修羅窟,15184,巨靈煞,5055,430,0x00000004,,1039,2057,7,mpc
271,異時界‧修羅窟,15185,夸父狂魔,5145,435,0x00000004,,2164,2794,7,mpc
271,異時界‧修羅窟,15186,鬼界獅鬥將,5795,440,0x00000020,,4607,1938,6,mpc
271,異時界‧修羅窟,15187,阿修羅戰士,5155,445,0x00000008,,5641,3082,4,mpc
271,異時界‧修羅窟,15188,夸父戰神王,5140,440,0x00000004,,1094,3419,1,mpc
271,異時界‧修羅窟,15204,刑天殺鬼,5147,425,0x00000004,,3045,1654,5,mpc
272,魔君天都,15228,天劫刀夜叉,5050,430,0x00000004,,2035,1398,1,mpc
272,魔君天都,15229,天劫斧夜叉,5051,430,0x00000004,,2409,1174,1,mpc
272,魔君天都,15230,天劫擊夜叉,5049,430,0x00000004,,1934,1173,1,mpc
272,魔君天都,15231,天劫鷹翅軍,5139,430,0x00000004,,2448,1684,3,mpc
272,魔君天都,15232,天劫土行者,5149,435,0x00000004,,2395,1335,4,mpc
272,魔君天都,15233,天劫百眼巫,5148,435,0x00000008,,2047,1239,4,mpc
272,魔君天都,15234,天劫刑天,5147,440,0x00000004,,1727,838,5,mpc
272,魔君天都,15235,天劫夜叉槍鬼,5052,440,0x00000004,,2650,1873,3,mpc
272,魔君天都,15236,天劫夜叉斧鬼,5053,440,0x00000004,,3195,1573,3,mpc
272,魔君天都,15237,天劫夸父,5145,445,0x00000004,,2102,1284,4,mpc
272,魔君天都,15238,天劫花精,5143,445,0x00000010,,813,1336,2,mpc
272,魔君天都,15239,天劫巨靈,5055,450,0x00000004,,2922,2128,4,mpc
272,魔君天都,15240,鬼界魔獅將,5795,450,0x00000020,,2943,1810,2,mpc
272,魔君天都,15241,天劫夜叉王,5054,455,0x00000004,,2193,2431,1,mpc
272,魔君天都,15242,天劫巨靈王,5056,455,0x00000004,,3340,745,1,mpc
272,魔君天都,15243,天劫金鷹王,5146,455,0x00000004,,1567,955,1,mpc
272,魔君天都,15244,天劫刑天王,5138,455,0x00000004,,902,1723,1,mpc
272,魔君天都,15245,天劫土行王,5142,455,0x00000004,,4088,1178,1,mpc
272,魔君天都,15246,天劫百眼王,5137,455,0x00000004,,3145,1699,1,mpc
272,魔君天都,15247,天劫夸父王,5140,455,0x00000004,,1986,1265,1,mpc
272,魔君天都,15248,修羅魔君,5152,460,0x00000004,,2191,1321,1,mpc
273,修羅級魔君天都,15308,<天劫刀夜叉>,5050,435,0x00000004,,2035,1398,1,mpc
273,修羅級魔君天都,15309,<天劫斧夜叉>,5051,435,0x00000004,,2409,1174,1,mpc
273,修羅級魔君天都,15310,<天劫擊夜叉>,5049,435,0x00000004,,1934,1173,1,mpc
273,修羅級魔君天都,15311,<天劫鷹翅軍>,5139,435,0x00000004,,2448,1684,3,mpc
273,修羅級魔君天都,15312,<天劫土行者>,5149,440,0x00000004,,2395,1335,4,mpc
273,修羅級魔君天都,15313,<天劫百眼巫>,5148,440,0x00000008,,2047,1239,4,mpc
273,修羅級魔君天都,15314,<天劫刑天>,5147,445,0x00000004,,1727,838,5,mpc
273,修羅級魔君天都,15315,<天劫夜叉槍鬼>,5052,445,0x00000004,,2650,1873,3,mpc
273,修羅級魔君天都,15316,<天劫夜叉斧鬼>,5053,445,0x00000004,,3195,1573,3,mpc
273,修羅級魔君天都,15317,<天劫夸父>,5145,450,0x00000004,,2102,1284,4,mpc
273,修羅級魔君天都,15318,<天劫花精>,5143,450,0x00000010,,845,1336,2,mpc
273,修羅級魔君天都,15319,<天劫巨靈>,5055,455,0x00000004,,2922,2128,4,mpc
273,修羅級魔君天都,15320,<鬼界魔獅將>,5795,455,0x00000020,,2943,1810,2,mpc
273,修羅級魔君天都,15321,<天劫夜叉王>,5054,460,0x00000004,,2193,2431,1,mpc
273,修羅級魔君天都,15322,<天劫巨靈王>,5056,460,0x00000004,,3340,745,1,mpc
273,修羅級魔君天都,15323,<天劫金鷹王>,5146,460,0x00000004,,1567,955,1,mpc
273,修羅級魔君天都,15324,<天劫刑天王>,5138,460,0x00000004,,902,1723,1,mpc
273,修羅級魔君天都,15325,<天劫土行王>,5142,460,0x00000004,,4088,1178,1,mpc
273,修羅級魔君天都,15326,<天劫百眼王>,5137,460,0x00000004,,3145,1699,1,mpc
273,修羅級魔君天都,15327,<天劫夸父王>,5140,460,0x00000004,,1986,1265,1,mpc
273,修羅級魔君天都,15328,<修羅魔君>,5152,465,0x00000004,,2191,1321,1,mpc
274,絕七寶仙境　參,16660,◥仙露花精◤,5143,910,0x00000010,,6084,1870,2,mpc
274,絕七寶仙境　參,16661,◥松齡聖龜◤,5201,920,0x00000080,,5820,1709,2,mpc
274,絕七寶仙境　參,16662,◥步天敖犬◤,5273,930,0x00000080,,5411,1717,2,mpc
274,絕七寶仙境　參,16663,◥萬曆星將◤,5396,940,0x00000001,,5168,1835,2,mpc
274,絕七寶仙境　參,16664,◥幻月銀狼◤,5407,950,0x00001000,,4938,2007,2,mpc
274,絕七寶仙境　參,16665,◥岩羅角獸◤,5477,960,0x00000080,,6002,2173,2,mpc
274,絕七寶仙境　參,16666,◥妙捷跳鼠◤,5570,970,0x00000080,,5841,2270,2,mpc
274,絕七寶仙境　參,16667,◥霧隱忍武◤,5643,980,0x00000002,,5434,2316,2,mpc
274,絕七寶仙境　參,16668,◥來世象尊◤,5712,990,0x00000020,,5111,2336,2,mpc
274,絕七寶仙境　參,16669,◥問頂仙龍◤,5862,1000,0x00000400,,4837,2331,2,mpc
274,絕七寶仙境　參,16670,◢仙露花精◣,5143,1010,0x00000010,,2696,2586,2,mpc
274,絕七寶仙境　參,16671,◢松齡聖龜◣,5201,1020,0x00000080,,2407,2387,2,mpc
274,絕七寶仙境　參,16672,◢步天敖犬◣,5273,1030,0x00000080,,2625,2804,2,mpc
274,絕七寶仙境　參,16673,◢萬曆星將◣,5396,1040,0x00000001,,2091,2369,2,mpc
274,絕七寶仙境　參,16674,◢幻月銀狼◣,5407,1050,0x00001000,,2423,2995,2,mpc
274,絕七寶仙境　參,16675,◢岩羅角獸◣,5477,1060,0x00000080,,2049,2960,2,mpc
274,絕七寶仙境　參,16676,◢妙捷跳鼠◣,5570,1070,0x00000080,,1797,2936,2,mpc
274,絕七寶仙境　參,16677,◢霧隱忍武◣,5643,1080,0x00000002,,1782,2422,2,mpc
274,絕七寶仙境　參,16678,◢來世象尊◣,5712,1090,0x00000020,,1580,2800,2,mpc
274,絕七寶仙境　參,16679,◢問頂仙龍◣,5862,1100,0x00000400,,1379,2702,2,mpc
274,絕七寶仙境　參,16680,▓仙露花精▓,5143,1110,0x00000010,,5197,3800,2,mpc
274,絕七寶仙境　參,16681,▓松齡聖龜▓,5201,1120,0x00000080,,5499,3676,2,mpc
274,絕七寶仙境　參,16682,▓步天敖犬▓,5273,1130,0x00000080,,5722,3788,2,mpc
274,絕七寶仙境　參,16683,▓萬曆星將▓,5396,1140,0x00000001,,5927,3693,2,mpc
274,絕七寶仙境　參,16684,▓幻月銀狼▓,5407,1150,0x00001000,,6065,3834,2,mpc
274,絕七寶仙境　參,16685,▓岩羅角獸▓,5477,1160,0x00000080,,6194,3679,2,mpc
274,絕七寶仙境　參,16686,▓妙捷跳鼠▓,5570,1170,0x00000080,,6393,3823,2,mpc
274,絕七寶仙境　參,16687,▓霧隱忍武▓,5643,1180,0x00000002,,6337,3448,2,mpc
274,絕七寶仙境　參,16688,▓來世象尊▓,5712,1190,0x00000020,,6439,3583,2,mpc
274,絕七寶仙境　參,16689,▓問頂仙龍▓,5862,1200,0x00000400,,6585,3495,2,mpc
275,時沒邊界,15441,虛影刺客,6733,440,0x00000002,,2553,5273,6,mpc
275,時沒邊界,15442,虛化夜叉,6734,445,0x00000004,,7183,4809,6,mpc
275,時沒邊界,15443,無之虛魅,6735,450,0x00000008,,3720,4874,6,mpc
275,時沒邊界,15444,影石魔,6736,455,0x00000010,,4576,5387,6,mpc
275,時沒邊界,15445,空靈虛狐,6737,460,0x00000020,,6405,4798,6,mpc
275,時沒邊界,15446,無影蜘蛛,6738,470,0x00000040,,5124,4472,6,mpc
275,時沒邊界,15447,迴影殺犬,6739,480,0x00000080,,6573,2915,5,mpc
275,時沒邊界,15448,盪霧影鼠,6740,480,0x00000080,,7678,3011,5,mpc
275,時沒邊界,15449,飄魂禿鷹,6741,490,0x00000100,,6127,3271,5,mpc
275,時沒邊界,15450,搖風飛蠻,6742,500,0x00000200,,5074,2807,5,mpc
275,時沒邊界,15451,眩惑之眼,6743,500,0x00000004,,5160,1816,5,mpc
275,時沒邊界,15452,陌形劍者,6744,510,0x00000002,,7955,881,5,mpc
275,時沒邊界,15453,陌形武宗,6745,510,0x00000002,,5920,1536,5,mpc
275,時沒邊界,15454,陌形雷手,6746,520,0x00000002,,5541,1556,5,mpc
275,時沒邊界,15455,陌形隱道,6747,530,0x00000002,,1440,2416,6,mpc
275,時沒邊界,15456,陌形幻僧,6748,530,0x00000002,,2440,2456,8,mpc
276,音無晶宇,15475,蕩水虛魂,6752,550,0x00000010,,3263,4330,9,mpc
276,音無晶宇,15476,荒火虛魂,6753,550,0x00000010,,3135,4774,9,mpc
276,音無晶宇,15477,百轉天誣,6754,560,0x00000400,,4381,4436,9,mpc
276,音無晶宇,15478,魔劍鐵傀,6755,570,0x00000200,,8268,2916,9,mpc
276,音無晶宇,15479,血戈鐵傀,6756,570,0x00000200,,7895,3441,9,mpc
276,音無晶宇,15480,裂箭鐵傀,6757,570,0x00000200,,7378,3709,9,mpc
276,音無晶宇,15481,殘影龍形,6758,580,0x00000400,,7591,1108,9,mpc
276,音無晶宇,15482,暴風虛魂,6759,580,0x00000010,,5080,856,9,mpc
276,音無晶宇,15483,覷影幻蛟,6760,590,0x00000400,,4084,1090,9,mpc
276,音無晶宇,15484,鎮土鬼偶,6761,590,0x00000010,,2132,1168,9,mpc
276,音無晶宇,15485,黑宇怒龍,6762,600,0x00000400,,3725,2448,7,mpc
276,音無晶宇,15486,碎岩大獸,6763,610,0x00000200,,2134,2639,7,mpc
276,音無晶宇,15487,幻晶巨儡,6764,620,0x00000200,,1828,3242,7,mpc
276,音無晶宇,15518,壞界冥獅,6795,560,0x00000200,,5487,4809,9,mpc
277,觀無巽宇,15488,渴血魔刀,6765,530,0x00000002,,7078,5064,9,mpc
277,觀無巽宇,15489,迷界幻忍,6766,540,0x00000002,,8064,4488,9,mpc
277,觀無巽宇,15490,虛遊之魂,6767,530,0x00000008,,6679,4075,9,mpc
277,觀無巽宇,15491,三徊朽靈,6768,540,0x00000008,,5405,4099,9,mpc
277,觀無巽宇,15492,擲虛夜叉,6769,550,0x00000004,,6852,4278,10,mpc
277,觀無巽宇,15493,玄虛戰士,6770,550,0x00000002,,4766,2219,9,mpc
277,觀無巽宇,15494,玄虛射手,6771,550,0x00000002,,3933,2291,9,mpc
277,觀無巽宇,15495,陰骸骨刀,6772,560,0x00000008,,6520,2456,9,mpc
277,觀無巽宇,15496,陰骸骨弓,6773,560,0x00000008,,3185,3804,9,mpc
277,觀無巽宇,15497,半截戰狂,6774,570,0x00000002,,3904,2594,9,mpc
277,觀無巽宇,15498,天獄刑天,6775,580,0x00000004,,1795,1857,9,mpc
277,觀無巽宇,15499,不法骨怪,6776,580,0x00000008,,2666,1078,9,mpc
277,觀無巽宇,15500,非議罪棺,6777,590,0x00000008,,2539,891,9,mpc
277,觀無巽宇,15501,空斬般若,6778,590,0x00000008,,2954,1755,9,mpc
277,觀無巽宇,15502,沒日夸父,6779,600,0x00000004,,1580,382,9,mpc
277,觀無巽宇,15534,三徑座王鬼,6811,600,0x00000020,,5310,3075,1,mpc
278,覺無洋宇,15503,弒空之螯,6780,480,0x00000020,,7242,3671,18,mpc
278,覺無洋宇,15504,凶星狼,6781,490,0x00000080,,7865,3535,10,mpc
278,覺無洋宇,15506,渡宇鷹,6783,500,0x00000100,,6744,1112,9,mpc
278,覺無洋宇,15507,晶化蕈體,6784,500,0x00000020,,6936,2576,9,mpc
278,覺無洋宇,15508,沉迭巨猿,6785,510,0x00000080,,6616,2856,9,mpc
278,覺無洋宇,15509,廢土犁者,6786,510,0x00000020,,5000,2816,10,mpc
278,覺無洋宇,15510,暗蝕魔瞳,6787,520,0x00000020,,5000,3552,9,mpc
278,覺無洋宇,15511,釧刀鼬,6788,520,0x00000080,,2800,4696,9,mpc
278,覺無洋宇,15512,墮虛之翅,6789,530,0x00000100,,2960,4576,9,mpc
278,覺無洋宇,15513,影妖狐,6790,530,0x00000020,,1600,4416,9,mpc
278,覺無洋宇,15514,幻鬼虎,6791,540,0x00000080,,1040,3176,9,mpc
278,覺無洋宇,15515,百變蛇魅,6792,540,0x00000020,,2576,1072,9,mpc
278,覺無洋宇,15516,綻鐵巨龜,6793,550,0x00000080,,1600,1456,9,mpc
278,覺無洋宇,15517,降禍邪孽,6794,550,0x00000020,,3400,1016,9,mpc
279,星群碎道,15519,奠甲鬥士,6796,600,0x00000002,,3286,2707,8,mpc
279,星群碎道,15520,散元劍狂,6797,620,0x00000002,,3833,4391,9,mpc
279,星群碎道,15521,鬼棒狩命,6798,600,0x00000004,,3280,2456,9,mpc
279,星群碎道,15522,眾天外邪,6799,620,0x00000004,,4100,3057,9,mpc
279,星群碎道,15523,穿虛異蟲,6800,600,0x00000008,,3558,4223,9,mpc
279,星群碎道,15524,雙面刀鬼女,6801,620,0x00000008,,2565,2421,9,mpc
279,星群碎道,15525,黑死冥蝶,6802,600,0x00000010,,7080,3776,9,mpc
279,星群碎道,15526,禁軒瘋王,6803,620,0x00000020,,1354,3841,9,mpc
279,星群碎道,15527,六首邪鱗,6804,600,0x00000040,,1501,3628,9,mpc
279,星群碎道,15528,王嚎金鋼,6805,610,0x00000080,,3431,2922,10,mpc
279,星群碎道,15529,暗風追翼,6806,600,0x00000100,,1759,4052,9,mpc
279,星群碎道,15530,晶嶽巨像,6807,630,0x00000200,,7080,3136,9,mpc
279,星群碎道,15531,重嵐勁蛟,6808,620,0x00000400,,5496,3481,9,mpc
279,星群碎道,15532,蒼凰一奇,6809,640,0x00000800,,1267,1631,6,mpc
279,星群碎道,15533,天影犄麟,6810,640,0x00001000,,6171,685,6,mpc
280,不解迴路,15544,永戰幽將,6812,630,0x00000002,,2519,4481,8,mpc
280,不解迴路,15545,獄門劍尊,6813,660,0x00000002,,4523,2486,8,mpc
280,不解迴路,15546,虛化修羅,6814,630,0x00000004,,2135,3637,8,mpc
280,不解迴路,15547,厲陰魔相,6815,660,0x00000004,,4576,1040,8,mpc
280,不解迴路,15548,斃法巫孺,6816,650,0x00000008,,3178,2840,8,mpc
280,不解迴路,15549,呼葬祭官,6817,680,0x00000008,,7377,2678,8,mpc
280,不解迴路,15550,焦宙兇火,6819,650,0x00000010,,5614,4755,8,mpc
280,不解迴路,15551,竭宙兇水,6820,650,0x00000010,,4347,2345,8,mpc
280,不解迴路,15552,分宙兇土,6821,650,0x00000010,,2253,1853,8,mpc
280,不解迴路,15553,空宙兇風,6818,650,0x00000010,,3516,907,8,mpc
280,不解迴路,15554,變態蟲人,6822,640,0x00000020,,2727,2762,8,mpc
280,不解迴路,15555,次元戰虎,6823,670,0x00000020,,5355,1644,8,mpc
280,不解迴路,15556,邪角贔屭,6824,640,0x00000080,,1644,2218,8,mpc
280,不解迴路,15557,冥海力牛,6825,670,0x00000080,,4284,1152,8,mpc
280,不解迴路,15558,嗅血劍鯊,6826,630,0x00000020,,2026,4471,8,mpc
280,不解迴路,15559,亂刀八虛,6827,660,0x00000020,,3279,675,8,mpc
280,不解迴路,15560,鬼都玄龍,6828,680,0x00000400,,6699,1358,8,mpc
281,破滅之源,15593,衝靈晶蟾,6834,660,0x00000020,,2120,3336,10,mpc
281,破滅之源,15594,鋼甲赫者,6835,665,0x00000002,,4097,4194,10,mpc
281,破滅之源,15595,斬魄影刃,6836,670,0x00000002,,2654,3078,10,mpc
281,破滅之源,15596,百殤牛鬼,6837,675,0x00000020,,2927,3702,10,mpc
281,破滅之源,15597,九厲邪馬,6838,675,0x00000020,,2310,4146,10,mpc
281,破滅之源,15598,遮天女羅,6839,680,0x00000002,,5073,3434,10,mpc
281,破滅之源,15599,噬人者,6840,685,0x00000004,,4311,2512,10,mpc
281,破滅之源,15600,高天幽翼,6841,690,0x00000400,,3656,3434,10,mpc
281,破滅之源,15601,虛座魔劍臣,6842,690,0x00000020,,5586,2224,10,mpc
281,破滅之源,15602,虛座黑血虎,6843,695,0x00000020,,5300,2183,10,mpc
281,破滅之源,15603,虛座左獄尊,6844,700,0x00000004,,5745,1315,10,mpc
281,破滅之源,15604,虛座右屠尊,6845,705,0x00000020,,6488,1796,10,mpc
281,破滅之源,15605,虛座太兇王,6846,710,0x00000004,,6428,1641,7,mpc
281,破滅之源,15606,主宰幻影,6874,725,0x00000020,,5032,4896,4,mpc
281,破滅之源,15607,虛空主宰,6876,725,0x00000020,,8179,686,1,mpc
282,虛空渦心,15661,虛嵐,6856,670,0x00000002,,6760,4488,10,mpc
282,虛空渦心,15662,虛熒,6858,680,0x00000002,,4904,4784,10,mpc
282,虛空渦心,15663,虛燁,6859,680,0x00000002,,7520,3544,10,mpc
282,虛空渦心,15664,幽虛遮罩,6860,690,0x00000010,,6600,2416,9,mpc
282,虛空渦心,15665,虛淵鬥靈,6861,690,0x00000020,,3232,4176,9,mpc
282,虛空渦心,15666,冥虛長使,6864,700,0x00000020,,3592,3992,9,mpc
282,虛空渦心,15667,冥虛短使,6865,700,0x00000020,,5424,2976,9,mpc
282,虛空渦心,15668,冥虛判官,6866,710,0x00000020,,1800,2736,9,mpc
282,虛空渦心,15669,渡虛腳力,6867,670,0x00000080,,6600,4760,10,mpc
282,虛空渦心,15670,虛雷天尊,6862,720,0x00000001,,1984,1808,8,mpc
282,虛空渦心,15671,虛風天尊,6863,720,0x00000001,,3304,1280,8,mpc
282,虛空渦心,15672,沒世蒼神射,6870,730,0x00000002,,7336,1733,1,mpc
282,虛空渦心,15673,沒世蒼勇冠,6868,730,0x00000002,,1552,5056,1,mpc
282,虛空渦心,15674,沒世蒼陵將,6869,730,0x00000002,,3312,640,1,mpc
282,虛空渦心,15676,沒世飛司祭,6871,730,0x00000002,,1064,1832,1,mpc
282,虛空渦心,15677,沒世天可汗,6873,730,0x00000002,,3736,2792,1,mpc
283,修羅級破滅之源,15644,<衝靈晶蟾>,6834,690,0x00000020,,2120,3336,10,mpc
283,修羅級破滅之源,15645,<鋼甲赫者>,6835,695,0x00000002,,4097,4194,10,mpc
283,修羅級破滅之源,15646,<斬魄影刃>,6836,700,0x00000002,,2654,3078,10,mpc
283,修羅級破滅之源,15647,<百殤牛鬼>,6837,705,0x00000020,,2927,3702,10,mpc
283,修羅級破滅之源,15648,<九厲邪馬>,6838,705,0x00000020,,2310,4146,10,mpc
283,修羅級破滅之源,15649,<遮天女羅>,6839,710,0x00000002,,5073,3434,10,mpc
283,修羅級破滅之源,15650,<噬人者>,6840,715,0x00000004,,4311,2512,10,mpc
283,修羅級破滅之源,15651,<高天幽翼>,6841,720,0x00000400,,3656,3434,10,mpc
283,修羅級破滅之源,15652,<虛座魔劍臣>,6842,720,0x00000020,,5586,2224,10,mpc
283,修羅級破滅之源,15653,<虛座黑血虎>,6843,725,0x00000020,,5300,2183,10,mpc
283,修羅級破滅之源,15654,<虛座左獄尊>,6844,730,0x00000004,,5745,1315,10,mpc
283,修羅級破滅之源,15655,<虛座右屠尊>,6845,735,0x00000020,,6488,1796,10,mpc
283,修羅級破滅之源,15656,<虛座太兇王>,6846,740,0x00000004,,6428,1641,7,mpc
283,修羅級破滅之源,15657,<主宰幻影>,6874,755,0x00000020,,5032,4896,4,mpc
283,修羅級破滅之源,15658,<虛空主宰>,6876,755,0x00000020,,8179,686,1,mpc
284,終末之塔Ⅰ,9029,守關妖將,5625,999,0x00002000,,8516,8176,9,mpc
284,終末之塔Ⅰ,15707,禍玄兇猩,6884,730,0x00000080,,8640,5716,6,mpc
284,終末之塔Ⅰ,15708,冥燈慘爪,6852,740,0x00000040,2層,9188,5532,11,mpc
284,終末之塔Ⅰ,15709,魔極四叉,6851,770,0x00000020,5層,6045,7508,13,mpc
284,終末之塔Ⅰ,15710,天慧爆錘,6854,800,0x00000020,8層,2384,5432,11,mpc
284,終末之塔Ⅰ,15711,鬼典論史,6885,750,0x00000020,1層,8002,5783,1,mpc
284,終末之塔Ⅰ,15712,終塔衛將,6878,750,0x00000002,2層、3層,11146,3766,13,mpc
284,終末之塔Ⅰ,15713,雙雷轟手,6879,760,0x00000002,3層,5578,7283,16,mpc
284,終末之塔Ⅰ,15714,泳虛虢漁,6880,780,0x00000010,4層,4429,7001,1,mpc
284,終末之塔Ⅰ,15715,森羅冷指,6881,780,0x00000010,5層、6層,9139,1279,13,mpc
284,終末之塔Ⅰ,15716,負罪劈徒,6882,790,0x00000020,6層,7210,1720,13,mpc
284,終末之塔Ⅰ,15717,末法如座,6883,800,0x00000008,7層,5291,4859,1,mpc
284,終末之塔Ⅰ,15718,虛空妖龍,6652,810,0x00000400,8層、9層,3756,3208,15,mpc
284,終末之塔Ⅰ,15719,化外猩覺,6853,820,0x00000080,9層,4088,2096,9,mpc
284,終末之塔Ⅰ,15720,虛典壞相,6886,820,0x00000020,9層,2728,3104,1,mpc
284,終末之塔Ⅰ,15721,星宇諸滅者,6887,850,0x00000020,10層,1811,711,1,mpc
284,終末之塔Ⅰ,15722,終塔之寶,5996,1,0x00002000,,1304,544,5,mpc
284,終末之塔Ⅰ,15723,躍昇妖玉,5923,1,0x00002000,,12694,6942,3,mpc
285,終末之塔Ⅱ,9029,守關妖將,5625,999,0x00002000,,2136,5804,9,mpc
285,終末之塔Ⅱ,15722,終塔之寶,5996,1,0x00002000,,9484,1344,2,mpc
285,終末之塔Ⅱ,15742,虐殺犯,6902,810,0x00000002,11層,1527,531,7,mpc
285,終末之塔Ⅱ,15743,惡行犯,6903,810,0x00000002,11層,1264,599,7,mpc
285,終末之塔Ⅱ,15744,冷血者,6892,830,0x00000020,14層,5976,7500,15,mpc
285,終末之塔Ⅱ,15745,爬脊獸,6901,820,0x00000010,,4680,7724,8,mpc
285,終末之塔Ⅱ,15746,虛潛獸,6900,840,0x00000020,14層、15層,6072,4820,16,mpc
285,終末之塔Ⅱ,15747,碎骨者,6893,850,0x00000020,15層,7192,3636,17,mpc
285,終末之塔Ⅱ,15748,疤枷?,6899,860,0x00000020,,11408,3596,8,mpc
285,終末之塔Ⅱ,15749,防攻鐵獅,5791,870,0x00000200,17層,8692,5812,8,mpc
285,終末之塔Ⅱ,15750,防術晶人,5484,870,0x00000200,17層,9672,5352,8,mpc
285,終末之塔Ⅱ,15751,血腥者,6888,890,0x00000080,18層、19層,2964,2804,17,mpc
285,終末之塔Ⅱ,15752,黑霾獸,6898,880,0x00000080,18層,1480,5896,8,mpc
285,終末之塔Ⅱ,15753,切割者,6894,900,0x00000040,19層,3708,2324,9,mpc
285,終末之塔Ⅱ,15754,蠍心邪后,6897,850,0x00000020,13層,5473,8094,1,mpc
285,終末之塔Ⅱ,15755,雙天兇狂,5338,900,0x00000004,16層,12420,3776,1,mpc
285,終末之塔Ⅱ,15756,妄義負官,6895,950,0x00000020,19層,3436,3524,1,mpc
285,終末之塔Ⅱ,15757,三界壞滅尊,6896,990,0x00000020,20層,12336,1055,1,mpc
285,終末之塔Ⅱ,15758,終塔之寶<II>,5996,1,0x00002000,,12070,1226,6,mpc
285,終末之塔Ⅱ,15759,終末邪龍鎮,5992,850,0x00000200,,5728,3840,1,mpc
285,終末之塔Ⅱ,15774,終末影衛,5535,300,0x00000020,,6948,1468,8,mpc
286,終末之塔Ⅲ,9029,守關妖將,5625,999,0x00002000,,4599,7739,5,mpc
286,終末之塔Ⅲ,15723,躍昇妖玉,5923,1,0x00002000,,1315,576,4,mpc
286,終末之塔Ⅲ,15758,終塔之寶<II>,5996,1,0x00002000,,7647,1219,1,mpc
286,終末之塔Ⅲ,15774,終末影衛,5535,300,0x00000020,,7967,911,8,mpc
286,終末之塔Ⅲ,15775,昇塔赤靈,5115,890,0x00000040,21層,11840,1136,3,mpc
286,終末之塔Ⅲ,15776,旋幽虛靈,5117,890,0x00000002,21層,11280,848,15,mpc
286,終末之塔Ⅲ,15777,萬鈞碎錘,6891,900,0x00000200,,1304,5208,11,mpc
286,終末之塔Ⅲ,15778,魔空邪祀,6905,910,0x00000002,24層,7660,5560,13,mpc
286,終末之塔Ⅲ,15779,危城巨猩,6906,920,0x00000080,24層、25層,5275,7526,14,mpc
286,終末之塔Ⅲ,15780,大滅霸,6722,930,0x00000008,25層,5931,7591,13,mpc
286,終末之塔Ⅲ,15781,兇殘之手,6889,940,0x00000040,28層,7217,3635,13,mpc
286,終末之塔Ⅲ,15782,菌侵甲鬼,6907,950,0x00000004,28層、29層,4318,2990,16,mpc
286,終末之塔Ⅲ,15783,赤潮王叉,6890,960,0x00000010,29層,3827,2144,9,mpc
286,終末之塔Ⅲ,15784,虛空魔鴆毒麒,6910,950,0x00000001,23層,1044,5372,1,mpc
286,終末之塔Ⅲ,15785,虛空神凜冰麒,6909,960,0x00000001,26層,11188,3172,1,mpc
286,終末之塔Ⅲ,15786,虛空神燹鳳麒,6908,970,0x00000001,29層,2387,2359,1,mpc
286,終末之塔Ⅲ,15787,西楚霸幻王,6911,995,0x00002000,30層,8845,7514,1,mpc
286,終末之塔Ⅲ,15788,終塔之寶<III>,5996,1,0x00002000,,9064,8144,6,mpc
286,終末之塔Ⅲ,15789,終末邪龍鎮,5992,920,0x00000200,24層,10408,6028,1,mpc
287,終末之塔Ⅳ,9029,守關妖將,5625,999,0x00002000,,7712,1992,14,mpc
287,終末之塔Ⅳ,15788,終塔之寶<III>,5996,1,0x00002000,,7640,1212,1,mpc
287,終末之塔Ⅳ,15845,瞠目兇首,6959,900,0x00000008,31層,9190,8065,6,mpc
287,終末之塔Ⅳ,15846,怒咆穢猿,6955,905,0x00000040,31層、32層,6844,4140,13,mpc
287,終末之塔Ⅳ,15847,萬金錘蜴,6956,910,0x00000020,32層,7080,3768,12,mpc
287,終末之塔Ⅳ,15848,無旌戰狼,5453,915,0x00000020,34層,11295,1048,8,mpc
287,終末之塔Ⅳ,15849,黑獄破城象,6961,960,0x00000080,33層,12612,860,1,mpc
287,終末之塔Ⅳ,15850,招靈巫祀,5426,915,0x00000002,34層,3773,7600,2,mpc
287,終末之塔Ⅳ,15851,虛海獵叉,6958,920,0x00000002,37層,1808,5132,17,mpc
287,終末之塔Ⅳ,15852,冥瘴崩山牛,6962,970,0x00000080,,956,5236,1,mpc
287,終末之塔Ⅳ,15853,驚奇機棺,5906,925,0x00000008,37層、38層,1056,468,5,mpc
287,終末之塔Ⅳ,15854,枯血鬼爪,6957,930,0x00000020,38層、39層,3756,2188,9,mpc
287,終末之塔Ⅳ,15855,墟漠矮靈,6960,940,0x00000400,39層,3456,2604,9,mpc
287,終末之塔Ⅳ,15856,禍星虛天監,6963,980,0x00000004,39層,3356,3500,1,mpc
287,終末之塔Ⅳ,15857,赤城武烈君,6850,990,0x00000020,40層,9416,5536,1,mpc
287,終末之塔Ⅳ,15858,終末邪龍鎮,5992,100,0x00000200,37層,562,440,2,mpc
287,終末之塔Ⅳ,15859,終塔之寶<IV>,5996,1,0x00002000,,9090,5592,6,mpc
287,終末之塔Ⅳ,15860,驚奇機棺,5906,925,0x00000008,37層、38層,11992,3712,7,mpc
287,終末之塔Ⅳ,15861,枯血鬼爪,6957,930,0x00000020,38層、39層,11549,3106,7,mpc
288,終末之塔Ⅴ,15859,終塔之寶<IV>,5996,1,0x00002000,,11256,3052,1,mpc
288,終末之塔Ⅴ,15932,沙野夜叉,5050,935,0x00000004,41層,7800,1120,10,mpc
288,終末之塔Ⅴ,15933,峽谷矮靈,6932,940,0x00000010,41層、42層,9288,1232,17,mpc
288,終末之塔Ⅴ,15934,金奇電鼠,6965,945,0x00000080,42層,10176,7656,14,mpc
288,終末之塔Ⅴ,15935,王谷兵蜂,5202,950,0x00000040,44層,9552,5850,16,mpc
288,終末之塔Ⅴ,15936,王谷聖蜂守,5204,970,0x00000020,43層,8842,7565,1,mpc
288,終末之塔Ⅴ,15937,白金之猩,6967,955,0x00000080,44層、45層,10888,3660,19,mpc
288,終末之塔Ⅴ,15938,窮兇極鱷,6926,960,0x00000080,45層,10568,3580,19,mpc
288,終末之塔Ⅴ,15939,虛無狩鬼,5664,965,0x00000004,,4552,6804,14,mpc
288,終末之塔Ⅴ,15940,王谷獸騎守,5475,980,0x00000002,46層,4576,6978,1,mpc
288,終末之塔Ⅴ,15941,惡浪狂獵,6892,970,0x00000020,,796,944,5,mpc
288,終末之塔Ⅴ,15944,挑羊點尖,6929,980,0x00000020,49層,3568,2392,9,mpc
288,終末之塔Ⅴ,15945,畫蛇似蛟,6931,980,0x00000020,49層,3413,2726,9,mpc
288,終末之塔Ⅴ,15946,王谷書藏司,6849,990,0x00000004,49層,2676,3125,1,mpc
288,終末之塔Ⅴ,15947,咒君拉美西斯,6966,1050,0x00000020,50層,7040,3776,1,mpc
288,終末之塔Ⅴ,15948,終塔之寶<V>,5996,1,0x00002000,,6188,4240,6,mpc
289,終末之塔Ⅵ,15948,終塔之寶<V>,5996,1,0x00002000,,12167,938,1,mpc
289,終末之塔Ⅵ,16087,虛無十字軍,6514,985,0x00000002,51層、52層,7698,1962,15,mpc
289,終末之塔Ⅵ,16088,虛無真知士,5935,985,0x00000002,51層,7622,1240,9,mpc
289,終末之塔Ⅵ,16089,艾濟原人,5541,1000,0x00000002,52層、53層,9157,5623,14,mpc
289,終末之塔Ⅵ,16090,尼絡暴獸,6925,1010,0x00000020,53層、54層,8357,5281,17,mpc
289,終末之塔Ⅵ,16091,虛統‧賽特,6922,1100,0x00000008,53層,9389,5459,1,mpc
289,終末之塔Ⅵ,16092,尼絡狂鱷,6926,1020,0x00000080,54層、55層,7118,3905,14,mpc
289,終末之塔Ⅵ,16093,護柱血爪,6852,1030,0x00000040,55層、56層,11801,2906,15,mpc
289,終末之塔Ⅵ,16094,柱末腐豚,6605,1040,0x00000020,56層、57層,10921,3482,16,mpc
289,終末之塔Ⅵ,16095,虛座‧塞拉比斯,6895,1150,0x00000004,56層,12523,3849,1,mpc
289,終末之塔Ⅵ,16096,霸虛雄獅,6511,1050,0x00000080,57層、58層,1782,5190,14,mpc
289,終末之塔Ⅵ,16097,喚虛女巫,6504,1060,0x00000002,58層、59層,2310,2325,15,mpc
289,終末之塔Ⅵ,16098,神柱虛祭,6930,1070,0x00000400,59層,3911,2109,10,mpc
289,終末之塔Ⅵ,16099,虛龍‧阿佩普,5768,1200,0x00000400,59層,2363,3052,1,mpc
289,終末之塔Ⅵ,16100,終劫阿努比斯,6970,1200,0x00002000,60層,4209,7127,1,mpc
289,終末之塔Ⅵ,16101,終塔之寶<VI>,5996,1,0x00002000,,4757,7609,6,mpc
290,終末之塔Ⅶ,9029,守關妖將,5625,999,0x00002000,,6524,3781,5,mpc
290,終末之塔Ⅶ,15723,躍昇妖玉,5923,1,0x00002000,,9215,5478,1,mpc
290,終末之塔Ⅶ,16101,終塔之寶<VI>,5996,1,0x00002000,,6203,3973,1,mpc
290,終末之塔Ⅶ,16264,砌塔石奴,6989,1055,0x00000002,61層、62層,6016,7633,16,mpc
290,終末之塔Ⅶ,16265,咒殺修陀,6983,1070,0x00000004,62層,9544,7520,12,mpc
290,終末之塔Ⅶ,16266,碎魂金鬼,6854,1085,0x00000020,64層,1843,1036,15,mpc
290,終末之塔Ⅶ,16267,衛皇凶赦殘豹,5406,1150,0x00000080,63層,11472,1324,1,mpc
290,終末之塔Ⅶ,16268,暴拳狌狌,6853,1100,0x00000080,64層,2019,876,14,mpc
290,終末之塔Ⅶ,16269,無序燭陰,5773,1115,0x00000010,66層,5146,4470,16,mpc
290,終末之塔Ⅶ,16270,怒裂睚眥,6852,1130,0x00000020,66層、67層,10562,3570,16,mpc
290,終末之塔Ⅶ,16271,衛皇人面獅身,6920,1200,0x00000200,66層,2373,5968,1,mpc
290,終末之塔Ⅶ,16272,壯脂鑿齒,6606,1145,0x00000008,67層,10120,4980,18,mpc
290,終末之塔Ⅶ,16273,九毒相柳,6851,1160,0x00000040,69層,7944,5700,17,mpc
290,終末之塔Ⅶ,16274,諸肢惡樓,6982,1175,0x00002000,69層,3566,2406,9,mpc
290,終末之塔Ⅶ,16275,衛皇巨劍神座,6924,1250,0x00000001,69層,4114,2238,1,mpc
290,終末之塔Ⅶ,16276,再生黑后,6918,1300,0x00002000,70層,6925,1548,1,mpc
290,終末之塔Ⅶ,16277,終塔之寶<VII>,5996,1,0x00002000,,7017,1612,6,mpc
291,終末之塔Ⅷ,16277,終塔之寶<VII>,5996,1,0x00002000,,9396,5472,1,mpc
291,終末之塔Ⅷ,16478,虛行蜴魔,6964,1180,0x00000020,,7632,1231,9,mpc
291,終末之塔Ⅷ,16479,虛行影虎,6667,1185,0x00000020,,7376,1420,9,mpc
291,終末之塔Ⅷ,16480,冥河緝獵手,6691,1270,0x00000008,71層,8000,992,1,mpc
291,終末之塔Ⅷ,16481,死川血鱷,6926,1190,0x00000080,,1312,644,9,mpc
291,終末之塔Ⅷ,16482,死川悍犀,6925,1195,0x00000020,,9332,7964,9,mpc
291,終末之塔Ⅷ,16483,死川牙豹,6928,1200,0x00000100,,12020,1192,9,mpc
291,終末之塔Ⅷ,16484,虛空主宰分靈,6874,1300,0x00002000,72層、73層、74層,11488,1252,3,mpc
291,終末之塔Ⅷ,16485,尸薩滿,6636,1210,0x00000002,,8728,5712,9,mpc
291,終末之塔Ⅷ,16486,木乃伊,6941,1215,0x00000008,,9016,5680,9,mpc
291,終末之塔Ⅷ,16487,冥河黑門將,6450,1330,0x00000008,75層,9376,5464,1,mpc
291,終末之塔Ⅷ,16488,死川幽鳥,6921,1225,0x00000400,,11848,3808,12,mpc
291,終末之塔Ⅷ,16489,死川爪犯,6922,1230,0x00000008,,4488,7794,12,mpc
291,終末之塔Ⅷ,16490,死川鬼祭,6923,1235,0x00000400,,1883,5916,12,mpc
291,終末之塔Ⅷ,16491,虛空主宰幻象,6874,1350,0x00002000,,4628,6956,3,mpc
291,終末之塔Ⅷ,16492,一杖虛導,6983,1240,0x00000004,79層,3860,2033,9,mpc
291,終末之塔Ⅷ,16493,八顛虛兇,6982,1250,0x00000004,79層,3739,2284,9,mpc
291,終末之塔Ⅷ,16494,金字塔殉司,6849,1380,0x00002000,79層,2593,3102,1,mpc
291,終末之塔Ⅷ,16495,冥還黑后,6913,1410,0x00002000,80層,5572,4455,1,mpc
291,終末之塔Ⅷ,16496,終塔之寶<VIII>,5996,1,0x00002000,,6152,4300,6,mpc
292,終末之塔Ⅸ,9029,守關妖將,5625,999,0x00002000,,6322,3949,4,mpc
292,終末之塔Ⅸ,16496,終塔之寶<VIII>,5996,1,0x00002000,,6076,4204,1,mpc
292,終末之塔Ⅸ,16521,造亂思魅,6638,1250,0x00000010,81層,4344,7036,20,mpc
292,終末之塔Ⅸ,16522,生非識邪,6639,1260,0x00000010,83層,1667,1132,15,mpc
292,終末之塔Ⅸ,16523,迷竅幻鬼,5809,1270,0x00000008,83層、84層,9568,5824,16,mpc
292,終末之塔Ⅸ,16524,忌天魔將像,5842,1350,0x00002000,83層,8864,7536,1,mpc
292,終末之塔Ⅸ,16525,倒懸心魔,5360,1280,0x00000004,84層、85層,8272,5152,15,mpc
292,終末之塔Ⅸ,16526,失序亂兵,6449,1290,0x00000002,85層、86層,10536,3584,17,mpc
292,終末之塔Ⅸ,16527,危盪弄臣,5838,1300,0x00000020,86層、87層,9512,1374,21,mpc
292,終末之塔Ⅸ,16528,仇燄魔翼龍,5927,1400,0x00002000,86層,12608,3904,1,mpc
292,終末之塔Ⅸ,16529,國破兇卒,6986,1310,0x00000002,87層、88層,8934,1361,19,mpc
292,終末之塔Ⅸ,16530,禍患造者,5396,1320,0x00000002,88層、89層,4954,2740,21,mpc
292,終末之塔Ⅸ,16531,瘡痍行者,6985,1330,0x00000002,89層,4049,2944,13,mpc
292,終末之塔Ⅸ,16532,輾州魔軍司,6885,1450,0x00002000,89層,3412,3536,1,mpc
292,終末之塔Ⅸ,16533,亡國之紫‧九尾,6448,1500,0x00002000,90層,1000,5316,1,mpc
292,終末之塔Ⅸ,16534,終塔之寶<IX>,5996,1,0x00002000,,1260,5176,6,mpc
292,終末之塔Ⅸ,16535,虛空能源,5330,1,0x00002000,,4585,6936,1,mpc
292,終末之塔Ⅸ,16536,虛滅石龍陣,5995,1250,0x00002000,84層,9920,5760,1,mpc
292,終末之塔Ⅸ,16537,虛滅銀龍陣,5994,1300,0x00002000,84層,8064,5760,1,mpc
292,終末之塔Ⅸ,16538,虛滅金龍陣,5993,1350,0x00002000,84層,9792,4704,1,mpc
292,終末之塔Ⅸ,16539,虛空主宰遊影,6874,1350,0x00002000,87層,7680,1248,7,mpc
293,終末之塔Ⅹ,16534,終塔之寶<IX>,5996,1,0x00002000,,1322,619,1,mpc
293,終末之塔Ⅹ,16831,幽閉怒獸,6884,1350,0x00000080,91層、92層,11163,3814,18,mpc
293,終末之塔Ⅹ,16832,星淵潛狂,6892,1375,0x00000010,91層、92層、93層,9024,7476,25,mpc
293,終末之塔Ⅹ,16833,百劫屠者,6450,1400,0x00000020,93層、94層,1453,1085,17,mpc
293,終末之塔Ⅹ,16834,百層捍衛者,6475,1550,0x00002000,93層,2368,5904,1,mpc
293,終末之塔Ⅹ,16835,鬼雷驚爪,6957,1425,0x00000040,94層,6199,1338,17,mpc
293,終末之塔Ⅹ,16836,怨咒靈車,6984,1450,0x00000008,96層,7461,1977,14,mpc
293,終末之塔Ⅹ,16837,四腳魔像,6982,1475,0x00000004,96層、97層,5777,4851,17,mpc
293,終末之塔Ⅹ,16838,虛還武典化靈,6849,1600,0x00002000,96層,5220,4891,1,mpc
293,終末之塔Ⅹ,16839,星墜重隕,6854,1500,0x00000020,97層,4963,7473,8,mpc
293,終末之塔Ⅹ,16840,虛念頭陀,6983,1525,0x00000004,99層,3680,2340,14,mpc
293,終末之塔Ⅹ,16841,百虛操偶,6441,1550,0x00000200,99層,3456,2432,14,mpc
293,終末之塔Ⅹ,16842,操炎赤靈王,8501,1650,0x00002000,99層,2726,3098,1,mpc
293,終末之塔Ⅹ,16843,百朝虛霸．始皇帝,6975,1700,0x00002000,100層,12779,6974,1,mpc
293,終末之塔Ⅹ,16844,終塔之寶<X>,5996,1,0x00002000,,12839,6961,6,mpc
294,終末之塔ⅩⅠ,9029,守關妖將,5625,999,0x00002000,,8896,8528,10,mpc
294,終末之塔ⅩⅠ,16844,終塔之寶<X>,5996,1,0x00002000,,12880,8528,1,mpc
294,終末之塔ⅩⅠ,16929,裂變鬼兵,5300,1525,0x00000020,101層,15695,941,7,mpc
294,終末之塔ⅩⅠ,16930,猛爆毒麟,8553,1550,0x00001000,101層、102層,15617,1763,13,mpc
294,終末之塔ⅩⅠ,16931,吞虛兇鱷,5134,1575,0x00000080,102層,12309,4833,13,mpc
294,終末之塔ⅩⅠ,16932,幻殺修羅,8554,1600,0x00000004,104層,2728,4554,15,mpc
294,終末之塔ⅩⅠ,16933,阿樊怛,5710,1700,0x00002000,103層,12192,4256,1,mpc
294,終末之塔ⅩⅠ,16934,啼血哀鳳,8556,1625,0x00000800,104層、105層,2464,4780,13,mpc
294,終末之塔ⅩⅠ,16935,終塔妖狐,8557,1650,0x00000020,105層,12032,2272,14,mpc
294,終末之塔ⅩⅠ,16936,沉池鑿蝦,8558,1675,0x00000020,107層,5760,1152,23,mpc
294,終末之塔ⅩⅠ,16937,阿樊怛Ⅱ,5730,1750,0x00002000,106層,9664,608,1,mpc
294,終末之塔ⅩⅠ,16938,扞河龐蟹,8559,1700,0x00000020,107層、108層,8253,7957,11,mpc
294,終末之塔ⅩⅠ,16939,兆嗔惡靈,5333,1725,0x00000008,108層、109層,5632,7488,24,mpc
294,終末之塔ⅩⅠ,16940,斬塔罪刀,8560,1750,0x00000002,109層,4750,7301,14,mpc
294,終末之塔ⅩⅠ,16941,操毒鴆靈王,8555,1800,0x00002000,109層,4304,7264,1,mpc
294,終末之塔ⅩⅠ,16942,橫世暴君．紂,8561,1850,0x00002000,110層,9040,2512,1,mpc
294,終末之塔ⅩⅠ,16943,終塔之寶<XI>,5996,1,0x00002000,,8928,2352,6,mpc
294,終末之塔ⅩⅠ,16946,謎之光球．壹,5923,1,0x00002000,,13537,8477,1,mpc
294,終末之塔ⅩⅠ,16947,謎之光球．貳,5923,1,0x00002000,,12064,8496,1,mpc
294,終末之塔ⅩⅠ,16948,謎之光球．參,5923,1,0x00002000,,12993,8269,1,mpc
294,終末之塔ⅩⅠ,16949,謎之光球．肆,5923,1,0x00002000,,12352,8704,1,mpc
295,超七寶仙境　壹,15563,○仙露花精○,5143,410,0x00000010,,6084,1870,2,mpc
295,超七寶仙境　壹,15564,○松齡聖龜○,5201,420,0x00000080,,5820,1709,2,mpc
295,超七寶仙境　壹,15565,○步天敖犬○,5273,430,0x00000080,,5411,1717,2,mpc
295,超七寶仙境　壹,15566,○萬曆星將○,5396,440,0x00000001,,5168,1835,2,mpc
295,超七寶仙境　壹,15567,○幻月銀狼○,5407,450,0x00001000,,4938,2007,2,mpc
295,超七寶仙境　壹,15568,○岩羅角獸○,5477,460,0x00000080,,6002,2173,2,mpc
295,超七寶仙境　壹,15569,○妙捷跳鼠○,5570,470,0x00000080,,5841,2270,2,mpc
295,超七寶仙境　壹,15570,○霧隱忍武○,5643,480,0x00000002,,5434,2316,2,mpc
295,超七寶仙境　壹,15571,○來世象尊○,5712,490,0x00000020,,5111,2336,2,mpc
295,超七寶仙境　壹,15572,○問頂仙龍○,5862,500,0x00000400,,4837,2331,2,mpc
295,超七寶仙境　壹,15573,◎仙露花精◎,5143,505,0x00000010,,2696,2586,2,mpc
295,超七寶仙境　壹,15574,◎松齡聖龜◎,5201,510,0x00000080,,2407,2387,2,mpc
295,超七寶仙境　壹,15575,◎步天敖犬◎,5273,515,0x00000080,,2625,2804,2,mpc
295,超七寶仙境　壹,15576,◎萬曆星將◎,5396,520,0x00000001,,2091,2369,2,mpc
295,超七寶仙境　壹,15577,◎幻月銀狼◎,5407,525,0x00001000,,2423,2995,2,mpc
295,超七寶仙境　壹,15578,◎岩羅角獸◎,5477,530,0x00000080,,2049,2960,2,mpc
295,超七寶仙境　壹,15579,◎妙捷跳鼠◎,5570,535,0x00000080,,1797,2936,2,mpc
295,超七寶仙境　壹,15580,◎霧隱忍武◎,5643,540,0x00000002,,1782,2422,2,mpc
295,超七寶仙境　壹,15581,◎來世象尊◎,5712,545,0x00000020,,1580,2800,2,mpc
295,超七寶仙境　壹,15582,◎問頂仙龍◎,5862,550,0x00000400,,1379,2702,2,mpc
295,超七寶仙境　壹,15583,●仙露花精●,5143,555,0x00000010,,5197,3800,2,mpc
295,超七寶仙境　壹,15584,●松齡聖龜●,5201,560,0x00000080,,5499,3676,2,mpc
295,超七寶仙境　壹,15585,●步天敖犬●,5273,565,0x00000080,,5722,3788,2,mpc
295,超七寶仙境　壹,15586,●萬曆星將●,5396,570,0x00000001,,5927,3693,2,mpc
295,超七寶仙境　壹,15587,●幻月銀狼●,5407,575,0x00001000,,6065,3834,2,mpc
295,超七寶仙境　壹,15588,●岩羅角獸●,5477,580,0x00000080,,6194,3679,2,mpc
295,超七寶仙境　壹,15589,●妙捷跳鼠●,5570,585,0x00000080,,6393,3823,2,mpc
295,超七寶仙境　壹,15590,●霧隱忍武●,5643,590,0x00000002,,6337,3448,2,mpc
295,超七寶仙境　壹,15591,●來世象尊●,5712,595,0x00000020,,6439,3583,2,mpc
295,超七寶仙境　壹,15592,●問頂仙龍●,5862,600,0x00000400,,6585,3495,2,mpc
300,虛空大秘境,16538,虛滅金龍陣,5993,1350,0x00002000,,3801,5260,1,mpc
301,吉薩走廊,15913,採石奴,6933,790,0x00000001,,3768,4344,7,mpc
301,吉薩走廊,15914,虛來殺爪,6852,735,0x00000040,,6648,976,7,mpc
301,吉薩走廊,15915,虛來屠尖,6851,750,0x00000020,,6560,2816,7,mpc
301,吉薩走廊,15916,虛來轟錘,6854,765,0x00000020,,7120,2536,8,mpc
301,吉薩走廊,15917,虛來鳴猩,6853,780,0x00000080,,3616,1432,8,mpc
301,吉薩走廊,15918,艾濟矮靈,6932,800,0x00000010,,5648,4416,7,mpc
301,吉薩走廊,15919,石奴監工,6935,810,0x00000002,,3256,4176,7,mpc
301,吉薩走廊,15920,泥河鱷魔,6926,820,0x00000080,,1960,4880,7,mpc
302,古翰大沙漠,15921,沙暴先鋒,6942,810,0x00000002,,6960,2216,8,mpc
302,古翰大沙漠,15922,殺傷跳鼠,6965,820,0x00000080,,5320,2072,8,mpc
302,古翰大沙漠,15923,塵泥羊巫,6929,830,0x00000020,,6368,2112,8,mpc
302,古翰大沙漠,15924,古翰沙蟲,5558,840,0x00000040,,7072,3424,8,mpc
302,古翰大沙漠,15925,人面獅身像,6920,855,0x00000200,,5608,3768,8,mpc
302,古翰大沙漠,15926,鑽岩鋼蛇,5802,870,0x00000040,,6168,3872,8,mpc
302,古翰大沙漠,15927,烈日行蜴,6964,880,0x00000020,,3728,3344,8,mpc
302,古翰大沙漠,15928,木乃伊,6941,890,0x00000008,,2189,2630,7,mpc
302,古翰大沙漠,15929,漠影翼蛇,6931,900,0x00000020,,1864,3424,8,mpc
302,古翰大沙漠,16064,沙暴先鋒隊長,6939,1000,0x00000002,,8188,4559,1,mpc
303,太陽神大道,15963,王都石工,6933,890,0x00000001,,960,1816,7,mpc
303,太陽神大道,15964,沙漠矮靈,6932,900,0x00000010,,560,1952,7,mpc
303,太陽神大道,15965,艾濟巡督,6968,910,0x00000002,,2288,1648,7,mpc
303,太陽神大道,15966,王都守衛,6942,920,0x00000002,,4600,3016,19,mpc
303,太陽神大道,15967,尼絡女鬥士,6937,930,0x00000002,,3040,3136,12,mpc
303,太陽神大道,15968,港灣鱷人,6926,940,0x00000080,,4624,708,7,mpc
303,太陽神大道,15969,彎刀河獸,6925,950,0x00000020,,4088,760,7,mpc
303,太陽神大道,15970,穿雲鐵鷹,6921,960,0x00000100,,7048,5000,7,mpc
303,太陽神大道,15971,雪槍狂豹,6928,970,0x00000100,,5760,4685,7,mpc
304,王都盧索,15973,盧索野民,6932,930,0x00000010,,7622,1552,7,mpc
304,王都盧索,15974,衛城鬃獅,6510,940,0x00000080,,6728,2216,9,mpc
304,王都盧索,15975,盧索警司,6968,950,0x00000002,,6489,2347,7,mpc
304,王都盧索,15976,逐日虎人,5938,960,0x00000020,,6120,2568,7,mpc
304,王都盧索,15977,護聖刀將,6942,970,0x00000002,,5480,3616,7,mpc
304,王都盧索,15978,親衛獸將,6928,980,0x00000100,,4168,1736,7,mpc
304,王都盧索,15979,護聖女侍,6937,990,0x00000002,,3360,3896,17,mpc
304,王都盧索,15980,祭日司衛,6930,1000,0x00000100,,2440,3376,12,mpc
304,王都盧索,15981,皇家聖衛,6939,1010,0x00000002,,1720,1736,8,mpc
305,托勒密山麓,15996,起源刺客,6937,1000,0x00000002,,7144,3728,9,mpc
305,托勒密山麓,15997,皇家聖衛,6939,1010,0x00000002,,7296,3088,9,mpc
305,托勒密山麓,15998,黃金風蛇,6931,1015,0x00000020,,7192,2760,9,mpc
305,托勒密山麓,15999,荒山血獵,6928,1020,0x00000100,,6142,2153,9,mpc
305,托勒密山麓,16000,托勒密魔鱷,6926,1025,0x00000080,,4576,3088,9,mpc
305,托勒密山麓,16001,峽谷蠻獸,6925,1025,0x00000020,,3792,3488,9,mpc
305,托勒密山麓,16002,鎮祠蒼翼,6921,1030,0x00000100,,3464,3472,9,mpc
305,托勒密山麓,16003,眾靈妖祭,6930,1035,0x00000100,,1576,2808,9,mpc
305,托勒密山麓,16004,聖谷王司,6923,1040,0x00000100,,1992,3744,9,mpc
305,托勒密山麓,16005,金斧皇將,6927,1050,0x00000100,,2080,4864,9,mpc
306,荷魯斯聖祠,16020,貝斯,6932,1055,0x00000400,,7360,1216,10,mpc
306,荷魯斯聖祠,16021,庫努牡,6929,1060,0x00000400,,7016,1088,10,mpc
306,荷魯斯聖祠,16022,索貝克,6926,1065,0x00000400,,6560,2056,10,mpc
306,荷魯斯聖祠,16023,芭絲特,6930,1070,0x00000400,,4048,1760,10,mpc
306,荷魯斯聖祠,16024,塞赫麥特,6928,1080,0x00000400,,4144,2624,10,mpc
306,荷魯斯聖祠,16025,奈赫貝特,6921,1080,0x00000400,,2344,2856,10,mpc
306,荷魯斯聖祠,16026,托特,6923,1085,0x00000400,,1840,3760,9,mpc
306,荷魯斯聖祠,16027,凱布利,6924,1090,0x00000400,,1861,4480,9,mpc
306,荷魯斯聖祠,16028,拉‧荷魯斯,6915,1110,0x00000001,,666,4449,1,mpc
306,荷魯斯聖祠,16029,左塞爾巨像,6939,1075,0x00000200,,2296,1776,10,mpc
306,荷魯斯聖祠,16030,多姆泰夫,6927,1075,0x00000400,,6416,3568,9,mpc
307,赫勒神殿遺址,16006,守陵人獅像,6920,1030,0x00000200,,6264,1432,10,mpc
307,赫勒神殿遺址,16007,盜墓侏賊,6932,1035,0x00000010,,6854,1173,9,mpc
307,赫勒神殿遺址,16008,赤瞳犄角,6929,1040,0x00000020,,6008,1632,9,mpc
307,赫勒神殿遺址,16009,禍天翼蛇,6931,1045,0x00000020,,7705,4284,9,mpc
307,赫勒神殿遺址,16010,殉王木乃伊,6941,1050,0x00000008,,6704,3144,14,mpc
307,赫勒神殿遺址,16011,護棺刃鱷,6926,1055,0x00000080,,3760,4056,9,mpc
307,赫勒神殿遺址,16012,鎮碑儀主,6923,1060,0x00000100,,3272,3424,13,mpc
307,赫勒神殿遺址,16013,衛陵煞豹,6928,1070,0x00000100,,1360,3260,13,mpc
307,赫勒神殿遺址,16014,黑喪使徒,6922,1080,0x00000008,,1728,2200,12,mpc
308,神王金字塔,16065,浸幽木乃伊,6941,1050,0x00000008,,6431,4064,16,mpc
308,神王金字塔,16066,斯芬克斯銅像,6969,1055,0x00000200,,4701,2215,19,mpc
308,神王金字塔,16067,艾濟鋼鎧蠍,5114,1060,0x00000040,,5389,3521,14,mpc
308,神王金字塔,16068,黑后親衛武姬,6937,1070,0x00000002,,4132,2018,17,mpc
308,神王金字塔,16069,虛空爬行者,6892,1075,0x00000020,,5251,3810,14,mpc
308,神王金字塔,16070,邪甲幽蛛妃,5351,1080,0x00000020,,3329,3254,10,mpc
308,神王金字塔,16071,凱貝潔特,6901,1085,0x00000010,,1865,2878,10,mpc
308,神王金字塔,16072,凱夫山納,6931,1090,0x00000020,,1724,1580,8,mpc
308,神王金字塔,16073,艾姆謝特,6923,1095,0x00000400,,2997,654,8,mpc
308,神王金字塔,16074,賽特,6922,1105,0x00000008,,2717,1295,8,mpc
308,神王金字塔,16075,創典黑后,6918,1099,0x00000002,,4128,2208,1,mpc
308,神王金字塔,16076,冥府艷后克麗邁絲,6913,1125,0x00002000,,4224,2272,1,mpc
308,神王金字塔,16077,冥者阿奴比斯,6914,1110,0x00000004,,1920,960,3,mpc
309,修羅級神王金字塔,16298,<浸幽木乃伊>,6941,1100,0x00000008,,6431,4064,16,mpc
309,修羅級神王金字塔,16299,<斯芬克斯銅像>,6969,1105,0x00000200,,4701,2215,19,mpc
309,修羅級神王金字塔,16300,<艾濟鋼鎧蠍>,5114,1110,0x00000040,,5389,3521,14,mpc
309,修羅級神王金字塔,16301,<黑后親衛武姬>,6937,1120,0x00000002,,4132,2018,17,mpc
309,修羅級神王金字塔,16302,<虛空爬行者>,6892,1125,0x00000020,,5251,3810,14,mpc
309,修羅級神王金字塔,16303,<邪甲幽蛛妃>,5351,1130,0x00000020,,3329,3254,10,mpc
309,修羅級神王金字塔,16304,<凱貝潔特>,6901,1135,0x00000010,,1865,2878,10,mpc
309,修羅級神王金字塔,16305,<凱夫山納>,6931,1140,0x00000020,,1724,1580,8,mpc
309,修羅級神王金字塔,16306,<艾姆謝特>,6923,1145,0x00000400,,2997,654,8,mpc
309,修羅級神王金字塔,16307,<賽特>,6922,1155,0x00000008,,2717,1295,8,mpc
309,修羅級神王金字塔,16308,<創典黑后>,6918,1150,0x00002000,,4128,2208,1,mpc
309,修羅級神王金字塔,16309,<冥府艷后克麗邁絲>,6913,1175,0x00002000,,4225,2272,1,mpc
309,修羅級神王金字塔,16310,<冥者阿奴比斯>,6970,1160,0x00002000,,1920,960,3,mpc
309,修羅級神王金字塔,16312,鑽身神司印曷闐,6912,1200,0x00002000,,2349,1155,1,mpc
310,山海長疆,16497,長疆寇,6432,1200,0x00000002,,4562,759,5,mpc
310,山海長疆,16500,襲關姝,6445,1215,0x00000002,,3773,4343,4,mpc
310,山海長疆,16503,遊鬥客,6438,1250,0x00000002,,7748,3272,4,mpc
310,山海長疆,16506,北妖蔘,6435,1230,0x00000010,,1278,2254,5,mpc
310,山海長疆,16513,長疆大蟲,5009,1220,0x00000080,,2303,727,4,mpc
310,山海長疆,16514,長疆靈貂,5441,1210,0x00000020,,1315,3102,5,mpc
310,山海長疆,16515,長疆細作,5488,1225,0x00000001,,4615,4598,5,mpc
310,山海長疆,16516,征疆浪客,5637,1245,0x00000002,,7754,2270,3,mpc
310,山海長疆,16517,征疆散兵,5641,1235,0x00000002,,5815,2219,4,mpc
310,山海長疆,16518,征疆弓手,5640,1240,0x00000002,,6543,1117,4,mpc
311,齊襄道,16498,高麗劍客,6433,1275,0x00000002,,5481,556,5,mpc
311,齊襄道,16501,高麗幽女,6446,1290,0x00000002,,4865,2729,5,mpc
311,齊襄道,16504,華蹴鬥士,6439,1320,0x00000002,,3088,3605,5,mpc
311,齊襄道,16507,鋼鬚殺蔘,6436,1305,0x00000010,,4317,4217,5,mpc
311,齊襄道,16509,草獅精,6442,1260,0x00000020,,6164,1454,5,mpc
311,齊襄道,16510,波臣獅,6443,1335,0x00000020,,3666,3807,5,mpc
311,齊襄道,16516,征疆浪客,5637,1245,0x00000002,,1961,1988,6,mpc
311,齊襄道,16518,征疆弓手,5640,1240,0x00000002,,2360,1607,6,mpc
311,齊襄道,16567,蒼狼疾麗,5425,1340,0x00000002,,4849,1411,6,mpc
311,齊襄道,16568,蒼狼重衛,5424,1350,0x00000002,,6569,1104,6,mpc
312,太安道,9307,阿修羅刺客,5340,1300,0x00000004,,7609,1132,1,mpc
312,太安道,16497,長疆寇,6432,1200,0x00000002,,6741,694,6,mpc
312,太安道,16498,高麗劍客,6433,1275,0x00000002,,2934,4349,7,mpc
312,太安道,16500,襲關姝,6445,1215,0x00000002,,6451,2946,7,mpc
312,太安道,16506,北妖蔘,6435,1230,0x00000010,,4011,2304,7,mpc
312,太安道,16509,草獅精,6442,1260,0x00000020,,2415,2737,7,mpc
312,太安道,16516,征疆浪客,5637,1245,0x00000002,,4941,1805,6,mpc
312,太安道,16517,征疆散兵,5641,1235,0x00000002,,5074,2288,5,mpc
312,太安道,16518,征疆弓手,5640,1240,0x00000002,,3661,2230,5,mpc
312,太安道,16563,斬神風鼬,5650,1250,0x00000080,,3319,3229,7,mpc
312,太安道,16564,征疆中忍,5670,1285,0x00000002,,3846,4669,7,mpc
313,東海道,16498,高麗劍客,6433,1275,0x00000002,,3472,1225,6,mpc
313,東海道,16501,高麗幽女,6446,1290,0x00000002,,2785,1895,5,mpc
313,東海道,16503,遊鬥客,6438,1250,0x00000002,,6112,1078,5,mpc
313,東海道,16504,華蹴鬥士,6439,1320,0x00000002,,7113,3416,4,mpc
313,東海道,16507,鋼鬚殺蔘,6436,1305,0x00000010,,4138,3738,5,mpc
313,東海道,16509,草獅精,6442,1260,0x00000020,,6314,2192,5,mpc
313,東海道,16563,斬神風鼬,5650,1250,0x00000080,,5794,2453,5,mpc
313,東海道,16564,征疆中忍,5670,1285,0x00000002,,3268,2378,4,mpc
313,東海道,16565,東海溺靈,5059,1310,0x00000010,,2746,4496,8,mpc
313,東海道,16566,飢戰海妖,5931,1330,0x00000004,,4809,3826,6,mpc
314,溥山新郡,16498,高麗劍客,6433,1275,0x00000002,,7243,1691,4,mpc
314,溥山新郡,16501,高麗幽女,6446,1290,0x00000002,,6158,2327,4,mpc
314,溥山新郡,16504,華蹴鬥士,6439,1320,0x00000002,,6852,2041,5,mpc
314,溥山新郡,16505,跆拳魔人,6440,1500,0x00000002,,693,4793,1,mpc
314,溥山新郡,16510,波臣獅,6443,1335,0x00000020,,5417,2301,5,mpc
314,溥山新郡,16571,新郡白虎,5286,1345,0x00000080,,5468,3728,6,mpc
314,溥山新郡,16572,風水相師,5647,1350,0x00000001,,4938,4127,5,mpc
314,溥山新郡,16573,衛郡虹裳,8540,1360,0x00000002,,3134,1587,5,mpc
314,溥山新郡,16574,衛郡武官,8542,1370,0x00000002,,4228,2387,5,mpc
314,溥山新郡,16575,鬼首靈獬,8541,1385,0x00000020,,3236,2131,5,mpc
314,溥山新郡,16576,霸道煌腿,8538,1395,0x00000002,,2268,899,6,mpc
315,白餘古城,15440,崔甲煥,6990,1450,0x00000002,,7816,2085,1,mpc
315,白餘古城,16499,太極劍官,6434,1415,0x00000002,,5559,1502,4,mpc
315,白餘古城,16502,太極武妃,6447,1400,0x00000002,,4860,1708,4,mpc
315,白餘古城,16507,鋼鬚殺蔘,6436,1305,0x00000010,,4194,2338,4,mpc
315,白餘古城,16510,波臣獅,6443,1335,0x00000020,,1968,2416,5,mpc
315,白餘古城,16511,靨白幻獅,6441,1430,0x00000020,,5969,311,4,mpc
315,白餘古城,16569,征疆上忍,5692,1320,0x00000002,,2897,2044,6,mpc
315,白餘古城,16570,我流無賴,5677,1340,0x00000002,,1199,2733,6,mpc
315,白餘古城,16572,風水相師,5647,1350,0x00000001,,2886,2792,6,mpc
315,白餘古城,16573,衛郡虹裳,8540,1360,0x00000002,,5350,2972,5,mpc
315,白餘古城,16574,衛郡武官,8542,1370,0x00000002,,4940,3643,5,mpc
315,白餘古城,16575,鬼首靈獬,8541,1385,0x00000020,,6461,3436,5,mpc
316,濟馬島,16499,太極劍官,6434,1415,0x00000002,,3375,3115,5,mpc
316,濟馬島,16502,太極武妃,6447,1400,0x00000002,,5727,2333,5,mpc
316,濟馬島,16508,血潤狂蔘,6437,1445,0x00000010,,5209,3167,5,mpc
316,濟馬島,16511,靨白幻獅,6441,1430,0x00000020,,2208,3361,5,mpc
316,濟馬島,16577,薙首夜叉,5660,1410,0x00000008,,6155,2578,5,mpc
316,濟馬島,16578,壹崎幻忍,5645,1425,0x00000002,,3090,3204,5,mpc
316,濟馬島,16579,亡者火,5809,1450,0x00000008,,2643,3250,5,mpc
316,濟馬島,16580,黃泉軍,5666,1460,0x00000004,,4951,3185,5,mpc
316,濟馬島,16581,萬曆劍豪,5639,1470,0x00000002,,4127,4170,5,mpc
316,濟馬島,16582,鳴梁霸腿,8539,1480,0x00000002,,3877,3992,5,mpc
317,漢京首府,9309,紅夜叉,6430,1550,0x00000002,,4289,2723,1,mpc
317,漢京首府,16499,太極劍官,6434,1415,0x00000002,,3103,3800,10,mpc
317,漢京首府,16502,太極武妃,6447,1400,0x00000002,,3490,3562,10,mpc
317,漢京首府,16505,跆拳魔人,6440,1500,0x00000002,,6752,997,8,mpc
317,漢京首府,16508,血潤狂蔘,6437,1445,0x00000010,,3867,2644,9,mpc
317,漢京首府,16511,靨白幻獅,6441,1430,0x00000020,,2946,3578,8,mpc
317,漢京首府,16583,半島屍人,5040,1490,0x00000008,,3377,943,14,mpc
317,漢京首府,16584,屍速烈骸,5030,1475,0x00000008,,1969,923,8,mpc
317,漢京首府,16585,魄降射骸,5031,1480,0x00000008,,2385,635,6,mpc
317,漢京首府,16586,寄生上嬪,8543,1455,0x00000002,,4375,2658,6,mpc
317,漢京首府,16587,劍聖太極,8545,1460,0x00000002,,5159,2562,6,mpc
317,漢京首府,16588,駭人怪惡,8544,1465,0x00000200,,4775,2578,6,mpc
317,漢京首府,16589,漢京御劍右護院,6475,1525,0x00002000,,3168,3392,1,mpc
317,漢京首府,16590,漢京御劍左護院,6475,1525,0x00002000,,5184,3488,1,mpc
317,漢京首府,16591,虛還西楚霸王,6976,1600,0x00002000,,7456,608,1,mpc
318,殊雁峽,16759,武列雲貂,6478,700,0x00001000,,4776,3737,5,mpc
318,殊雁峽,16760,巨蠶,6479,400,0x00000040,,2109,1167,5,mpc
318,殊雁峽,16762,覓竹貓熊,6485,500,0x00000080,,6052,493,6,mpc
318,殊雁峽,16769,翡玉藍雀,6493,450,0x00000800,,1743,2584,5,mpc
318,殊雁峽,16776,蔓行藤,8503,425,0x00000010,,1285,2304,5,mpc
318,殊雁峽,16785,南遼水靈,5307,475,0x00000010,,1698,582,4,mpc
318,殊雁峽,16786,好事遊人,5389,535,0x00000002,,3678,2070,11,mpc
318,殊雁峽,16787,攔路客,5120,570,0x00000002,,3170,2982,10,mpc
318,殊雁峽,16788,劫貨惡棍,5566,600,0x00000002,,4146,3572,8,mpc
318,殊雁峽,16789,落羽棕熊,5214,650,0x00000020,,2729,4140,8,mpc
319,鷗揚浪嶼,16763,冰冑鎧狼,6486,925,0x00001000,,2556,5033,5,mpc
319,鷗揚浪嶼,16764,滄冰仙蛾,6487,815,0x00000100,,4239,2793,6,mpc
319,鷗揚浪嶼,16768,奔潮鹿,6492,725,0x00001000,,4315,1534,6,mpc
319,鷗揚浪嶼,16779,玉旭神龍,6490,1900,0x00000080,,6470,2145,1,mpc
319,鷗揚浪嶼,16790,銳鱗海蛇,5734,750,0x00000040,,3991,936,6,mpc
319,鷗揚浪嶼,16791,東瀛漂流者,5637,775,0x00000002,,2680,1088,6,mpc
319,鷗揚浪嶼,16792,腐毒仙蛾,8509,800,0x00000100,,3703,1408,5,mpc
319,鷗揚浪嶼,16793,赤燄仙蛾,8510,830,0x00000100,,2753,2654,5,mpc
319,鷗揚浪嶼,16794,浪嶼角龜,5201,850,0x00000080,,2457,3422,6,mpc
319,鷗揚浪嶼,16795,藤索花魔,8536,875,0x00000010,,2984,4553,5,mpc
319,鷗揚浪嶼,16796,紅傘花妖,5143,900,0x00000010,,1663,4261,6,mpc
320,璇鶯鎮,16765,炙紋飛狐,6488,1050,0x00001000,,2730,784,5,mpc
320,璇鶯鎮,16771,南冥鐵騎,6496,1010,0x00000002,,2959,3053,4,mpc
320,璇鶯鎮,16774,紅冠獵女,6499,950,0x00000002,,4382,1105,7,mpc
320,璇鶯鎮,16778,紫電雷龍,6483,960,0x00000400,,4250,4771,2,mpc
320,璇鶯鎮,16797,萬變天蛾,8511,920,0x00000100,,5616,1265,5,mpc
320,璇鶯鎮,16798,護城貓熊,6485,940,0x00000080,,5340,593,5,mpc
320,璇鶯鎮,16799,京師密探,6108,960,0x00000001,,4971,869,1,mpc
320,璇鶯鎮,16800,京師斥侯,6110,970,0x00000001,,3834,1960,5,mpc
320,璇鶯鎮,16801,黑市保鑣,5582,980,0x00000002,,4552,3108,6,mpc
320,璇鶯鎮,16802,天門教徒,5298,990,0x00000002,,1732,2229,6,mpc
321,祥鷺古街,16767,紫轅龍龜,6491,1585,0x00000080,,1695,4603,3,mpc
321,祥鷺古街,16770,衛遼神獸,6495,1540,0x00001000,,5066,3832,6,mpc
321,祥鷺古街,16772,血鞭騎兵,6497,1480,0x00000002,,1913,945,6,mpc
321,祥鷺古街,16774,紅冠獵女,6499,950,0x00000002,,3612,1567,5,mpc
321,祥鷺古街,16775,血怨鬼刀兵,8502,1450,0x00000002,,4592,1590,6,mpc
321,祥鷺古街,16803,天門隨者,8512,1465,0x00000002,,5762,2575,1,mpc
321,祥鷺古街,16804,巫毒魅手,8531,1495,0x00000002,,1634,3061,5,mpc
321,祥鷺古街,16805,天門巫覡,8532,1510,0x00000002,,2197,2698,6,mpc
321,祥鷺古街,16806,京師叛軍,8533,1525,0x00000002,,4369,3421,5,mpc
321,祥鷺古街,16807,棄禪邪僧,8535,1555,0x00000001,,4812,4715,5,mpc
321,祥鷺古街,16808,私贓密運客,8534,1570,0x00000002,,3832,4694,6,mpc
322,燕蕩嶺,16761,鎧蜘蛛,6481,1560,0x00000040,,1951,3200,5,mpc
322,燕蕩嶺,16766,食人魔花,6489,1500,0x00000010,,5496,3265,7,mpc
322,燕蕩嶺,16777,處刑機兵,8506,1620,0x00000200,,1837,541,6,mpc
322,燕蕩嶺,16809,狩命獵手,8515,1515,0x00000002,,3828,3733,7,mpc
322,燕蕩嶺,16810,蝕骨毒蠶,8518,1530,0x00000040,,3362,3985,6,mpc
322,燕蕩嶺,16811,峭影山凶,8517,1545,0x00001000,,3102,3737,5,mpc
322,燕蕩嶺,16812,縱岳神龍,8519,1575,0x00000400,,2474,1601,4,mpc
322,燕蕩嶺,16813,落燕豹騎,8523,1590,0x00000002,,3964,2193,5,mpc
322,燕蕩嶺,16814,吞龍獄狼,8521,1605,0x00001000,,3913,976,6,mpc
322,燕蕩嶺,16815,天門秀衛,8513,1635,0x00000002,,2268,480,5,mpc
323,五鷹閣,16773,奇樞機人,6498,1660,0x00000200,,5514,4202,10,mpc
323,五鷹閣,16781,天門教至尊,8504,1899,0x00002000,,,,0,user-confirmed location
323,五鷹閣,16784,仿神．女媧磁偶,8508,1855,0x00002000,,1436,4240,1,mpc
323,五鷹閣,16817,機關鐵衛,8530,1665,0x00000200,,5573,4459,10,mpc
323,五鷹閣,16818,衛閣精銳,8514,1675,0x00000002,,5697,2729,6,mpc
323,五鷹閣,16819,衛閣捍領,8516,1675,0x00000002,,6035,2549,6,mpc
323,五鷹閣,16820,衛閣妖蛾,8537,1680,0x00000200,,5811,2725,6,mpc
323,五鷹閣,16821,控軍機人,8528,1690,0x00000200,,1536,4305,7,mpc
323,五鷹閣,16822,仿生木狐,6478,1695,0x00000200,,1662,4115,7,mpc
323,五鷹閣,16823,仿生銅蛛,6481,1700,0x00000200,,1362,4395,7,mpc
323,五鷹閣,16824,衛閣虎騎,8525,1710,0x00000200,,2036,2547,8,mpc
323,五鷹閣,16825,衛閣豹騎,8524,1710,0x00000200,,2351,2763,8,mpc
323,五鷹閣,16826,原型機兵,8529,1725,0x00000200,,3414,1228,8,mpc
323,五鷹閣,16827,無瑕機人,8527,1725,0x00000200,,2662,864,8,mpc
323,五鷹閣,16828,天門暴獸,8526,1740,0x00000020,,2912,610,4,mpc
323,五鷹閣,16829,仿生鐵龍,8520,1750,0x00000200,,2555,1152,5,mpc
324,修羅級五鷹閣,16781,天門教至尊,8504,1899,0x00002000,,,,0,user-confirmed location
324,修羅級五鷹閣,17013,<機關鐵衛>,8530,1765,0x00000200,,5267,4360,12,mpc
324,修羅級五鷹閣,17014,<衛閣精銳>,8514,1775,0x00000002,,5649,2180,9,mpc
324,修羅級五鷹閣,17015,<衛閣捍領>,8516,1775,0x00000002,,5649,2868,9,mpc
324,修羅級五鷹閣,17016,<衛閣妖蛾>,8537,1780,0x00000200,,5134,2367,9,mpc
324,修羅級五鷹閣,17017,<控軍機人>,8528,1790,0x00000200,,1536,4305,9,mpc
324,修羅級五鷹閣,17018,<仿生木狐>,6478,1795,0x00000200,,1662,4147,9,mpc
324,修羅級五鷹閣,17019,<仿生銅蛛>,6481,1800,0x00000200,,1362,4395,9,mpc
324,修羅級五鷹閣,17020,<衛閣虎騎>,8525,1810,0x00000200,,2519,2996,11,mpc
324,修羅級五鷹閣,17021,<衛閣豹騎>,8524,1810,0x00000200,,2383,2795,11,mpc
324,修羅級五鷹閣,17022,<原型機兵>,8529,1825,0x00000200,,3414,1228,8,mpc
324,修羅級五鷹閣,17023,<無瑕機人>,8527,1825,0x00000200,,2662,864,8,mpc
324,修羅級五鷹閣,17024,<天門暴獸>,8526,1840,0x00000020,,2912,610,4,mpc
324,修羅級五鷹閣,17025,<仿生鐵龍>,8520,1850,0x00000200,,2555,1152,5,mpc
324,修羅級五鷹閣,17026,<仿神．女媧磁偶>,8508,1955,0x00002000,,1436,4240,1,mpc
324,修羅級五鷹閣,17028,絕．玉旭神龍,6490,2000,0x00002000,,2374,737,1,mpc
324,修羅級五鷹閣,17030,<奇樞機人>,6498,1760,0x00000200,,5514,4202,12,mpc
324,修羅級五鷹閣,17031,衛玉龍丞,5862,1880,0x00000400,,2652,772,9,mpc
330,琉瑯岩灣,17048,童魚,8586,660,0x00000800,,1440,2861,7,mpc
330,琉瑯岩灣,17049,海蝸牛,8583,680,0x00000020,,1718,1826,7,mpc
330,琉瑯岩灣,17050,大蛤蟆,8582,760,0x00000040,,6009,1504,7,mpc
330,琉瑯岩灣,17051,觀海斥侯,8628,850,0x00000002,,4372,5003,7,mpc
330,琉瑯岩灣,17052,巨顎陸行鯊,8577,900,0x00004000,,2347,5474,3,mpc
330,琉瑯岩灣,17074,雨陽蜥,5498,700,0x00000080,,2594,1332,5,mpc
330,琉瑯岩灣,17075,寒洞蟒,8608,720,0x00000040,,1693,5046,5,mpc
330,琉瑯岩灣,17076,珠蟾蜍,8609,745,0x00000020,,4045,1053,5,mpc
330,琉瑯岩灣,17077,鬃公羊,8610,780,0x00000080,,5447,1279,7,mpc
330,琉瑯岩灣,17078,牛樟根,6435,800,0x00000010,,6854,3648,4,mpc
330,琉瑯岩灣,17079,部落獒犬,8611,825,0x00000080,,4619,4774,5,mpc
331,臺興中州,17053,蠑螈,8606,930,0x00004000,,2313,5122,6,mpc
331,臺興中州,17054,狼人,8580,1015,0x00000020,,2806,2653,8,mpc
331,臺興中州,17055,達律族民,8631,1095,0x00000002,,6595,2276,7,mpc
331,臺興中州,17056,達律族女,8632,1100,0x00000002,,6212,2516,7,mpc
331,臺興中州,17080,梅花鹿,5827,950,0x00001000,,2022,4669,6,mpc
331,臺興中州,17081,藏富鼠,8612,970,0x00000080,,1165,3922,5,mpc
331,臺興中州,17082,後里駿馬,5404,990,0x00000080,,1988,3892,5,mpc
331,臺興中州,17083,尊主山豬,8613,1035,0x00000080,,4425,3858,7,mpc
331,臺興中州,17084,慶季客,5488,1055,0x00000002,,4621,4379,6,mpc
331,臺興中州,17085,部落戰狼,8614,1075,0x00001000,,3947,3712,10,mpc
331,臺興中州,17086,降駕狂戰,8615,1130,0x00000002,,5929,930,3,mpc
332,旭陽山徑,17057,厚絨犀,8578,1130,0x00000080,,3670,5372,7,mpc
332,旭陽山徑,17058,戰嵐女巫,8579,1225,0x00000002,,2925,3385,9,mpc
332,旭陽山徑,17059,泰源黑熊,8607,1310,0x00000080,,5556,1643,4,mpc
332,旭陽山徑,17087,部落戰虎,8616,1150,0x00000080,,3232,5138,5,mpc
332,旭陽山徑,17088,戰嵐斥侯,8573,1170,0x00000002,,4633,5216,5,mpc
332,旭陽山徑,17089,戰嵐女衛,8572,1190,0x00000002,,6503,3125,7,mpc
332,旭陽山徑,17090,戰嵐男衛,8571,1200,0x00000002,,5830,3797,7,mpc
332,旭陽山徑,17091,泰源翡雀,8617,1250,0x00000800,,3805,3712,6,mpc
332,旭陽山徑,17092,泰源巨猿,8618,1270,0x00000080,,1788,2134,8,mpc
332,旭陽山徑,17093,戰嵐拳士,8619,1290,0x00000002,,5185,1520,5,mpc
332,旭陽山徑,17094,黃金鳳,8620,1330,0x00000800,,5984,1124,3,mpc
333,泰源大社,17060,戰嵐術師,8576,1510,0x00000002,,4368,1748,6,mpc
333,泰源大社,17061,古祖咒靈,8581,1620,0x00000008,,5950,4641,6,mpc
333,泰源大社,17085,部落戰狼,8614,1075,0x00001000,,6912,5321,1,mpc
333,泰源大社,17095,戰嵐先銳,8630,1470,0x00000002,,4138,1910,8,mpc
333,泰源大社,17096,戰嵐襲兵,8629,1485,0x00000002,,6377,2370,8,mpc
333,泰源大社,17097,山嬰魚,8633,1530,0x00000800,,4484,1339,5,mpc
333,泰源大社,17098,神谷藍鵲,8621,1555,0x00000100,,5623,2352,6,mpc
333,泰源大社,17099,巨峰蛤蟆,8635,1580,0x00000040,,3531,870,5,mpc
333,泰源大社,17100,原鳳蝶精,8622,1600,0x00000010,,5976,4292,5,mpc
334,始祖巨林,17062,遠古樹人,8584,1660,0x00000010,,3878,4363,8,mpc
334,始祖巨林,17063,雲霓花狸,8641,1680,0x00000080,,3238,4233,5,mpc
334,始祖巨林,17068,玉旭幼龍,8590,1800,0x00000400,,3200,971,5,mpc
334,始祖巨林,17069,始祖劾龍王,8591,1999,0x00002000,,2894,599,1,mpc
334,始祖巨林,17072,風靈祖花精,8588,1900,0x00000010,,4047,3185,1,mpc
334,始祖巨林,17101,林口活蔓,8503,1600,0x00000010,,5318,5533,6,mpc
334,始祖巨林,17102,植生異人,8623,1615,0x00000008,,5771,5101,4,mpc
334,始祖巨林,17103,翠絲天蠶,8624,1630,0x00000040,,4603,5373,6,mpc
334,始祖巨林,17104,綠影遊蝸,8638,1645,0x00000020,,3849,4781,8,mpc
334,始祖巨林,17121,噬肉活苞,6489,1735,0x00000010,,5730,1108,7,mpc
334,始祖巨林,17122,太古樹衛,8639,1760,0x00000010,,4660,1554,6,mpc
334,始祖巨林,17123,怒拳狼王,8640,1780,0x00000020,,3490,1245,5,mpc
334,始祖巨林,17124,虹輝聖狸,8585,1790,0x00000080,,4214,1780,4,mpc
335,始祖巨林．東,17064,戰嵐烈英,8574,1635,0x00000002,,1391,5328,6,mpc
335,始祖巨林．東,17065,戰嵐雄豪,8575,1645,0x00000002,,2172,5307,6,mpc
335,始祖巨林．東,17066,號雨贔屭,8589,1745,0x00000400,,1277,1597,4,mpc
335,始祖巨林．東,17071,曲水祖花精,8656,1900,0x00000010,,4431,2161,1,mpc
335,始祖巨林．東,17105,育生水元,5333,1660,0x00000010,,3888,5133,5,mpc
335,始祖巨林．東,17106,澄清水蟆,8636,1670,0x00000040,,3426,3131,6,mpc
335,始祖巨林．東,17107,玉娃魚,8634,1680,0x00000800,,5074,3341,6,mpc
335,始祖巨林．東,17108,凝水晶體,5485,1690,0x00000200,,3497,2621,6,mpc
335,始祖巨林．東,17109,明潭水靈,5953,1700,0x00000010,,5177,2358,5,mpc
335,始祖巨林．東,17110,冰影飛貂,5649,1710,0x00000080,,3990,2244,6,mpc
335,始祖巨林．東,17111,泅水青龍,8625,1720,0x00000400,,4006,1693,4,mpc
335,始祖巨林．東,17112,萬年龍龜,8626,1730,0x00000400,,3300,902,4,mpc
336,始祖巨林．西,17064,戰嵐烈英,8574,1635,0x00000002,,4840,5360,8,mpc
336,始祖巨林．西,17065,戰嵐雄豪,8575,1645,0x00000002,,6053,5483,8,mpc
336,始祖巨林．西,17067,燃宇皇蛇,8587,1775,0x00000040,,6576,1531,4,mpc
336,始祖巨林．西,17070,燃箭祖花精,8657,1900,0x00000010,,3599,2321,1,mpc
336,始祖巨林．西,17113,焚風火源,5332,1690,0x00000400,,2850,4226,7,mpc
336,始祖巨林．西,17114,煉獄火蟆,8637,1700,0x00000040,,2864,3266,8,mpc
336,始祖巨林．西,17115,炎池潛蠑,8642,1710,0x00004000,,1949,3577,8,mpc
336,始祖巨林．西,17116,天門殘兇,8627,1720,0x00000002,,3714,3801,8,mpc
336,始祖巨林．西,17117,阿鼻火靈,5950,1730,0x00000010,,2651,777,8,mpc
336,始祖巨林．西,17118,披火旱犀,8643,1740,0x00000080,,3961,1291,6,mpc
336,始祖巨林．西,17119,玉火鳳凰,5206,1750,0x00000800,,5444,1110,4,mpc
336,始祖巨林．西,17120,極沸蠑螈,8644,1760,0x00004000,,6013,1259,4,mpc
336,始祖巨林．西,17143,燃箭衛士,8573,1170,0x00000002,,552,576,1,mpc
337,玉旭之巔,17073,布雷克,8593,1999,0x00002000,,3365,483,1,mpc
337,玉旭之巔,17125,戰嵐勇將,8571,1730,0x00000002,,2016,4404,8,mpc
337,玉旭之巔,17126,戰嵐女將,8574,1735,0x00000002,,2287,4719,8,mpc
337,玉旭之巔,17127,戰嵐角犀,8578,1740,0x00000080,,2577,4715,11,mpc
337,玉旭之巔,17128,戰嵐狂將,8573,1750,0x00000200,,5255,4587,5,mpc
337,玉旭之巔,17129,戰嵐鱗鱷,8577,1770,0x00000200,,4707,4435,10,mpc
337,玉旭之巔,17130,戰嵐盲巫,8576,1780,0x00000200,,5680,4935,5,mpc
337,玉旭之巔,17131,天湖櫻魚,8586,1785,0x00000200,,5358,5109,6,mpc
337,玉旭之巔,17132,戰嵐悍尊長,8575,1795,0x00000200,,3873,3390,8,mpc
337,玉旭之巔,17133,焦灼火蝸,8651,1800,0x00000200,,4528,3143,8,mpc
337,玉旭之巔,17134,焰痕怒熊,8652,1810,0x00000200,,4177,3372,8,mpc
337,玉旭之巔,17135,赤煉祖魂,8653,1815,0x00000020,,4251,3114,9,mpc
337,玉旭之巔,17136,焚旱樹人,8654,1820,0x00000200,,3943,3169,7,mpc
337,玉旭之巔,17137,三昧幼龍,8655,1830,0x00000200,,1549,3012,1,mpc
337,玉旭之巔,17138,飛狼,8580,1850,0x00000002,,5756,2289,7,mpc
337,玉旭之巔,17139,風花雪貍,8585,1860,0x00000002,,5161,2264,7,mpc
337,玉旭之巔,17140,風中蟾蜍,8582,1870,0x00000200,,4496,2206,11,mpc
337,玉旭之巔,17141,迎風羽蛇,8587,1885,0x00000200,,5916,1939,6,mpc
338,修羅級玉旭之巔,17134,焰痕怒熊,8652,1810,0x00000200,,4177,3372,8,mpc
338,修羅級玉旭之巔,17285,<戰嵐勇將>,8571,1750,0x00000002,,2016,4404,8,mpc
338,修羅級玉旭之巔,17286,<戰嵐女將>,8574,1755,0x00000002,,2287,4719,8,mpc
338,修羅級玉旭之巔,17287,<戰嵐角犀>,8578,1760,0x00000080,,2577,4715,11,mpc
338,修羅級玉旭之巔,17288,<戰嵐狂將>,8573,1770,0x00000200,,5255,4587,5,mpc
338,修羅級玉旭之巔,17289,<戰嵐鱗鱷>,8577,1790,0x00000200,,6077,4890,6,mpc
338,修羅級玉旭之巔,17290,<戰嵐盲巫>,8576,1800,0x00000200,,5680,4935,5,mpc
338,修羅級玉旭之巔,17291,<天湖櫻魚>,8586,1805,0x00000200,,5358,5109,6,mpc
338,修羅級玉旭之巔,17292,<戰嵐悍尊長>,8575,1815,0x00000200,,3873,3390,8,mpc
338,修羅級玉旭之巔,17293,<焦灼火蝸>,8651,1820,0x00000200,,4528,3143,8,mpc
338,修羅級玉旭之巔,17294,焰痕怒熊,8652,1830,0x00000200,,3908,1104,4,mpc
338,修羅級玉旭之巔,17295,<赤煉祖魂>,8653,1835,0x00000020,,4251,3114,9,mpc
338,修羅級玉旭之巔,17296,<焚旱樹人>,8654,1840,0x00000200,,3943,3169,7,mpc
338,修羅級玉旭之巔,17297,<三昧幼龍>,8655,1850,0x00000200,,1549,3012,1,mpc
338,修羅級玉旭之巔,17298,<飛狼>,8580,1870,0x00000002,,5756,2289,7,mpc
338,修羅級玉旭之巔,17299,<風花雪貍>,8585,1880,0x00000002,,5161,2264,7,mpc
338,修羅級玉旭之巔,17300,<風中蟾蜍>,8582,1890,0x00000200,,5968,2366,7,mpc
338,修羅級玉旭之巔,17301,<迎風羽蛇>,8587,1905,0x00000200,,5516,2291,10,mpc
338,修羅級玉旭之巔,17302,玉旭神熊,8592,1999,0x00002000,,7129,2393,1,mpc
338,修羅級玉旭之巔,17303,<布雷克>,8593,1999,0x00002000,,3365,483,1,mpc
342,終末之塔ⅩⅡ,9029,守關妖將,5625,999,0x00002000,,10667,1290,5,mpc
342,終末之塔ⅩⅡ,16943,終塔之寶<XI>,5996,1,0x00002000,,8374,4756,1,mpc
342,終末之塔ⅩⅡ,17144,冥蔘化妖,6463,1600,0x00000010,111層、112層,2724,4541,22,mpc
342,終末之塔ⅩⅡ,17145,巨冥虛蔘王,6464,1700,0x00000010,,2247,4820,1,mpc
342,終末之塔ⅩⅡ,17146,自走幽藤,8503,1625,0x00000010,112層,5584,1067,21,mpc
342,終末之塔ⅩⅡ,17147,魔幻蜘蛛,5153,1650,0x00000020,114層,5873,1141,21,mpc
342,終末之塔ⅩⅡ,17148,猛毒共生體,8645,1750,0x00000002,113層,5446,1579,1,mpc
342,終末之塔ⅩⅡ,17149,咒命夕鶴,8646,1675,0x00000800,114層、115層,8146,4883,21,mpc
342,終末之塔ⅩⅡ,17150,秩騷謎兔,8647,1700,0x00001000,115層,8438,4853,20,mpc
342,終末之塔ⅩⅡ,17151,歐印白狐,8564,1725,0x00000010,117層,12161,2160,17,mpc
342,終末之塔ⅩⅡ,17152,萬牲聚魂偶,8544,1800,0x00000200,116層,12943,8160,1,mpc
342,終末之塔ⅩⅡ,17153,淪劫尸骨,5311,1750,0x00000008,117層、118層,12716,1768,19,mpc
342,終末之塔ⅩⅡ,17154,淪劫迷者,6499,1775,0x00000002,118層、119層,5760,7088,24,mpc
342,終末之塔ⅩⅡ,17155,淪劫徊者,8502,1800,0x00000002,119層,4750,7301,14,mpc
342,終末之塔ⅩⅡ,17156,殛端電靈王,8648,1850,0x00002000,119層,4304,7264,1,mpc
342,終末之塔ⅩⅡ,17157,無影．飛燕后,8649,1900,0x00002000,120層,11152,4928,1,mpc
342,終末之塔ⅩⅡ,17158,終塔之寶<XII>,5996,1,0x00002000,,11760,4880,6,mpc
342,終末之塔ⅩⅡ,17159,虛空主宰幻影,6875,99,0x00002000,,15888,4688,4,mpc
343,終末之塔ⅩⅢ,16782,終塔石鐘,8668,1,0x00002000,,15940,4768,1,mpc
343,終末之塔ⅩⅢ,17158,終塔之寶<XII>,5996,1,0x00002000,,8922,8482,1,mpc
343,終末之塔ⅩⅢ,17236,劫掠布盜,8670,1700,0x00000002,121層,11111,1279,14,mpc
343,終末之塔ⅩⅢ,17237,殺意魔眼,5825,1725,0x00000020,122層,16183,1248,3,mpc
343,終末之塔ⅩⅢ,17238,猙獰角龜,5201,1750,0x00000080,,12729,8052,13,mpc
343,終末之塔ⅩⅢ,17239,負荊紫甲龍,6491,1800,0x00000080,123層,12143,8556,1,mpc
343,終末之塔ⅩⅢ,17240,怪物大王,5055,1775,0x00000004,124層,11246,4825,14,mpc
343,終末之塔ⅩⅢ,17241,佈霾幽蛾,8537,1800,0x00000200,125層,8880,2688,10,mpc
343,終末之塔ⅩⅢ,17242,裂地幼鮫,8671,1825,0x00004000,,8551,8626,19,mpc
343,終末之塔ⅩⅢ,17243,翻江裂地鮫,8672,1850,0x00004000,126層,8830,8531,1,mpc
343,終末之塔ⅩⅢ,17244,七災鬼侯,5826,1800,0x00000004,127層,5072,1040,13,mpc
343,終末之塔ⅩⅢ,17245,八敗命陀,5824,1825,0x00000002,128層,16008,4959,14,mpc
343,終末之塔ⅩⅢ,17246,九廢金剛,8669,1850,0x00000002,129層,4400,7286,9,mpc
343,終末之塔ⅩⅢ,17247,悽璽凍靈王,8673,1900,0x00002000,129層,4398,7140,1,mpc
343,終末之塔ⅩⅢ,17248,黑殃劫羽．黔,8570,1950,0x00002000,130層,15873,8526,1,mpc
343,終末之塔ⅩⅢ,17249,終塔之寶<XIII>,5996,1,0x00002000,,16135,8579,6,mpc
344,終末之塔ⅩⅣ,9029,守關妖將,5625,999,0x00002000,,11176,4859,1,mpc
344,終末之塔ⅩⅣ,17249,終塔之寶<XIII>,5996,1,0x00002000,,16186,1186,1,mpc
344,終末之塔ⅩⅣ,17536,鋼皮巨犀,8733,1725,0x00000080,131層、135層、137層、139層,6750,4875,57,mpc
344,終末之塔ⅩⅣ,17537,咒殼蠕蝸,8734,1750,0x00000020,131層、135層、137層、139層,7692,4349,57,mpc
344,終末之塔ⅩⅣ,17538,紫啼童魚,8633,1775,0x00000800,132層、134層,9554,2580,18,mpc
344,終末之塔ⅩⅣ,17539,空泛蝕心苞,8656,1850,0x00000010,133層,1071,4273,1,mpc
344,終末之塔ⅩⅣ,17540,迷航探偵機,8735,1800,0x00000200,134層,11209,1417,8,mpc
344,終末之塔ⅩⅣ,17541,衛塔戰偶,6498,1825,0x00000200,138層,11631,4871,9,mpc
344,終末之塔ⅩⅣ,17542,虛浮穿耳龍,8663,1900,0x00000400,136層,5421,1540,1,mpc
344,終末之塔ⅩⅣ,17543,卜虛盲巫,8736,1850,0x00000002,138層,11308,4791,9,mpc
344,終末之塔ⅩⅣ,17544,無方冥念王,8737,1910,0x00002000,139層,4398,7140,1,mpc
344,終末之塔ⅩⅣ,17545,虛空幻熊主,8738,1950,0x00002000,140層,15826,8453,1,mpc
344,終末之塔ⅩⅣ,17546,終塔之寶<XIV>,5996,1,0x00002000,,15991,8488,6,mpc
345,終末之塔ⅩⅤ,9029,守關妖將,5625,999,0x00002000,,5546,1114,5,mpc
345,終末之塔ⅩⅤ,15723,躍昇妖玉,5923,1,0x00002000,,2188,4356,2,mpc
345,終末之塔ⅩⅤ,17546,終塔之寶<XIV>,5996,1,0x00002000,,15975,4740,1,mpc
345,終末之塔ⅩⅤ,17608,衛塔金獸,8723,1700,0x00000002,141層、143層,8699,7757,10,mpc
345,終末之塔ⅩⅤ,17609,吸魄蛛精,8702,1725,0x00000020,141層、143層,9165,7736,12,mpc
345,終末之塔ⅩⅤ,17610,換血戰兵,8685,1750,0x00000080,142層、144層,12400,7856,19,mpc
345,終末之塔ⅩⅤ,17611,褪殼白飛黽,8776,1800,0x00008000,143層,9701,627,1,mpc
345,終末之塔ⅩⅤ,17612,覷命射手,8681,1775,0x00000004,144層、145層,12720,1776,15,mpc
345,終末之塔ⅩⅤ,17613,青綸邪士,8693,1800,0x00000200,144層,7729,4424,17,mpc
345,終末之塔ⅩⅤ,17614,合成馬蟻,8794,1825,0x00004000,145層,16033,5006,8,mpc
345,終末之塔ⅩⅤ,17615,宇外兇鬥士,8752,1850,0x00008000,146層,7061,4224,1,mpc
345,終末之塔ⅩⅤ,17616,月光鋼豹,8761,1800,0x00000004,147層,6850,4093,17,mpc
345,終末之塔ⅩⅤ,17617,鉑皮械熊,8773,1825,0x00000002,147層、149層,4138,6324,18,mpc
345,終末之塔ⅩⅤ,17618,吞星大饕,8780,1850,0x00000002,148層、149層,3681,6558,24,mpc
345,終末之塔ⅩⅤ,17619,葫蔓幽咒王,8797,1900,0x00002000,149層,4488,7219,1,mpc
345,終末之塔ⅩⅤ,17620,陰間大法師,8798,1950,0x00002000,150層,15741,690,1,mpc
345,終末之塔ⅩⅤ,17621,終塔之寶<XV>,5996,1,0x00002000,,16527,764,6,mpc
345,終末之塔ⅩⅤ,17625,終末邪龍鎮,5992,1700,0x00000200,,8412,2358,2,mpc
346,終末之塔ⅩⅥ,17621,終塔之寶<XV>,5996,1,0x00002000,,15936,8384,1,mpc
346,終末之塔ⅩⅥ,17911,泥侏鏟工,5519,1710,0x00000002,151層、153層,8519,4805,17,mpc
346,終末之塔ⅩⅥ,17912,泥侏掘鎬,5520,1735,0x00000002,151層、152層,8337,4991,16,mpc
346,終末之塔ⅩⅥ,17913,泥侏爆師,5528,1760,0x00000002,152層、153層,11865,2185,15,mpc
346,終末之塔ⅩⅥ,17914,泥侏大酋長,5524,1810,0x00000002,153層,10835,1222,1,mpc
346,終末之塔ⅩⅥ,17915,瓦沼食人族,8628,1785,0x00000002,154層、156層,8282,7939,12,mpc
346,終末之塔ⅩⅥ,17916,瓦沼屠婆,8632,1810,0x00000002,154層、155層、156層,8914,7693,19,mpc
346,終末之塔ⅩⅥ,17917,瓦沼骨夫,8631,1835,0x00000002,155層、156層,9792,8768,15,mpc
346,終末之塔ⅩⅥ,17918,瓦沼翼蛇神,8587,1860,0x00000040,156層,9429,8811,1,mpc
346,終末之塔ⅩⅥ,17919,影國弓兵,8854,1810,0x00008000,157層、159層,6174,7247,19,mpc
346,終末之塔ⅩⅥ,17920,影國策士,8855,1835,0x00008000,157層、158層、159層,5873,7138,28,mpc
346,終末之塔ⅩⅥ,17921,影國步兵,8853,1860,0x00008000,158層、159層,3315,6720,22,mpc
346,終末之塔ⅩⅥ,17922,赤目總司令,8690,1910,0x00002000,159層,4398,7140,1,mpc
346,終末之塔ⅩⅥ,17923,星沉鋼翼虎,8708,1960,0x00002000,160層,16055,4641,1,mpc
346,終末之塔ⅩⅥ,17924,終塔之寶<XVI>,5996,1,0x00002000,,15827,4748,5,mpc
347,終末之塔ⅩⅦ,15723,躍昇妖玉,5923,1,0x00002000,,3958,7738,6,mpc
347,終末之塔ⅩⅦ,17924,終塔之寶<XVI>,5996,1,0x00002000,,12270,1932,1,mpc
347,終末之塔ⅩⅦ,17967,碎骨者‧強,6893,1720,0x00000020,161層、162層,2721,4496,16,mpc
347,終末之塔ⅩⅦ,17968,鳴金雲龍,8519,1745,0x00000400,161層,2487,4534,15,mpc
347,終末之塔ⅩⅦ,17969,宮國娃魚,8633,1770,0x00000800,162層、164層,14935,4779,15,mpc
347,終末之塔ⅩⅦ,17970,硫炎咒魔殼,5814,1825,0x00000200,161層,6575,5292,1,mpc
347,終末之塔ⅩⅦ,17971,悲春僧祇,5903,1780,0x00000020,164層,15141,4944,21,mpc
347,終末之塔ⅩⅦ,17972,太淵獵魂將,5476,1850,0x00000002,163層,12743,8025,1,mpc
347,終末之塔ⅩⅦ,17973,傷秋劍徒,6454,1800,0x00000002,165層、166層、169層,10522,5081,22,mpc
347,終末之塔ⅩⅦ,17974,緞衣說客,6473,1820,0x00000002,165層、168層,5878,7155,16,mpc
347,終末之塔ⅩⅦ,17975,崩塔鉤蟊,8879,1840,0x00000040,166層、167層,5646,1349,18,mpc
347,終末之塔ⅩⅦ,17976,魔怔悍將,5532,1860,0x00000002,167層、168層、169層,5414,6959,24,mpc
347,終末之塔ⅩⅦ,17977,六宇寰魔見,5843,1880,0x00000020,166層,12106,4807,1,mpc
347,終末之塔ⅩⅦ,17978,芬普尼猞猁,8779,1880,0x00008000,168層、169層,5546,7417,17,mpc
347,終末之塔ⅩⅦ,17979,魔梵鬼統主,8877,1920,0x00000004,169層,9449,8831,1,mpc
347,終末之塔ⅩⅦ,17980,燭懨獄鰲龍,8677,1970,0x00000080,170層,1200,1135,1,mpc
347,終末之塔ⅩⅦ,17981,終塔之寶<XVII>,5996,1,0x00002000,,994,1214,5,mpc
347,終末之塔ⅩⅦ,17986,譚霸天,5678,2000,0x00000001,,8600,8874,2,mpc
352,長阪坡,17214,虎豹騎槍士,5150,240,0x00000002,,5401,3643,22,mpc
356,帝七寶仙境　壹,17350,帝．仙露花精,5143,1110,0x00000010,,6084,1870,2,mpc
356,帝七寶仙境　壹,17351,帝．松齡聖龜,5201,1120,0x00000080,,5820,1709,2,mpc
356,帝七寶仙境　壹,17352,帝．步天敖犬,5273,1130,0x00000080,,5411,1717,2,mpc
356,帝七寶仙境　壹,17353,帝．萬曆星將,5396,1140,0x00000001,,5168,1835,2,mpc
356,帝七寶仙境　壹,17354,帝．幻月銀狼,5407,1150,0x00001000,,4938,2007,2,mpc
356,帝七寶仙境　壹,17355,帝．岩羅角獸,5477,1160,0x00000080,,6002,2173,2,mpc
356,帝七寶仙境　壹,17356,帝．妙捷跳鼠,5570,1170,0x00000080,,5841,2270,2,mpc
356,帝七寶仙境　壹,17357,帝．霧隱忍武,5643,1180,0x00000002,,5434,2316,2,mpc
356,帝七寶仙境　壹,17358,帝．來世象尊,5712,1190,0x00000020,,5111,2336,2,mpc
356,帝七寶仙境　壹,17359,帝．問頂仙龍,5862,1200,0x00000400,,4837,2331,2,mpc
356,帝七寶仙境　壹,17360,〈帝〉仙露花精,5143,1210,0x00000010,,2696,2586,2,mpc
356,帝七寶仙境　壹,17361,〈帝〉松齡聖龜,5201,1220,0x00000080,,2407,2387,2,mpc
356,帝七寶仙境　壹,17362,〈帝〉步天敖犬,5273,1230,0x00000080,,2625,2804,2,mpc
356,帝七寶仙境　壹,17363,〈帝〉萬曆星將,5396,1240,0x00000001,,2091,2369,2,mpc
356,帝七寶仙境　壹,17364,〈帝〉幻月銀狼,5407,1250,0x00001000,,2423,2995,2,mpc
356,帝七寶仙境　壹,17365,〈帝〉岩羅角獸,5477,1260,0x00000080,,2049,2960,2,mpc
356,帝七寶仙境　壹,17366,〈帝〉妙捷跳鼠,5570,1270,0x00000080,,1797,2936,2,mpc
356,帝七寶仙境　壹,17367,〈帝〉霧隱忍武,5643,1280,0x00000002,,1782,2422,2,mpc
356,帝七寶仙境　壹,17368,〈帝〉來世象尊,5712,1290,0x00000020,,1580,2800,2,mpc
356,帝七寶仙境　壹,17369,〈帝〉問頂仙龍,5862,1300,0x00000400,,1379,2702,2,mpc
356,帝七寶仙境　壹,17370,《帝》仙露花精,5143,1310,0x00000010,,5197,3800,2,mpc
356,帝七寶仙境　壹,17371,《帝》松齡聖龜,5201,1320,0x00000080,,5499,3676,2,mpc
356,帝七寶仙境　壹,17372,《帝》步天敖犬,5273,1330,0x00000080,,5722,3788,2,mpc
356,帝七寶仙境　壹,17373,《帝》萬曆星將,5396,1340,0x00000001,,5927,3693,2,mpc
356,帝七寶仙境　壹,17374,《帝》幻月銀狼,5407,1350,0x00001000,,6065,3834,2,mpc
356,帝七寶仙境　壹,17375,《帝》岩羅角獸,5477,1360,0x00000080,,6194,3679,2,mpc
356,帝七寶仙境　壹,17376,《帝》妙捷跳鼠,5570,1370,0x00000080,,6393,3823,2,mpc
356,帝七寶仙境　壹,17377,《帝》霧隱忍武,5643,1380,0x00000002,,6337,3448,2,mpc
356,帝七寶仙境　壹,17378,《帝》來世象尊,5712,1390,0x00000020,,6439,3583,2,mpc
356,帝七寶仙境　壹,17379,《帝》問頂仙龍,5862,1400,0x00000400,,6585,3495,2,mpc
360,神七寶仙境　壹,18035,神．仙露花精,5143,1150,0x00000010,,6084,1870,2,mpc
360,神七寶仙境　壹,18036,神．松齡聖龜,5201,1175,0x00000080,,5820,1709,2,mpc
360,神七寶仙境　壹,18037,神．步天敖犬,5273,1200,0x00000080,,5411,1717,2,mpc
360,神七寶仙境　壹,18038,神．萬曆星將,5396,1225,0x00000001,,5168,1835,2,mpc
360,神七寶仙境　壹,18039,神．幻月銀狼,5407,1250,0x00001000,,4938,2007,2,mpc
360,神七寶仙境　壹,18040,神．岩羅角獸,5477,1270,0x00000080,,6002,2173,2,mpc
360,神七寶仙境　壹,18041,神．妙捷跳鼠,5570,1290,0x00000080,,5841,2270,2,mpc
360,神七寶仙境　壹,18042,神．霧隱忍武,5643,1310,0x00000002,,5434,2316,2,mpc
360,神七寶仙境　壹,18043,神．來世象尊,5712,1330,0x00000020,,5111,2336,2,mpc
360,神七寶仙境　壹,18044,神．問頂仙龍,5862,1350,0x00000400,,4837,2331,2,mpc
360,神七寶仙境　壹,18045,〈神〉仙露花精,5143,1250,0x00000010,,2696,2586,2,mpc
360,神七寶仙境　壹,18046,〈神〉松齡聖龜,5201,1275,0x00000080,,2407,2387,2,mpc
360,神七寶仙境　壹,18047,〈神〉步天敖犬,5273,1300,0x00000080,,2625,2804,2,mpc
360,神七寶仙境　壹,18048,〈神〉萬曆星將,5396,1325,0x00000001,,2091,2369,2,mpc
360,神七寶仙境　壹,18049,〈神〉幻月銀狼,5407,1350,0x00001000,,2423,2995,2,mpc
360,神七寶仙境　壹,18050,〈神〉岩羅角獸,5477,1370,0x00000080,,2049,2960,2,mpc
360,神七寶仙境　壹,18051,〈神〉妙捷跳鼠,5570,1390,0x00000080,,1797,2936,2,mpc
360,神七寶仙境　壹,18052,〈神〉霧隱忍武,5643,1410,0x00000002,,1782,2422,2,mpc
360,神七寶仙境　壹,18053,〈神〉來世象尊,5712,1430,0x00000020,,1580,2800,2,mpc
360,神七寶仙境　壹,18054,〈神〉問頂仙龍,5862,1450,0x00000400,,1379,2702,2,mpc
360,神七寶仙境　壹,18055,《神》仙露花精,5143,1400,0x00000010,,5197,3800,2,mpc
360,神七寶仙境　壹,18056,《神》松齡聖龜,5201,1425,0x00000080,,5499,3676,2,mpc
360,神七寶仙境　壹,18057,《神》步天敖犬,5273,1450,0x00000080,,5722,3788,2,mpc
360,神七寶仙境　壹,18058,《神》萬曆星將,5396,1475,0x00000001,,5927,3693,2,mpc
360,神七寶仙境　壹,18059,《神》幻月銀狼,5407,1500,0x00001000,,6065,3834,2,mpc
360,神七寶仙境　壹,18060,《神》岩羅角獸,5477,1520,0x00000080,,6194,3679,2,mpc
360,神七寶仙境　壹,18061,《神》妙捷跳鼠,5570,1540,0x00000080,,6393,3823,2,mpc
360,神七寶仙境　壹,18062,《神》霧隱忍武,5643,1560,0x00000002,,6337,3448,2,mpc
360,神七寶仙境　壹,18063,《神》來世象尊,5712,1580,0x00000020,,6439,3583,2,mpc
360,神七寶仙境　壹,18064,《神》問頂仙龍,5862,1600,0x00000400,,6585,3495,2,mpc
361,白苗峽岸,17391,方舟電眼,8696,720,0x00008000,,3958,3139,5,mpc
361,白苗峽岸,17392,方舟銀豹,8697,740,0x00000200,,3224,4061,7,mpc
361,白苗峽岸,17393,岷白迅伕,8628,760,0x00000002,,3604,4223,5,mpc
361,白苗峽岸,17394,岷白戰士,8631,780,0x00000002,,1508,4807,5,mpc
361,白苗峽岸,17395,合成蜥人,8667,800,0x00000020,,1706,4308,6,mpc
361,白苗峽岸,17396,方舟金豹,8723,825,0x00000200,,2205,1746,4,mpc
361,白苗峽岸,17397,合成鷹人,8724,850,0x00000020,,5997,3261,4,mpc
361,白苗峽岸,17398,岷白山羌,8725,875,0x00000080,,3663,2693,4,mpc
361,白苗峽岸,17399,岷白鬥雄,8726,900,0x00000002,,3588,1130,2,mpc
361,白苗峽岸,17400,輻射花,8727,925,0x00000010,,4647,1527,4,mpc
361,白苗峽岸,17401,合成獅人,8701,950,0x00000080,,5038,935,6,mpc
362,葭雲廣原,17402,合成豹人,8728,975,0x00000020,,4251,1798,4,mpc
362,葭雲廣原,17403,戰嵐難民,8630,1000,0x00000002,,3315,576,5,mpc
362,葭雲廣原,17404,戰嵐敗兵,8629,1025,0x00000002,,4059,546,4,mpc
362,葭雲廣原,17405,低語魔樹,5306,1050,0x00000010,,4491,838,4,mpc
362,葭雲廣原,17406,機動木兵,8729,1075,0x00000200,,2571,2313,5,mpc
362,葭雲廣原,17407,合成蛛女,8702,1100,0x00000020,,3222,2724,7,mpc
362,葭雲廣原,17408,低吟澤膠,5307,1125,0x00000010,,3531,4507,4,mpc
362,葭雲廣原,17409,合成士兵,8730,1150,0x00000004,,2634,3234,3,mpc
362,葭雲廣原,17410,太古妖泥,8707,1175,0x00000010,,2400,5296,6,mpc
362,葭雲廣原,17411,腐化暴熊,8731,1200,0x00000080,,3257,5375,4,mpc
362,葭雲廣原,17412,合成獵手,8732,1225,0x00000002,,4080,4610,5,mpc
363,南瞻聖地,17413,低語枯榕,8744,1070,0x00000010,,5725,633,4,mpc
363,南瞻聖地,17414,方舟空拍機,8745,1095,0x00008000,,4902,2930,6,mpc
363,南瞻聖地,17415,太古魔手,6881,1120,0x00000010,,5256,1939,6,mpc
363,南瞻聖地,17416,合成浮鰻,8746,1150,0x00004000,,4388,462,4,mpc
363,南瞻聖地,17417,合成兵蜂,8747,1175,0x00000040,,739,2985,5,mpc
363,南瞻聖地,17418,方舟鐵熊,8700,1200,0x00000200,,2870,3593,6,mpc
363,南瞻聖地,17419,合成蛇女,8748,1225,0x00000020,,5657,2141,5,mpc
363,南瞻聖地,17420,太古魔膠,8749,1250,0x00000010,,3322,3254,5,mpc
363,南瞻聖地,17421,太古石龜,6644,1275,0x00000080,,1851,2827,5,mpc
363,南瞻聖地,17422,基改戰兵FLM,8705,1300,0x00008000,,2575,4161,6,mpc
363,南瞻聖地,17423,合成龍獸,8750,1325,0x00000400,,2624,3289,5,mpc
363,南瞻聖地,17463,南瞻常戰區長,8753,1500,0x00008000,,960,1600,1,mpc
364,風竹塹,17424,勞役獸人,8755,1450,0x00000004,,5314,4541,5,mpc
364,風竹塹,17425,走卒獸人,8756,1470,0x00000004,,5498,3508,5,mpc
364,風竹塹,17426,腐化蠑螈,8671,1490,0x00004000,,6377,3924,5,mpc
364,風竹塹,17427,戰嵐女巫,8757,1510,0x00000002,,5725,2758,5,mpc
364,風竹塹,17428,太古凝淤,8758,1530,0x00000002,,4182,2210,6,mpc
364,風竹塹,17429,太古沉風,6403,1550,0x00000020,,6173,1827,5,mpc
364,風竹塹,17430,複合蛛女,8759,1570,0x00000020,,2134,4410,5,mpc
364,風竹塹,17431,基改戰兵BJL,8703,1590,0x00008000,,1022,3378,7,mpc
364,風竹塹,17432,合成豬人,8760,1610,0x00000020,,2194,2553,5,mpc
364,風竹塹,17433,方舟鋼豹,8761,1625,0x00000020,,2262,1696,6,mpc
364,風竹塹,17434,方舟機兵,8699,1640,0x00008000,,3783,1683,7,mpc
364,風竹塹,17464,風竹常戰區長,8751,1690,0x00008000,,873,744,1,mpc
365,龍池大社,17430,複合蛛女,8759,1570,0x00000020,,6137,3616,3,mpc
365,龍池大社,17431,基改戰兵BJL,8703,1590,0x00008000,,5651,3375,3,mpc
365,龍池大社,17435,祕法護衛,8763,1610,0x00000010,,3531,2861,3,mpc
365,龍池大社,17436,克拉罕巨魔,8762,1630,0x00000004,,3154,2450,4,mpc
365,龍池大社,17437,法師塔學徒,8764,1650,0x00000002,,3120,1867,3,mpc
365,龍池大社,17438,複合獅人,8765,1670,0x00000080,,5280,3204,6,mpc
365,龍池大社,17439,合成尖兵,8766,1685,0x00000004,,5005,2107,4,mpc
365,龍池大社,17440,強化戰兵FLM,8767,1700,0x00008000,,5323,1650,5,mpc
365,龍池大社,17465,龍池特戰區長,8752,1780,0x00008000,,6175,2228,1,mpc
366,桃谷縱道,17441,強化戰兵BJL,8769,1690,0x00000040,,2414,3196,5,mpc
366,桃谷縱道,17442,合成巨猿,8770,1700,0x00000080,,562,3684,5,mpc
366,桃谷縱道,17443,合成巨犀,8771,1710,0x00000080,,6091,4349,5,mpc
366,桃谷縱道,17444,量產宮國步兵,8679,1725,0x00000002,,2581,3684,6,mpc
366,桃谷縱道,17445,量產宮國弓兵,8682,1725,0x00000002,,1993,2915,6,mpc
366,桃谷縱道,17446,量產宮國策士,8688,1740,0x00000002,,2872,1123,6,mpc
366,桃谷縱道,17447,方舟鉻虎,8772,1750,0x00000200,,5935,2571,6,mpc
366,桃谷縱道,17448,方舟鉻熊,8773,1760,0x00000200,,6746,2338,6,mpc
366,桃谷縱道,17449,方舟翼衛,8774,1775,0x00008000,,3787,1672,5,mpc
366,桃谷縱道,17450,合成象人,8775,1790,0x00000020,,6574,3196,4,mpc
366,桃谷縱道,17451,基改戰兵RYU,8704,1800,0x00008000,,6201,762,5,mpc
366,桃谷縱道,17466,桃谷特戰區長,8754,1900,0x00008000,,4032,1504,1,mpc
367,王統新市,17452,科技戰兵FLM,8776,1800,0x00008000,,4697,4850,7,mpc
367,王統新市,17453,科技戰兵GSW,8777,1810,0x00008000,,5314,1318,6,mpc
367,王統新市,17454,原碼改造電眼,8778,1820,0x00008000,,4458,3444,7,mpc
367,王統新市,17455,科技戰兵HLS,8779,1830,0x00008000,,4641,3996,6,mpc
367,王統新市,17456,科技戰兵BJL,8780,1840,0x00008000,,6561,2573,6,mpc
367,王統新市,17457,原碼改造戰豹,8781,1850,0x00000200,,6484,1220,7,mpc
367,王統新市,17458,原碼改造戰熊,8782,1865,0x00000200,,2197,2832,6,mpc
367,王統新市,17459,科技戰兵RYU,8783,1875,0x00008000,,4456,2291,6,mpc
367,王統新市,17460,原碼改造機兵,8784,1885,0x00008000,,3188,2998,7,mpc
367,王統新市,17461,科技戰兵BHZ,8706,1900,0x00008000,,2744,1515,6,mpc
367,王統新市,17645,太淵巨咒龜,8709,1999,0x00002000,,6756,338,1,mpc
368,蛇眼城,17467,王都精兵HLS,8701,1775,0x00008000,,5614,4155,7,mpc
368,蛇眼城,17468,王都精兵GSW,8702,1785,0x00008000,,5422,5006,7,mpc
368,蛇眼城,17469,王都精兵FLM,8705,1790,0x00008000,,5022,4334,7,mpc
368,蛇眼城,17470,高端複製步兵,8679,1830,0x00008000,,3894,3732,11,mpc
368,蛇眼城,17471,高端複製弓兵,8682,1830,0x00008000,,4185,3172,11,mpc
368,蛇眼城,17472,高端複製策士,8688,1845,0x00008000,,3289,3188,11,mpc
368,蛇眼城,17473,王都精兵BJL,8703,1865,0x00008000,,1030,1650,8,mpc
368,蛇眼城,17474,王都精兵RYU,8704,1875,0x00008000,,1686,1282,8,mpc
368,蛇眼城,17475,反向工程電眼,8696,1895,0x00008000,,5090,1102,9,mpc
368,蛇眼城,17476,王都精兵BHZ,8706,1910,0x00008000,,5522,898,7,mpc
368,蛇眼城,17477,複製宮國將軍,8690,1925,0x00002000,,6464,2016,1,mpc
368,蛇眼城,17478,冰霜反譯機虎,8791,1950,0x00002000,,763,1270,1,mpc
368,蛇眼城,17479,火燼反譯機虎,8792,1950,0x00002000,,768,2400,1,mpc
368,蛇眼城,17480,重火力．第六代,8710,1999,0x00002000,,6368,288,1,mpc
369,修羅級蛇眼城,17731,<王都精兵HLS>,8701,1800,0x00008000,,5614,4155,7,mpc
369,修羅級蛇眼城,17732,<王都精兵GSW>,8702,1810,0x00008000,,5422,5006,7,mpc
369,修羅級蛇眼城,17733,<王都精兵FLM>,8705,1815,0x00008000,,5022,4334,7,mpc
369,修羅級蛇眼城,17734,<高端複製步兵>,8679,1850,0x00008000,,3894,3732,11,mpc
369,修羅級蛇眼城,17735,<高端複製弓兵>,8682,1850,0x00008000,,4185,3172,11,mpc
369,修羅級蛇眼城,17736,<高端複製策士>,8688,1860,0x00008000,,3289,3188,11,mpc
369,修羅級蛇眼城,17737,<王都精兵BJL>,8703,1890,0x00008000,,1030,1650,8,mpc
369,修羅級蛇眼城,17738,<王都精兵RYU>,8704,1900,0x00008000,,1686,1282,8,mpc
369,修羅級蛇眼城,17739,<反向工程電眼>,8696,1905,0x00008000,,5014,1328,9,mpc
369,修羅級蛇眼城,17740,<王都精兵BHZ>,8706,1915,0x00008000,,5522,898,7,mpc
369,修羅級蛇眼城,17741,<複製宮國將軍>,8690,1925,0x00002000,,6464,2016,1,mpc
369,修羅級蛇眼城,17742,<冰霜反譯機虎>,8791,1950,0x00002000,,763,1270,1,mpc
369,修羅級蛇眼城,17743,<火燼反譯機虎>,8792,1950,0x00002000,,768,2400,1,mpc
369,修羅級蛇眼城,17744,<重火力．第六代>,8710,1999,0x00002000,,4965,1155,1,mpc
369,修羅級蛇眼城,17745,莫琳女爵,8722,1999,0x00000002,,6361,344,1,mpc
381,豫鸞南途,17813,作勢地痞,8825,750,0x00000002,,6452,1675,8,mpc
381,豫鸞南途,17814,劫財暴漢,8826,765,0x00000002,,6036,1419,8,mpc
381,豫鸞南途,17815,廣路石虎,6472,770,0x00000080,,4704,2614,7,mpc
381,豫鸞南途,17816,越霞逃兵,5120,780,0x00000002,,3188,1257,9,mpc
381,豫鸞南途,17817,天門殘黨,5091,795,0x00000002,,5531,3883,7,mpc
381,豫鸞南途,17818,穿岩蛇,8842,805,0x00000040,,3008,1593,7,mpc
381,豫鸞南途,17819,黃墘豹,8831,820,0x00000080,,4930,4992,6,mpc
381,豫鸞南途,17820,黑水刀客,8573,830,0x00000002,,3718,2432,10,mpc
381,豫鸞南途,17821,辣手椒娃,5828,840,0x00000002,,1590,3094,8,mpc
381,豫鸞南途,17822,紋面花賊,8827,850,0x00000002,,1744,4272,8,mpc
382,上龍灣,17823,瑯王巡兵,8829,880,0x00000001,,5442,1215,9,mpc
382,上龍灣,17824,浪甲魚,8843,890,0x00004000,,4954,1026,7,mpc
382,上龍灣,17825,海峰龜,5201,905,0x00000080,,4987,2742,7,mpc
382,上龍灣,17826,淺灣蛇,5355,920,0x00000040,,4651,1959,7,mpc
382,上龍灣,17827,黑水保鑣,8572,930,0x00000002,,2406,2276,9,mpc
382,上龍灣,17828,船難溺魂,5320,940,0x00000008,,5387,4070,9,mpc
382,上龍灣,17829,潮影刺客,8846,950,0x00000002,,4288,4678,7,mpc
382,上龍灣,17830,獵首傭兵,5424,960,0x00000002,,1396,4502,9,mpc
382,上龍灣,17831,瑯王秀衛,8830,975,0x00000002,,2347,4838,7,mpc
382,上龍灣,17832,驚濤龍龜,8851,990,0x00000080,,5622,4884,6,mpc
382,上龍灣,17925,石榴果,8858,1,0x00002000,,2143,1218,7,mpc
383,東駿徑,17833,東門守衛,8679,1025,0x00000002,,5223,817,8,mpc
383,東駿徑,17834,滋事百姓,8852,1040,0x00000002,,5035,1083,8,mpc
383,東駿徑,17835,弼馬夫,5784,1050,0x00000002,,6165,2178,7,mpc
383,東駿徑,17836,龍川飛駿,5404,1065,0x00000080,,5243,4589,6,mpc
383,東駿徑,17837,飛斧幫鬥員,5121,1075,0x00000002,,4315,2749,9,mpc
383,東駿徑,17838,飛斧幫打仔,8856,1085,0x00000002,,3209,3473,8,mpc
383,東駿徑,17839,飛斧幫鏢手,6009,1100,0x00000002,,3433,3793,8,mpc
383,東駿徑,17840,劣評術師,5646,1110,0x00000002,,2674,3509,9,mpc
383,東駿徑,17841,說書歪道,5088,1120,0x00000002,,1545,3985,8,mpc
383,東駿徑,17842,保安騎兵,8525,1135,0x00000002,,2712,5453,7,mpc
383,東駿徑,17907,亞忠,8828,1250,0x00008000,,767,2712,1,mpc
384,龍川府,17843,鐵拳眾,8863,1160,0x00000002,,5565,3298,8,mpc
384,龍川府,17844,鐵拳石漢,6933,1170,0x00000002,,5021,4210,8,mpc
384,龍川府,17845,相命詐徒,6594,1180,0x00000002,,4777,5727,8,mpc
384,龍川府,17846,瑞揚打手,8864,1195,0x00000002,,3362,6845,6,mpc
384,龍川府,17847,瑞揚無賴,8857,1210,0x00000002,,3012,6732,8,mpc
384,龍川府,17848,宮廟浪客,5883,1220,0x00000002,,4809,6630,7,mpc
384,龍川府,17849,頂川流氓,5634,1235,0x00000002,,5545,6736,7,mpc
384,龍川府,17850,頂川圍事,8824,1250,0x00000002,,1120,5813,8,mpc
384,龍川府,17851,瑯王強騎,6496,1260,0x00000002,,1247,3567,7,mpc
384,龍川府,17852,瑯王重裝兵,8832,1275,0x00000002,,1739,3168,5,mpc
384,龍川府,17908,龍象法王,5905,1350,0x00000002,,3302,1652,3,mpc
384,龍川府,17934,龍川殭屍,5041,1300,0x00000008,,3956,1440,14,mpc
385,龍川沿岸,17853,瑞揚大底,8868,1495,0x00000002,,3408,950,9,mpc
385,龍川沿岸,17854,鐵拳師兄,8865,1495,0x00000002,,3828,782,8,mpc
385,龍川沿岸,17855,頂川執法,5846,1495,0x00000002,,3675,1277,10,mpc
385,龍川沿岸,17856,江湖報馬仔,5765,1510,0x00000002,,3391,1582,9,mpc
385,龍川沿岸,17857,鐵拳高手,8867,1525,0x00000002,,3905,3969,8,mpc
385,龍川沿岸,17858,瑞揚紅棍,8866,1525,0x00000002,,4223,4147,7,mpc
385,龍川沿岸,17859,頂川角頭,8869,1525,0x00000002,,3784,3618,7,mpc
385,龍川沿岸,17860,和事點主,8532,1540,0x00000002,,3562,3815,8,mpc
385,龍川沿岸,17861,九界樹援軍,8835,1550,0x00008000,,5444,4495,8,mpc
385,龍川沿岸,17862,瑯王鎮暴兵,8533,1570,0x00000002,,2582,4608,7,mpc
386,越霞關,17863,萬神殿戰士,8833,1600,0x00008000,,7403,2063,9,mpc
386,越霞關,17864,萬神殿座狼,6486,1610,0x00000080,,6598,2453,10,mpc
386,越霞關,17865,龍川叛軍,5421,1620,0x00000002,,6727,1413,8,mpc
386,越霞關,17866,米德加哥布林,8874,1630,0x00008000,,4887,2596,12,mpc
386,越霞關,17867,瑯王軍花衛,8830,1640,0x00000002,,5310,2538,9,mpc
386,越霞關,17868,瑯王軍上兵,8829,1645,0x00000002,,4260,2635,12,mpc
386,越霞關,17869,萬神殿矮人戰士,8835,1650,0x00008000,,2330,3456,11,mpc
386,越霞關,17870,改造機關人,8530,1660,0x00000200,,2410,1663,8,mpc
386,越霞關,17871,萬神殿女射手,8834,1670,0x00008000,,2812,2416,10,mpc
386,越霞關,17872,九界樹花精,8727,1680,0x00000010,,3293,4454,8,mpc
387,桂熙路,17873,赤符兵,8838,1705,0x00000200,,4113,4412,12,mpc
387,桂熙路,17874,青符兵,8839,1705,0x00000200,,4819,4540,12,mpc
387,桂熙路,17875,龍川臥底,5390,1720,0x00000002,,5152,4585,12,mpc
387,桂熙路,17876,蛟符兵,6632,1735,0x00000200,,4561,4387,11,mpc
387,桂熙路,17877,越霞關叛軍,8826,1745,0x00000002,,5456,1741,10,mpc
387,桂熙路,17878,瑯王鐵碎軍,8832,1760,0x00000002,,6034,1113,8,mpc
387,桂熙路,17879,裂隙燐妖,5882,1770,0x00008000,,2438,1890,7,mpc
387,桂熙路,17880,黑狂信者,8875,1775,0x00000002,,3570,937,9,mpc
387,桂熙路,17881,洗腦穢泥,8873,1785,0x00008000,,2006,1645,8,mpc
387,桂熙路,17882,深淵石魔,8844,1800,0x00008000,,1684,1469,7,mpc
387,桂熙路,17909,咒符將．烏羽仙道,8504,1780,0x00000200,,4335,438,1,mpc
388,朗星街,17883,瑯王新民兵,8856,1820,0x00000002,,5313,4320,9,mpc
388,朗星街,17884,瑯王百夫長,8685,1830,0x00000002,,4648,3981,9,mpc
388,朗星街,17885,萬神殿女神射,8882,1840,0x00008000,,4476,3732,12,mpc
388,朗星街,17886,萬神殿狂戰士,8883,1850,0x00008000,,4957,4214,12,mpc
388,朗星街,17887,炎符兵,8884,1860,0x00000200,,1828,3634,9,mpc
388,朗星街,17888,冰符兵,8885,1860,0x00000200,,2051,2685,9,mpc
388,朗星街,17889,瑯王彪豹騎,8524,1875,0x00000002,,4197,1704,10,mpc
388,朗星街,17890,受驗亡靈,8880,1885,0x00000008,,5016,1518,10,mpc
388,朗星街,17891,萬神殿女侍,8836,1900,0x00008000,,4201,2204,10,mpc
388,朗星街,17892,九界樹巨魔,8881,1910,0x00008000,,5694,1482,9,mpc
389,俠隱樓,17893,符兵．烈火,8840,1850,0x00008000,,2522,4023,9,mpc
389,俠隱樓,17894,符兵．寒冰,8841,1850,0x00008000,,2151,4272,9,mpc
389,俠隱樓,17895,萬神殿鐵鬚,8835,1865,0x00008000,,2203,4038,7,mpc
389,俠隱樓,17896,萬神殿烈士,8833,1880,0x00008000,,2023,1804,11,mpc
389,俠隱樓,17897,萬神殿絕弓,8834,1890,0x00008000,,1766,1706,11,mpc
389,俠隱樓,17898,約頓赫冰狼,8521,1890,0x00008000,,1666,2002,11,mpc
389,俠隱樓,17899,約頓赫山怪,8837,1900,0x00008000,,1773,2528,11,mpc
389,俠隱樓,17900,紫荊鐵血隊,8829,1910,0x00000002,,3667,1034,7,mpc
389,俠隱樓,17901,紫荊親衛軍,8830,1910,0x00000002,,4322,1066,7,mpc
389,俠隱樓,17902,紫荊千戶將,8832,1920,0x00000002,,4045,1004,7,mpc
389,俠隱樓,17903,符公無忌,8845,1950,0x00002000,,3784,3373,1,mpc
389,俠隱樓,17904,洛基,8847,1975,0x00002000,,6128,2086,2,mpc
389,俠隱樓,17905,軫瑯王．辰紫荊,8848,1999,0x00002000,,4079,359,1,mpc
390,獨鬥級俠隱樓,18091,{符兵．烈火},8840,1800,0x00008000,,2522,4023,9,mpc
390,獨鬥級俠隱樓,18092,{符兵．寒冰},8841,1800,0x00008000,,2151,4272,9,mpc
390,獨鬥級俠隱樓,18093,{萬神殿鐵鬚},8835,1815,0x00008000,,2203,4038,7,mpc
390,獨鬥級俠隱樓,18094,{萬神殿烈士},8833,1830,0x00008000,,2023,1804,11,mpc
390,獨鬥級俠隱樓,18095,{萬神殿絕弓},8834,1840,0x00008000,,1766,1706,11,mpc
390,獨鬥級俠隱樓,18096,{約頓赫冰狼},8521,1840,0x00008000,,1666,2002,11,mpc
390,獨鬥級俠隱樓,18097,{約頓赫山怪},8837,1850,0x00008000,,1773,2528,11,mpc
390,獨鬥級俠隱樓,18098,{紫荊鐵血隊},8829,1860,0x00000002,,3667,1034,7,mpc
390,獨鬥級俠隱樓,18099,{紫荊親衛軍},8830,1860,0x00000002,,4322,1066,7,mpc
390,獨鬥級俠隱樓,18100,{紫荊千戶將},8832,1870,0x00000002,,4045,1004,7,mpc
390,獨鬥級俠隱樓,18101,{符公無忌},8845,1900,0x00002000,,3784,3373,1,mpc
390,獨鬥級俠隱樓,18102,{洛基},8847,1925,0x00002000,,6128,2086,2,mpc
390,獨鬥級俠隱樓,18103,{軫瑯王．辰紫荊},8848,1950,0x00002000,,4079,359,1,mpc
391,修羅級俠隱樓,18104,<符兵．烈火>,8840,1850,0x00008000,,2522,4023,9,mpc
391,修羅級俠隱樓,18105,<符兵．寒冰>,8841,1850,0x00008000,,2151,4272,9,mpc
391,修羅級俠隱樓,18106,<萬神殿鐵鬚>,8835,1865,0x00008000,,2203,4038,7,mpc
391,修羅級俠隱樓,18107,<萬神殿烈士>,8833,1880,0x00008000,,2023,1804,11,mpc
391,修羅級俠隱樓,18108,<萬神殿絕弓>,8834,1890,0x00008000,,1766,1706,11,mpc
391,修羅級俠隱樓,18109,<約頓赫冰狼>,8521,1890,0x00008000,,1666,2002,11,mpc
391,修羅級俠隱樓,18110,<約頓赫山怪>,8837,1900,0x00008000,,1773,2528,11,mpc
391,修羅級俠隱樓,18111,<紫荊鐵血隊>,8829,1910,0x00000002,,3667,1034,7,mpc
391,修羅級俠隱樓,18112,<紫荊親衛軍>,8830,1910,0x00000002,,4322,1066,7,mpc
391,修羅級俠隱樓,18113,<紫荊千戶將>,8832,1920,0x00000002,,4045,1004,7,mpc
391,修羅級俠隱樓,18114,虛典幻影兵,8915,1930,0x00000002,,6396,5384,6,mpc
391,修羅級俠隱樓,18115,虛典幻影士,8916,1930,0x00000002,,6631,4828,6,mpc
391,修羅級俠隱樓,18116,<符公無忌>,8845,1950,0x00002000,,3784,3373,1,mpc
391,修羅級俠隱樓,18117,<洛基>,8847,1975,0x00002000,,6128,2086,2,mpc
391,修羅級俠隱樓,18118,<軫瑯王．辰紫荊>,8848,1999,0x00002000,,4214,369,1,mpc
391,修羅級俠隱樓,18119,武魂顯現．孫伯謀,8914,1999,0x00002000,,6929,4921,1,mpc
391,修羅級俠隱樓,18120,怒相．辰紫荊,8917,1999,0x00002000,,7004,4882,1,mpc
